dataset,positive,tau,min_samples,n_repeats,max_d,selection,method,budget,coverage,coverage_se,purity,splits_with_groups,purity_reaches_tau,net_coverage,net_coverage_se,stability,conditions_spent,train_coverage,minus_vsf,minus_vsf_se,net_minus_vsf,net_minus_vsf_se,fold0_groups,selection_seconds,config,sig,net_sig
adult,>50K,0.7,20,2,4,purity,vsf,1,0.0528,0.0019,0.7409,10,0.9,0.0095,0.0032,1.0,1.0,0.0528,0.0,0.0,0.0,0.0,X_3#14,0.227,adult >50K t=0.7 m=20 d<=4 puri,=,=
adult,>50K,0.7,20,2,4,purity,vsf,2,0.1891,0.006,0.7069,10,0.7,0.0057,0.0082,0.821,2.0,0.191,0.0,0.0,0.0,0.0,X_4+X_5#35,0.227,adult >50K t=0.7 m=20 d<=4 puri,=,=
adult,>50K,0.7,20,2,4,purity,vsf,4,0.1908,0.0041,0.7081,10,0.7,0.0069,0.0096,0.98,2.1,0.1912,0.0,0.0,0.0,0.0,X_4+X_5#35,0.227,adult >50K t=0.7 m=20 d<=4 puri,=,=
adult,>50K,0.7,20,2,4,purity,vsf,8,0.2562,0.0065,0.7313,10,1.0,0.0366,0.0108,1.0,6.0,0.2562,0.0,0.0,0.0,0.0,X_4+X_9+X_10#8 | X_4+X_9+X_10#7,0.227,adult >50K t=0.7 m=20 d<=4 puri,=,=
adult,>50K,0.7,20,2,4,purity,vsf,16,0.2829,0.0136,0.7215,10,0.9,0.0277,0.0104,0.506,14.3,0.286,0.0,0.0,0.0,0.0,X_2+X_4+X_5+X_7#418 | X_2+X_4+X_5+X_7#447 | X_2+X_4+X_5+X_7#693 | X_2+X_4+X_5+X_7#813,0.227,adult >50K t=0.7 m=20 d<=4 puri,=,=
adult,>50K,0.7,20,2,4,purity,vsf,32,0.3146,0.0115,0.7389,10,1.0,0.0538,0.0168,0.613,29.6,0.3195,0.0,0.0,0.0,0.0,X_2+X_4+X_5+X_7#418 | X_2+X_4+X_5+X_7#447 | X_2+X_4+X_5+X_7#693 | X_2+X_4+X_5+X_7#813 | X_2+X_4+X_5+X_7#952 | X_2+X_4+X_5+X_7#705 | X_2+X_4+X_5+X_7#91 | X_2+X_4+X_5+X_7#75,0.227,adult >50K t=0.7 m=20 d<=4 puri,=,=
adult,>50K,0.7,20,2,4,purity,vsf_partial,1,0.0528,0.0019,0.7409,10,0.9,0.0095,0.0032,1.0,1.0,0.0528,0.0,0.0,0.0,0.0,X_3#14,1.737,adult >50K t=0.7 m=20 d<=4 puri,=,=
adult,>50K,0.7,20,2,4,purity,vsf_partial,2,0.1891,0.006,0.7069,10,0.7,0.0057,0.0082,0.821,2.0,0.191,0.0,0.0,0.0,0.0,X_4+X_5#35,1.737,adult >50K t=0.7 m=20 d<=4 puri,=,=
adult,>50K,0.7,20,2,4,purity,vsf_partial,4,0.2562,0.0065,0.7313,10,1.0,0.0366,0.0108,1.0,4.0,0.2562,0.0654,0.0078,0.0297,0.0185,X_4+X_9#5 | X_4+X_10#5,1.737,adult >50K t=0.7 m=20 d<=4 puri,+,=
adult,>50K,0.7,20,2,4,purity,vsf_partial,8,0.3577,0.0102,0.7124,10,0.9,0.0204,0.0122,0.807,8.0,0.3604,0.1016,0.0096,-0.0161,0.018,X_4+X_5#35 | X_2+X_4+X_5#159 | X_2+X_4+X_5#234,1.737,adult >50K t=0.7 m=20 d<=4 puri,+,=
adult,>50K,0.7,20,2,4,purity,vsf_partial,16,0.3951,0.0128,0.7136,10,0.9,0.0247,0.0102,0.837,14.7,0.3981,0.1123,0.0113,-0.003,0.0067,X_4+X_5#35 | X_2+X_4+X_5#159 | X_2+X_4+X_5#234 | X_2+X_3+X_4+X_5#1164 | X_3+X_4+X_5#603,1.737,adult >50K t=0.7 m=20 d<=4 puri,+,=
adult,>50K,0.7,20,2,4,purity,vsf_partial,32,0.4235,0.0121,0.7155,10,1.0,0.0301,0.0117,0.914,31.0,0.4253,0.109,0.0074,-0.0237,0.0162,X_4+X_5#35 | X_2+X_4+X_5#159 | X_2+X_4+X_5#234 | X_2+X_3+X_4+X_5#1164 | X_3+X_4+X_5#603 | X_2+X_4+X_5#24 | X_2+X_3+X_5#211 | X_2+X_3+X_4+X_5#1574 | X_2+X_3+X_4+X_5#2188 | X_3+X_4+X_5#799,1.737,adult >50K t=0.7 m=20 d<=4 puri,+,=
adult,>50K,0.7,20,2,4,purity,vsf_greedy,1,0.0528,0.0019,0.7409,10,0.9,0.0095,0.0032,1.0,1.0,0.0528,0.0,0.0,0.0,0.0,X_3#14,0.035,adult >50K t=0.7 m=20 d<=4 puri,=,=
adult,>50K,0.7,20,2,4,purity,vsf_greedy,2,0.0999,0.0023,0.765,10,1.0,0.0283,0.0037,1.0,2.0,0.0999,-0.0892,0.005,0.0226,0.0089,X_3+X_4#78,0.035,adult >50K t=0.7 m=20 d<=4 puri,-,+
adult,>50K,0.7,20,2,4,purity,vsf_greedy,4,0.1535,0.0054,0.7228,10,0.8,0.0145,0.0129,0.644,3.2,0.1531,-0.0373,0.005,0.0077,0.0134,X_2+X_3+X_4#286,0.035,adult >50K t=0.7 m=20 d<=4 puri,-,=
adult,>50K,0.7,20,2,4,purity,vsf_greedy,8,0.2027,0.0104,0.7388,10,1.0,0.033,0.0125,0.7,6.0,0.2014,-0.0535,0.0115,-0.0036,0.0186,X_2+X_3+X_4#286 | X_2+X_3+X_4#305,0.035,adult >50K t=0.7 m=20 d<=4 puri,-,=
adult,>50K,0.7,20,2,4,purity,vsf_greedy,16,0.2627,0.0073,0.7404,10,1.0,0.0469,0.0104,0.832,15.0,0.2637,-0.0202,0.0102,0.0192,0.0144,X_2+X_3+X_4#286 | X_2+X_3+X_4#305 | X_2+X_3+X_4#358 | X_2+X_3+X_4#207 | X_2+X_3+X_4#317,0.035,adult >50K t=0.7 m=20 d<=4 puri,=,=
adult,>50K,0.7,20,2,4,purity,vsf_greedy,32,0.3164,0.0103,0.7492,10,1.0,0.0687,0.0084,0.847,30.0,0.3183,0.0018,0.0055,0.0148,0.0141,X_2+X_3+X_4#286 | X_2+X_3+X_4#305 | X_2+X_3+X_4#358 | X_2+X_3+X_4#207 | X_2+X_3+X_4#317 | X_2+X_3+X_4#292 | X_2+X_3+X_4#465 | X_2+X_3+X_4#114 | X_2+X_3+X_4#381 | X_2+X_3+X_4#532,0.035,adult >50K t=0.7 m=20 d<=4 puri,=,=
adult,>50K,0.7,20,2,4,purity,rules,1,0.0528,0.0019,0.7409,10,0.9,0.0095,0.0032,1.0,1.0,0.0528,0.0,0.0,0.0,0.0,X_3=14,1.898,adult >50K t=0.7 m=20 d<=4 puri,=,=
adult,>50K,0.7,20,2,4,purity,rules,2,0.1891,0.006,0.7069,10,0.7,0.0057,0.0082,0.821,2.0,0.191,0.0,0.0,0.0,0.0,X_4=2 & X_5=10,1.898,adult >50K t=0.7 m=20 d<=4 puri,=,=
adult,>50K,0.7,20,2,4,purity,rules,4,0.3135,0.0131,0.7047,10,0.7,0.0061,0.0092,0.892,4.0,0.3142,0.1227,0.0115,-0.0008,0.0084,X_4=2 & X_5=10 | X_4=2 & X_9=1,1.898,adult >50K t=0.7 m=20 d<=4 puri,+,=
adult,>50K,0.7,20,2,4,purity,rules,8,0.4368,0.0098,0.6913,10,0.1,-0.0188,0.0153,0.972,8.0,0.4377,0.1806,0.0075,-0.0554,0.019,X_4=2 & X_5=10 | X_4=2 & X_9=1 | X_2=4 & X_4=2 & X_5=4 | X_3=14,1.898,adult >50K t=0.7 m=20 d<=4 puri,+,-
adult,>50K,0.7,20,2,4,purity,rules,16,0.5574,0.0117,0.665,10,0.0,-0.0982,0.0186,0.973,16.0,0.5588,0.2745,0.0118,-0.126,0.0157,X_4=2 & X_5=10 | X_4=2 & X_9=1 | X_2=4 & X_4=2 & X_5=4 | X_4=2 & X_10=1 | X_2=4 & X_3=9 & X_4=2 | X_3=14 | X_3=10 | X_3=12 & X_4=2,1.898,adult >50K t=0.7 m=20 d<=4 puri,+,-
adult,>50K,0.7,20,2,4,purity,rules,32,0.6298,0.0075,0.6435,10,0.0,-0.1845,0.0178,0.965,31.2,0.6311,0.3153,0.01,-0.2384,0.0211,X_4=2 & X_5=10 | X_4=2 & X_9=1 | X_2=4 & X_4=2 & X_5=4 | X_4=2 & X_10=1 | X_2=4 & X_3=9 & X_4=2 | X_3=14 | X_3=10 | X_3=12 & X_4=2 | X_9=1 & X_11=2 | X_2=5 & X_4=2 & X_11=2 | X_1=3 & X_3=9 & X_4=2 | X_3=12 & X_5=4 | X_3=9 & X_9=1 | X_3=9 & X_4=2 & X_5=4,1.898,adult >50K t=0.7 m=20 d<=4 puri,+,-
adult,>50K,0.7,20,2,4,purity,rules_pure,1,0.0528,0.0019,0.7409,10,0.9,0.0095,0.0032,1.0,1.0,0.0528,0.0,0.0,0.0,0.0,X_3=14,1.911,adult >50K t=0.7 m=20 d<=4 puri,=,=
adult,>50K,0.7,20,2,4,purity,rules_pure,2,0.1891,0.006,0.7069,10,0.7,0.0057,0.0082,0.821,2.0,0.191,0.0,0.0,0.0,0.0,X_4=2 & X_5=10,1.911,adult >50K t=0.7 m=20 d<=4 puri,=,=
adult,>50K,0.7,20,2,4,purity,rules_pure,4,0.3135,0.0131,0.7047,10,0.7,0.0061,0.0092,0.892,4.0,0.3142,0.1227,0.0115,-0.0008,0.0084,X_4=2 & X_5=10 | X_4=2 & X_9=1,1.911,adult >50K t=0.7 m=20 d<=4 puri,+,=
adult,>50K,0.7,20,2,4,purity,rules_pure,8,0.4188,0.0088,0.7003,10,0.6,-0.0003,0.0164,0.933,7.2,0.4199,0.1627,0.0075,-0.0369,0.0191,X_4=2 & X_5=10 | X_4=2 & X_9=1 | X_2=4 & X_4=2 & X_5=4,1.911,adult >50K t=0.7 m=20 d<=4 puri,+,=
adult,>50K,0.7,20,2,4,purity,rules_pure,16,0.4682,0.01,0.6955,10,0.4,-0.0109,0.0172,0.856,15.6,0.473,0.1853,0.0134,-0.0386,0.0143,X_4=2 & X_5=10 | X_4=2 & X_9=1 | X_2=4 & X_4=2 & X_5=4 | X_2=5 & X_5=4 & X_6=0 | X_3=12 & X_9=1 | X_3=9 & X_4=2 & X_10=1,1.911,adult >50K t=0.7 m=20 d<=4 puri,+,-
adult,>50K,0.7,20,2,4,purity,rules_pure,32,0.5088,0.009,0.6937,10,0.3,-0.0163,0.0183,0.84,31.6,0.515,0.1942,0.0094,-0.0701,0.0198,X_4=2 & X_5=10 | X_4=2 & X_9=1 | X_2=4 & X_4=2 & X_5=4 | X_2=5 & X_5=4 & X_6=0 | X_3=12 & X_9=1 | X_3=9 & X_4=2 & X_10=1 | X_3=10 & X_8=1 | X_3=9 & X_5=12 & X_6=0 & X_11=2 | X_1=3 & X_3=12 & X_4=2 | X_1=3 & X_4=2 & X_5=13 | X_4=2 & X_5=12 & X_10=1 | X_3=14 & X_9=1,1.911,adult >50K t=0.7 m=20 d<=4 puri,+,-
adult,>50K,0.7,20,2,4,purity,rules_disjoint,1,0.0528,0.0019,0.7409,10,0.9,0.0095,0.0032,1.0,1.0,0.0528,0.0,0.0,0.0,0.0,X_3=14,1.92,adult >50K t=0.7 m=20 d<=4 puri,=,=
adult,>50K,0.7,20,2,4,purity,rules_disjoint,2,0.1891,0.006,0.7069,10,0.7,0.0057,0.0082,0.821,2.0,0.191,0.0,0.0,0.0,0.0,X_4=2 & X_5=10,1.92,adult >50K t=0.7 m=20 d<=4 puri,=,=
adult,>50K,0.7,20,2,4,purity,rules_disjoint,4,0.2494,0.0046,0.7268,10,1.0,0.0307,0.0054,0.843,4.0,0.2502,0.0586,0.0041,0.0238,0.0071,X_4=2 & X_5=10 | X_5=4 & X_9=1,1.92,adult >50K t=0.7 m=20 d<=4 puri,+,+
adult,>50K,0.7,20,2,4,purity,rules_disjoint,8,0.3604,0.0128,0.7109,10,0.9,0.0181,0.0103,0.817,8.0,0.3636,0.1042,0.0128,-0.0185,0.017,X_4=2 & X_5=10 | X_2=4 & X_4=2 & X_5=4 | X_2=5 & X_4=2 & X_5=4,1.92,adult >50K t=0.7 m=20 d<=4 puri,+,=
adult,>50K,0.7,20,2,4,purity,rules_disjoint,16,0.4004,0.0122,0.7118,10,0.9,0.0217,0.0085,0.84,14.3,0.4039,0.1175,0.0101,-0.006,0.0066,X_4=2 & X_5=10 | X_2=4 & X_4=2 & X_5=4 | X_2=5 & X_4=2 & X_5=4 | X_3=9 & X_5=12 & X_6=0 & X_12=1 | X_1=3 & X_4=2 & X_5=13,1.92,adult >50K t=0.7 m=20 d<=4 puri,+,=
adult,>50K,0.7,20,2,4,purity,rules_disjoint,32,0.4351,0.0164,0.7115,10,0.9,0.0231,0.0077,0.834,30.4,0.44,0.1205,0.0119,-0.0307,0.014,X_4=2 & X_5=10 | X_2=4 & X_4=2 & X_5=4 | X_2=5 & X_4=2 & X_5=4 | X_3=9 & X_5=12 & X_6=0 & X_12=1 | X_1=3 & X_4=2 & X_5=13 | X_1=3 & X_5=3 & X_9=1 | X_2=1 & X_4=2 & X_5=4 | X_3=12 & X_6=1 & X_9=1 | X_3=12 & X_4=2 & X_5=12 & X_7=4 | X_1=3 & X_2=2 & X_5=11 & X_8=1,1.92,adult >50K t=0.7 m=20 d<=4 puri,+,-
adult,>50K,0.7,20,2,4,purity,tree,1,0.0,0.0,,0,,0.0,0.0,,0.0,0.0,-0.0528,0.0019,-0.0095,0.0032,,0.573,adult >50K t=0.7 m=20 d<=4 puri,-,-
adult,>50K,0.7,20,2,4,purity,tree,2,0.1713,0.005,0.7263,10,0.9,0.0198,0.0103,0.681,2.0,0.1758,-0.0178,0.0082,0.0141,0.0115,entropy-None-depth2-leaf6,0.573,adult >50K t=0.7 m=20 d<=4 puri,-,=
adult,>50K,0.7,20,2,4,purity,tree,4,0.1713,0.005,0.7263,10,0.9,0.0198,0.0103,0.681,2.0,0.1758,-0.0195,0.0073,0.0129,0.0123,entropy-None-depth2-leaf6,0.573,adult >50K t=0.7 m=20 d<=4 puri,-,=
adult,>50K,0.7,20,2,4,purity,tree,8,0.1907,0.0146,0.7532,10,1.0,0.0448,0.0114,0.426,5.4,0.1915,-0.0655,0.0127,0.0083,0.0182,gini-balanced-depth3-leaf11 | gini-balanced-depth3-leaf14,0.573,adult >50K t=0.7 m=20 d<=4 puri,-,=
adult,>50K,0.7,20,2,4,purity,tree,16,0.2029,0.0221,0.7619,10,1.0,0.0558,0.0169,0.419,9.8,0.2054,-0.08,0.02,0.028,0.0174,gini-balanced-depth4-leaf22 | gini-balanced-depth4-leaf29 | gini-balanced-depth4-leaf27 | gini-balanced-depth4-leaf30,0.573,adult >50K t=0.7 m=20 d<=4 puri,-,=
adult,>50K,0.7,20,2,4,purity,tree,32,0.203,0.0222,0.761,10,1.0,0.055,0.0166,0.419,10.2,0.2055,-0.1116,0.0221,0.0011,0.0277,gini-balanced-depth4-leaf22 | gini-balanced-depth4-leaf29 | gini-balanced-depth4-leaf27 | gini-balanced-depth4-leaf30,0.573,adult >50K t=0.7 m=20 d<=4 puri,-,=
adult,>50K,0.7,20,2,4,certified,vsf,1,0.0,0.0,,0,,0.0,0.0,,0.0,0.0,0.0,0.0,0.0,0.0,,14.316,adult >50K t=0.7 m=20 d<=4 cert,=,=
adult,>50K,0.7,20,2,4,certified,vsf,2,0.105,0.0144,0.7514,10,1.0,0.022,0.0039,0.384,2.0,0.107,0.0,0.0,0.0,0.0,X_9+X_11#5,14.316,adult >50K t=0.7 m=20 d<=4 cert,=,=
adult,>50K,0.7,20,2,4,certified,vsf,4,0.1469,0.0046,0.7504,10,1.0,0.0321,0.007,0.644,3.4,0.1511,0.0,0.0,0.0,0.0,X_4+X_9+X_12#10,14.316,adult >50K t=0.7 m=20 d<=4 cert,=,=
adult,>50K,0.7,20,2,4,certified,vsf,8,0.1494,0.0077,0.7613,10,1.0,0.0387,0.0102,0.463,4.2,0.1541,0.0,0.0,0.0,0.0,X_4+X_9+X_12#10,14.316,adult >50K t=0.7 m=20 d<=4 cert,=,=
adult,>50K,0.7,20,2,4,certified,vsf,16,0.1559,0.0065,0.7854,10,1.0,0.0557,0.0158,0.359,7.4,0.1587,0.0,0.0,0.0,0.0,X_3+X_4+X_5+X_7#1198 | X_3+X_4+X_5+X_7#1730 | X_3+X_4+X_5+X_7#1871 | X_3+X_4+X_5+X_7#1362,14.316,adult >50K t=0.7 m=20 d<=4 cert,=,=
adult,>50K,0.7,20,2,4,certified,vsf,32,0.1559,0.0065,0.7854,10,1.0,0.0557,0.0158,0.359,7.4,0.1587,0.0,0.0,0.0,0.0,X_3+X_4+X_5+X_7#1198 | X_3+X_4+X_5+X_7#1730 | X_3+X_4+X_5+X_7#1871 | X_3+X_4+X_5+X_7#1362,14.316,adult >50K t=0.7 m=20 d<=4 cert,=,=
adult,>50K,0.7,20,2,4,certified,vsf_partial,1,0.0,0.0,,0,,0.0,0.0,,0.0,0.0,0.0,0.0,0.0,0.0,,14.999,adult >50K t=0.7 m=20 d<=4 cert,=,=
adult,>50K,0.7,20,2,4,certified,vsf_partial,2,0.105,0.0144,0.7514,10,1.0,0.022,0.0039,0.384,2.0,0.107,0.0,0.0,0.0,0.0,X_9+X_11#5,14.999,adult >50K t=0.7 m=20 d<=4 cert,=,=
adult,>50K,0.7,20,2,4,certified,vsf_partial,4,0.1477,0.0043,0.7482,10,1.0,0.0311,0.0061,0.56,3.5,0.154,0.0009,0.0024,-0.0009,0.0034,X_4+X_9+X_12#10,14.999,adult >50K t=0.7 m=20 d<=4 cert,=,=
adult,>50K,0.7,20,2,4,certified,vsf_partial,8,0.2111,0.0108,0.7827,10,1.0,0.0729,0.009,0.724,7.4,0.2145,0.0617,0.0089,0.0342,0.0112,X_3+X_4+X_7#303 | X_3+X_4+X_5#594 | X_3+X_4#91,14.999,adult >50K t=0.7 m=20 d<=4 cert,+,+
adult,>50K,0.7,20,2,4,certified,vsf_partial,16,0.2318,0.0078,0.7834,10,1.0,0.0819,0.0083,0.758,9.1,0.2345,0.0759,0.0049,0.0261,0.0183,X_3+X_4+X_7#303 | X_3+X_4+X_5#594 | X_3+X_4#91 | X_3+X_4#65,14.999,adult >50K t=0.7 m=20 d<=4 cert,+,=
adult,>50K,0.7,20,2,4,certified,vsf_partial,32,0.2318,0.0078,0.7834,10,1.0,0.0819,0.0083,0.758,9.1,0.2345,0.0759,0.0049,0.0261,0.0183,X_3+X_4+X_7#303 | X_3+X_4+X_5#594 | X_3+X_4#91 | X_3+X_4#65,14.999,adult >50K t=0.7 m=20 d<=4 cert,+,=
adult,>50K,0.7,20,2,4,certified,vsf_greedy,1,0.0,0.0,,0,,0.0,0.0,,0.0,0.0,0.0,0.0,0.0,0.0,,14.129,adult >50K t=0.7 m=20 d<=4 cert,=,=
adult,>50K,0.7,20,2,4,certified,vsf_greedy,2,0.0737,0.0166,0.7752,10,1.0,0.02,0.0045,0.279,2.0,0.0746,-0.0313,0.026,-0.002,0.0029,X_3+X_9#19,14.129,adult >50K t=0.7 m=20 d<=4 cert,=,=
adult,>50K,0.7,20,2,4,certified,vsf_greedy,4,0.1088,0.0219,0.779,10,1.0,0.0358,0.0076,0.408,3.7,0.1101,-0.0381,0.0242,0.0037,0.0044,X_3+X_9#19 | X_3+X_9#25,14.129,adult >50K t=0.7 m=20 d<=4 cert,=,=
adult,>50K,0.7,20,2,4,certified,vsf_greedy,8,0.1258,0.0196,0.7883,10,1.0,0.0454,0.0069,0.451,5.4,0.1284,-0.0236,0.02,0.0066,0.0049,X_3+X_9#19 | X_3+X_9#25 | X_3+X_9#29,14.129,adult >50K t=0.7 m=20 d<=4 cert,=,=
adult,>50K,0.7,20,2,4,certified,vsf_greedy,16,0.1328,0.0182,0.8234,10,1.0,0.0633,0.0077,0.347,9.4,0.1366,-0.023,0.0171,0.0075,0.012,X_3+X_4+X_9+X_10#144 | X_3+X_4+X_9+X_10#143 | X_3+X_4+X_9+X_10#199 | X_3+X_4+X_9+X_10#226,14.129,adult >50K t=0.7 m=20 d<=4 cert,=,=
adult,>50K,0.7,20,2,4,certified,vsf_greedy,32,0.1364,0.0163,0.8246,10,1.0,0.0661,0.0096,0.353,10.6,0.1397,-0.0195,0.015,0.0104,0.0131,X_3+X_4+X_9+X_10#144 | X_3+X_4+X_9+X_10#143 | X_3+X_4+X_9+X_10#199 | X_3+X_4+X_9+X_10#226 | X_3+X_4+X_9+X_10#198,14.129,adult >50K t=0.7 m=20 d<=4 cert,=,=
adult,>50K,0.7,20,2,4,certified,rules,1,0.0,0.0,,0,,0.0,0.0,,0.0,0.0,0.0,0.0,0.0,0.0,,15.432,adult >50K t=0.7 m=20 d<=4 cert,=,=
adult,>50K,0.7,20,2,4,certified,rules,2,0.105,0.0144,0.7514,10,1.0,0.022,0.0039,0.384,2.0,0.107,0.0,0.0,0.0,0.0,X_9=1 & X_11=2,15.432,adult >50K t=0.7 m=20 d<=4 cert,=,=
adult,>50K,0.7,20,2,4,certified,rules,4,0.1592,0.0112,0.7443,10,1.0,0.0308,0.0066,0.62,3.6,0.1635,0.0123,0.0097,-0.0013,0.0021,X_4=2 & X_9=1 & X_12=1,15.432,adult >50K t=0.7 m=20 d<=4 cert,=,=
adult,>50K,0.7,20,2,4,certified,rules,8,0.2641,0.014,0.7469,10,1.0,0.054,0.0075,0.662,7.9,0.2693,0.1147,0.0074,0.0152,0.0089,X_4=2 & X_9=1 & X_12=1 | X_3=12 & X_4=2 & X_7=4 | X_3=14 & X_4=2,15.432,adult >50K t=0.7 m=20 d<=4 cert,+,=
adult,>50K,0.7,20,2,4,certified,rules,16,0.3542,0.0139,0.7356,10,1.0,0.0553,0.0136,0.784,15.7,0.3595,0.1984,0.0096,-0.0005,0.0156,X_4=2 & X_9=1 & X_12=1 | X_3=12 & X_4=2 & X_7=4 | X_3=9 & X_4=2 & X_5=4 | X_3=14 & X_4=2 | X_3=10 & X_4=2 | X_9=1 & X_11=2,15.432,adult >50K t=0.7 m=20 d<=4 cert,+,=
adult,>50K,0.7,20,2,4,certified,rules,32,0.4228,0.0128,0.7182,10,0.8,0.0331,0.0219,0.811,31.8,0.4255,0.267,0.0098,-0.0226,0.022,X_4=2 & X_9=1 & X_12=1 | X_3=12 & X_4=2 & X_7=4 | X_3=9 & X_4=2 & X_5=4 | X_3=14 & X_4=2 | X_3=10 & X_4=2 | X_9=1 & X_11=2 | X_3=9 & X_4=2 & X_10=1 | X_3=9 & X_9=1 | X_2=4 & X_4=2 & X_5=4 & X_11=2 | X_5=10 & X_9=1 | X_4=2 & X_5=4 & X_10=1 | X_5=4 & X_9=1,15.432,adult >50K t=0.7 m=20 d<=4 cert,+,=
adult,>50K,0.7,20,2,4,certified,rules_pure,1,0.0,0.0,,0,,0.0,0.0,,0.0,0.0,0.0,0.0,0.0,0.0,,15.402,adult >50K t=0.7 m=20 d<=4 cert,=,=
adult,>50K,0.7,20,2,4,certified,rules_pure,2,0.105,0.0144,0.7514,10,1.0,0.022,0.0039,0.384,2.0,0.107,0.0,0.0,0.0,0.0,X_9=1 & X_11=2,15.402,adult >50K t=0.7 m=20 d<=4 cert,=,=
adult,>50K,0.7,20,2,4,certified,rules_pure,4,0.1592,0.0112,0.7443,10,1.0,0.0308,0.0066,0.62,3.6,0.1635,0.0123,0.0097,-0.0013,0.0021,X_4=2 & X_9=1 & X_12=1,15.402,adult >50K t=0.7 m=20 d<=4 cert,=,=
adult,>50K,0.7,20,2,4,certified,rules_pure,8,0.2641,0.014,0.7469,10,1.0,0.054,0.0075,0.662,7.9,0.2693,0.1147,0.0074,0.0152,0.0089,X_4=2 & X_9=1 & X_12=1 | X_3=12 & X_4=2 & X_7=4 | X_3=14 & X_4=2,15.402,adult >50K t=0.7 m=20 d<=4 cert,+,=
adult,>50K,0.7,20,2,4,certified,rules_pure,16,0.3542,0.0139,0.7356,10,1.0,0.0553,0.0136,0.784,15.7,0.3595,0.1984,0.0096,-0.0005,0.0156,X_4=2 & X_9=1 & X_12=1 | X_3=12 & X_4=2 & X_7=4 | X_3=9 & X_4=2 & X_5=4 | X_3=14 & X_4=2 | X_3=10 & X_4=2 | X_9=1 & X_11=2,15.402,adult >50K t=0.7 m=20 d<=4 cert,+,=
adult,>50K,0.7,20,2,4,certified,rules_pure,32,0.4228,0.0128,0.7182,10,0.8,0.0331,0.0219,0.811,31.8,0.4255,0.267,0.0098,-0.0226,0.022,X_4=2 & X_9=1 & X_12=1 | X_3=12 & X_4=2 & X_7=4 | X_3=9 & X_4=2 & X_5=4 | X_3=14 & X_4=2 | X_3=10 & X_4=2 | X_9=1 & X_11=2 | X_3=9 & X_4=2 & X_10=1 | X_3=9 & X_9=1 | X_2=4 & X_4=2 & X_5=4 & X_11=2 | X_5=10 & X_9=1 | X_4=2 & X_5=4 & X_10=1 | X_5=4 & X_9=1,15.402,adult >50K t=0.7 m=20 d<=4 cert,+,=
adult,>50K,0.7,20,2,4,certified,rules_disjoint,1,0.0,0.0,,0,,0.0,0.0,,0.0,0.0,0.0,0.0,0.0,0.0,,15.391,adult >50K t=0.7 m=20 d<=4 cert,=,=
adult,>50K,0.7,20,2,4,certified,rules_disjoint,2,0.105,0.0144,0.7514,10,1.0,0.022,0.0039,0.384,2.0,0.107,0.0,0.0,0.0,0.0,X_9=1 & X_11=2,15.391,adult >50K t=0.7 m=20 d<=4 cert,=,=
adult,>50K,0.7,20,2,4,certified,rules_disjoint,4,0.1481,0.0044,0.7471,10,1.0,0.0305,0.0061,0.652,3.4,0.1532,0.0012,0.0022,-0.0016,0.003,X_4=2 & X_9=1 & X_12=1,15.391,adult >50K t=0.7 m=20 d<=4 cert,=,=
adult,>50K,0.7,20,2,4,certified,rules_disjoint,8,0.1872,0.0161,0.7577,10,1.0,0.0479,0.0102,0.484,6.5,0.1912,0.0377,0.0178,0.0092,0.012,X_4=2 & X_9=1 & X_12=1 | X_3=9 & X_4=2 & X_10=1,15.391,adult >50K t=0.7 m=20 d<=4 cert,+,=
adult,>50K,0.7,20,2,4,certified,rules_disjoint,16,0.2202,0.015,0.7721,10,1.0,0.068,0.0111,0.513,11.4,0.2233,0.0643,0.013,0.0122,0.0127,X_4=2 & X_9=1 & X_12=1 | X_3=9 & X_4=2 & X_10=1 | X_3=12 & X_4=2 & X_5=4 & X_9=0 | X_3=14 & X_4=2 & X_5=10 & X_9=0,15.391,adult >50K t=0.7 m=20 d<=4 cert,+,=
adult,>50K,0.7,20,2,4,certified,rules_disjoint,32,0.2226,0.0119,0.7728,10,1.0,0.0696,0.0119,0.523,11.8,0.2255,0.0667,0.0099,0.0138,0.0127,X_4=2 & X_9=1 & X_12=1 | X_3=9 & X_4=2 & X_10=1 | X_3=12 & X_4=2 & X_5=4 & X_9=0 | X_3=14 & X_4=2 & X_5=10 & X_9=0,15.391,adult >50K t=0.7 m=20 d<=4 cert,+,=
adult,>50K,0.7,20,2,4,certified,tree,1,0.0,0.0,,0,,0.0,0.0,,0.0,0.0,0.0,0.0,0.0,0.0,,14.671,adult >50K t=0.7 m=20 d<=4 cert,=,=
adult,>50K,0.7,20,2,4,certified,tree,2,0.0,0.0,,0,,0.0,0.0,,0.0,0.0,-0.105,0.0144,-0.022,0.0039,,14.671,adult >50K t=0.7 m=20 d<=4 cert,-,-
adult,>50K,0.7,20,2,4,certified,tree,4,0.1091,0.026,0.8249,10,1.0,0.0483,0.0081,0.636,3.0,0.1117,-0.0378,0.0262,0.0162,0.012,entropy-None-depth3-leaf10,14.671,adult >50K t=0.7 m=20 d<=4 cert,=,=
adult,>50K,0.7,20,2,4,certified,tree,8,0.1328,0.0227,0.8428,10,1.0,0.0693,0.0092,0.683,7.5,0.1351,-0.0166,0.0237,0.0306,0.0141,entropy-None-depth4-leaf19 | entropy-None-depth4-leaf30,14.671,adult >50K t=0.7 m=20 d<=4 cert,=,+
adult,>50K,0.7,20,2,4,certified,tree,16,0.1437,0.0133,0.8453,10,1.0,0.0785,0.0104,0.711,9.9,0.1455,-0.0122,0.0121,0.0227,0.0174,entropy-None-depth4-leaf19 | entropy-None-depth4-leaf30,14.671,adult >50K t=0.7 m=20 d<=4 cert,=,=
adult,>50K,0.7,20,2,4,certified,tree,32,0.1437,0.0133,0.8453,10,1.0,0.0785,0.0104,0.711,9.9,0.1455,-0.0122,0.0121,0.0227,0.0174,entropy-None-depth4-leaf19 | entropy-None-depth4-leaf30,14.671,adult >50K t=0.7 m=20 d<=4 cert,=,=
attrition,Yes,0.5,20,5,4,purity,vsf,1,0.0,0.0,,0,,0.0,0.0,,0.0,0.0,0.0,0.0,0.0,0.0,,0.462,attrition Yes t=0.5 m=20 d<=4 puri,=,=
attrition,Yes,0.5,20,5,4,purity,vsf,2,0.3401,0.0314,0.5211,25,0.64,0.0253,0.0428,0.941,2.0,0.3439,0.0,0.0,0.0,0.0,X_8+X_12#1,0.462,attrition Yes t=0.5 m=20 d<=4 puri,=,=
attrition,Yes,0.5,20,5,4,purity,vsf,4,0.3401,0.0314,0.5211,25,0.64,0.0253,0.0428,0.941,2.0,0.3439,0.0,0.0,0.0,0.0,X_8+X_12#1,0.462,attrition Yes t=0.5 m=20 d<=4 puri,=,=
attrition,Yes,0.5,20,5,4,purity,vsf,8,0.3443,0.0318,0.5263,25,0.68,0.0321,0.0445,0.994,2.16,0.3456,0.0,0.0,0.0,0.0,X_8+X_12#1,0.462,attrition Yes t=0.5 m=20 d<=4 puri,=,=
attrition,Yes,0.5,20,5,4,purity,vsf,16,0.3443,0.0318,0.5263,25,0.68,0.0321,0.0445,0.994,2.16,0.3456,0.0,0.0,0.0,0.0,X_8+X_12#1,0.462,attrition Yes t=0.5 m=20 d<=4 puri,=,=
attrition,Yes,0.5,20,5,4,purity,vsf,32,0.3443,0.0318,0.5263,25,0.68,0.0321,0.0445,0.994,2.16,0.3456,0.0,0.0,0.0,0.0,X_8+X_12#1,0.462,attrition Yes t=0.5 m=20 d<=4 puri,=,=
attrition,Yes,0.5,20,5,4,purity,vsf_partial,1,0.0,0.0,,0,,0.0,0.0,,0.0,0.0,0.0,0.0,0.0,0.0,,0.76,attrition Yes t=0.5 m=20 d<=4 puri,=,=
attrition,Yes,0.5,20,5,4,purity,vsf_partial,2,0.3401,0.0314,0.5211,25,0.64,0.0253,0.0428,0.941,2.0,0.3439,0.0,0.0,0.0,0.0,X_8+X_12#1,0.76,attrition Yes t=0.5 m=20 d<=4 puri,=,=
attrition,Yes,0.5,20,5,4,purity,vsf_partial,4,0.3468,0.0314,0.5285,25,0.68,0.033,0.0478,0.942,2.24,0.3504,0.0068,0.0108,0.0077,0.0258,X_8+X_12#1,0.76,attrition Yes t=0.5 m=20 d<=4 puri,=,=
attrition,Yes,0.5,20,5,4,purity,vsf_partial,8,0.4329,0.031,0.5206,25,0.68,0.0338,0.0412,0.922,5.16,0.4411,0.0886,0.0207,0.0017,0.0283,X_8+X_12#1 | X_9+X_12+X_13#57,0.76,attrition Yes t=0.5 m=20 d<=4 puri,+,=
attrition,Yes,0.5,20,5,4,purity,vsf_partial,16,0.4287,0.0306,0.5128,25,0.64,0.0194,0.0468,0.868,6.12,0.4439,0.0844,0.0229,-0.0127,0.0421,X_8+X_12#1 | X_9+X_12+X_13#57,0.76,attrition Yes t=0.5 m=20 d<=4 puri,+,=
attrition,Yes,0.5,20,5,4,purity,vsf_partial,32,0.4287,0.0306,0.5128,25,0.64,0.0194,0.0468,0.868,6.12,0.4439,0.0844,0.0229,-0.0127,0.0421,X_8+X_12#1 | X_9+X_12+X_13#57,0.76,attrition Yes t=0.5 m=20 d<=4 puri,+,=
attrition,Yes,0.5,20,5,4,purity,vsf_greedy,1,0.0,0.0,,0,,0.0,0.0,,0.0,0.0,0.0,0.0,0.0,0.0,,0.006,attrition Yes t=0.5 m=20 d<=4 puri,=,=
attrition,Yes,0.5,20,5,4,purity,vsf_greedy,2,0.1987,0.0631,0.4464,25,0.32,-0.0261,0.0334,0.4,2.0,0.2212,-0.1414,0.0743,-0.0514,0.0453,X_9+X_13#32,0.006,attrition Yes t=0.5 m=20 d<=4 puri,=,=
attrition,Yes,0.5,20,5,4,purity,vsf_greedy,4,0.2121,0.0595,0.4581,25,0.4,-0.0218,0.0357,0.407,2.68,0.2457,-0.128,0.0707,-0.0471,0.045,X_8+X_9+X_13+X_18#14,0.006,attrition Yes t=0.5 m=20 d<=4 puri,=,=
attrition,Yes,0.5,20,5,4,purity,vsf_greedy,8,0.2222,0.0545,0.4609,25,0.48,-0.0252,0.0418,0.39,3.68,0.2597,-0.1221,0.0639,-0.0573,0.0507,X_9+X_13+X_18#31 | X_9+X_13+X_18#102,0.006,attrition Yes t=0.5 m=20 d<=4 puri,=,=
attrition,Yes,0.5,20,5,4,purity,vsf_greedy,16,0.2256,0.0567,0.4566,25,0.44,-0.0286,0.0417,0.398,4.2,0.2632,-0.1187,0.0648,-0.0607,0.0495,X_9+X_13+X_18#31 | X_9+X_13+X_18#102,0.006,attrition Yes t=0.5 m=20 d<=4 puri,=,=
attrition,Yes,0.5,20,5,4,purity,vsf_greedy,32,0.2256,0.0567,0.4566,25,0.44,-0.0286,0.0417,0.398,4.2,0.2632,-0.1187,0.0648,-0.0607,0.0495,X_9+X_13+X_18#31 | X_9+X_13+X_18#102,0.006,attrition Yes t=0.5 m=20 d<=4 puri,=,=
attrition,Yes,0.5,20,5,4,purity,rules,1,0.0,0.0,,0,,0.0,0.0,,0.0,0.0,0.0,0.0,0.0,0.0,,0.344,attrition Yes t=0.5 m=20 d<=4 puri,=,=
attrition,Yes,0.5,20,5,4,purity,rules,2,0.3401,0.0314,0.5211,25,0.64,0.0253,0.0428,0.941,2.0,0.3439,0.0,0.0,0.0,0.0,X_8=0 & X_12=1,0.344,attrition Yes t=0.5 m=20 d<=4 puri,=,=
attrition,Yes,0.5,20,5,4,purity,rules,4,0.4043,0.0305,0.461,25,0.32,-0.0735,0.0558,0.702,4.0,0.4262,0.0643,0.0269,-0.0988,0.0386,X_8=0 & X_12=1 | X_2=2 & X_7=1,0.344,attrition Yes t=0.5 m=20 d<=4 puri,+,-
attrition,Yes,0.5,20,5,4,purity,rules,8,0.5267,0.0372,0.4515,25,0.12,-0.1174,0.0613,0.78,7.56,0.5582,0.1824,0.0368,-0.1495,0.0468,X_8=0 & X_12=1 | X_11=2 & X_17=0 & X_18=0 | X_2=2 & X_12=1 & X_13=0,0.344,attrition Yes t=0.5 m=20 d<=4 puri,+,-
attrition,Yes,0.5,20,5,4,purity,rules,16,0.6272,0.0278,0.4135,25,0.0,-0.271,0.074,0.696,15.4,0.6884,0.2829,0.0342,-0.3032,0.0673,X_8=0 & X_12=1 | X_11=2 & X_17=0 & X_18=0 | X_2=2 & X_12=1 & X_13=0 | X_8=0 & X_10=1 & X_13=0 | X_2=2 & X_7=1 | X_1=1 & X_3=0 & X_18=0,0.344,attrition Yes t=0.5 m=20 d<=4 puri,+,-
attrition,Yes,0.5,20,5,4,purity,rules,32,0.6929,0.0315,0.3605,25,0.0,-0.541,0.0782,0.649,31.76,0.8144,0.3486,0.0329,-0.5732,0.0671,X_8=0 & X_12=1 | X_11=2 & X_17=0 & X_18=0 | X_2=2 & X_12=1 & X_13=0 | X_8=0 & X_10=1 & X_13=0 | X_2=2 & X_7=1 | X_1=1 & X_3=0 & X_18=0 | X_13=0 & X_14=0 | X_6=1 & X_7=2 & X_12=1 | X_7=2 & X_15=0 & X_19=2 | X_8=0 & X_14=0 | X_3=4 & X_12=1 & X_14=3 | X_1=1 & X_11=2 & X_19=2,0.344,attrition Yes t=0.5 m=20 d<=4 puri,+,-
attrition,Yes,0.5,20,5,4,purity,rules_pure,1,0.0,0.0,,0,,0.0,0.0,,0.0,0.0,0.0,0.0,0.0,0.0,,0.342,attrition Yes t=0.5 m=20 d<=4 puri,=,=
attrition,Yes,0.5,20,5,4,purity,rules_pure,2,0.3401,0.0314,0.5211,25,0.64,0.0253,0.0428,0.941,2.0,0.3439,0.0,0.0,0.0,0.0,X_8=0 & X_12=1,0.342,attrition Yes t=0.5 m=20 d<=4 puri,=,=
attrition,Yes,0.5,20,5,4,purity,rules_pure,4,0.3848,0.0393,0.4877,25,0.56,-0.0271,0.065,0.775,4.0,0.4055,0.0448,0.0172,-0.0524,0.0398,X_8=0 & X_12=1 | X_2=2 & X_7=1,0.342,attrition Yes t=0.5 m=20 d<=4 puri,+,=
attrition,Yes,0.5,20,5,4,purity,rules_pure,8,0.5139,0.0395,0.482,25,0.4,-0.0405,0.0534,0.801,7.72,0.5384,0.1696,0.031,-0.0726,0.0379,X_8=0 & X_12=1 | X_11=2 & X_15=0 & X_18=0 | X_2=2 & X_12=1 & X_13=0,0.342,attrition Yes t=0.5 m=20 d<=4 puri,+,=
attrition,Yes,0.5,20,5,4,purity,rules_pure,16,0.5772,0.0301,0.4573,25,0.16,-0.1113,0.0592,0.719,15.36,0.6428,0.2329,0.025,-0.1434,0.0438,X_8=0 & X_12=1 | X_11=2 & X_15=0 & X_18=0 | X_2=2 & X_12=1 & X_13=0 | X_8=0 & X_10=1 & X_13=0 | X_2=2 & X_7=1 | X_4=5 & X_13=0 & X_15=0,0.342,attrition Yes t=0.5 m=20 d<=4 puri,+,-
attrition,Yes,0.5,20,5,4,purity,rules_pure,32,0.6118,0.027,0.4274,25,0.0,-0.2135,0.0622,0.688,31.2,0.7234,0.2674,0.0251,-0.2456,0.0497,X_8=0 & X_12=1 | X_11=2 & X_15=0 & X_18=0 | X_2=2 & X_12=1 & X_13=0 | X_8=0 & X_10=1 & X_13=0 | X_2=2 & X_7=1 | X_3=0 & X_7=0 & X_10=0 & X_18=0 | X_4=5 & X_13=0 & X_15=0 | X_12=1 & X_18=0 & X_19=2 | X_5=1 & X_13=0 & X_17=0 & X_18=0 | X_10=1 & X_13=0 & X_16=1,0.342,attrition Yes t=0.5 m=20 d<=4 puri,+,-
attrition,Yes,0.5,20,5,4,purity,rules_disjoint,1,0.0,0.0,,0,,0.0,0.0,,0.0,0.0,0.0,0.0,0.0,0.0,,0.347,attrition Yes t=0.5 m=20 d<=4 puri,=,=
attrition,Yes,0.5,20,5,4,purity,rules_disjoint,2,0.3401,0.0314,0.5211,25,0.64,0.0253,0.0428,0.941,2.0,0.3439,0.0,0.0,0.0,0.0,X_8=0 & X_12=1,0.347,attrition Yes t=0.5 m=20 d<=4 puri,=,=
attrition,Yes,0.5,20,5,4,purity,rules_disjoint,4,0.3434,0.0316,0.5201,25,0.64,0.0236,0.0436,0.918,2.16,0.349,0.0034,0.0063,-0.0017,0.0046,X_8=0 & X_12=1,0.347,attrition Yes t=0.5 m=20 d<=4 puri,=,=
attrition,Yes,0.5,20,5,4,purity,rules_disjoint,8,0.4387,0.03,0.52,25,0.68,0.0338,0.0359,0.907,5.52,0.4504,0.0944,0.0217,0.0016,0.0285,X_8=0 & X_12=1 | X_9=7 & X_12=1 & X_13=0,0.347,attrition Yes t=0.5 m=20 d<=4 puri,+,=
attrition,Yes,0.5,20,5,4,purity,rules_disjoint,16,0.4742,0.0312,0.495,25,0.52,-0.0109,0.0465,0.779,9.04,0.5095,0.1299,0.0275,-0.043,0.0338,X_8=0 & X_12=1 | X_9=7 & X_12=1 & X_13=0 | X_8=0 & X_10=1 & X_12=0 & X_13=0,0.347,attrition Yes t=0.5 m=20 d<=4 puri,+,=
attrition,Yes,0.5,20,5,4,purity,rules_disjoint,32,0.4742,0.0312,0.495,25,0.52,-0.0109,0.0465,0.779,9.04,0.5095,0.1299,0.0275,-0.043,0.0338,X_8=0 & X_12=1 | X_9=7 & X_12=1 & X_13=0 | X_8=0 & X_10=1 & X_12=0 & X_13=0,0.347,attrition Yes t=0.5 m=20 d<=4 puri,+,=
attrition,Yes,0.5,20,5,4,purity,tree,1,0.0,0.0,,0,,0.0,0.0,,0.0,0.0,0.0,0.0,0.0,0.0,,0.071,attrition Yes t=0.5 m=20 d<=4 puri,=,=
attrition,Yes,0.5,20,5,4,purity,tree,2,0.3281,0.0482,0.5227,24,0.667,0.0262,0.0426,0.92,1.92,0.3332,-0.0119,0.0321,0.0009,0.0023,entropy-None-depth2-leaf6,0.071,attrition Yes t=0.5 m=20 d<=4 puri,=,=
attrition,Yes,0.5,20,5,4,purity,tree,4,0.3409,0.0312,0.5303,25,0.68,0.0338,0.046,0.956,2.04,0.3401,0.0009,0.0023,0.0085,0.0229,entropy-None-depth2-leaf6,0.071,attrition Yes t=0.5 m=20 d<=4 puri,=,=
attrition,Yes,0.5,20,5,4,purity,tree,8,0.3375,0.0332,0.5276,25,0.68,0.0304,0.0433,0.936,2.24,0.3414,-0.0068,0.0183,-0.0017,0.0046,entropy-None-depth2-leaf6,0.071,attrition Yes t=0.5 m=20 d<=4 puri,=,=
attrition,Yes,0.5,20,5,4,purity,tree,16,0.3383,0.0322,0.5261,25,0.76,0.0304,0.0366,0.576,11.04,0.3758,-0.006,0.0275,-0.0017,0.026,gini-balanced-depth4-leaf29 | gini-balanced-depth4-leaf14 | gini-balanced-depth4-leaf23 | gini-balanced-depth4-leaf26,0.071,attrition Yes t=0.5 m=20 d<=4 puri,=,=
attrition,Yes,0.5,20,5,4,purity,tree,32,0.3433,0.034,0.524,25,0.76,0.0254,0.0412,0.56,11.48,0.381,-0.001,0.0299,-0.0067,0.0247,gini-balanced-depth4-leaf29 | gini-balanced-depth4-leaf14 | gini-balanced-depth4-leaf23 | gini-balanced-depth4-leaf26,0.071,attrition Yes t=0.5 m=20 d<=4 puri,=,=
attrition,Yes,0.5,20,5,4,certified,vsf,1,0.0,0.0,,0,,0.0,0.0,,0.0,0.0,0.0,0.0,0.0,0.0,,2.511,attrition Yes t=0.5 m=20 d<=4 cert,=,=
attrition,Yes,0.5,20,5,4,certified,vsf,2,0.0,0.0,,0,,0.0,0.0,,0.0,0.0,0.0,0.0,0.0,0.0,,2.511,attrition Yes t=0.5 m=20 d<=4 cert,=,=
attrition,Yes,0.5,20,5,4,certified,vsf,4,0.0,0.0,,0,,0.0,0.0,,0.0,0.0,0.0,0.0,0.0,0.0,,2.511,attrition Yes t=0.5 m=20 d<=4 cert,=,=
attrition,Yes,0.5,20,5,4,certified,vsf,8,0.0,0.0,,0,,0.0,0.0,,0.0,0.0,0.0,0.0,0.0,0.0,,2.511,attrition Yes t=0.5 m=20 d<=4 cert,=,=
attrition,Yes,0.5,20,5,4,certified,vsf,16,0.0,0.0,,0,,0.0,0.0,,0.0,0.0,0.0,0.0,0.0,0.0,,2.511,attrition Yes t=0.5 m=20 d<=4 cert,=,=
attrition,Yes,0.5,20,5,4,certified,vsf,32,0.0,0.0,,0,,0.0,0.0,,0.0,0.0,0.0,0.0,0.0,0.0,,2.511,attrition Yes t=0.5 m=20 d<=4 cert,=,=
attrition,Yes,0.5,20,5,4,certified,vsf_partial,1,0.0,0.0,,0,,0.0,0.0,,0.0,0.0,0.0,0.0,0.0,0.0,,2.529,attrition Yes t=0.5 m=20 d<=4 cert,=,=
attrition,Yes,0.5,20,5,4,certified,vsf_partial,2,0.0,0.0,,0,,0.0,0.0,,0.0,0.0,0.0,0.0,0.0,0.0,,2.529,attrition Yes t=0.5 m=20 d<=4 cert,=,=
attrition,Yes,0.5,20,5,4,certified,vsf_partial,4,0.0,0.0,,0,,0.0,0.0,,0.0,0.0,0.0,0.0,0.0,0.0,,2.529,attrition Yes t=0.5 m=20 d<=4 cert,=,=
attrition,Yes,0.5,20,5,4,certified,vsf_partial,8,0.0,0.0,,0,,0.0,0.0,,0.0,0.0,0.0,0.0,0.0,0.0,,2.529,attrition Yes t=0.5 m=20 d<=4 cert,=,=
attrition,Yes,0.5,20,5,4,certified,vsf_partial,16,0.0,0.0,,0,,0.0,0.0,,0.0,0.0,0.0,0.0,0.0,0.0,,2.529,attrition Yes t=0.5 m=20 d<=4 cert,=,=
attrition,Yes,0.5,20,5,4,certified,vsf_partial,32,0.0,0.0,,0,,0.0,0.0,,0.0,0.0,0.0,0.0,0.0,0.0,,2.529,attrition Yes t=0.5 m=20 d<=4 cert,=,=
attrition,Yes,0.5,20,5,4,certified,vsf_greedy,1,0.0,0.0,,0,,0.0,0.0,,0.0,0.0,0.0,0.0,0.0,0.0,,2.072,attrition Yes t=0.5 m=20 d<=4 cert,=,=
attrition,Yes,0.5,20,5,4,certified,vsf_greedy,2,0.0,0.0,,0,,0.0,0.0,,0.0,0.0,0.0,0.0,0.0,0.0,,2.072,attrition Yes t=0.5 m=20 d<=4 cert,=,=
attrition,Yes,0.5,20,5,4,certified,vsf_greedy,4,0.0,0.0,,0,,0.0,0.0,,0.0,0.0,0.0,0.0,0.0,0.0,,2.072,attrition Yes t=0.5 m=20 d<=4 cert,=,=
attrition,Yes,0.5,20,5,4,certified,vsf_greedy,8,0.0,0.0,,0,,0.0,0.0,,0.0,0.0,0.0,0.0,0.0,0.0,,2.072,attrition Yes t=0.5 m=20 d<=4 cert,=,=
attrition,Yes,0.5,20,5,4,certified,vsf_greedy,16,0.0,0.0,,0,,0.0,0.0,,0.0,0.0,0.0,0.0,0.0,0.0,,2.072,attrition Yes t=0.5 m=20 d<=4 cert,=,=
attrition,Yes,0.5,20,5,4,certified,vsf_greedy,32,0.0,0.0,,0,,0.0,0.0,,0.0,0.0,0.0,0.0,0.0,0.0,,2.072,attrition Yes t=0.5 m=20 d<=4 cert,=,=
attrition,Yes,0.5,20,5,4,certified,rules,1,0.0,0.0,,0,,0.0,0.0,,0.0,0.0,0.0,0.0,0.0,0.0,,2.305,attrition Yes t=0.5 m=20 d<=4 cert,=,=
attrition,Yes,0.5,20,5,4,certified,rules,2,0.0,0.0,,0,,0.0,0.0,,0.0,0.0,0.0,0.0,0.0,0.0,,2.305,attrition Yes t=0.5 m=20 d<=4 cert,=,=
attrition,Yes,0.5,20,5,4,certified,rules,4,0.0,0.0,,0,,0.0,0.0,,0.0,0.0,0.0,0.0,0.0,0.0,,2.305,attrition Yes t=0.5 m=20 d<=4 cert,=,=
attrition,Yes,0.5,20,5,4,certified,rules,8,0.0,0.0,,0,,0.0,0.0,,0.0,0.0,0.0,0.0,0.0,0.0,,2.305,attrition Yes t=0.5 m=20 d<=4 cert,=,=
attrition,Yes,0.5,20,5,4,certified,rules,16,0.0,0.0,,0,,0.0,0.0,,0.0,0.0,0.0,0.0,0.0,0.0,,2.305,attrition Yes t=0.5 m=20 d<=4 cert,=,=
attrition,Yes,0.5,20,5,4,certified,rules,32,0.0,0.0,,0,,0.0,0.0,,0.0,0.0,0.0,0.0,0.0,0.0,,2.305,attrition Yes t=0.5 m=20 d<=4 cert,=,=
attrition,Yes,0.5,20,5,4,certified,rules_pure,1,0.0,0.0,,0,,0.0,0.0,,0.0,0.0,0.0,0.0,0.0,0.0,,2.306,attrition Yes t=0.5 m=20 d<=4 cert,=,=
attrition,Yes,0.5,20,5,4,certified,rules_pure,2,0.0,0.0,,0,,0.0,0.0,,0.0,0.0,0.0,0.0,0.0,0.0,,2.306,attrition Yes t=0.5 m=20 d<=4 cert,=,=
attrition,Yes,0.5,20,5,4,certified,rules_pure,4,0.0,0.0,,0,,0.0,0.0,,0.0,0.0,0.0,0.0,0.0,0.0,,2.306,attrition Yes t=0.5 m=20 d<=4 cert,=,=
attrition,Yes,0.5,20,5,4,certified,rules_pure,8,0.0,0.0,,0,,0.0,0.0,,0.0,0.0,0.0,0.0,0.0,0.0,,2.306,attrition Yes t=0.5 m=20 d<=4 cert,=,=
attrition,Yes,0.5,20,5,4,certified,rules_pure,16,0.0,0.0,,0,,0.0,0.0,,0.0,0.0,0.0,0.0,0.0,0.0,,2.306,attrition Yes t=0.5 m=20 d<=4 cert,=,=
attrition,Yes,0.5,20,5,4,certified,rules_pure,32,0.0,0.0,,0,,0.0,0.0,,0.0,0.0,0.0,0.0,0.0,0.0,,2.306,attrition Yes t=0.5 m=20 d<=4 cert,=,=
attrition,Yes,0.5,20,5,4,certified,rules_disjoint,1,0.0,0.0,,0,,0.0,0.0,,0.0,0.0,0.0,0.0,0.0,0.0,,2.307,attrition Yes t=0.5 m=20 d<=4 cert,=,=
attrition,Yes,0.5,20,5,4,certified,rules_disjoint,2,0.0,0.0,,0,,0.0,0.0,,0.0,0.0,0.0,0.0,0.0,0.0,,2.307,attrition Yes t=0.5 m=20 d<=4 cert,=,=
attrition,Yes,0.5,20,5,4,certified,rules_disjoint,4,0.0,0.0,,0,,0.0,0.0,,0.0,0.0,0.0,0.0,0.0,0.0,,2.307,attrition Yes t=0.5 m=20 d<=4 cert,=,=
attrition,Yes,0.5,20,5,4,certified,rules_disjoint,8,0.0,0.0,,0,,0.0,0.0,,0.0,0.0,0.0,0.0,0.0,0.0,,2.307,attrition Yes t=0.5 m=20 d<=4 cert,=,=
attrition,Yes,0.5,20,5,4,certified,rules_disjoint,16,0.0,0.0,,0,,0.0,0.0,,0.0,0.0,0.0,0.0,0.0,0.0,,2.307,attrition Yes t=0.5 m=20 d<=4 cert,=,=
attrition,Yes,0.5,20,5,4,certified,rules_disjoint,32,0.0,0.0,,0,,0.0,0.0,,0.0,0.0,0.0,0.0,0.0,0.0,,2.307,attrition Yes t=0.5 m=20 d<=4 cert,=,=
attrition,Yes,0.5,20,5,4,certified,tree,1,0.0,0.0,,0,,0.0,0.0,,0.0,0.0,0.0,0.0,0.0,0.0,,2.133,attrition Yes t=0.5 m=20 d<=4 cert,=,=
attrition,Yes,0.5,20,5,4,certified,tree,2,0.0,0.0,,0,,0.0,0.0,,0.0,0.0,0.0,0.0,0.0,0.0,,2.133,attrition Yes t=0.5 m=20 d<=4 cert,=,=
attrition,Yes,0.5,20,5,4,certified,tree,4,0.0,0.0,,0,,0.0,0.0,,0.0,0.0,0.0,0.0,0.0,0.0,,2.133,attrition Yes t=0.5 m=20 d<=4 cert,=,=
attrition,Yes,0.5,20,5,4,certified,tree,8,0.0,0.0,,0,,0.0,0.0,,0.0,0.0,0.0,0.0,0.0,0.0,,2.133,attrition Yes t=0.5 m=20 d<=4 cert,=,=
attrition,Yes,0.5,20,5,4,certified,tree,16,0.0,0.0,,0,,0.0,0.0,,0.0,0.0,0.0,0.0,0.0,0.0,,2.133,attrition Yes t=0.5 m=20 d<=4 cert,=,=
attrition,Yes,0.5,20,5,4,certified,tree,32,0.0,0.0,,0,,0.0,0.0,,0.0,0.0,0.0,0.0,0.0,0.0,,2.133,attrition Yes t=0.5 m=20 d<=4 cert,=,=
breast_cancer,recurrence-events,0.7,1,5,4,purity,vsf,1,0.0094,0.015,0.1905,7,0.0,-0.062,0.0682,0.377,0.96,0.0259,0.0,0.0,0.0,0.0,X_4#3,0.036,breast_cancer recurrence-events t=0.7 m=1 d<=4 puri,=,=
breast_cancer,recurrence-events,0.7,1,5,4,purity,vsf,2,0.24,0.0626,0.6993,25,0.64,0.0204,0.134,0.839,2.0,0.2694,0.0,0.0,0.0,0.0,X_2+X_6#8,0.036,breast_cancer recurrence-events t=0.7 m=1 d<=4 puri,=,=
breast_cancer,recurrence-events,0.7,1,5,4,purity,vsf,4,0.2518,0.0545,0.7124,25,0.64,-0.0008,0.1411,0.834,2.52,0.2806,0.0,0.0,0.0,0.0,X_2+X_6#8,0.036,breast_cancer recurrence-events t=0.7 m=1 d<=4 puri,=,=
breast_cancer,recurrence-events,0.7,1,5,4,purity,vsf,8,0.2188,0.0513,0.6383,25,0.4,-0.0996,0.1476,0.491,4.24,0.2976,0.0,0.0,0.0,0.0,X_2+X_6#8,0.036,breast_cancer recurrence-events t=0.7 m=1 d<=4 puri,=,=
breast_cancer,recurrence-events,0.7,1,5,4,purity,vsf,16,0.2682,0.0572,0.6565,25,0.4,-0.0941,0.1488,0.489,15.48,0.3618,0.0,0.0,0.0,0.0,X_3+X_5+X_6#17 | X_3+X_5+X_6#9 | X_3+X_5+X_6#6 | X_3+X_5+X_6#11 | X_3+X_5+X_6#12,0.036,breast_cancer recurrence-events t=0.7 m=1 d<=4 puri,=,=
breast_cancer,recurrence-events,0.7,1,5,4,purity,vsf,32,0.2729,0.0619,0.6329,25,0.32,-0.1059,0.1355,0.502,20.2,0.3782,0.0,0.0,0.0,0.0,X_3+X_5+X_6#17 | X_3+X_5+X_6#9 | X_3+X_5+X_6#6 | X_3+X_5+X_6#11 | X_3+X_5+X_6#12,0.036,breast_cancer recurrence-events t=0.7 m=1 d<=4 puri,=,=
breast_cancer,recurrence-events,0.7,1,5,4,purity,vsf_partial,1,0.0094,0.015,0.1905,7,0.0,-0.062,0.0682,0.377,0.96,0.0259,0.0,0.0,0.0,0.0,X_4#3,0.104,breast_cancer recurrence-events t=0.7 m=1 d<=4 puri,=,=
breast_cancer,recurrence-events,0.7,1,5,4,purity,vsf_partial,2,0.24,0.0626,0.6993,25,0.64,0.0204,0.134,0.839,2.0,0.2694,0.0,0.0,0.0,0.0,X_2+X_6#8,0.104,breast_cancer recurrence-events t=0.7 m=1 d<=4 puri,=,=
breast_cancer,recurrence-events,0.7,1,5,4,purity,vsf_partial,4,0.2659,0.0685,0.6168,25,0.44,-0.1075,0.1718,0.663,4.0,0.3271,0.0141,0.0357,-0.1067,0.0911,X_2+X_6#8 | X_2+X_4#5,0.104,breast_cancer recurrence-events t=0.7 m=1 d<=4 puri,=,=
breast_cancer,recurrence-events,0.7,1,5,4,purity,vsf_partial,8,0.2729,0.054,0.528,25,0.16,-0.3365,0.192,0.445,7.72,0.4141,0.0541,0.0408,-0.2369,0.1306,X_2+X_6#8 | X_2+X_6+X_9#5 | X_2+X_4+X_6#5,0.104,breast_cancer recurrence-events t=0.7 m=1 d<=4 puri,=,=
breast_cancer,recurrence-events,0.7,1,5,4,purity,vsf_partial,16,0.3082,0.0486,0.5202,25,0.08,-0.3671,0.1527,0.437,14.08,0.4794,0.04,0.0464,-0.2729,0.133,X_2+X_6#8 | X_2+X_4+X_6+X_8#14 | X_2+X_4+X_8#5 | X_2+X_4+X_8#8 | X_2+X_6+X_8#10,0.104,breast_cancer recurrence-events t=0.7 m=1 d<=4 puri,=,-
breast_cancer,recurrence-events,0.7,1,5,4,purity,vsf_partial,32,0.3247,0.055,0.5402,25,0.04,-0.3725,0.1789,0.453,20.92,0.5041,0.0518,0.0512,-0.2667,0.1587,X_2+X_6#8 | X_2+X_4+X_6+X_8#14 | X_2+X_4+X_8#5 | X_2+X_4+X_8#8 | X_2+X_6+X_8#10,0.104,breast_cancer recurrence-events t=0.7 m=1 d<=4 puri,=,=
breast_cancer,recurrence-events,0.7,1,5,4,purity,vsf_greedy,1,0.0094,0.015,0.1905,7,0.0,-0.062,0.0682,0.377,0.96,0.0259,0.0,0.0,0.0,0.0,X_4#3,0.006,breast_cancer recurrence-events t=0.7 m=1 d<=4 puri,=,=
breast_cancer,recurrence-events,0.7,1,5,4,purity,vsf_greedy,2,0.0518,0.0358,0.4678,17,0.235,-0.091,0.0943,0.179,1.96,0.1018,-0.1882,0.064,-0.1114,0.1643,X_4+X_8#8,0.006,breast_cancer recurrence-events t=0.7 m=1 d<=4 puri,-,=
breast_cancer,recurrence-events,0.7,1,5,4,purity,vsf_greedy,4,0.1529,0.0571,0.6097,24,0.458,-0.0282,0.1159,0.35,3.6,0.1835,-0.0988,0.0724,-0.0275,0.158,X_4+X_6+X_8#14,0.006,breast_cancer recurrence-events t=0.7 m=1 d<=4 puri,=,=
breast_cancer,recurrence-events,0.7,1,5,4,purity,vsf_greedy,8,0.1765,0.0578,0.5885,25,0.44,-0.0651,0.1107,0.37,7.28,0.2494,-0.0424,0.0757,0.0345,0.1541,X_4+X_6+X_8#14 | X_4+X_6+X_8#16,0.006,breast_cancer recurrence-events t=0.7 m=1 d<=4 puri,=,=
breast_cancer,recurrence-events,0.7,1,5,4,purity,vsf_greedy,16,0.2259,0.0651,0.5791,25,0.36,-0.1145,0.1333,0.436,14.36,0.3106,-0.0424,0.0795,-0.0204,0.1444,X_4+X_5+X_6+X_8#19 | X_4+X_5+X_6+X_8#21 | X_4+X_5+X_6+X_8#13 | X_4+X_5+X_6+X_8#9,0.006,breast_cancer recurrence-events t=0.7 m=1 d<=4 puri,=,=
breast_cancer,recurrence-events,0.7,1,5,4,purity,vsf_greedy,32,0.2471,0.0743,0.5789,25,0.32,-0.1318,0.142,0.439,17.44,0.3265,-0.0259,0.0798,-0.0259,0.1572,X_4+X_5+X_6+X_8#19 | X_4+X_5+X_6+X_8#21 | X_4+X_5+X_6+X_8#13 | X_4+X_5+X_6+X_8#9 | X_4+X_5+X_6+X_8#14,0.006,breast_cancer recurrence-events t=0.7 m=1 d<=4 puri,=,=
breast_cancer,recurrence-events,0.7,1,5,4,purity,rules,1,0.0094,0.015,0.1905,7,0.0,-0.062,0.0682,0.377,0.96,0.0259,0.0,0.0,0.0,0.0,X_4=3,0.025,breast_cancer recurrence-events t=0.7 m=1 d<=4 puri,=,=
breast_cancer,recurrence-events,0.7,1,5,4,purity,rules,2,0.24,0.0626,0.6993,25,0.64,0.0204,0.134,0.839,2.0,0.2694,0.0,0.0,0.0,0.0,X_2=2 & X_6=2,0.025,breast_cancer recurrence-events t=0.7 m=1 d<=4 puri,=,=
breast_cancer,recurrence-events,0.7,1,5,4,purity,rules,4,0.2871,0.0668,0.6165,25,0.52,-0.1137,0.1644,0.647,4.0,0.3541,0.0353,0.0354,-0.1129,0.0758,X_2=2 & X_6=2 | X_5=2 & X_7=0,0.025,breast_cancer recurrence-events t=0.7 m=1 d<=4 puri,=,=
breast_cancer,recurrence-events,0.7,1,5,4,purity,rules,8,0.3318,0.0626,0.5646,25,0.24,-0.3051,0.1924,0.565,7.88,0.4641,0.1129,0.0556,-0.2055,0.1372,X_2=2 & X_6=2 | X_5=2 & X_7=0 | X_3=5 & X_6=2 | X_3=4 & X_8=5,0.025,breast_cancer recurrence-events t=0.7 m=1 d<=4 puri,+,=
breast_cancer,recurrence-events,0.7,1,5,4,purity,rules,16,0.4024,0.0604,0.4939,25,0.08,-0.6243,0.2271,0.561,15.88,0.6194,0.1341,0.0603,-0.5302,0.1958,X_2=2 & X_6=2 | X_5=2 & X_7=0 | X_3=5 & X_6=2 | X_3=4 & X_8=5 | X_6=2 & X_8=2 | X_4=4 & X_8=5 | X_1=1 & X_2=2 & X_4=0 & X_8=3,0.025,breast_cancer recurrence-events t=0.7 m=1 d<=4 puri,+,-
breast_cancer,recurrence-events,0.7,1,5,4,purity,rules,32,0.4871,0.0644,0.446,25,0.0,-0.9788,0.2764,0.603,31.48,0.78,0.2141,0.0817,-0.8729,0.2571,X_2=2 & X_6=2 | X_5=2 & X_7=0 | X_3=5 & X_6=2 | X_3=4 & X_8=5 | X_6=2 & X_8=2 | X_4=4 & X_8=5 | X_1=1 & X_2=2 & X_4=0 & X_8=3 | X_3=3 & X_6=0 & X_8=3 | X_1=5 & X_3=2 | X_3=10 & X_6=2 | X_1=2 & X_3=5 & X_4=4 | X_1=4 & X_3=7 & X_4=0 | X_1=2 & X_3=7 & X_7=0,0.025,breast_cancer recurrence-events t=0.7 m=1 d<=4 puri,+,-
breast_cancer,recurrence-events,0.7,1,5,4,purity,rules_pure,1,0.0094,0.015,0.1905,7,0.0,-0.062,0.0682,0.377,0.96,0.0259,0.0,0.0,0.0,0.0,X_4=3,0.025,breast_cancer recurrence-events t=0.7 m=1 d<=4 puri,=,=
breast_cancer,recurrence-events,0.7,1,5,4,purity,rules_pure,2,0.24,0.0626,0.6993,25,0.64,0.0204,0.134,0.839,2.0,0.2694,0.0,0.0,0.0,0.0,X_2=2 & X_6=2,0.025,breast_cancer recurrence-events t=0.7 m=1 d<=4 puri,=,=
breast_cancer,recurrence-events,0.7,1,5,4,purity,rules_pure,4,0.2776,0.0687,0.5932,25,0.48,-0.1396,0.1671,0.633,4.0,0.35,0.0259,0.0458,-0.1388,0.1048,X_2=2 & X_6=2 | X_5=2 & X_6=2,0.025,breast_cancer recurrence-events t=0.7 m=1 d<=4 puri,=,=
breast_cancer,recurrence-events,0.7,1,5,4,purity,rules_pure,8,0.3224,0.0673,0.5473,25,0.28,-0.331,0.2024,0.546,7.88,0.4612,0.1035,0.0661,-0.2314,0.1623,X_2=2 & X_6=2 | X_5=2 & X_6=2 | X_3=5 & X_6=2 | X_3=4 & X_8=5,0.025,breast_cancer recurrence-events t=0.7 m=1 d<=4 puri,=,=
breast_cancer,recurrence-events,0.7,1,5,4,purity,rules_pure,16,0.3765,0.0627,0.484,25,0.08,-0.6173,0.225,0.541,15.84,0.6124,0.1082,0.0664,-0.5231,0.1926,X_2=2 & X_6=2 | X_5=2 & X_6=2 | X_3=5 & X_6=2 | X_3=4 & X_8=5 | X_2=0 & X_3=5 & X_9=1 | X_4=4 & X_8=5 | X_1=1 & X_6=0 & X_8=3,0.025,breast_cancer recurrence-events t=0.7 m=1 d<=4 puri,=,-
breast_cancer,recurrence-events,0.7,1,5,4,purity,rules_pure,32,0.4776,0.0655,0.4483,25,0.0,-0.9498,0.2749,0.595,31.48,0.7753,0.2047,0.0844,-0.8439,0.2551,X_2=2 & X_6=2 | X_5=2 & X_6=2 | X_3=5 & X_6=2 | X_3=4 & X_8=5 | X_2=0 & X_3=5 & X_9=1 | X_4=4 & X_8=5 | X_1=1 & X_2=2 & X_4=0 & X_8=3 | X_3=3 & X_6=1 & X_7=0 & X_8=2 | X_2=0 & X_8=2 & X_9=1 | X_3=3 & X_6=0 & X_8=3 | X_3=10 & X_6=2 | X_1=2 & X_3=5 & X_4=4,0.025,breast_cancer recurrence-events t=0.7 m=1 d<=4 puri,+,-
breast_cancer,recurrence-events,0.7,1,5,4,purity,rules_disjoint,1,0.0094,0.015,0.1905,7,0.0,-0.062,0.0682,0.377,0.96,0.0259,0.0,0.0,0.0,0.0,X_4=3,0.025,breast_cancer recurrence-events t=0.7 m=1 d<=4 puri,=,=
breast_cancer,recurrence-events,0.7,1,5,4,purity,rules_disjoint,2,0.24,0.0626,0.6993,25,0.64,0.0204,0.134,0.839,2.0,0.2694,0.0,0.0,0.0,0.0,X_2=2 & X_6=2,0.025,breast_cancer recurrence-events t=0.7 m=1 d<=4 puri,=,=
breast_cancer,recurrence-events,0.7,1,5,4,purity,rules_disjoint,4,0.2612,0.0691,0.6136,25,0.44,-0.1176,0.179,0.648,4.0,0.3259,0.0094,0.0426,-0.1169,0.1381,X_2=2 & X_6=2 | X_1=3 & X_4=5,0.025,breast_cancer recurrence-events t=0.7 m=1 d<=4 puri,=,=
breast_cancer,recurrence-events,0.7,1,5,4,purity,rules_disjoint,8,0.2988,0.0665,0.5737,25,0.36,-0.2392,0.2067,0.56,7.76,0.4241,0.08,0.0646,-0.1396,0.1878,X_2=2 & X_6=2 | X_2=0 & X_5=2 & X_9=1 | X_2=0 & X_4=4 & X_6=2,0.025,breast_cancer recurrence-events t=0.7 m=1 d<=4 puri,=,=
breast_cancer,recurrence-events,0.7,1,5,4,purity,rules_disjoint,16,0.3482,0.0725,0.5198,25,0.04,-0.4259,0.2238,0.548,15.8,0.5576,0.08,0.0759,-0.3318,0.2286,X_2=2 & X_6=2 | X_2=0 & X_5=2 & X_9=1 | X_2=0 & X_4=4 & X_6=2 | X_3=4 & X_6=1 & X_8=5 | X_1=1 & X_2=2 & X_8=3 & X_9=0,0.025,breast_cancer recurrence-events t=0.7 m=1 d<=4 puri,=,=
breast_cancer,recurrence-events,0.7,1,5,4,purity,rules_disjoint,32,0.3859,0.0654,0.4717,25,0.0,-0.6573,0.2373,0.575,31.28,0.7118,0.1129,0.0817,-0.5514,0.2425,X_2=2 & X_6=2 | X_2=0 & X_5=2 & X_9=1 | X_2=0 & X_4=4 & X_6=2 | X_3=4 & X_6=1 & X_8=5 | X_1=1 & X_2=2 & X_8=3 & X_9=0 | X_1=2 & X_4=4 & X_5=2 & X_6=1 | X_3=3 & X_6=0 & X_8=3 | X_1=4 & X_3=5 & X_4=0 & X_6=2 | X_1=5 & X_3=2 | X_3=10 & X_6=2,0.025,breast_cancer recurrence-events t=0.7 m=1 d<=4 puri,=,-
breast_cancer,recurrence-events,0.7,1,5,4,purity,tree,1,0.0,0.0,,0,,0.0,0.0,,0.0,0.0,-0.0094,0.015,0.062,0.0682,,0.055,breast_cancer recurrence-events t=0.7 m=1 d<=4 puri,=,=
breast_cancer,recurrence-events,0.7,1,5,4,purity,tree,2,0.2635,0.0673,0.6695,23,0.522,-0.0439,0.1043,0.656,1.92,0.29,0.0235,0.0743,-0.0643,0.1115,gini-balanced-depth2-leaf5,0.055,breast_cancer recurrence-events t=0.7 m=1 d<=4 puri,=,=
breast_cancer,recurrence-events,0.7,1,5,4,purity,tree,4,0.2894,0.054,0.6806,25,0.52,-0.04,0.1222,0.753,2.24,0.3129,0.0376,0.0437,-0.0392,0.0901,gini-balanced-depth2-leaf5,0.055,breast_cancer recurrence-events t=0.7 m=1 d<=4 puri,=,=
breast_cancer,recurrence-events,0.7,1,5,4,purity,tree,8,0.2847,0.0507,0.6497,25,0.48,-0.1051,0.1436,0.603,6.08,0.3571,0.0659,0.0451,-0.0055,0.1087,entropy-None-depth3-leaf8 | entropy-None-depth3-leaf12,0.055,breast_cancer recurrence-events t=0.7 m=1 d<=4 puri,=,=
breast_cancer,recurrence-events,0.7,1,5,4,purity,tree,16,0.2918,0.0529,0.6339,25,0.44,-0.131,0.1498,0.585,9.56,0.3841,0.0235,0.0533,-0.0369,0.1687,entropy-None-depth3-leaf8 | entropy-None-depth3-leaf12,0.055,breast_cancer recurrence-events t=0.7 m=1 d<=4 puri,=,=
breast_cancer,recurrence-events,0.7,1,5,4,purity,tree,32,0.2965,0.0488,0.6406,25,0.4,-0.1263,0.147,0.592,10.28,0.3871,0.0235,0.0492,-0.0204,0.1555,entropy-None-depth3-leaf8 | entropy-None-depth3-leaf12,0.055,breast_cancer recurrence-events t=0.7 m=1 d<=4 puri,=,=
breast_cancer,recurrence-events,0.7,1,5,4,certified,vsf,1,0.0,0.0,,0,,0.0,0.0,,0.0,0.0,0.0,0.0,0.0,0.0,,0.094,breast_cancer recurrence-events t=0.7 m=1 d<=4 cert,=,=
breast_cancer,recurrence-events,0.7,1,5,4,certified,vsf,2,0.0,0.0,,0,,0.0,0.0,,0.0,0.0,0.0,0.0,0.0,0.0,,0.094,breast_cancer recurrence-events t=0.7 m=1 d<=4 cert,=,=
breast_cancer,recurrence-events,0.7,1,5,4,certified,vsf,4,0.0,0.0,,0,,0.0,0.0,,0.0,0.0,0.0,0.0,0.0,0.0,,0.094,breast_cancer recurrence-events t=0.7 m=1 d<=4 cert,=,=
breast_cancer,recurrence-events,0.7,1,5,4,certified,vsf,8,0.0,0.0,,0,,0.0,0.0,,0.0,0.0,0.0,0.0,0.0,0.0,,0.094,breast_cancer recurrence-events t=0.7 m=1 d<=4 cert,=,=
breast_cancer,recurrence-events,0.7,1,5,4,certified,vsf,16,0.0,0.0,,0,,0.0,0.0,,0.0,0.0,0.0,0.0,0.0,0.0,,0.094,breast_cancer recurrence-events t=0.7 m=1 d<=4 cert,=,=
breast_cancer,recurrence-events,0.7,1,5,4,certified,vsf,32,0.0,0.0,,0,,0.0,0.0,,0.0,0.0,0.0,0.0,0.0,0.0,,0.094,breast_cancer recurrence-events t=0.7 m=1 d<=4 cert,=,=
breast_cancer,recurrence-events,0.7,1,5,4,certified,vsf_partial,1,0.0,0.0,,0,,0.0,0.0,,0.0,0.0,0.0,0.0,0.0,0.0,,0.094,breast_cancer recurrence-events t=0.7 m=1 d<=4 cert,=,=
breast_cancer,recurrence-events,0.7,1,5,4,certified,vsf_partial,2,0.0,0.0,,0,,0.0,0.0,,0.0,0.0,0.0,0.0,0.0,0.0,,0.094,breast_cancer recurrence-events t=0.7 m=1 d<=4 cert,=,=
breast_cancer,recurrence-events,0.7,1,5,4,certified,vsf_partial,4,0.0,0.0,,0,,0.0,0.0,,0.0,0.0,0.0,0.0,0.0,0.0,,0.094,breast_cancer recurrence-events t=0.7 m=1 d<=4 cert,=,=
breast_cancer,recurrence-events,0.7,1,5,4,certified,vsf_partial,8,0.0,0.0,,0,,0.0,0.0,,0.0,0.0,0.0,0.0,0.0,0.0,,0.094,breast_cancer recurrence-events t=0.7 m=1 d<=4 cert,=,=
breast_cancer,recurrence-events,0.7,1,5,4,certified,vsf_partial,16,0.0,0.0,,0,,0.0,0.0,,0.0,0.0,0.0,0.0,0.0,0.0,,0.094,breast_cancer recurrence-events t=0.7 m=1 d<=4 cert,=,=
breast_cancer,recurrence-events,0.7,1,5,4,certified,vsf_partial,32,0.0,0.0,,0,,0.0,0.0,,0.0,0.0,0.0,0.0,0.0,0.0,,0.094,breast_cancer recurrence-events t=0.7 m=1 d<=4 cert,=,=
breast_cancer,recurrence-events,0.7,1,5,4,certified,vsf_greedy,1,0.0,0.0,,0,,0.0,0.0,,0.0,0.0,0.0,0.0,0.0,0.0,,0.068,breast_cancer recurrence-events t=0.7 m=1 d<=4 cert,=,=
breast_cancer,recurrence-events,0.7,1,5,4,certified,vsf_greedy,2,0.0,0.0,,0,,0.0,0.0,,0.0,0.0,0.0,0.0,0.0,0.0,,0.068,breast_cancer recurrence-events t=0.7 m=1 d<=4 cert,=,=
breast_cancer,recurrence-events,0.7,1,5,4,certified,vsf_greedy,4,0.0,0.0,,0,,0.0,0.0,,0.0,0.0,0.0,0.0,0.0,0.0,,0.068,breast_cancer recurrence-events t=0.7 m=1 d<=4 cert,=,=
breast_cancer,recurrence-events,0.7,1,5,4,certified,vsf_greedy,8,0.0,0.0,,0,,0.0,0.0,,0.0,0.0,0.0,0.0,0.0,0.0,,0.068,breast_cancer recurrence-events t=0.7 m=1 d<=4 cert,=,=
breast_cancer,recurrence-events,0.7,1,5,4,certified,vsf_greedy,16,0.0,0.0,,0,,0.0,0.0,,0.0,0.0,0.0,0.0,0.0,0.0,,0.068,breast_cancer recurrence-events t=0.7 m=1 d<=4 cert,=,=
breast_cancer,recurrence-events,0.7,1,5,4,certified,vsf_greedy,32,0.0,0.0,,0,,0.0,0.0,,0.0,0.0,0.0,0.0,0.0,0.0,,0.068,breast_cancer recurrence-events t=0.7 m=1 d<=4 cert,=,=
breast_cancer,recurrence-events,0.7,1,5,4,certified,rules,1,0.0,0.0,,0,,0.0,0.0,,0.0,0.0,0.0,0.0,0.0,0.0,,0.073,breast_cancer recurrence-events t=0.7 m=1 d<=4 cert,=,=
breast_cancer,recurrence-events,0.7,1,5,4,certified,rules,2,0.0,0.0,,0,,0.0,0.0,,0.0,0.0,0.0,0.0,0.0,0.0,,0.073,breast_cancer recurrence-events t=0.7 m=1 d<=4 cert,=,=
breast_cancer,recurrence-events,0.7,1,5,4,certified,rules,4,0.0,0.0,,0,,0.0,0.0,,0.0,0.0,0.0,0.0,0.0,0.0,,0.073,breast_cancer recurrence-events t=0.7 m=1 d<=4 cert,=,=
breast_cancer,recurrence-events,0.7,1,5,4,certified,rules,8,0.0,0.0,,0,,0.0,0.0,,0.0,0.0,0.0,0.0,0.0,0.0,,0.073,breast_cancer recurrence-events t=0.7 m=1 d<=4 cert,=,=
breast_cancer,recurrence-events,0.7,1,5,4,certified,rules,16,0.0,0.0,,0,,0.0,0.0,,0.0,0.0,0.0,0.0,0.0,0.0,,0.073,breast_cancer recurrence-events t=0.7 m=1 d<=4 cert,=,=
breast_cancer,recurrence-events,0.7,1,5,4,certified,rules,32,0.0,0.0,,0,,0.0,0.0,,0.0,0.0,0.0,0.0,0.0,0.0,,0.073,breast_cancer recurrence-events t=0.7 m=1 d<=4 cert,=,=
breast_cancer,recurrence-events,0.7,1,5,4,certified,rules_pure,1,0.0,0.0,,0,,0.0,0.0,,0.0,0.0,0.0,0.0,0.0,0.0,,0.073,breast_cancer recurrence-events t=0.7 m=1 d<=4 cert,=,=
breast_cancer,recurrence-events,0.7,1,5,4,certified,rules_pure,2,0.0,0.0,,0,,0.0,0.0,,0.0,0.0,0.0,0.0,0.0,0.0,,0.073,breast_cancer recurrence-events t=0.7 m=1 d<=4 cert,=,=
breast_cancer,recurrence-events,0.7,1,5,4,certified,rules_pure,4,0.0,0.0,,0,,0.0,0.0,,0.0,0.0,0.0,0.0,0.0,0.0,,0.073,breast_cancer recurrence-events t=0.7 m=1 d<=4 cert,=,=
breast_cancer,recurrence-events,0.7,1,5,4,certified,rules_pure,8,0.0,0.0,,0,,0.0,0.0,,0.0,0.0,0.0,0.0,0.0,0.0,,0.073,breast_cancer recurrence-events t=0.7 m=1 d<=4 cert,=,=
breast_cancer,recurrence-events,0.7,1,5,4,certified,rules_pure,16,0.0,0.0,,0,,0.0,0.0,,0.0,0.0,0.0,0.0,0.0,0.0,,0.073,breast_cancer recurrence-events t=0.7 m=1 d<=4 cert,=,=
breast_cancer,recurrence-events,0.7,1,5,4,certified,rules_pure,32,0.0,0.0,,0,,0.0,0.0,,0.0,0.0,0.0,0.0,0.0,0.0,,0.073,breast_cancer recurrence-events t=0.7 m=1 d<=4 cert,=,=
breast_cancer,recurrence-events,0.7,1,5,4,certified,rules_disjoint,1,0.0,0.0,,0,,0.0,0.0,,0.0,0.0,0.0,0.0,0.0,0.0,,0.073,breast_cancer recurrence-events t=0.7 m=1 d<=4 cert,=,=
breast_cancer,recurrence-events,0.7,1,5,4,certified,rules_disjoint,2,0.0,0.0,,0,,0.0,0.0,,0.0,0.0,0.0,0.0,0.0,0.0,,0.073,breast_cancer recurrence-events t=0.7 m=1 d<=4 cert,=,=
breast_cancer,recurrence-events,0.7,1,5,4,certified,rules_disjoint,4,0.0,0.0,,0,,0.0,0.0,,0.0,0.0,0.0,0.0,0.0,0.0,,0.073,breast_cancer recurrence-events t=0.7 m=1 d<=4 cert,=,=
breast_cancer,recurrence-events,0.7,1,5,4,certified,rules_disjoint,8,0.0,0.0,,0,,0.0,0.0,,0.0,0.0,0.0,0.0,0.0,0.0,,0.073,breast_cancer recurrence-events t=0.7 m=1 d<=4 cert,=,=
breast_cancer,recurrence-events,0.7,1,5,4,certified,rules_disjoint,16,0.0,0.0,,0,,0.0,0.0,,0.0,0.0,0.0,0.0,0.0,0.0,,0.073,breast_cancer recurrence-events t=0.7 m=1 d<=4 cert,=,=
breast_cancer,recurrence-events,0.7,1,5,4,certified,rules_disjoint,32,0.0,0.0,,0,,0.0,0.0,,0.0,0.0,0.0,0.0,0.0,0.0,,0.073,breast_cancer recurrence-events t=0.7 m=1 d<=4 cert,=,=
breast_cancer,recurrence-events,0.7,1,5,4,certified,tree,1,0.0,0.0,,0,,0.0,0.0,,0.0,0.0,0.0,0.0,0.0,0.0,,0.087,breast_cancer recurrence-events t=0.7 m=1 d<=4 cert,=,=
breast_cancer,recurrence-events,0.7,1,5,4,certified,tree,2,0.0,0.0,,0,,0.0,0.0,,0.0,0.0,0.0,0.0,0.0,0.0,,0.087,breast_cancer recurrence-events t=0.7 m=1 d<=4 cert,=,=
breast_cancer,recurrence-events,0.7,1,5,4,certified,tree,4,0.0,0.0,,0,,0.0,0.0,,0.0,0.0,0.0,0.0,0.0,0.0,,0.087,breast_cancer recurrence-events t=0.7 m=1 d<=4 cert,=,=
breast_cancer,recurrence-events,0.7,1,5,4,certified,tree,8,0.0,0.0,,0,,0.0,0.0,,0.0,0.0,0.0,0.0,0.0,0.0,,0.087,breast_cancer recurrence-events t=0.7 m=1 d<=4 cert,=,=
breast_cancer,recurrence-events,0.7,1,5,4,certified,tree,16,0.0,0.0,,0,,0.0,0.0,,0.0,0.0,0.0,0.0,0.0,0.0,,0.087,breast_cancer recurrence-events t=0.7 m=1 d<=4 cert,=,=
breast_cancer,recurrence-events,0.7,1,5,4,certified,tree,32,0.0,0.0,,0,,0.0,0.0,,0.0,0.0,0.0,0.0,0.0,0.0,,0.087,breast_cancer recurrence-events t=0.7 m=1 d<=4 cert,=,=
breast_cancer_wisconsin,malignant,0.9,1,5,4,purity,vsf,1,0.5353,0.037,0.9782,25,1.0,0.423,0.0815,1.0,1.0,0.5353,0.0,0.0,0.0,0.0,X_6#1,0.075,breast_cancer_wisconsin malignant t=0.9 m=1 d<=4 puri,=,=
breast_cancer_wisconsin,malignant,0.9,1,5,4,purity,vsf,2,0.5819,0.0405,0.9661,25,1.0,0.387,0.1066,0.91,2.0,0.5865,0.0,0.0,0.0,0.0,X_6#1 | X_6#9,0.075,breast_cancer_wisconsin malignant t=0.9 m=1 d<=4 puri,=,=
breast_cancer_wisconsin,malignant,0.9,1,5,4,purity,vsf,4,0.6157,0.0454,0.9633,25,0.92,0.3912,0.121,0.579,4.0,0.6413,0.0,0.0,0.0,0.0,X_1#1 | X_1#8 | X_1#7 | X_1#9,0.075,breast_cancer_wisconsin malignant t=0.9 m=1 d<=4 puri,=,=
breast_cancer_wisconsin,malignant,0.9,1,5,4,purity,vsf,8,0.722,0.0277,0.9535,25,0.92,0.3926,0.1457,0.771,6.28,0.7216,0.0,0.0,0.0,0.0,X_2#1 | X_2#5 | X_2#6 | X_2#8 | X_2#7,0.075,breast_cancer_wisconsin malignant t=0.9 m=1 d<=4 puri,=,=
breast_cancer_wisconsin,malignant,0.9,1,5,4,purity,vsf,16,0.7842,0.0406,0.9406,25,0.92,0.3359,0.1333,0.818,14.88,0.794,0.0,0.0,0.0,0.0,X_1+X_2+X_7#45 | X_1+X_2+X_7#37 | X_1+X_2+X_7#19 | X_1+X_2+X_7#12 | X_1+X_2+X_7#36,0.075,breast_cancer_wisconsin malignant t=0.9 m=1 d<=4 puri,=,=
breast_cancer_wisconsin,malignant,0.9,1,5,4,purity,vsf,32,0.8191,0.0377,0.937,25,0.88,0.3113,0.1547,0.831,29.32,0.8432,0.0,0.0,0.0,0.0,X_1+X_2+X_7#45 | X_1+X_2+X_7#37 | X_1+X_2+X_7#19 | X_1+X_2+X_7#12 | X_1+X_2+X_7#36 | X_1+X_2+X_7#24 | X_1+X_2+X_7#34 | X_1+X_2+X_7#11 | X_1+X_2+X_7#35,0.075,breast_cancer_wisconsin malignant t=0.9 m=1 d<=4 puri,=,=
breast_cancer_wisconsin,malignant,0.9,1,5,4,purity,vsf_partial,1,0.5353,0.037,0.9782,25,1.0,0.423,0.0815,1.0,1.0,0.5353,0.0,0.0,0.0,0.0,X_6#1,0.62,breast_cancer_wisconsin malignant t=0.9 m=1 d<=4 puri,=,=
breast_cancer_wisconsin,malignant,0.9,1,5,4,purity,vsf_partial,2,0.5819,0.0405,0.9661,25,1.0,0.387,0.1066,0.91,2.0,0.5865,0.0,0.0,0.0,0.0,X_6#1 | X_6#9,0.62,breast_cancer_wisconsin malignant t=0.9 m=1 d<=4 puri,=,=
breast_cancer_wisconsin,malignant,0.9,1,5,4,purity,vsf_partial,4,0.643,0.0487,0.9563,25,0.92,0.3589,0.1196,0.636,4.0,0.6726,0.0273,0.04,-0.0322,0.0792,X_2#1 | X_1+X_2+X_3#50,0.62,breast_cancer_wisconsin malignant t=0.9 m=1 d<=4 puri,=,=
breast_cancer_wisconsin,malignant,0.9,1,5,4,purity,vsf_partial,8,0.7369,0.0279,0.9522,25,0.92,0.393,0.1448,0.717,7.52,0.7718,0.0149,0.0292,0.0004,0.0766,X_2#1 | X_1+X_2+X_7#45 | X_1+X_2+X_7#19,0.62,breast_cancer_wisconsin malignant t=0.9 m=1 d<=4 puri,=,=
breast_cancer_wisconsin,malignant,0.9,1,5,4,purity,vsf_partial,16,0.8116,0.0271,0.9417,25,0.88,0.3483,0.1535,0.77,15.8,0.8568,0.0274,0.0439,0.0124,0.1232,X_2#1 | X_1+X_2+X_3#50 | X_1+X_2+X_7#19 | X_1+X_3+X_7#43 | X_1+X_2+X_3#47 | X_1+X_2#19,0.62,breast_cancer_wisconsin malignant t=0.9 m=1 d<=4 puri,=,=
breast_cancer_wisconsin,malignant,0.9,1,5,4,purity,vsf_partial,32,0.854,0.0323,0.9208,25,0.68,0.1814,0.201,0.834,31.52,0.9234,0.0349,0.0425,-0.1298,0.1498,X_2#1 | X_1+X_2+X_3#50 | X_1+X_2+X_7#19 | X_1+X_3+X_7#43 | X_1+X_2+X_3#47 | X_1+X_2#19 | X_1+X_3#30 | X_2+X_7#17 | X_1+X_2#3 | X_1+X_2#4 | X_1+X_2#18 | X_1+X_2#27 | X_3+X_7#24 | X_1+X_2+X_3#16,0.62,breast_cancer_wisconsin malignant t=0.9 m=1 d<=4 puri,=,=
breast_cancer_wisconsin,malignant,0.9,1,5,4,purity,vsf_greedy,1,0.2728,0.0364,1.0,25,1.0,0.2728,0.0364,0.786,1.0,0.2666,-0.2626,0.0456,-0.1502,0.0771,X_2#1,0.01,breast_cancer_wisconsin malignant t=0.9 m=1 d<=4 puri,-,=
breast_cancer_wisconsin,malignant,0.9,1,5,4,purity,vsf_greedy,2,0.3765,0.0344,0.981,25,0.96,0.3165,0.0828,0.651,2.0,0.3973,-0.2053,0.0558,-0.0705,0.127,X_2#1 | X_2#5,0.01,breast_cancer_wisconsin malignant t=0.9 m=1 d<=4 puri,-,=
breast_cancer_wisconsin,malignant,0.9,1,5,4,purity,vsf_greedy,4,0.594,0.0337,0.9679,25,0.96,0.4146,0.1154,0.768,4.0,0.6191,-0.0217,0.0526,0.0234,0.1493,X_2#1 | X_2#5 | X_2#6 | X_2#8,0.01,breast_cancer_wisconsin malignant t=0.9 m=1 d<=4 puri,=,=
breast_cancer_wisconsin,malignant,0.9,1,5,4,purity,vsf_greedy,8,0.6996,0.0368,0.9601,25,1.0,0.4302,0.1228,0.838,5.4,0.7062,-0.0224,0.0398,0.0376,0.1099,X_2#1 | X_2#5 | X_2#6 | X_2#8 | X_2#7,0.01,breast_cancer_wisconsin malignant t=0.9 m=1 d<=4 puri,=,=
breast_cancer_wisconsin,malignant,0.9,1,5,4,purity,vsf_greedy,16,0.6996,0.0368,0.9601,25,1.0,0.4302,0.1228,0.838,5.4,0.7062,-0.0847,0.0548,0.0943,0.1613,X_2#1 | X_2#5 | X_2#6 | X_2#8 | X_2#7,0.01,breast_cancer_wisconsin malignant t=0.9 m=1 d<=4 puri,=,=
breast_cancer_wisconsin,malignant,0.9,1,5,4,purity,vsf_greedy,32,0.6971,0.0353,0.9611,25,0.96,0.4274,0.1354,0.772,30.72,0.7546,-0.122,0.0487,0.1162,0.1606,X_2+X_6#44 | X_2+X_6#8 | X_2+X_6#30 | X_2+X_6#37 | X_2+X_6#22 | X_2+X_6#7 | X_2+X_6#10 | X_2+X_6#12 | X_2+X_6#11 | X_2+X_6#41 | X_2+X_6#46 | X_2+X_6#9 | X_2+X_6#13 | X_2+X_6#42 | X_2+X_6#43 | X_2+X_6#45,0.01,breast_cancer_wisconsin malignant t=0.9 m=1 d<=4 puri,-,=
breast_cancer_wisconsin,malignant,0.9,1,5,4,purity,rules,1,0.5353,0.037,0.9782,25,1.0,0.423,0.0815,1.0,1.0,0.5353,0.0,0.0,0.0,0.0,X_6=1,0.094,breast_cancer_wisconsin malignant t=0.9 m=1 d<=4 puri,=,=
breast_cancer_wisconsin,malignant,0.9,1,5,4,purity,rules,2,0.6423,0.0271,0.9811,25,1.0,0.5299,0.0857,0.885,2.0,0.6768,0.0604,0.0319,0.1429,0.067,X_6=1 | X_2=1,0.094,breast_cancer_wisconsin malignant t=0.9 m=1 d<=4 puri,=,+
breast_cancer_wisconsin,malignant,0.9,1,5,4,purity,rules,4,0.7684,0.0253,0.96,25,1.0,0.4767,0.1235,0.866,4.0,0.8201,0.1527,0.0466,0.0855,0.1262,X_6=1 | X_2=1 | X_1=1 | X_1=8,0.094,breast_cancer_wisconsin malignant t=0.9 m=1 d<=4 puri,+,=
breast_cancer_wisconsin,malignant,0.9,1,5,4,purity,rules,8,0.8813,0.0203,0.9441,25,0.84,0.4027,0.1883,0.902,8.0,0.9338,0.1593,0.0332,0.01,0.1564,X_6=1 | X_2=1 | X_1=1 | X_1=8 | X_1=7 | X_2=5 | X_8=1 | X_8=4,0.094,breast_cancer_wisconsin malignant t=0.9 m=1 d<=4 puri,+,=
breast_cancer_wisconsin,malignant,0.9,1,5,4,purity,rules,16,0.9352,0.0198,0.9199,25,0.72,0.1805,0.2571,0.938,15.52,0.9892,0.151,0.036,-0.1554,0.207,X_6=1 | X_2=1 | X_1=1 | X_1=8 | X_1=7 | X_2=5 | X_8=1 | X_8=4 | X_3=5 | X_8=9 | X_2=2 & X_8=6 | X_4=1 | X_9=3 | X_1=2 & X_3=4,0.094,breast_cancer_wisconsin malignant t=0.9 m=1 d<=4 puri,+,=
breast_cancer_wisconsin,malignant,0.9,1,5,4,purity,rules,32,0.9369,0.0198,0.9139,25,0.72,0.1223,0.2515,0.941,19.28,1.0,0.1177,0.0309,-0.189,0.227,X_6=1 | X_2=1 | X_1=1 | X_1=8 | X_1=7 | X_2=5 | X_8=1 | X_8=4 | X_3=5 | X_8=9 | X_2=2 & X_8=6 | X_4=1 | X_9=3 | X_1=2 & X_3=4 | X_1=6 & X_3=2,0.094,breast_cancer_wisconsin malignant t=0.9 m=1 d<=4 puri,+,=
breast_cancer_wisconsin,malignant,0.9,1,5,4,purity,rules_pure,1,0.5353,0.037,0.9782,25,1.0,0.423,0.0815,1.0,1.0,0.5353,0.0,0.0,0.0,0.0,X_6=1,0.095,breast_cancer_wisconsin malignant t=0.9 m=1 d<=4 puri,=,=
breast_cancer_wisconsin,malignant,0.9,1,5,4,purity,rules_pure,2,0.6423,0.0271,0.9811,25,1.0,0.5299,0.0857,0.885,2.0,0.6768,0.0604,0.0319,0.1429,0.067,X_6=1 | X_2=1,0.095,breast_cancer_wisconsin malignant t=0.9 m=1 d<=4 puri,=,+
breast_cancer_wisconsin,malignant,0.9,1,5,4,purity,rules_pure,4,0.7684,0.0253,0.96,25,1.0,0.4767,0.1235,0.866,4.0,0.8201,0.1527,0.0466,0.0855,0.1262,X_6=1 | X_2=1 | X_1=1 | X_1=8,0.095,breast_cancer_wisconsin malignant t=0.9 m=1 d<=4 puri,+,=
breast_cancer_wisconsin,malignant,0.9,1,5,4,purity,rules_pure,8,0.8813,0.0203,0.9441,25,0.84,0.4027,0.1883,0.902,8.0,0.9338,0.1593,0.0332,0.01,0.1564,X_6=1 | X_2=1 | X_1=1 | X_1=8 | X_1=7 | X_2=5 | X_8=1 | X_8=4,0.095,breast_cancer_wisconsin malignant t=0.9 m=1 d<=4 puri,+,=
breast_cancer_wisconsin,malignant,0.9,1,5,4,purity,rules_pure,16,0.9352,0.0198,0.9199,25,0.72,0.1805,0.2571,0.938,15.52,0.9892,0.151,0.036,-0.1554,0.207,X_6=1 | X_2=1 | X_1=1 | X_1=8 | X_1=7 | X_2=5 | X_8=1 | X_8=4 | X_3=5 | X_8=9 | X_2=2 & X_8=6 | X_4=1 | X_9=3 | X_1=2 & X_3=4,0.095,breast_cancer_wisconsin malignant t=0.9 m=1 d<=4 puri,+,=
breast_cancer_wisconsin,malignant,0.9,1,5,4,purity,rules_pure,32,0.9369,0.0198,0.9139,25,0.72,0.1223,0.2515,0.941,19.28,1.0,0.1177,0.0309,-0.189,0.227,X_6=1 | X_2=1 | X_1=1 | X_1=8 | X_1=7 | X_2=5 | X_8=1 | X_8=4 | X_3=5 | X_8=9 | X_2=2 & X_8=6 | X_4=1 | X_9=3 | X_1=2 & X_3=4 | X_1=6 & X_3=2,0.095,breast_cancer_wisconsin malignant t=0.9 m=1 d<=4 puri,+,=
breast_cancer_wisconsin,malignant,0.9,1,5,4,purity,rules_disjoint,1,0.5353,0.037,0.9782,25,1.0,0.423,0.0815,1.0,1.0,0.5353,0.0,0.0,0.0,0.0,X_6=1,0.09,breast_cancer_wisconsin malignant t=0.9 m=1 d<=4 puri,=,=
breast_cancer_wisconsin,malignant,0.9,1,5,4,purity,rules_disjoint,2,0.5819,0.0405,0.9661,25,1.0,0.387,0.1066,0.91,2.0,0.5865,0.0,0.0,0.0,0.0,X_6=1 | X_6=9,0.09,breast_cancer_wisconsin malignant t=0.9 m=1 d<=4 puri,=,=
breast_cancer_wisconsin,malignant,0.9,1,5,4,purity,rules_disjoint,4,0.6142,0.0399,0.9638,25,0.92,0.3893,0.1194,0.895,3.92,0.6315,-0.0015,0.0318,-0.0019,0.0809,X_6=1 | X_6=9 | X_1=1 & X_6=5,0.09,breast_cancer_wisconsin malignant t=0.9 m=1 d<=4 puri,=,=
breast_cancer_wisconsin,malignant,0.9,1,5,4,purity,rules_disjoint,8,0.6482,0.0388,0.9656,25,0.96,0.4233,0.1174,0.879,7.68,0.6944,-0.0738,0.0546,0.0307,0.121,X_6=1 | X_6=9 | X_1=1 & X_6=5 | X_6=8 & X_7=7 | X_2=1 & X_6=0,0.09,breast_cancer_wisconsin malignant t=0.9 m=1 d<=4 puri,=,=
breast_cancer_wisconsin,malignant,0.9,1,5,4,purity,rules_disjoint,16,0.703,0.0366,0.9623,25,0.96,0.4408,0.1224,0.867,15.36,0.785,-0.0813,0.052,0.1048,0.1363,X_6=1 | X_6=9 | X_1=1 & X_6=5 | X_6=8 & X_7=7 | X_2=1 & X_6=0 | X_2=1 & X_6=4 | X_6=7 & X_9=0 | X_6=6 | X_1=9 & X_2=5,0.09,breast_cancer_wisconsin malignant t=0.9 m=1 d<=4 puri,=,=
breast_cancer_wisconsin,malignant,0.9,1,5,4,purity,rules_disjoint,32,0.7502,0.0341,0.9574,25,0.96,0.4433,0.1345,0.861,31.64,0.8938,-0.069,0.0537,0.132,0.1634,X_6=1 | X_6=9 | X_1=1 & X_6=5 | X_6=8 & X_7=7 | X_2=1 & X_6=0 | X_2=1 & X_6=4 | X_6=7 & X_9=0 | X_6=6 | X_1=9 & X_2=5 | X_2=8 & X_5=6 | X_2=1 & X_6=2 | X_3=3 & X_6=3 | X_4=2 & X_6=8 | X_4=5 & X_6=5 | X_1=8 & X_5=5 & X_7=5 | X_1=1 & X_6=2 | X_1=7 & X_6=3,0.09,breast_cancer_wisconsin malignant t=0.9 m=1 d<=4 puri,=,=
breast_cancer_wisconsin,malignant,0.9,1,5,4,purity,tree,1,0.0,0.0,,0,,0.0,0.0,,0.0,0.0,-0.5353,0.037,-0.423,0.0815,,0.06,breast_cancer_wisconsin malignant t=0.9 m=1 d<=4 puri,-,-
breast_cancer_wisconsin,malignant,0.9,1,5,4,purity,tree,2,0.0758,0.1397,0.3612,6,0.0,-0.0892,0.1168,0.072,0.8,0.0756,-0.506,0.1368,-0.4762,0.1444,,0.06,breast_cancer_wisconsin malignant t=0.9 m=1 d<=4 puri,-,-
breast_cancer_wisconsin,malignant,0.9,1,5,4,purity,tree,4,0.8903,0.0261,0.902,25,0.52,0.0016,0.2215,0.938,3.24,0.9058,0.2746,0.0458,-0.3895,0.2243,gini-balanced-depth4-leaf4,0.06,breast_cancer_wisconsin malignant t=0.9 m=1 d<=4 puri,+,=
breast_cancer_wisconsin,malignant,0.9,1,5,4,purity,tree,8,0.8986,0.0237,0.8994,25,0.52,-0.0276,0.2399,0.92,6.16,0.9259,0.1766,0.0375,-0.4202,0.2222,gini-balanced-depth4-leaf4 | gini-balanced-depth4-leaf19,0.06,breast_cancer_wisconsin malignant t=0.9 m=1 d<=4 puri,+,=
breast_cancer_wisconsin,malignant,0.9,1,5,4,purity,tree,16,0.8903,0.0217,0.9048,25,0.56,0.0318,0.237,0.902,12.0,0.9388,0.1061,0.0478,-0.3041,0.2015,gini-balanced-depth4-leaf4 | gini-balanced-depth4-leaf19 | gini-balanced-depth4-leaf17,0.06,breast_cancer_wisconsin malignant t=0.9 m=1 d<=4 puri,+,=
breast_cancer_wisconsin,malignant,0.9,1,5,4,purity,tree,32,0.8903,0.0222,0.9046,25,0.56,0.0244,0.248,0.902,14.0,0.9419,0.0712,0.0466,-0.2868,0.2293,gini-balanced-depth4-leaf4 | gini-balanced-depth4-leaf19 | gini-balanced-depth4-leaf17,0.06,breast_cancer_wisconsin malignant t=0.9 m=1 d<=4 puri,=,=
breast_cancer_wisconsin,malignant,0.9,1,5,4,certified,vsf,1,0.0,0.0,,0,,0.0,0.0,,0.0,0.0,0.0,0.0,0.0,0.0,,0.231,breast_cancer_wisconsin malignant t=0.9 m=1 d<=4 cert,=,=
breast_cancer_wisconsin,malignant,0.9,1,5,4,certified,vsf,2,0.0,0.0,,0,,0.0,0.0,,0.0,0.0,0.0,0.0,0.0,0.0,,0.231,breast_cancer_wisconsin malignant t=0.9 m=1 d<=4 cert,=,=
breast_cancer_wisconsin,malignant,0.9,1,5,4,certified,vsf,4,0.0,0.0,,0,,0.0,0.0,,0.0,0.0,0.0,0.0,0.0,0.0,,0.231,breast_cancer_wisconsin malignant t=0.9 m=1 d<=4 cert,=,=
breast_cancer_wisconsin,malignant,0.9,1,5,4,certified,vsf,8,0.0,0.0,,0,,0.0,0.0,,0.0,0.0,0.0,0.0,0.0,0.0,,0.231,breast_cancer_wisconsin malignant t=0.9 m=1 d<=4 cert,=,=
breast_cancer_wisconsin,malignant,0.9,1,5,4,certified,vsf,16,0.0,0.0,,0,,0.0,0.0,,0.0,0.0,0.0,0.0,0.0,0.0,,0.231,breast_cancer_wisconsin malignant t=0.9 m=1 d<=4 cert,=,=
breast_cancer_wisconsin,malignant,0.9,1,5,4,certified,vsf,32,0.0,0.0,,0,,0.0,0.0,,0.0,0.0,0.0,0.0,0.0,0.0,,0.231,breast_cancer_wisconsin malignant t=0.9 m=1 d<=4 cert,=,=
breast_cancer_wisconsin,malignant,0.9,1,5,4,certified,vsf_partial,1,0.0,0.0,,0,,0.0,0.0,,0.0,0.0,0.0,0.0,0.0,0.0,,0.23,breast_cancer_wisconsin malignant t=0.9 m=1 d<=4 cert,=,=
breast_cancer_wisconsin,malignant,0.9,1,5,4,certified,vsf_partial,2,0.0,0.0,,0,,0.0,0.0,,0.0,0.0,0.0,0.0,0.0,0.0,,0.23,breast_cancer_wisconsin malignant t=0.9 m=1 d<=4 cert,=,=
breast_cancer_wisconsin,malignant,0.9,1,5,4,certified,vsf_partial,4,0.0,0.0,,0,,0.0,0.0,,0.0,0.0,0.0,0.0,0.0,0.0,,0.23,breast_cancer_wisconsin malignant t=0.9 m=1 d<=4 cert,=,=
breast_cancer_wisconsin,malignant,0.9,1,5,4,certified,vsf_partial,8,0.0,0.0,,0,,0.0,0.0,,0.0,0.0,0.0,0.0,0.0,0.0,,0.23,breast_cancer_wisconsin malignant t=0.9 m=1 d<=4 cert,=,=
breast_cancer_wisconsin,malignant,0.9,1,5,4,certified,vsf_partial,16,0.0,0.0,,0,,0.0,0.0,,0.0,0.0,0.0,0.0,0.0,0.0,,0.23,breast_cancer_wisconsin malignant t=0.9 m=1 d<=4 cert,=,=
breast_cancer_wisconsin,malignant,0.9,1,5,4,certified,vsf_partial,32,0.0,0.0,,0,,0.0,0.0,,0.0,0.0,0.0,0.0,0.0,0.0,,0.23,breast_cancer_wisconsin malignant t=0.9 m=1 d<=4 cert,=,=
breast_cancer_wisconsin,malignant,0.9,1,5,4,certified,vsf_greedy,1,0.0,0.0,,0,,0.0,0.0,,0.0,0.0,0.0,0.0,0.0,0.0,,0.17,breast_cancer_wisconsin malignant t=0.9 m=1 d<=4 cert,=,=
breast_cancer_wisconsin,malignant,0.9,1,5,4,certified,vsf_greedy,2,0.0,0.0,,0,,0.0,0.0,,0.0,0.0,0.0,0.0,0.0,0.0,,0.17,breast_cancer_wisconsin malignant t=0.9 m=1 d<=4 cert,=,=
breast_cancer_wisconsin,malignant,0.9,1,5,4,certified,vsf_greedy,4,0.0,0.0,,0,,0.0,0.0,,0.0,0.0,0.0,0.0,0.0,0.0,,0.17,breast_cancer_wisconsin malignant t=0.9 m=1 d<=4 cert,=,=
breast_cancer_wisconsin,malignant,0.9,1,5,4,certified,vsf_greedy,8,0.0,0.0,,0,,0.0,0.0,,0.0,0.0,0.0,0.0,0.0,0.0,,0.17,breast_cancer_wisconsin malignant t=0.9 m=1 d<=4 cert,=,=
breast_cancer_wisconsin,malignant,0.9,1,5,4,certified,vsf_greedy,16,0.0,0.0,,0,,0.0,0.0,,0.0,0.0,0.0,0.0,0.0,0.0,,0.17,breast_cancer_wisconsin malignant t=0.9 m=1 d<=4 cert,=,=
breast_cancer_wisconsin,malignant,0.9,1,5,4,certified,vsf_greedy,32,0.0,0.0,,0,,0.0,0.0,,0.0,0.0,0.0,0.0,0.0,0.0,,0.17,breast_cancer_wisconsin malignant t=0.9 m=1 d<=4 cert,=,=
breast_cancer_wisconsin,malignant,0.9,1,5,4,certified,rules,1,0.0,0.0,,0,,0.0,0.0,,0.0,0.0,0.0,0.0,0.0,0.0,,0.18,breast_cancer_wisconsin malignant t=0.9 m=1 d<=4 cert,=,=
breast_cancer_wisconsin,malignant,0.9,1,5,4,certified,rules,2,0.0,0.0,,0,,0.0,0.0,,0.0,0.0,0.0,0.0,0.0,0.0,,0.18,breast_cancer_wisconsin malignant t=0.9 m=1 d<=4 cert,=,=
breast_cancer_wisconsin,malignant,0.9,1,5,4,certified,rules,4,0.0,0.0,,0,,0.0,0.0,,0.0,0.0,0.0,0.0,0.0,0.0,,0.18,breast_cancer_wisconsin malignant t=0.9 m=1 d<=4 cert,=,=
breast_cancer_wisconsin,malignant,0.9,1,5,4,certified,rules,8,0.0,0.0,,0,,0.0,0.0,,0.0,0.0,0.0,0.0,0.0,0.0,,0.18,breast_cancer_wisconsin malignant t=0.9 m=1 d<=4 cert,=,=
breast_cancer_wisconsin,malignant,0.9,1,5,4,certified,rules,16,0.0,0.0,,0,,0.0,0.0,,0.0,0.0,0.0,0.0,0.0,0.0,,0.18,breast_cancer_wisconsin malignant t=0.9 m=1 d<=4 cert,=,=
breast_cancer_wisconsin,malignant,0.9,1,5,4,certified,rules,32,0.0,0.0,,0,,0.0,0.0,,0.0,0.0,0.0,0.0,0.0,0.0,,0.18,breast_cancer_wisconsin malignant t=0.9 m=1 d<=4 cert,=,=
breast_cancer_wisconsin,malignant,0.9,1,5,4,certified,rules_pure,1,0.0,0.0,,0,,0.0,0.0,,0.0,0.0,0.0,0.0,0.0,0.0,,0.179,breast_cancer_wisconsin malignant t=0.9 m=1 d<=4 cert,=,=
breast_cancer_wisconsin,malignant,0.9,1,5,4,certified,rules_pure,2,0.0,0.0,,0,,0.0,0.0,,0.0,0.0,0.0,0.0,0.0,0.0,,0.179,breast_cancer_wisconsin malignant t=0.9 m=1 d<=4 cert,=,=
breast_cancer_wisconsin,malignant,0.9,1,5,4,certified,rules_pure,4,0.0,0.0,,0,,0.0,0.0,,0.0,0.0,0.0,0.0,0.0,0.0,,0.179,breast_cancer_wisconsin malignant t=0.9 m=1 d<=4 cert,=,=
breast_cancer_wisconsin,malignant,0.9,1,5,4,certified,rules_pure,8,0.0,0.0,,0,,0.0,0.0,,0.0,0.0,0.0,0.0,0.0,0.0,,0.179,breast_cancer_wisconsin malignant t=0.9 m=1 d<=4 cert,=,=
breast_cancer_wisconsin,malignant,0.9,1,5,4,certified,rules_pure,16,0.0,0.0,,0,,0.0,0.0,,0.0,0.0,0.0,0.0,0.0,0.0,,0.179,breast_cancer_wisconsin malignant t=0.9 m=1 d<=4 cert,=,=
breast_cancer_wisconsin,malignant,0.9,1,5,4,certified,rules_pure,32,0.0,0.0,,0,,0.0,0.0,,0.0,0.0,0.0,0.0,0.0,0.0,,0.179,breast_cancer_wisconsin malignant t=0.9 m=1 d<=4 cert,=,=
breast_cancer_wisconsin,malignant,0.9,1,5,4,certified,rules_disjoint,1,0.0,0.0,,0,,0.0,0.0,,0.0,0.0,0.0,0.0,0.0,0.0,,0.179,breast_cancer_wisconsin malignant t=0.9 m=1 d<=4 cert,=,=
breast_cancer_wisconsin,malignant,0.9,1,5,4,certified,rules_disjoint,2,0.0,0.0,,0,,0.0,0.0,,0.0,0.0,0.0,0.0,0.0,0.0,,0.179,breast_cancer_wisconsin malignant t=0.9 m=1 d<=4 cert,=,=
breast_cancer_wisconsin,malignant,0.9,1,5,4,certified,rules_disjoint,4,0.0,0.0,,0,,0.0,0.0,,0.0,0.0,0.0,0.0,0.0,0.0,,0.179,breast_cancer_wisconsin malignant t=0.9 m=1 d<=4 cert,=,=
breast_cancer_wisconsin,malignant,0.9,1,5,4,certified,rules_disjoint,8,0.0,0.0,,0,,0.0,0.0,,0.0,0.0,0.0,0.0,0.0,0.0,,0.179,breast_cancer_wisconsin malignant t=0.9 m=1 d<=4 cert,=,=
breast_cancer_wisconsin,malignant,0.9,1,5,4,certified,rules_disjoint,16,0.0,0.0,,0,,0.0,0.0,,0.0,0.0,0.0,0.0,0.0,0.0,,0.179,breast_cancer_wisconsin malignant t=0.9 m=1 d<=4 cert,=,=
breast_cancer_wisconsin,malignant,0.9,1,5,4,certified,rules_disjoint,32,0.0,0.0,,0,,0.0,0.0,,0.0,0.0,0.0,0.0,0.0,0.0,,0.179,breast_cancer_wisconsin malignant t=0.9 m=1 d<=4 cert,=,=
breast_cancer_wisconsin,malignant,0.9,1,5,4,certified,tree,1,0.0,0.0,,0,,0.0,0.0,,0.0,0.0,0.0,0.0,0.0,0.0,,0.191,breast_cancer_wisconsin malignant t=0.9 m=1 d<=4 cert,=,=
breast_cancer_wisconsin,malignant,0.9,1,5,4,certified,tree,2,0.0,0.0,,0,,0.0,0.0,,0.0,0.0,0.0,0.0,0.0,0.0,,0.191,breast_cancer_wisconsin malignant t=0.9 m=1 d<=4 cert,=,=
breast_cancer_wisconsin,malignant,0.9,1,5,4,certified,tree,4,0.0,0.0,,0,,0.0,0.0,,0.0,0.0,0.0,0.0,0.0,0.0,,0.191,breast_cancer_wisconsin malignant t=0.9 m=1 d<=4 cert,=,=
breast_cancer_wisconsin,malignant,0.9,1,5,4,certified,tree,8,0.0,0.0,,0,,0.0,0.0,,0.0,0.0,0.0,0.0,0.0,0.0,,0.191,breast_cancer_wisconsin malignant t=0.9 m=1 d<=4 cert,=,=
breast_cancer_wisconsin,malignant,0.9,1,5,4,certified,tree,16,0.0,0.0,,0,,0.0,0.0,,0.0,0.0,0.0,0.0,0.0,0.0,,0.191,breast_cancer_wisconsin malignant t=0.9 m=1 d<=4 cert,=,=
breast_cancer_wisconsin,malignant,0.9,1,5,4,certified,tree,32,0.0,0.0,,0,,0.0,0.0,,0.0,0.0,0.0,0.0,0.0,0.0,,0.191,breast_cancer_wisconsin malignant t=0.9 m=1 d<=4 cert,=,=
car_evaluation,acc,0.9,1,5,4,purity,vsf,1,0.0,0.0,,0,,0.0,0.0,,0.0,0.0,0.0,0.0,0.0,0.0,,0.006,car_evaluation acc t=0.9 m=1 d<=4 puri,=,=
car_evaluation,acc,0.9,1,5,4,purity,vsf,2,0.0,0.0,,0,,0.0,0.0,,0.0,0.0,0.0,0.0,0.0,0.0,,0.006,car_evaluation acc t=0.9 m=1 d<=4 puri,=,=
car_evaluation,acc,0.9,1,5,4,purity,vsf,4,0.0282,0.015,0.8838,19,0.737,-0.0047,0.0461,0.076,4.0,0.0512,0.0,0.0,0.0,0.0,X_1+X_2+X_4+X_6#75,0.006,car_evaluation acc t=0.9 m=1 d<=4 puri,=,=
car_evaluation,acc,0.9,1,5,4,purity,vsf,8,0.0652,0.0319,0.9669,23,0.913,0.037,0.0363,0.142,8.0,0.0967,0.0,0.0,0.0,0.0,X_1+X_2+X_4+X_6#75 | X_1+X_2+X_4+X_6#78,0.006,car_evaluation acc t=0.9 m=1 d<=4 puri,=,=
car_evaluation,acc,0.9,1,5,4,purity,vsf,16,0.1146,0.0431,0.9517,25,0.8,0.0489,0.0371,0.21,16.0,0.171,0.0,0.0,0.0,0.0,X_1+X_2+X_4+X_6#75 | X_1+X_2+X_4+X_6#78 | X_1+X_2+X_4+X_6#5 | X_1+X_2+X_4+X_6#8,0.006,car_evaluation acc t=0.9 m=1 d<=4 puri,=,=
car_evaluation,acc,0.9,1,5,4,purity,vsf,32,0.2099,0.0358,0.9538,25,0.92,0.1114,0.0471,0.334,31.68,0.2939,0.0,0.0,0.0,0.0,X_1+X_2+X_4+X_6#75 | X_1+X_2+X_4+X_6#78 | X_1+X_2+X_4+X_6#5 | X_1+X_2+X_4+X_6#8 | X_1+X_2+X_4+X_6#57 | X_1+X_2+X_4+X_6#60 | X_1+X_2+X_4+X_6#48 | X_1+X_2+X_4+X_6#33,0.006,car_evaluation acc t=0.9 m=1 d<=4 puri,=,=
car_evaluation,acc,0.9,1,5,4,purity,vsf_partial,1,0.0,0.0,,0,,0.0,0.0,,0.0,0.0,0.0,0.0,0.0,0.0,,0.01,car_evaluation acc t=0.9 m=1 d<=4 puri,=,=
car_evaluation,acc,0.9,1,5,4,purity,vsf_partial,2,0.0,0.0,,0,,0.0,0.0,,0.0,0.0,0.0,0.0,0.0,0.0,,0.01,car_evaluation acc t=0.9 m=1 d<=4 puri,=,=
car_evaluation,acc,0.9,1,5,4,purity,vsf_partial,4,0.0282,0.015,0.8838,19,0.737,-0.0047,0.0461,0.076,4.0,0.0512,0.0,0.0,0.0,0.0,X_1+X_2+X_4+X_6#75,0.01,car_evaluation acc t=0.9 m=1 d<=4 puri,=,=
car_evaluation,acc,0.9,1,5,4,purity,vsf_partial,8,0.0652,0.0319,0.9669,23,0.913,0.037,0.0363,0.142,8.0,0.0967,0.0,0.0,0.0,0.0,X_1+X_2+X_4+X_6#75 | X_1+X_2+X_4+X_6#78,0.01,car_evaluation acc t=0.9 m=1 d<=4 puri,=,=
car_evaluation,acc,0.9,1,5,4,purity,vsf_partial,16,0.1146,0.0431,0.9517,25,0.8,0.0489,0.0371,0.21,16.0,0.171,0.0,0.0,0.0,0.0,X_1+X_2+X_4+X_6#75 | X_1+X_2+X_4+X_6#78 | X_1+X_2+X_4+X_6#5 | X_1+X_2+X_4+X_6#8,0.01,car_evaluation acc t=0.9 m=1 d<=4 puri,=,=
car_evaluation,acc,0.9,1,5,4,purity,vsf_partial,32,0.2099,0.0358,0.9538,25,0.92,0.1114,0.0471,0.334,31.68,0.2939,0.0,0.0,0.0,0.0,X_1+X_2+X_4+X_6#75 | X_1+X_2+X_4+X_6#78 | X_1+X_2+X_4+X_6#5 | X_1+X_2+X_4+X_6#8 | X_1+X_2+X_4+X_6#57 | X_1+X_2+X_4+X_6#60 | X_1+X_2+X_4+X_6#48 | X_1+X_2+X_4+X_6#33,0.01,car_evaluation acc t=0.9 m=1 d<=4 puri,=,=
car_evaluation,acc,0.9,1,5,4,purity,vsf_greedy,1,0.0,0.0,,0,,0.0,0.0,,0.0,0.0,0.0,0.0,0.0,0.0,,0.004,car_evaluation acc t=0.9 m=1 d<=4 puri,=,=
car_evaluation,acc,0.9,1,5,4,purity,vsf_greedy,2,0.0,0.0,,0,,0.0,0.0,,0.0,0.0,0.0,0.0,0.0,0.0,,0.004,car_evaluation acc t=0.9 m=1 d<=4 puri,=,=
car_evaluation,acc,0.9,1,5,4,purity,vsf_greedy,4,0.025,0.0151,0.9436,17,0.824,0.0109,0.0225,0.075,3.68,0.046,-0.0031,0.0071,0.0156,0.0404,,0.004,car_evaluation acc t=0.9 m=1 d<=4 puri,=,=
car_evaluation,acc,0.9,1,5,4,purity,vsf_greedy,8,0.0568,0.0325,0.9685,21,0.905,0.0334,0.036,0.117,7.36,0.0869,-0.0084,0.0158,-0.0036,0.0098,,0.004,car_evaluation acc t=0.9 m=1 d<=4 puri,=,=
car_evaluation,acc,0.9,1,5,4,purity,vsf_greedy,16,0.1047,0.0462,0.9511,23,0.783,0.0437,0.0372,0.184,14.72,0.1554,-0.0099,0.0188,-0.0052,0.0114,,0.004,car_evaluation acc t=0.9 m=1 d<=4 puri,=,=
car_evaluation,acc,0.9,1,5,4,purity,vsf_greedy,32,0.1927,0.0475,0.9522,23,0.913,0.0989,0.0486,0.284,29.12,0.2681,-0.0173,0.0322,-0.0125,0.0247,,0.004,car_evaluation acc t=0.9 m=1 d<=4 puri,=,=
car_evaluation,acc,0.9,1,5,4,purity,rules,1,0.0,0.0,,0,,0.0,0.0,,0.0,0.0,0.0,0.0,0.0,0.0,,0.004,car_evaluation acc t=0.9 m=1 d<=4 puri,=,=
car_evaluation,acc,0.9,1,5,4,purity,rules,2,0.0,0.0,,0,,0.0,0.0,,0.0,0.0,0.0,0.0,0.0,0.0,,0.004,car_evaluation acc t=0.9 m=1 d<=4 puri,=,=
car_evaluation,acc,0.9,1,5,4,purity,rules,4,0.0036,0.0032,0.7778,9,0.778,-0.0151,0.04,0.054,4.0,0.0374,-0.0245,0.0155,-0.0104,0.0291,X_1=2 & X_2=0 & X_4=1 & X_6=0,0.004,car_evaluation acc t=0.9 m=1 d<=4 puri,=,=
car_evaluation,acc,0.9,1,5,4,purity,rules,8,0.0151,0.0056,0.8929,21,0.857,-0.0083,0.0418,0.119,8.0,0.0732,-0.0501,0.0331,-0.0453,0.0547,X_1=2 & X_2=0 & X_4=1 & X_6=0 | X_1=0 & X_2=2 & X_4=1 & X_6=0,0.004,car_evaluation acc t=0.9 m=1 d<=4 puri,=,=
car_evaluation,acc,0.9,1,5,4,purity,rules,16,0.0411,0.0094,0.9089,25,0.76,-0.0197,0.0708,0.167,16.0,0.1432,-0.0735,0.0413,-0.0686,0.0793,X_1=2 & X_2=0 & X_4=1 & X_6=0 | X_1=0 & X_2=2 & X_4=1 & X_6=0 | X_1=1 & X_2=0 & X_4=1 & X_6=2 | X_1=1 & X_2=0 & X_4=2 & X_6=2,0.004,car_evaluation acc t=0.9 m=1 d<=4 puri,=,=
car_evaluation,acc,0.9,1,5,4,purity,rules,32,0.1166,0.0137,0.8931,25,0.56,-0.0287,0.0838,0.282,32.0,0.2742,-0.0933,0.0358,-0.14,0.0822,X_1=2 & X_2=0 & X_4=1 & X_6=0 | X_1=0 & X_2=2 & X_4=1 & X_6=0 | X_1=1 & X_2=0 & X_4=1 & X_6=2 | X_1=1 & X_2=0 & X_4=2 & X_6=2 | X_1=2 & X_2=0 & X_4=2 & X_6=0 | X_1=0 & X_2=1 & X_4=1 & X_6=0 | X_1=2 & X_2=3 & X_4=2 & X_6=0 | X_1=3 & X_2=2 & X_4=1 & X_6=0,0.004,car_evaluation acc t=0.9 m=1 d<=4 puri,-,=
car_evaluation,acc,0.9,1,5,4,purity,rules_pure,1,0.0,0.0,,0,,0.0,0.0,,0.0,0.0,0.0,0.0,0.0,0.0,,0.004,car_evaluation acc t=0.9 m=1 d<=4 puri,=,=
car_evaluation,acc,0.9,1,5,4,purity,rules_pure,2,0.0,0.0,,0,,0.0,0.0,,0.0,0.0,0.0,0.0,0.0,0.0,,0.004,car_evaluation acc t=0.9 m=1 d<=4 puri,=,=
car_evaluation,acc,0.9,1,5,4,purity,rules_pure,4,0.0036,0.0032,0.7778,9,0.778,-0.0151,0.04,0.054,4.0,0.0374,-0.0245,0.0155,-0.0104,0.0291,X_1=2 & X_2=0 & X_4=1 & X_6=0,0.004,car_evaluation acc t=0.9 m=1 d<=4 puri,=,=
car_evaluation,acc,0.9,1,5,4,purity,rules_pure,8,0.0151,0.0056,0.8929,21,0.857,-0.0083,0.0418,0.119,8.0,0.0732,-0.0501,0.0331,-0.0453,0.0547,X_1=2 & X_2=0 & X_4=1 & X_6=0 | X_1=0 & X_2=2 & X_4=1 & X_6=0,0.004,car_evaluation acc t=0.9 m=1 d<=4 puri,=,=
car_evaluation,acc,0.9,1,5,4,purity,rules_pure,16,0.0411,0.0094,0.9089,25,0.76,-0.0197,0.0708,0.167,16.0,0.1432,-0.0735,0.0413,-0.0686,0.0793,X_1=2 & X_2=0 & X_4=1 & X_6=0 | X_1=0 & X_2=2 & X_4=1 & X_6=0 | X_1=1 & X_2=0 & X_4=1 & X_6=2 | X_1=1 & X_2=0 & X_4=2 & X_6=2,0.004,car_evaluation acc t=0.9 m=1 d<=4 puri,=,=
car_evaluation,acc,0.9,1,5,4,purity,rules_pure,32,0.1166,0.0137,0.8931,25,0.56,-0.0287,0.0838,0.282,32.0,0.2742,-0.0933,0.0358,-0.14,0.0822,X_1=2 & X_2=0 & X_4=1 & X_6=0 | X_1=0 & X_2=2 & X_4=1 & X_6=0 | X_1=1 & X_2=0 & X_4=1 & X_6=2 | X_1=1 & X_2=0 & X_4=2 & X_6=2 | X_1=2 & X_2=0 & X_4=2 & X_6=0 | X_1=0 & X_2=1 & X_4=1 & X_6=0 | X_1=2 & X_2=3 & X_4=2 & X_6=0 | X_1=3 & X_2=2 & X_4=1 & X_6=0,0.004,car_evaluation acc t=0.9 m=1 d<=4 puri,-,=
car_evaluation,acc,0.9,1,5,4,purity,rules_disjoint,1,0.0,0.0,,0,,0.0,0.0,,0.0,0.0,0.0,0.0,0.0,0.0,,0.004,car_evaluation acc t=0.9 m=1 d<=4 puri,=,=
car_evaluation,acc,0.9,1,5,4,purity,rules_disjoint,2,0.0,0.0,,0,,0.0,0.0,,0.0,0.0,0.0,0.0,0.0,0.0,,0.004,car_evaluation acc t=0.9 m=1 d<=4 puri,=,=
car_evaluation,acc,0.9,1,5,4,purity,rules_disjoint,4,0.0036,0.0032,0.7778,9,0.778,-0.0151,0.04,0.054,4.0,0.0374,-0.0245,0.0155,-0.0104,0.0291,X_1=2 & X_2=0 & X_4=1 & X_6=0,0.004,car_evaluation acc t=0.9 m=1 d<=4 puri,=,=
car_evaluation,acc,0.9,1,5,4,purity,rules_disjoint,8,0.0151,0.0056,0.8929,21,0.857,-0.0083,0.0418,0.119,8.0,0.0732,-0.0501,0.0331,-0.0453,0.0547,X_1=2 & X_2=0 & X_4=1 & X_6=0 | X_1=0 & X_2=2 & X_4=1 & X_6=0,0.004,car_evaluation acc t=0.9 m=1 d<=4 puri,=,=
car_evaluation,acc,0.9,1,5,4,purity,rules_disjoint,16,0.0411,0.0094,0.9089,25,0.76,-0.0197,0.0708,0.167,16.0,0.1432,-0.0735,0.0413,-0.0686,0.0793,X_1=2 & X_2=0 & X_4=1 & X_6=0 | X_1=0 & X_2=2 & X_4=1 & X_6=0 | X_1=1 & X_2=0 & X_4=1 & X_6=2 | X_1=1 & X_2=0 & X_4=2 & X_6=2,0.004,car_evaluation acc t=0.9 m=1 d<=4 puri,=,=
car_evaluation,acc,0.9,1,5,4,purity,rules_disjoint,32,0.1166,0.0137,0.8931,25,0.56,-0.0287,0.0838,0.282,32.0,0.2742,-0.0933,0.0358,-0.14,0.0822,X_1=2 & X_2=0 & X_4=1 & X_6=0 | X_1=0 & X_2=2 & X_4=1 & X_6=0 | X_1=1 & X_2=0 & X_4=1 & X_6=2 | X_1=1 & X_2=0 & X_4=2 & X_6=2 | X_1=2 & X_2=0 & X_4=2 & X_6=0 | X_1=0 & X_2=1 & X_4=1 & X_6=0 | X_1=2 & X_2=3 & X_4=2 & X_6=0 | X_1=3 & X_2=2 & X_4=1 & X_6=0,0.004,car_evaluation acc t=0.9 m=1 d<=4 puri,-,=
car_evaluation,acc,0.9,1,5,4,purity,tree,1,0.0,0.0,,0,,0.0,0.0,,0.0,0.0,0.0,0.0,0.0,0.0,,0.059,car_evaluation acc t=0.9 m=1 d<=4 puri,=,=
car_evaluation,acc,0.9,1,5,4,purity,tree,2,0.0,0.0,,0,,0.0,0.0,,0.0,0.0,0.0,0.0,0.0,0.0,,0.059,car_evaluation acc t=0.9 m=1 d<=4 puri,=,=
car_evaluation,acc,0.9,1,5,4,purity,tree,4,0.0,0.0,,0,,0.0,0.0,,0.0,0.0,-0.0282,0.015,0.0047,0.0461,,0.059,car_evaluation acc t=0.9 m=1 d<=4 puri,=,=
car_evaluation,acc,0.9,1,5,4,purity,tree,8,0.0,0.0,,0,,0.0,0.0,,0.0,0.0,-0.0652,0.0319,-0.037,0.0363,,0.059,car_evaluation acc t=0.9 m=1 d<=4 puri,-,=
car_evaluation,acc,0.9,1,5,4,purity,tree,16,0.0,0.0,,0,,0.0,0.0,,0.0,0.0,-0.1146,0.0431,-0.0489,0.0371,,0.059,car_evaluation acc t=0.9 m=1 d<=4 puri,-,=
car_evaluation,acc,0.9,1,5,4,purity,tree,32,0.0,0.0,,0,,0.0,0.0,,0.0,0.0,-0.2099,0.0358,-0.1114,0.0471,,0.059,car_evaluation acc t=0.9 m=1 d<=4 puri,-,-
car_evaluation,acc,0.9,1,5,4,certified,vsf,1,0.0,0.0,,0,,0.0,0.0,,0.0,0.0,0.0,0.0,0.0,0.0,,0.017,car_evaluation acc t=0.9 m=1 d<=4 cert,=,=
car_evaluation,acc,0.9,1,5,4,certified,vsf,2,0.0,0.0,,0,,0.0,0.0,,0.0,0.0,0.0,0.0,0.0,0.0,,0.017,car_evaluation acc t=0.9 m=1 d<=4 cert,=,=
car_evaluation,acc,0.9,1,5,4,certified,vsf,4,0.0,0.0,,0,,0.0,0.0,,0.0,0.0,0.0,0.0,0.0,0.0,,0.017,car_evaluation acc t=0.9 m=1 d<=4 cert,=,=
car_evaluation,acc,0.9,1,5,4,certified,vsf,8,0.0,0.0,,0,,0.0,0.0,,0.0,0.0,0.0,0.0,0.0,0.0,,0.017,car_evaluation acc t=0.9 m=1 d<=4 cert,=,=
car_evaluation,acc,0.9,1,5,4,certified,vsf,16,0.0,0.0,,0,,0.0,0.0,,0.0,0.0,0.0,0.0,0.0,0.0,,0.017,car_evaluation acc t=0.9 m=1 d<=4 cert,=,=
car_evaluation,acc,0.9,1,5,4,certified,vsf,32,0.0,0.0,,0,,0.0,0.0,,0.0,0.0,0.0,0.0,0.0,0.0,,0.017,car_evaluation acc t=0.9 m=1 d<=4 cert,=,=
car_evaluation,acc,0.9,1,5,4,certified,vsf_partial,1,0.0,0.0,,0,,0.0,0.0,,0.0,0.0,0.0,0.0,0.0,0.0,,0.017,car_evaluation acc t=0.9 m=1 d<=4 cert,=,=
car_evaluation,acc,0.9,1,5,4,certified,vsf_partial,2,0.0,0.0,,0,,0.0,0.0,,0.0,0.0,0.0,0.0,0.0,0.0,,0.017,car_evaluation acc t=0.9 m=1 d<=4 cert,=,=
car_evaluation,acc,0.9,1,5,4,certified,vsf_partial,4,0.0,0.0,,0,,0.0,0.0,,0.0,0.0,0.0,0.0,0.0,0.0,,0.017,car_evaluation acc t=0.9 m=1 d<=4 cert,=,=
car_evaluation,acc,0.9,1,5,4,certified,vsf_partial,8,0.0,0.0,,0,,0.0,0.0,,0.0,0.0,0.0,0.0,0.0,0.0,,0.017,car_evaluation acc t=0.9 m=1 d<=4 cert,=,=
car_evaluation,acc,0.9,1,5,4,certified,vsf_partial,16,0.0,0.0,,0,,0.0,0.0,,0.0,0.0,0.0,0.0,0.0,0.0,,0.017,car_evaluation acc t=0.9 m=1 d<=4 cert,=,=
car_evaluation,acc,0.9,1,5,4,certified,vsf_partial,32,0.0,0.0,,0,,0.0,0.0,,0.0,0.0,0.0,0.0,0.0,0.0,,0.017,car_evaluation acc t=0.9 m=1 d<=4 cert,=,=
car_evaluation,acc,0.9,1,5,4,certified,vsf_greedy,1,0.0,0.0,,0,,0.0,0.0,,0.0,0.0,0.0,0.0,0.0,0.0,,0.016,car_evaluation acc t=0.9 m=1 d<=4 cert,=,=
car_evaluation,acc,0.9,1,5,4,certified,vsf_greedy,2,0.0,0.0,,0,,0.0,0.0,,0.0,0.0,0.0,0.0,0.0,0.0,,0.016,car_evaluation acc t=0.9 m=1 d<=4 cert,=,=
car_evaluation,acc,0.9,1,5,4,certified,vsf_greedy,4,0.0,0.0,,0,,0.0,0.0,,0.0,0.0,0.0,0.0,0.0,0.0,,0.016,car_evaluation acc t=0.9 m=1 d<=4 cert,=,=
car_evaluation,acc,0.9,1,5,4,certified,vsf_greedy,8,0.0,0.0,,0,,0.0,0.0,,0.0,0.0,0.0,0.0,0.0,0.0,,0.016,car_evaluation acc t=0.9 m=1 d<=4 cert,=,=
car_evaluation,acc,0.9,1,5,4,certified,vsf_greedy,16,0.0,0.0,,0,,0.0,0.0,,0.0,0.0,0.0,0.0,0.0,0.0,,0.016,car_evaluation acc t=0.9 m=1 d<=4 cert,=,=
car_evaluation,acc,0.9,1,5,4,certified,vsf_greedy,32,0.0,0.0,,0,,0.0,0.0,,0.0,0.0,0.0,0.0,0.0,0.0,,0.016,car_evaluation acc t=0.9 m=1 d<=4 cert,=,=
car_evaluation,acc,0.9,1,5,4,certified,rules,1,0.0,0.0,,0,,0.0,0.0,,0.0,0.0,0.0,0.0,0.0,0.0,,0.017,car_evaluation acc t=0.9 m=1 d<=4 cert,=,=
car_evaluation,acc,0.9,1,5,4,certified,rules,2,0.0,0.0,,0,,0.0,0.0,,0.0,0.0,0.0,0.0,0.0,0.0,,0.017,car_evaluation acc t=0.9 m=1 d<=4 cert,=,=
car_evaluation,acc,0.9,1,5,4,certified,rules,4,0.0,0.0,,0,,0.0,0.0,,0.0,0.0,0.0,0.0,0.0,0.0,,0.017,car_evaluation acc t=0.9 m=1 d<=4 cert,=,=
car_evaluation,acc,0.9,1,5,4,certified,rules,8,0.0,0.0,,0,,0.0,0.0,,0.0,0.0,0.0,0.0,0.0,0.0,,0.017,car_evaluation acc t=0.9 m=1 d<=4 cert,=,=
car_evaluation,acc,0.9,1,5,4,certified,rules,16,0.0,0.0,,0,,0.0,0.0,,0.0,0.0,0.0,0.0,0.0,0.0,,0.017,car_evaluation acc t=0.9 m=1 d<=4 cert,=,=
car_evaluation,acc,0.9,1,5,4,certified,rules,32,0.0,0.0,,0,,0.0,0.0,,0.0,0.0,0.0,0.0,0.0,0.0,,0.017,car_evaluation acc t=0.9 m=1 d<=4 cert,=,=
car_evaluation,acc,0.9,1,5,4,certified,rules_pure,1,0.0,0.0,,0,,0.0,0.0,,0.0,0.0,0.0,0.0,0.0,0.0,,0.017,car_evaluation acc t=0.9 m=1 d<=4 cert,=,=
car_evaluation,acc,0.9,1,5,4,certified,rules_pure,2,0.0,0.0,,0,,0.0,0.0,,0.0,0.0,0.0,0.0,0.0,0.0,,0.017,car_evaluation acc t=0.9 m=1 d<=4 cert,=,=
car_evaluation,acc,0.9,1,5,4,certified,rules_pure,4,0.0,0.0,,0,,0.0,0.0,,0.0,0.0,0.0,0.0,0.0,0.0,,0.017,car_evaluation acc t=0.9 m=1 d<=4 cert,=,=
car_evaluation,acc,0.9,1,5,4,certified,rules_pure,8,0.0,0.0,,0,,0.0,0.0,,0.0,0.0,0.0,0.0,0.0,0.0,,0.017,car_evaluation acc t=0.9 m=1 d<=4 cert,=,=
car_evaluation,acc,0.9,1,5,4,certified,rules_pure,16,0.0,0.0,,0,,0.0,0.0,,0.0,0.0,0.0,0.0,0.0,0.0,,0.017,car_evaluation acc t=0.9 m=1 d<=4 cert,=,=
car_evaluation,acc,0.9,1,5,4,certified,rules_pure,32,0.0,0.0,,0,,0.0,0.0,,0.0,0.0,0.0,0.0,0.0,0.0,,0.017,car_evaluation acc t=0.9 m=1 d<=4 cert,=,=
car_evaluation,acc,0.9,1,5,4,certified,rules_disjoint,1,0.0,0.0,,0,,0.0,0.0,,0.0,0.0,0.0,0.0,0.0,0.0,,0.017,car_evaluation acc t=0.9 m=1 d<=4 cert,=,=
car_evaluation,acc,0.9,1,5,4,certified,rules_disjoint,2,0.0,0.0,,0,,0.0,0.0,,0.0,0.0,0.0,0.0,0.0,0.0,,0.017,car_evaluation acc t=0.9 m=1 d<=4 cert,=,=
car_evaluation,acc,0.9,1,5,4,certified,rules_disjoint,4,0.0,0.0,,0,,0.0,0.0,,0.0,0.0,0.0,0.0,0.0,0.0,,0.017,car_evaluation acc t=0.9 m=1 d<=4 cert,=,=
car_evaluation,acc,0.9,1,5,4,certified,rules_disjoint,8,0.0,0.0,,0,,0.0,0.0,,0.0,0.0,0.0,0.0,0.0,0.0,,0.017,car_evaluation acc t=0.9 m=1 d<=4 cert,=,=
car_evaluation,acc,0.9,1,5,4,certified,rules_disjoint,16,0.0,0.0,,0,,0.0,0.0,,0.0,0.0,0.0,0.0,0.0,0.0,,0.017,car_evaluation acc t=0.9 m=1 d<=4 cert,=,=
car_evaluation,acc,0.9,1,5,4,certified,rules_disjoint,32,0.0,0.0,,0,,0.0,0.0,,0.0,0.0,0.0,0.0,0.0,0.0,,0.017,car_evaluation acc t=0.9 m=1 d<=4 cert,=,=
car_evaluation,acc,0.9,1,5,4,certified,tree,1,0.0,0.0,,0,,0.0,0.0,,0.0,0.0,0.0,0.0,0.0,0.0,,0.041,car_evaluation acc t=0.9 m=1 d<=4 cert,=,=
car_evaluation,acc,0.9,1,5,4,certified,tree,2,0.0,0.0,,0,,0.0,0.0,,0.0,0.0,0.0,0.0,0.0,0.0,,0.041,car_evaluation acc t=0.9 m=1 d<=4 cert,=,=
car_evaluation,acc,0.9,1,5,4,certified,tree,4,0.0,0.0,,0,,0.0,0.0,,0.0,0.0,0.0,0.0,0.0,0.0,,0.041,car_evaluation acc t=0.9 m=1 d<=4 cert,=,=
car_evaluation,acc,0.9,1,5,4,certified,tree,8,0.0,0.0,,0,,0.0,0.0,,0.0,0.0,0.0,0.0,0.0,0.0,,0.041,car_evaluation acc t=0.9 m=1 d<=4 cert,=,=
car_evaluation,acc,0.9,1,5,4,certified,tree,16,0.0,0.0,,0,,0.0,0.0,,0.0,0.0,0.0,0.0,0.0,0.0,,0.041,car_evaluation acc t=0.9 m=1 d<=4 cert,=,=
car_evaluation,acc,0.9,1,5,4,certified,tree,32,0.0,0.0,,0,,0.0,0.0,,0.0,0.0,0.0,0.0,0.0,0.0,,0.041,car_evaluation acc t=0.9 m=1 d<=4 cert,=,=
chess_krkp,won,0.9,1,1,4,purity,vsf,1,0.3499,0.0141,1.0,5,1.0,0.3499,0.0141,1.0,1.0,0.3499,0.0,0.0,0.0,0.0,X_21#1,2.637,chess_krkp won t=0.9 m=1 d<=4 puri,=,=
chess_krkp,won,0.9,1,1,4,purity,vsf,2,0.3499,0.0141,1.0,5,1.0,0.3499,0.0141,1.0,1.0,0.3499,0.0,0.0,0.0,0.0,X_21#1,2.637,chess_krkp won t=0.9 m=1 d<=4 puri,=,=
chess_krkp,won,0.9,1,1,4,purity,vsf,4,0.7058,0.0157,0.905,5,0.4,0.0371,0.1588,0.958,3.8,0.7027,0.0,0.0,0.0,0.0,X_10+X_23+X_32+X_33#0,2.637,chess_krkp won t=0.9 m=1 d<=4 puri,=,=
chess_krkp,won,0.9,1,1,4,purity,vsf,8,0.7058,0.0157,0.905,5,0.4,0.0371,0.1588,0.958,3.8,0.7027,0.0,0.0,0.0,0.0,X_10+X_23+X_32+X_33#0,2.637,chess_krkp won t=0.9 m=1 d<=4 puri,=,=
chess_krkp,won,0.9,1,1,4,purity,vsf,16,0.722,0.0253,0.9693,5,1.0,0.517,0.0633,1.0,16.0,0.722,0.0,0.0,0.0,0.0,X_10+X_21+X_33+X_35#1 | X_10+X_21+X_33+X_35#7 | X_10+X_21+X_33+X_35#5 | X_10+X_21+X_33+X_35#12,2.637,chess_krkp won t=0.9 m=1 d<=4 puri,=,=
chess_krkp,won,0.9,1,1,4,purity,vsf,32,0.8424,0.014,0.9737,5,1.0,0.6375,0.0485,1.0,32.0,0.8424,0.0,0.0,0.0,0.0,X_10+X_21+X_33+X_35#1 | X_10+X_21+X_33+X_35#7 | X_10+X_21+X_33+X_35#5 | X_10+X_21+X_33+X_35#12 | X_10+X_21+X_33+X_35#14 | X_10+X_21+X_33+X_35#6 | X_10+X_21+X_33+X_35#4 | X_10+X_21+X_33+X_35#13,2.637,chess_krkp won t=0.9 m=1 d<=4 puri,=,=
chess_krkp,won,0.9,1,1,4,purity,vsf_partial,1,0.3499,0.0141,1.0,5,1.0,0.3499,0.0141,1.0,1.0,0.3499,0.0,0.0,0.0,0.0,X_21#1,8.275,chess_krkp won t=0.9 m=1 d<=4 puri,=,=
chess_krkp,won,0.9,1,1,4,purity,vsf_partial,2,0.3499,0.0141,1.0,5,1.0,0.3499,0.0141,1.0,1.0,0.3499,0.0,0.0,0.0,0.0,X_21#1,8.275,chess_krkp won t=0.9 m=1 d<=4 puri,=,=
chess_krkp,won,0.9,1,1,4,purity,vsf_partial,4,0.7058,0.0157,0.905,5,0.4,0.0371,0.1588,0.958,3.8,0.7027,0.0,0.0,0.0,0.0,X_10+X_23+X_32+X_33#0,8.275,chess_krkp won t=0.9 m=1 d<=4 puri,=,=
chess_krkp,won,0.9,1,1,4,purity,vsf_partial,8,0.8424,0.014,0.9737,5,1.0,0.6375,0.0485,1.0,5.0,0.8424,0.1366,0.0062,0.6004,0.1241,X_21#1 | X_10+X_21+X_33+X_35#1,8.275,chess_krkp won t=0.9 m=1 d<=4 puri,+,+
chess_krkp,won,0.9,1,1,4,purity,vsf_partial,16,0.8424,0.014,0.9737,5,1.0,0.6375,0.0485,1.0,5.0,0.8424,0.1204,0.0153,0.1204,0.0153,X_21#1 | X_10+X_21+X_33+X_35#1,8.275,chess_krkp won t=0.9 m=1 d<=4 puri,+,+
chess_krkp,won,0.9,1,1,4,purity,vsf_partial,32,0.8424,0.014,0.9737,5,1.0,0.6375,0.0485,1.0,5.0,0.8424,0.0,0.0,0.0,0.0,X_21#1 | X_10+X_21+X_33+X_35#1,8.275,chess_krkp won t=0.9 m=1 d<=4 puri,=,=
chess_krkp,won,0.9,1,1,4,purity,vsf_greedy,1,0.3499,0.0141,1.0,5,1.0,0.3499,0.0141,1.0,1.0,0.3499,0.0,0.0,0.0,0.0,X_21#1,0.013,chess_krkp won t=0.9 m=1 d<=4 puri,=,=
chess_krkp,won,0.9,1,1,4,purity,vsf_greedy,2,0.3499,0.0141,1.0,5,1.0,0.3499,0.0141,1.0,1.0,0.3499,0.0,0.0,0.0,0.0,X_21#1,0.013,chess_krkp won t=0.9 m=1 d<=4 puri,=,=
chess_krkp,won,0.9,1,1,4,purity,vsf_greedy,4,0.3499,0.0141,1.0,5,1.0,0.3499,0.0141,1.0,1.0,0.3499,-0.3559,0.0232,0.3128,0.1666,X_21#1,0.013,chess_krkp won t=0.9 m=1 d<=4 puri,-,=
chess_krkp,won,0.9,1,1,4,purity,vsf_greedy,8,0.3499,0.0141,1.0,5,1.0,0.3499,0.0141,1.0,1.0,0.3499,-0.3559,0.0232,0.3128,0.1666,X_21#1,0.013,chess_krkp won t=0.9 m=1 d<=4 puri,-,=
chess_krkp,won,0.9,1,1,4,purity,vsf_greedy,16,0.3535,0.0142,0.9983,5,1.0,0.3481,0.0152,0.986,9.8,0.3559,-0.3685,0.036,-0.1689,0.075,X_14+X_19+X_21+X_35#3 | X_14+X_19+X_21+X_35#2 | X_14+X_19+X_21+X_35#5,0.013,chess_krkp won t=0.9 m=1 d<=4 puri,-,-
chess_krkp,won,0.9,1,1,4,purity,vsf_greedy,32,0.3535,0.0142,0.9983,5,1.0,0.3481,0.0152,0.986,9.8,0.3559,-0.4889,0.0224,-0.2893,0.0606,X_14+X_19+X_21+X_35#3 | X_14+X_19+X_21+X_35#2 | X_14+X_19+X_21+X_35#5,0.013,chess_krkp won t=0.9 m=1 d<=4 puri,-,-
chess_krkp,won,0.9,1,1,4,purity,rules,1,0.3499,0.0141,1.0,5,1.0,0.3499,0.0141,1.0,1.0,0.3499,0.0,0.0,0.0,0.0,X_21=1,6.552,chess_krkp won t=0.9 m=1 d<=4 puri,=,=
chess_krkp,won,0.9,1,1,4,purity,rules,2,0.3499,0.0141,1.0,5,1.0,0.3499,0.0141,1.0,1.0,0.3499,0.0,0.0,0.0,0.0,X_21=1,6.552,chess_krkp won t=0.9 m=1 d<=4 puri,=,=
chess_krkp,won,0.9,1,1,4,purity,rules,4,0.8682,0.0418,0.9617,5,1.0,0.5339,0.1838,0.928,4.0,0.868,0.1624,0.0417,0.4968,0.1319,X_21=1 | X_10=0 & X_33=0 & X_35=1,6.552,chess_krkp won t=0.9 m=1 d<=4 puri,+,+
chess_krkp,won,0.9,1,1,4,purity,rules,8,0.9557,0.0183,0.9283,5,0.8,0.2816,0.1784,0.94,7.8,0.9584,0.2499,0.029,0.2445,0.0509,X_21=1 | X_10=0 & X_33=0 & X_35=1 | X_10=0 & X_15=2 | X_27=1 & X_33=0,6.552,chess_krkp won t=0.9 m=1 d<=4 puri,+,+
chess_krkp,won,0.9,1,1,4,purity,rules,16,0.976,0.0107,0.9139,5,0.8,0.1456,0.1333,0.979,15.8,0.9772,0.2541,0.0193,-0.3714,0.0939,X_21=1 | X_10=0 & X_33=0 & X_35=1 | X_10=0 & X_15=2 | X_10=0 & X_23=0 & X_32=0 & X_33=0 | X_2=1 & X_10=0 & X_16=0 | X_6=1 & X_10=0 & X_23=1,6.552,chess_krkp won t=0.9 m=1 d<=4 puri,+,-
chess_krkp,won,0.9,1,1,4,purity,rules,32,0.979,0.01,0.9079,5,0.8,0.0839,0.0996,0.98,26.4,0.9813,0.1366,0.0065,-0.5536,0.0706,X_21=1 | X_10=0 & X_33=0 & X_35=1 | X_10=0 & X_15=2 | X_10=0 & X_23=0 & X_32=0 & X_33=0 | X_2=1 & X_10=0 & X_16=0 | X_5=0 & X_10=0 & X_32=0 & X_33=0 | X_17=1 & X_31=1 | X_10=0 & X_12=1 & X_18=0 & X_35=1 | X_6=1 & X_16=0 & X_19=1 | X_3=0 & X_4=0 & X_13=0 & X_18=0,6.552,chess_krkp won t=0.9 m=1 d<=4 puri,+,-
chess_krkp,won,0.9,1,1,4,purity,rules_pure,1,0.3499,0.0141,1.0,5,1.0,0.3499,0.0141,1.0,1.0,0.3499,0.0,0.0,0.0,0.0,X_21=1,6.665,chess_krkp won t=0.9 m=1 d<=4 puri,=,=
chess_krkp,won,0.9,1,1,4,purity,rules_pure,2,0.3499,0.0141,1.0,5,1.0,0.3499,0.0141,1.0,1.0,0.3499,0.0,0.0,0.0,0.0,X_21=1,6.665,chess_krkp won t=0.9 m=1 d<=4 puri,=,=
chess_krkp,won,0.9,1,1,4,purity,rules_pure,4,0.8682,0.0418,0.9617,5,1.0,0.5339,0.1838,0.928,4.0,0.868,0.1624,0.0417,0.4968,0.1319,X_21=1 | X_10=0 & X_33=0 & X_35=1,6.665,chess_krkp won t=0.9 m=1 d<=4 puri,+,+
chess_krkp,won,0.9,1,1,4,purity,rules_pure,8,0.9557,0.0183,0.9283,5,0.8,0.2816,0.1784,0.94,7.8,0.9584,0.2499,0.029,0.2445,0.0509,X_21=1 | X_10=0 & X_33=0 & X_35=1 | X_10=0 & X_15=2 | X_27=1 & X_33=0,6.665,chess_krkp won t=0.9 m=1 d<=4 puri,+,+
chess_krkp,won,0.9,1,1,4,purity,rules_pure,16,0.976,0.0107,0.9139,5,0.8,0.1456,0.1333,0.979,15.8,0.9772,0.2541,0.0193,-0.3714,0.0939,X_21=1 | X_10=0 & X_33=0 & X_35=1 | X_10=0 & X_15=2 | X_10=0 & X_23=0 & X_32=0 & X_33=0 | X_2=1 & X_10=0 & X_16=0 | X_6=1 & X_10=0 & X_23=1,6.665,chess_krkp won t=0.9 m=1 d<=4 puri,+,-
chess_krkp,won,0.9,1,1,4,purity,rules_pure,32,0.979,0.01,0.9084,5,0.8,0.0893,0.1006,0.98,26.4,0.9811,0.1366,0.0065,-0.5482,0.0716,X_21=1 | X_10=0 & X_33=0 & X_35=1 | X_10=0 & X_15=2 | X_10=0 & X_23=0 & X_32=0 & X_33=0 | X_2=1 & X_10=0 & X_16=0 | X_5=0 & X_10=0 & X_32=0 & X_33=0 | X_17=1 & X_31=1 | X_12=1 & X_18=0 & X_26=1 & X_36=1 | X_6=1 & X_16=0 & X_19=1 | X_4=0 & X_9=0 & X_13=0 & X_18=0,6.665,chess_krkp won t=0.9 m=1 d<=4 puri,+,-
chess_krkp,won,0.9,1,1,4,purity,rules_disjoint,1,0.3499,0.0141,1.0,5,1.0,0.3499,0.0141,1.0,1.0,0.3499,0.0,0.0,0.0,0.0,X_21=1,6.593,chess_krkp won t=0.9 m=1 d<=4 puri,=,=
chess_krkp,won,0.9,1,1,4,purity,rules_disjoint,2,0.3499,0.0141,1.0,5,1.0,0.3499,0.0141,1.0,1.0,0.3499,0.0,0.0,0.0,0.0,X_21=1,6.593,chess_krkp won t=0.9 m=1 d<=4 puri,=,=
chess_krkp,won,0.9,1,1,4,purity,rules_disjoint,4,0.7058,0.0157,0.905,5,0.4,0.0371,0.1588,0.958,3.8,0.7027,0.0,0.0,0.0,0.0,X_10=0 & X_23=0 & X_32=0 & X_33=0,6.593,chess_krkp won t=0.9 m=1 d<=4 puri,=,=
chess_krkp,won,0.9,1,1,4,purity,rules_disjoint,8,0.8436,0.0145,0.9738,5,1.0,0.6387,0.0481,0.998,8.0,0.8456,0.1378,0.0059,0.6016,0.1236,X_21=1 | X_10=0 & X_21=0 & X_33=0 & X_35=1 | X_1=1 & X_11=1 & X_12=1,6.593,chess_krkp won t=0.9 m=1 d<=4 puri,+,+
chess_krkp,won,0.9,1,1,4,purity,rules_disjoint,16,0.9167,0.0152,0.969,5,1.0,0.6525,0.0281,0.991,16.0,0.9211,0.1947,0.0131,0.1354,0.0445,X_21=1 | X_10=0 & X_21=0 & X_33=0 & X_35=1 | X_6=1 & X_21=0 & X_33=0 & X_35=0 | X_11=1 & X_15=0 & X_18=0 & X_35=0 | X_1=1 & X_27=1 & X_33=0,6.593,chess_krkp won t=0.9 m=1 d<=4 puri,+,+
chess_krkp,won,0.9,1,1,4,purity,rules_disjoint,32,0.9239,0.0132,0.9674,5,1.0,0.6435,0.0138,0.991,30.8,0.9296,0.0815,0.0009,0.006,0.0452,X_21=1 | X_10=0 & X_21=0 & X_33=0 & X_35=1 | X_6=1 & X_21=0 & X_33=0 & X_35=0 | X_11=1 & X_15=0 & X_18=0 & X_35=0 | X_4=0 & X_15=2 & X_30=1 & X_35=0 | X_1=1 & X_27=1 & X_33=0 | X_1=1 & X_20=1 & X_30=1 | X_17=1 & X_18=0 & X_23=0 | X_1=1 & X_4=1 & X_5=1 & X_24=0 | X_1=1 & X_25=1,6.593,chess_krkp won t=0.9 m=1 d<=4 puri,+,=
chess_krkp,won,0.9,1,1,4,purity,tree,1,0.3499,0.0141,1.0,5,1.0,0.3499,0.0141,1.0,1.0,0.3499,0.0,0.0,0.0,0.0,entropy-None-depth1-leaf1,0.337,chess_krkp won t=0.9 m=1 d<=4 puri,=,=
chess_krkp,won,0.9,1,1,4,purity,tree,2,0.3499,0.0141,1.0,5,1.0,0.3499,0.0141,1.0,1.0,0.3499,0.0,0.0,0.0,0.0,entropy-None-depth1-leaf1,0.337,chess_krkp won t=0.9 m=1 d<=4 puri,=,=
chess_krkp,won,0.9,1,1,4,purity,tree,4,0.3517,0.0148,1.0,5,1.0,0.3517,0.0148,0.6,1.6,0.3517,-0.3541,0.0222,0.3146,0.1655,entropy-balanced-depth4-leaf8,0.337,chess_krkp won t=0.9 m=1 d<=4 puri,-,=
chess_krkp,won,0.9,1,1,4,purity,tree,8,0.423,0.1128,1.0,5,1.0,0.423,0.1128,0.797,2.4,0.4214,-0.2828,0.1015,0.3859,0.1569,entropy-balanced-depth4-leaf12 | entropy-balanced-depth4-leaf8 | entropy-balanced-depth4-leaf11,0.337,chess_krkp won t=0.9 m=1 d<=4 puri,-,+
chess_krkp,won,0.9,1,1,4,purity,tree,16,0.423,0.1128,1.0,5,1.0,0.423,0.1128,0.797,2.4,0.4214,-0.299,0.108,-0.094,0.1302,entropy-balanced-depth4-leaf12 | entropy-balanced-depth4-leaf8 | entropy-balanced-depth4-leaf11,0.337,chess_krkp won t=0.9 m=1 d<=4 puri,-,=
chess_krkp,won,0.9,1,1,4,purity,tree,32,0.423,0.1128,1.0,5,1.0,0.423,0.1128,0.797,2.4,0.4214,-0.4194,0.1068,-0.2145,0.1243,entropy-balanced-depth4-leaf12 | entropy-balanced-depth4-leaf8 | entropy-balanced-depth4-leaf11,0.337,chess_krkp won t=0.9 m=1 d<=4 puri,-,=
chess_krkp,won,0.9,1,1,4,certified,vsf,1,0.3499,0.0141,1.0,5,1.0,0.3499,0.0141,1.0,1.0,0.3499,0.0,0.0,0.0,0.0,X_21#1,9.249,chess_krkp won t=0.9 m=1 d<=4 cert,=,=
chess_krkp,won,0.9,1,1,4,certified,vsf,2,0.3499,0.0141,1.0,5,1.0,0.3499,0.0141,1.0,1.0,0.3499,0.0,0.0,0.0,0.0,X_21#1,9.249,chess_krkp won t=0.9 m=1 d<=4 cert,=,=
chess_krkp,won,0.9,1,1,4,certified,vsf,4,0.5692,0.0284,0.9612,5,1.0,0.3642,0.0658,1.0,3.0,0.5692,0.0,0.0,0.0,0.0,X_10+X_33+X_35#1,9.249,chess_krkp won t=0.9 m=1 d<=4 cert,=,=
chess_krkp,won,0.9,1,1,4,certified,vsf,8,0.5692,0.0284,0.9612,5,1.0,0.3642,0.0658,1.0,3.0,0.5692,0.0,0.0,0.0,0.0,X_10+X_33+X_35#1,9.249,chess_krkp won t=0.9 m=1 d<=4 cert,=,=
chess_krkp,won,0.9,1,1,4,certified,vsf,16,0.5692,0.0284,0.9612,5,1.0,0.3642,0.0658,1.0,3.0,0.5692,0.0,0.0,0.0,0.0,X_10+X_33+X_35#1,9.249,chess_krkp won t=0.9 m=1 d<=4 cert,=,=
chess_krkp,won,0.9,1,1,4,certified,vsf,32,0.5692,0.0284,0.9612,5,1.0,0.3642,0.0658,1.0,3.0,0.5692,0.0,0.0,0.0,0.0,X_10+X_33+X_35#1,9.249,chess_krkp won t=0.9 m=1 d<=4 cert,=,=
chess_krkp,won,0.9,1,1,4,certified,vsf_partial,1,0.3499,0.0141,1.0,5,1.0,0.3499,0.0141,1.0,1.0,0.3499,0.0,0.0,0.0,0.0,X_21#1,11.282,chess_krkp won t=0.9 m=1 d<=4 cert,=,=
chess_krkp,won,0.9,1,1,4,certified,vsf_partial,2,0.3499,0.0141,1.0,5,1.0,0.3499,0.0141,1.0,1.0,0.3499,0.0,0.0,0.0,0.0,X_21#1,11.282,chess_krkp won t=0.9 m=1 d<=4 cert,=,=
chess_krkp,won,0.9,1,1,4,certified,vsf_partial,4,0.5692,0.0284,0.9612,5,1.0,0.3642,0.0658,1.0,3.0,0.5692,0.0,0.0,0.0,0.0,X_10+X_33+X_35#1,11.282,chess_krkp won t=0.9 m=1 d<=4 cert,=,=
chess_krkp,won,0.9,1,1,4,certified,vsf_partial,8,0.8089,0.0469,0.9765,5,1.0,0.6255,0.0343,0.873,5.0,0.8174,0.2397,0.0653,0.2613,0.0341,X_21#1 | X_10+X_21+X_33+X_35#1,11.282,chess_krkp won t=0.9 m=1 d<=4 cert,+,+
chess_krkp,won,0.9,1,1,4,certified,vsf_partial,16,0.8089,0.0469,0.9765,5,1.0,0.6255,0.0343,0.873,5.0,0.8174,0.2397,0.0653,0.2613,0.0341,X_21#1 | X_10+X_21+X_33+X_35#1,11.282,chess_krkp won t=0.9 m=1 d<=4 cert,+,+
chess_krkp,won,0.9,1,1,4,certified,vsf_partial,32,0.8089,0.0469,0.9765,5,1.0,0.6255,0.0343,0.873,5.0,0.8174,0.2397,0.0653,0.2613,0.0341,X_21#1 | X_10+X_21+X_33+X_35#1,11.282,chess_krkp won t=0.9 m=1 d<=4 cert,+,+
chess_krkp,won,0.9,1,1,4,certified,vsf_greedy,1,0.3499,0.0141,1.0,5,1.0,0.3499,0.0141,1.0,1.0,0.3499,0.0,0.0,0.0,0.0,X_21#1,6.877,chess_krkp won t=0.9 m=1 d<=4 cert,=,=
chess_krkp,won,0.9,1,1,4,certified,vsf_greedy,2,0.3499,0.0141,1.0,5,1.0,0.3499,0.0141,1.0,1.0,0.3499,0.0,0.0,0.0,0.0,X_21#1,6.877,chess_krkp won t=0.9 m=1 d<=4 cert,=,=
chess_krkp,won,0.9,1,1,4,certified,vsf_greedy,4,0.3499,0.0141,1.0,5,1.0,0.3499,0.0141,1.0,1.0,0.3499,-0.2193,0.0393,-0.0143,0.0781,X_21#1,6.877,chess_krkp won t=0.9 m=1 d<=4 cert,-,=
chess_krkp,won,0.9,1,1,4,certified,vsf_greedy,8,0.3499,0.0141,1.0,5,1.0,0.3499,0.0141,1.0,1.0,0.3499,-0.2193,0.0393,-0.0143,0.0781,X_21#1,6.877,chess_krkp won t=0.9 m=1 d<=4 cert,-,=
chess_krkp,won,0.9,1,1,4,certified,vsf_greedy,16,0.3499,0.0141,1.0,5,1.0,0.3499,0.0141,1.0,1.0,0.3499,-0.2193,0.0393,-0.0143,0.0781,X_21#1,6.877,chess_krkp won t=0.9 m=1 d<=4 cert,-,=
chess_krkp,won,0.9,1,1,4,certified,vsf_greedy,32,0.3499,0.0141,1.0,5,1.0,0.3499,0.0141,1.0,1.0,0.3499,-0.2193,0.0393,-0.0143,0.0781,X_21#1,6.877,chess_krkp won t=0.9 m=1 d<=4 cert,-,=
chess_krkp,won,0.9,1,1,4,certified,rules,1,0.3499,0.0141,1.0,5,1.0,0.3499,0.0141,1.0,1.0,0.3499,0.0,0.0,0.0,0.0,X_21=1,11.901,chess_krkp won t=0.9 m=1 d<=4 cert,=,=
chess_krkp,won,0.9,1,1,4,certified,rules,2,0.3499,0.0141,1.0,5,1.0,0.3499,0.0141,1.0,1.0,0.3499,0.0,0.0,0.0,0.0,X_21=1,11.901,chess_krkp won t=0.9 m=1 d<=4 cert,=,=
chess_krkp,won,0.9,1,1,4,certified,rules,4,0.8424,0.014,0.9737,5,1.0,0.6375,0.0485,1.0,4.0,0.8424,0.2732,0.0186,0.2732,0.0186,X_21=1 | X_10=0 & X_33=0 & X_35=1,11.901,chess_krkp won t=0.9 m=1 d<=4 cert,+,+
chess_krkp,won,0.9,1,1,4,certified,rules,8,0.9125,0.0146,0.9757,5,1.0,0.7076,0.0528,1.0,7.0,0.9125,0.3433,0.0156,0.3433,0.0156,X_21=1 | X_10=0 & X_33=0 & X_35=1 | X_6=1 & X_10=0 & X_33=0,11.901,chess_krkp won t=0.9 m=1 d<=4 cert,+,+
chess_krkp,won,0.9,1,1,4,certified,rules,16,0.9425,0.0083,0.974,5,1.0,0.716,0.0469,1.0,10.2,0.9425,0.3733,0.0216,0.3517,0.0273,X_21=1 | X_10=0 & X_33=0 & X_35=1 | X_6=1 & X_10=0 & X_33=0 | X_10=0 & X_11=1 & X_15=2,11.901,chess_krkp won t=0.9 m=1 d<=4 cert,+,+
chess_krkp,won,0.9,1,1,4,certified,rules,32,0.9425,0.0083,0.974,5,1.0,0.716,0.0469,1.0,10.2,0.9425,0.3733,0.0216,0.3517,0.0273,X_21=1 | X_10=0 & X_33=0 & X_35=1 | X_6=1 & X_10=0 & X_33=0 | X_10=0 & X_11=1 & X_15=2,11.901,chess_krkp won t=0.9 m=1 d<=4 cert,+,+
chess_krkp,won,0.9,1,1,4,certified,rules_pure,1,0.3499,0.0141,1.0,5,1.0,0.3499,0.0141,1.0,1.0,0.3499,0.0,0.0,0.0,0.0,X_21=1,11.887,chess_krkp won t=0.9 m=1 d<=4 cert,=,=
chess_krkp,won,0.9,1,1,4,certified,rules_pure,2,0.3499,0.0141,1.0,5,1.0,0.3499,0.0141,1.0,1.0,0.3499,0.0,0.0,0.0,0.0,X_21=1,11.887,chess_krkp won t=0.9 m=1 d<=4 cert,=,=
chess_krkp,won,0.9,1,1,4,certified,rules_pure,4,0.8424,0.014,0.9737,5,1.0,0.6375,0.0485,1.0,4.0,0.8424,0.2732,0.0186,0.2732,0.0186,X_21=1 | X_10=0 & X_33=0 & X_35=1,11.887,chess_krkp won t=0.9 m=1 d<=4 cert,+,+
chess_krkp,won,0.9,1,1,4,certified,rules_pure,8,0.9125,0.0146,0.9757,5,1.0,0.7076,0.0528,1.0,7.0,0.9125,0.3433,0.0156,0.3433,0.0156,X_21=1 | X_10=0 & X_33=0 & X_35=1 | X_6=1 & X_10=0 & X_33=0,11.887,chess_krkp won t=0.9 m=1 d<=4 cert,+,+
chess_krkp,won,0.9,1,1,4,certified,rules_pure,16,0.9425,0.0083,0.974,5,1.0,0.716,0.0469,1.0,10.2,0.9425,0.3733,0.0216,0.3517,0.0273,X_21=1 | X_10=0 & X_33=0 & X_35=1 | X_6=1 & X_10=0 & X_33=0 | X_10=0 & X_11=1 & X_15=2,11.887,chess_krkp won t=0.9 m=1 d<=4 cert,+,+
chess_krkp,won,0.9,1,1,4,certified,rules_pure,32,0.9425,0.0083,0.974,5,1.0,0.716,0.0469,1.0,10.2,0.9425,0.3733,0.0216,0.3517,0.0273,X_21=1 | X_10=0 & X_33=0 & X_35=1 | X_6=1 & X_10=0 & X_33=0 | X_10=0 & X_11=1 & X_15=2,11.887,chess_krkp won t=0.9 m=1 d<=4 cert,+,+
chess_krkp,won,0.9,1,1,4,certified,rules_disjoint,1,0.3499,0.0141,1.0,5,1.0,0.3499,0.0141,1.0,1.0,0.3499,0.0,0.0,0.0,0.0,X_21=1,11.785,chess_krkp won t=0.9 m=1 d<=4 cert,=,=
chess_krkp,won,0.9,1,1,4,certified,rules_disjoint,2,0.3499,0.0141,1.0,5,1.0,0.3499,0.0141,1.0,1.0,0.3499,0.0,0.0,0.0,0.0,X_21=1,11.785,chess_krkp won t=0.9 m=1 d<=4 cert,=,=
chess_krkp,won,0.9,1,1,4,certified,rules_disjoint,4,0.5692,0.0284,0.9612,5,1.0,0.3642,0.0658,1.0,3.0,0.5692,0.0,0.0,0.0,0.0,X_10=0 & X_33=0 & X_35=1,11.785,chess_krkp won t=0.9 m=1 d<=4 cert,=,=
chess_krkp,won,0.9,1,1,4,certified,rules_disjoint,8,0.8089,0.0469,0.9765,5,1.0,0.6255,0.0343,0.873,5.0,0.8174,0.2397,0.0653,0.2613,0.0341,X_21=1 | X_10=0 & X_21=0 & X_33=0 & X_35=1,11.785,chess_krkp won t=0.9 m=1 d<=4 cert,+,+
chess_krkp,won,0.9,1,1,4,certified,rules_disjoint,16,0.8089,0.0469,0.9765,5,1.0,0.6255,0.0343,0.873,5.0,0.8174,0.2397,0.0653,0.2613,0.0341,X_21=1 | X_10=0 & X_21=0 & X_33=0 & X_35=1,11.785,chess_krkp won t=0.9 m=1 d<=4 cert,+,+
chess_krkp,won,0.9,1,1,4,certified,rules_disjoint,32,0.8089,0.0469,0.9765,5,1.0,0.6255,0.0343,0.873,5.0,0.8174,0.2397,0.0653,0.2613,0.0341,X_21=1 | X_10=0 & X_21=0 & X_33=0 & X_35=1,11.785,chess_krkp won t=0.9 m=1 d<=4 cert,+,+
chess_krkp,won,0.9,1,1,4,certified,tree,1,0.3499,0.0141,1.0,5,1.0,0.3499,0.0141,1.0,1.0,0.3499,0.0,0.0,0.0,0.0,entropy-None-depth1-leaf1,7.056,chess_krkp won t=0.9 m=1 d<=4 cert,=,=
chess_krkp,won,0.9,1,1,4,certified,tree,2,0.3499,0.0141,1.0,5,1.0,0.3499,0.0141,1.0,1.0,0.3499,0.0,0.0,0.0,0.0,entropy-None-depth1-leaf1,7.056,chess_krkp won t=0.9 m=1 d<=4 cert,=,=
chess_krkp,won,0.9,1,1,4,certified,tree,4,0.3517,0.0148,1.0,5,1.0,0.3517,0.0148,0.6,1.6,0.3517,-0.2175,0.0386,-0.0125,0.0779,entropy-balanced-depth4-leaf8,7.056,chess_krkp won t=0.9 m=1 d<=4 cert,-,=
chess_krkp,won,0.9,1,1,4,certified,tree,8,0.42,0.1084,1.0,5,1.0,0.42,0.1084,0.789,2.0,0.4185,-0.1492,0.1002,0.0558,0.1243,entropy-balanced-depth4-leaf12 | entropy-balanced-depth4-leaf8,7.056,chess_krkp won t=0.9 m=1 d<=4 cert,=,=
chess_krkp,won,0.9,1,1,4,certified,tree,16,0.42,0.1084,1.0,5,1.0,0.42,0.1084,0.789,2.0,0.4185,-0.1492,0.1002,0.0558,0.1243,entropy-balanced-depth4-leaf12 | entropy-balanced-depth4-leaf8,7.056,chess_krkp won t=0.9 m=1 d<=4 cert,=,=
chess_krkp,won,0.9,1,1,4,certified,tree,32,0.42,0.1084,1.0,5,1.0,0.42,0.1084,0.789,2.0,0.4185,-0.1492,0.1002,0.0558,0.1243,entropy-balanced-depth4-leaf12 | entropy-balanced-depth4-leaf8,7.056,chess_krkp won t=0.9 m=1 d<=4 cert,=,=
credit,bad,0.7,20,5,4,purity,vsf,1,0.0,0.0,,0,,0.0,0.0,,0.0,0.0,0.0,0.0,0.0,0.0,,0.052,credit bad t=0.7 m=20 d<=4 puri,=,=
credit,bad,0.7,20,5,4,purity,vsf,2,0.1651,0.0096,0.7597,25,0.92,0.0422,0.0186,1.0,2.0,0.1651,0.0,0.0,0.0,0.0,X_3+X_5#4,0.052,credit bad t=0.7 m=20 d<=4 puri,=,=
credit,bad,0.7,20,5,4,purity,vsf,4,0.1651,0.0096,0.7597,25,0.92,0.0422,0.0186,1.0,2.0,0.1651,0.0,0.0,0.0,0.0,X_3+X_5#4,0.052,credit bad t=0.7 m=20 d<=4 puri,=,=
credit,bad,0.7,20,5,4,purity,vsf,8,0.1608,0.0109,0.7098,25,0.6,0.0044,0.0297,0.569,3.44,0.1685,0.0,0.0,0.0,0.0,X_1+X_3#13 | X_1+X_3#5 | X_1+X_3#11,0.052,credit bad t=0.7 m=20 d<=4 puri,=,=
credit,bad,0.7,20,5,4,purity,vsf,16,0.1703,0.0091,0.711,25,0.56,0.0058,0.0228,0.602,7.28,0.1775,0.0,0.0,0.0,0.0,X_1+X_3#13 | X_1+X_3#5 | X_1+X_3#11,0.052,credit bad t=0.7 m=20 d<=4 puri,=,=
credit,bad,0.7,20,5,4,purity,vsf,32,0.1705,0.0106,0.714,25,0.6,0.0082,0.0234,0.439,18.32,0.1835,0.0,0.0,0.0,0.0,X_1+X_3#13 | X_1+X_3#5 | X_1+X_3#11,0.052,credit bad t=0.7 m=20 d<=4 puri,=,=
credit,bad,0.7,20,5,4,purity,vsf_partial,1,0.0,0.0,,0,,0.0,0.0,,0.0,0.0,0.0,0.0,0.0,0.0,,0.236,credit bad t=0.7 m=20 d<=4 puri,=,=
credit,bad,0.7,20,5,4,purity,vsf_partial,2,0.1651,0.0096,0.7597,25,0.92,0.0422,0.0186,1.0,2.0,0.1651,0.0,0.0,0.0,0.0,X_3+X_5#4,0.236,credit bad t=0.7 m=20 d<=4 puri,=,=
credit,bad,0.7,20,5,4,purity,vsf_partial,4,0.1651,0.0096,0.7597,25,0.92,0.0422,0.0186,1.0,2.0,0.1651,0.0,0.0,0.0,0.0,X_3+X_5#4,0.236,credit bad t=0.7 m=20 d<=4 puri,=,=
credit,bad,0.7,20,5,4,purity,vsf_partial,8,0.2155,0.0103,0.7264,25,0.76,0.0246,0.0295,0.698,7.64,0.2254,0.0547,0.0116,0.0201,0.0283,X_5+X_9#0 | X_4+X_5+X_9#59 | X_1+X_4+X_9#109,0.236,credit bad t=0.7 m=20 d<=4 puri,+,=
credit,bad,0.7,20,5,4,purity,vsf_partial,16,0.2372,0.0121,0.7223,25,0.72,0.0228,0.0307,0.638,12.8,0.2517,0.0668,0.0126,0.017,0.0295,X_3+X_5#4 | X_3+X_4+X_8#11 | X_3+X_4+X_5+X_8#35 | X_3+X_4+X_5+X_8#52,0.236,credit bad t=0.7 m=20 d<=4 puri,+,=
credit,bad,0.7,20,5,4,purity,vsf_partial,32,0.238,0.0116,0.7174,25,0.68,0.0169,0.0299,0.596,13.8,0.2545,0.0675,0.012,0.0087,0.0299,X_1+X_3#13 | X_1+X_3#5 | X_1+X_3#11 | X_1+X_3+X_9#9 | X_1+X_4+X_9#50 | X_1+X_3+X_4+X_9#154 | X_1+X_3+X_4#35 | X_1+X_3+X_4+X_9#167,0.236,credit bad t=0.7 m=20 d<=4 puri,+,=
credit,bad,0.7,20,5,4,purity,vsf_greedy,1,0.0,0.0,,0,,0.0,0.0,,0.0,0.0,0.0,0.0,0.0,0.0,,0.005,credit bad t=0.7 m=20 d<=4 puri,=,=
credit,bad,0.7,20,5,4,purity,vsf_greedy,2,0.0522,0.019,0.7043,25,0.4,-0.0044,0.0145,0.328,2.0,0.0592,-0.1129,0.0225,-0.0467,0.0206,X_4+X_11#16,0.005,credit bad t=0.7 m=20 d<=4 puri,-,-
credit,bad,0.7,20,5,4,purity,vsf_greedy,4,0.0584,0.0192,0.643,25,0.16,-0.0209,0.0137,0.189,2.88,0.0703,-0.1067,0.0237,-0.0632,0.0181,X_4+X_11#16 | X_4+X_11#12,0.005,credit bad t=0.7 m=20 d<=4 puri,-,-
credit,bad,0.7,20,5,4,purity,vsf_greedy,8,0.0786,0.0207,0.6575,25,0.32,-0.0148,0.0191,0.187,5.76,0.0904,-0.0821,0.0221,-0.0192,0.0285,X_4+X_5+X_11#48 | X_4+X_5+X_11#50,0.005,credit bad t=0.7 m=20 d<=4 puri,-,=
credit,bad,0.7,20,5,4,purity,vsf_greedy,16,0.0946,0.022,0.6678,25,0.4,-0.013,0.0238,0.197,10.4,0.1086,-0.0757,0.0253,-0.0188,0.0293,X_4+X_5+X_11#48 | X_4+X_5+X_11#50,0.005,credit bad t=0.7 m=20 d<=4 puri,-,=
credit,bad,0.7,20,5,4,purity,vsf_greedy,32,0.1065,0.0239,0.685,25,0.56,-0.0037,0.0258,0.205,15.08,0.1191,-0.064,0.0237,-0.0119,0.0336,X_4+X_5+X_9+X_11#81 | X_4+X_5+X_9+X_11#208 | X_4+X_5+X_9+X_11#210 | X_4+X_5+X_9+X_11#8 | X_4+X_5+X_9+X_11#79,0.005,credit bad t=0.7 m=20 d<=4 puri,-,=
credit,bad,0.7,20,5,4,purity,rules,1,0.0,0.0,,0,,0.0,0.0,,0.0,0.0,0.0,0.0,0.0,0.0,,0.193,credit bad t=0.7 m=20 d<=4 puri,=,=
credit,bad,0.7,20,5,4,purity,rules,2,0.1651,0.0096,0.7597,25,0.92,0.0422,0.0186,1.0,2.0,0.1651,0.0,0.0,0.0,0.0,X_3=1 & X_5=0,0.193,credit bad t=0.7 m=20 d<=4 puri,=,=
credit,bad,0.7,20,5,4,purity,rules,4,0.2332,0.014,0.705,25,0.6,0.0043,0.0224,0.799,4.0,0.2343,0.0681,0.0107,-0.038,0.0193,X_3=1 & X_5=0 | X_1=6 & X_3=1,0.193,credit bad t=0.7 m=20 d<=4 puri,+,=
credit,bad,0.7,20,5,4,purity,rules,8,0.3167,0.0147,0.6818,25,0.32,-0.0316,0.0283,0.692,7.6,0.3253,0.156,0.0143,-0.036,0.0238,X_3=1 & X_5=0 | X_4=4 & X_6=1 & X_10=1 | X_1=6 & X_3=1,0.193,credit bad t=0.7 m=20 d<=4 puri,+,=
credit,bad,0.7,20,5,4,purity,rules,16,0.4099,0.0153,0.6489,25,0.0,-0.1126,0.0439,0.714,15.6,0.4266,0.2395,0.0136,-0.1185,0.0427,X_3=1 & X_5=0 | X_4=4 & X_6=1 & X_10=1 | X_1=6 & X_3=1 | X_5=0 & X_9=0 | X_4=4 & X_5=0 & X_9=1 | X_3=1 & X_11=3 & X_12=3,0.193,credit bad t=0.7 m=20 d<=4 puri,+,-
credit,bad,0.7,20,5,4,purity,rules,32,0.4966,0.0153,0.6288,25,0.0,-0.1911,0.0459,0.736,31.76,0.5242,0.3261,0.0196,-0.1993,0.0506,X_3=1 & X_5=0 | X_4=4 & X_6=1 & X_10=1 | X_1=6 & X_3=1 | X_5=0 & X_9=0 | X_4=4 & X_5=0 & X_9=1 | X_3=1 & X_11=3 & X_12=3 | X_4=3 & X_11=3 | X_8=2 & X_9=1 & X_11=2 | X_1=6 & X_9=0 | X_2=3 & X_5=0 | X_2=2 & X_4=4 & X_5=0 | X_1=2 & X_3=1 | X_1=2 & X_5=0 & X_6=1,0.193,credit bad t=0.7 m=20 d<=4 puri,+,-
credit,bad,0.7,20,5,4,purity,rules_pure,1,0.0,0.0,,0,,0.0,0.0,,0.0,0.0,0.0,0.0,0.0,0.0,,0.194,credit bad t=0.7 m=20 d<=4 puri,=,=
credit,bad,0.7,20,5,4,purity,rules_pure,2,0.1651,0.0096,0.7597,25,0.92,0.0422,0.0186,1.0,2.0,0.1651,0.0,0.0,0.0,0.0,X_3=1 & X_5=0,0.194,credit bad t=0.7 m=20 d<=4 puri,=,=
credit,bad,0.7,20,5,4,purity,rules_pure,4,0.2332,0.014,0.705,25,0.6,0.0043,0.0224,0.799,4.0,0.2343,0.0681,0.0107,-0.038,0.0193,X_3=1 & X_5=0 | X_1=6 & X_3=1,0.194,credit bad t=0.7 m=20 d<=4 puri,+,=
credit,bad,0.7,20,5,4,purity,rules_pure,8,0.3115,0.0157,0.6843,25,0.4,-0.0268,0.0317,0.671,7.48,0.3184,0.1507,0.0149,-0.0313,0.026,X_3=1 & X_5=0 | X_4=4 & X_6=1 & X_10=1 | X_1=6 & X_9=0,0.194,credit bad t=0.7 m=20 d<=4 puri,+,=
credit,bad,0.7,20,5,4,purity,rules_pure,16,0.3842,0.0179,0.6675,25,0.12,-0.0657,0.0349,0.667,15.6,0.4018,0.2139,0.0166,-0.0716,0.0315,X_3=1 & X_5=0 | X_4=4 & X_6=1 & X_10=1 | X_1=6 & X_9=0 | X_1=6 & X_3=1 & X_6=1 | X_4=4 & X_5=0 & X_9=1 | X_1=2 & X_9=0,0.194,credit bad t=0.7 m=20 d<=4 puri,+,-
credit,bad,0.7,20,5,4,purity,rules_pure,32,0.4438,0.0176,0.6464,25,0.04,-0.1259,0.044,0.664,31.52,0.4836,0.2733,0.0187,-0.1341,0.0423,X_3=1 & X_5=0 | X_4=4 & X_6=1 & X_10=1 | X_1=6 & X_9=0 | X_1=6 & X_3=1 & X_6=1 | X_4=4 & X_5=0 & X_9=1 | X_1=2 & X_9=0 | X_3=1 & X_11=3 & X_12=3 & X_13=0 | X_8=2 & X_9=1 & X_11=2 | X_4=3 & X_11=3 | X_5=0 & X_9=1 & X_11=3 | X_7=2 & X_9=1 & X_11=3,0.194,credit bad t=0.7 m=20 d<=4 puri,+,-
credit,bad,0.7,20,5,4,purity,rules_disjoint,1,0.0,0.0,,0,,0.0,0.0,,0.0,0.0,0.0,0.0,0.0,0.0,,0.196,credit bad t=0.7 m=20 d<=4 puri,=,=
credit,bad,0.7,20,5,4,purity,rules_disjoint,2,0.1651,0.0096,0.7597,25,0.92,0.0422,0.0186,1.0,2.0,0.1651,0.0,0.0,0.0,0.0,X_3=1 & X_5=0,0.196,credit bad t=0.7 m=20 d<=4 puri,=,=
credit,bad,0.7,20,5,4,purity,rules_disjoint,4,0.1651,0.0096,0.7597,25,0.92,0.0422,0.0186,1.0,2.0,0.1651,0.0,0.0,0.0,0.0,X_3=1 & X_5=0,0.196,credit bad t=0.7 m=20 d<=4 puri,=,=
credit,bad,0.7,20,5,4,purity,rules_disjoint,8,0.219,0.0125,0.7312,25,0.72,0.0295,0.0196,0.776,6.4,0.2221,0.0582,0.0096,0.0251,0.0259,X_3=1 & X_5=0 | X_3=0 & X_4=4 & X_8=2 | X_1=6 & X_3=1 & X_5=1,0.196,credit bad t=0.7 m=20 d<=4 puri,+,=
credit,bad,0.7,20,5,4,purity,rules_disjoint,16,0.2671,0.0134,0.7149,25,0.64,0.0171,0.0268,0.713,14.52,0.2843,0.0968,0.0115,0.0112,0.0278,X_3=1 & X_5=0 | X_3=0 & X_4=4 & X_8=2 | X_1=6 & X_3=1 & X_5=1 | X_1=2 & X_3=0 & X_9=0 | X_1=6 & X_3=0 & X_4=2 & X_9=0,0.196,credit bad t=0.7 m=20 d<=4 puri,+,=
credit,bad,0.7,20,5,4,purity,rules_disjoint,32,0.297,0.0136,0.7065,25,0.6,0.0067,0.027,0.677,21.92,0.3187,0.1265,0.013,-0.0015,0.0319,X_3=1 & X_5=0 | X_3=0 & X_4=4 & X_8=2 | X_1=6 & X_3=1 & X_5=1 | X_1=2 & X_3=0 & X_9=0 | X_1=6 & X_3=0 & X_4=2 & X_9=0 | X_1=6 & X_3=1 & X_5=2 & X_10=1 | X_3=0 & X_4=4 & X_6=1 & X_8=1,0.196,credit bad t=0.7 m=20 d<=4 puri,+,=
credit,bad,0.7,20,5,4,purity,tree,1,0.0,0.0,,0,,0.0,0.0,,0.0,0.0,0.0,0.0,0.0,0.0,,0.092,credit bad t=0.7 m=20 d<=4 puri,=,=
credit,bad,0.7,20,5,4,purity,tree,2,0.1651,0.0096,0.7597,25,0.92,0.0422,0.0186,1.0,2.0,0.1651,0.0,0.0,0.0,0.0,entropy-None-depth2-leaf3,0.092,credit bad t=0.7 m=20 d<=4 puri,=,=
credit,bad,0.7,20,5,4,purity,tree,4,0.1651,0.0096,0.7597,25,0.92,0.0422,0.0186,1.0,2.0,0.1651,0.0,0.0,0.0,0.0,entropy-None-depth2-leaf3,0.092,credit bad t=0.7 m=20 d<=4 puri,=,=
credit,bad,0.7,20,5,4,purity,tree,8,0.1651,0.0096,0.7597,25,0.92,0.0422,0.0186,1.0,2.0,0.1651,0.0043,0.0081,0.0378,0.0288,entropy-None-depth2-leaf3,0.092,credit bad t=0.7 m=20 d<=4 puri,=,=
credit,bad,0.7,20,5,4,purity,tree,16,0.1651,0.0096,0.7597,25,0.92,0.0422,0.0186,1.0,2.0,0.1651,-0.0053,0.0082,0.0364,0.0236,entropy-None-depth2-leaf3,0.092,credit bad t=0.7 m=20 d<=4 puri,=,=
credit,bad,0.7,20,5,4,purity,tree,32,0.1651,0.0096,0.7597,25,0.92,0.0422,0.0186,1.0,2.0,0.1651,-0.0054,0.0113,0.034,0.0264,entropy-None-depth2-leaf3,0.092,credit bad t=0.7 m=20 d<=4 puri,=,=
credit,bad,0.7,20,5,4,certified,vsf,1,0.0,0.0,,0,,0.0,0.0,,0.0,0.0,0.0,0.0,0.0,0.0,,0.504,credit bad t=0.7 m=20 d<=4 cert,=,=
credit,bad,0.7,20,5,4,certified,vsf,2,0.0,0.0,,0,,0.0,0.0,,0.0,0.0,0.0,0.0,0.0,0.0,,0.504,credit bad t=0.7 m=20 d<=4 cert,=,=
credit,bad,0.7,20,5,4,certified,vsf,4,0.0,0.0,,0,,0.0,0.0,,0.0,0.0,0.0,0.0,0.0,0.0,,0.504,credit bad t=0.7 m=20 d<=4 cert,=,=
credit,bad,0.7,20,5,4,certified,vsf,8,0.0,0.0,,0,,0.0,0.0,,0.0,0.0,0.0,0.0,0.0,0.0,,0.504,credit bad t=0.7 m=20 d<=4 cert,=,=
credit,bad,0.7,20,5,4,certified,vsf,16,0.0,0.0,,0,,0.0,0.0,,0.0,0.0,0.0,0.0,0.0,0.0,,0.504,credit bad t=0.7 m=20 d<=4 cert,=,=
credit,bad,0.7,20,5,4,certified,vsf,32,0.0,0.0,,0,,0.0,0.0,,0.0,0.0,0.0,0.0,0.0,0.0,,0.504,credit bad t=0.7 m=20 d<=4 cert,=,=
credit,bad,0.7,20,5,4,certified,vsf_partial,1,0.0,0.0,,0,,0.0,0.0,,0.0,0.0,0.0,0.0,0.0,0.0,,0.505,credit bad t=0.7 m=20 d<=4 cert,=,=
credit,bad,0.7,20,5,4,certified,vsf_partial,2,0.0,0.0,,0,,0.0,0.0,,0.0,0.0,0.0,0.0,0.0,0.0,,0.505,credit bad t=0.7 m=20 d<=4 cert,=,=
credit,bad,0.7,20,5,4,certified,vsf_partial,4,0.0,0.0,,0,,0.0,0.0,,0.0,0.0,0.0,0.0,0.0,0.0,,0.505,credit bad t=0.7 m=20 d<=4 cert,=,=
credit,bad,0.7,20,5,4,certified,vsf_partial,8,0.0,0.0,,0,,0.0,0.0,,0.0,0.0,0.0,0.0,0.0,0.0,,0.505,credit bad t=0.7 m=20 d<=4 cert,=,=
credit,bad,0.7,20,5,4,certified,vsf_partial,16,0.0,0.0,,0,,0.0,0.0,,0.0,0.0,0.0,0.0,0.0,0.0,,0.505,credit bad t=0.7 m=20 d<=4 cert,=,=
credit,bad,0.7,20,5,4,certified,vsf_partial,32,0.0,0.0,,0,,0.0,0.0,,0.0,0.0,0.0,0.0,0.0,0.0,,0.505,credit bad t=0.7 m=20 d<=4 cert,=,=
credit,bad,0.7,20,5,4,certified,vsf_greedy,1,0.0,0.0,,0,,0.0,0.0,,0.0,0.0,0.0,0.0,0.0,0.0,,0.465,credit bad t=0.7 m=20 d<=4 cert,=,=
credit,bad,0.7,20,5,4,certified,vsf_greedy,2,0.0,0.0,,0,,0.0,0.0,,0.0,0.0,0.0,0.0,0.0,0.0,,0.465,credit bad t=0.7 m=20 d<=4 cert,=,=
credit,bad,0.7,20,5,4,certified,vsf_greedy,4,0.0,0.0,,0,,0.0,0.0,,0.0,0.0,0.0,0.0,0.0,0.0,,0.465,credit bad t=0.7 m=20 d<=4 cert,=,=
credit,bad,0.7,20,5,4,certified,vsf_greedy,8,0.0,0.0,,0,,0.0,0.0,,0.0,0.0,0.0,0.0,0.0,0.0,,0.465,credit bad t=0.7 m=20 d<=4 cert,=,=
credit,bad,0.7,20,5,4,certified,vsf_greedy,16,0.0,0.0,,0,,0.0,0.0,,0.0,0.0,0.0,0.0,0.0,0.0,,0.465,credit bad t=0.7 m=20 d<=4 cert,=,=
credit,bad,0.7,20,5,4,certified,vsf_greedy,32,0.0,0.0,,0,,0.0,0.0,,0.0,0.0,0.0,0.0,0.0,0.0,,0.465,credit bad t=0.7 m=20 d<=4 cert,=,=
credit,bad,0.7,20,5,4,certified,rules,1,0.0,0.0,,0,,0.0,0.0,,0.0,0.0,0.0,0.0,0.0,0.0,,0.541,credit bad t=0.7 m=20 d<=4 cert,=,=
credit,bad,0.7,20,5,4,certified,rules,2,0.0,0.0,,0,,0.0,0.0,,0.0,0.0,0.0,0.0,0.0,0.0,,0.541,credit bad t=0.7 m=20 d<=4 cert,=,=
credit,bad,0.7,20,5,4,certified,rules,4,0.0,0.0,,0,,0.0,0.0,,0.0,0.0,0.0,0.0,0.0,0.0,,0.541,credit bad t=0.7 m=20 d<=4 cert,=,=
credit,bad,0.7,20,5,4,certified,rules,8,0.0,0.0,,0,,0.0,0.0,,0.0,0.0,0.0,0.0,0.0,0.0,,0.541,credit bad t=0.7 m=20 d<=4 cert,=,=
credit,bad,0.7,20,5,4,certified,rules,16,0.0,0.0,,0,,0.0,0.0,,0.0,0.0,0.0,0.0,0.0,0.0,,0.541,credit bad t=0.7 m=20 d<=4 cert,=,=
credit,bad,0.7,20,5,4,certified,rules,32,0.0,0.0,,0,,0.0,0.0,,0.0,0.0,0.0,0.0,0.0,0.0,,0.541,credit bad t=0.7 m=20 d<=4 cert,=,=
credit,bad,0.7,20,5,4,certified,rules_pure,1,0.0,0.0,,0,,0.0,0.0,,0.0,0.0,0.0,0.0,0.0,0.0,,0.539,credit bad t=0.7 m=20 d<=4 cert,=,=
credit,bad,0.7,20,5,4,certified,rules_pure,2,0.0,0.0,,0,,0.0,0.0,,0.0,0.0,0.0,0.0,0.0,0.0,,0.539,credit bad t=0.7 m=20 d<=4 cert,=,=
credit,bad,0.7,20,5,4,certified,rules_pure,4,0.0,0.0,,0,,0.0,0.0,,0.0,0.0,0.0,0.0,0.0,0.0,,0.539,credit bad t=0.7 m=20 d<=4 cert,=,=
credit,bad,0.7,20,5,4,certified,rules_pure,8,0.0,0.0,,0,,0.0,0.0,,0.0,0.0,0.0,0.0,0.0,0.0,,0.539,credit bad t=0.7 m=20 d<=4 cert,=,=
credit,bad,0.7,20,5,4,certified,rules_pure,16,0.0,0.0,,0,,0.0,0.0,,0.0,0.0,0.0,0.0,0.0,0.0,,0.539,credit bad t=0.7 m=20 d<=4 cert,=,=
credit,bad,0.7,20,5,4,certified,rules_pure,32,0.0,0.0,,0,,0.0,0.0,,0.0,0.0,0.0,0.0,0.0,0.0,,0.539,credit bad t=0.7 m=20 d<=4 cert,=,=
credit,bad,0.7,20,5,4,certified,rules_disjoint,1,0.0,0.0,,0,,0.0,0.0,,0.0,0.0,0.0,0.0,0.0,0.0,,0.54,credit bad t=0.7 m=20 d<=4 cert,=,=
credit,bad,0.7,20,5,4,certified,rules_disjoint,2,0.0,0.0,,0,,0.0,0.0,,0.0,0.0,0.0,0.0,0.0,0.0,,0.54,credit bad t=0.7 m=20 d<=4 cert,=,=
credit,bad,0.7,20,5,4,certified,rules_disjoint,4,0.0,0.0,,0,,0.0,0.0,,0.0,0.0,0.0,0.0,0.0,0.0,,0.54,credit bad t=0.7 m=20 d<=4 cert,=,=
credit,bad,0.7,20,5,4,certified,rules_disjoint,8,0.0,0.0,,0,,0.0,0.0,,0.0,0.0,0.0,0.0,0.0,0.0,,0.54,credit bad t=0.7 m=20 d<=4 cert,=,=
credit,bad,0.7,20,5,4,certified,rules_disjoint,16,0.0,0.0,,0,,0.0,0.0,,0.0,0.0,0.0,0.0,0.0,0.0,,0.54,credit bad t=0.7 m=20 d<=4 cert,=,=
credit,bad,0.7,20,5,4,certified,rules_disjoint,32,0.0,0.0,,0,,0.0,0.0,,0.0,0.0,0.0,0.0,0.0,0.0,,0.54,credit bad t=0.7 m=20 d<=4 cert,=,=
credit,bad,0.7,20,5,4,certified,tree,1,0.0,0.0,,0,,0.0,0.0,,0.0,0.0,0.0,0.0,0.0,0.0,,0.523,credit bad t=0.7 m=20 d<=4 cert,=,=
credit,bad,0.7,20,5,4,certified,tree,2,0.0,0.0,,0,,0.0,0.0,,0.0,0.0,0.0,0.0,0.0,0.0,,0.523,credit bad t=0.7 m=20 d<=4 cert,=,=
credit,bad,0.7,20,5,4,certified,tree,4,0.0,0.0,,0,,0.0,0.0,,0.0,0.0,0.0,0.0,0.0,0.0,,0.523,credit bad t=0.7 m=20 d<=4 cert,=,=
credit,bad,0.7,20,5,4,certified,tree,8,0.0,0.0,,0,,0.0,0.0,,0.0,0.0,0.0,0.0,0.0,0.0,,0.523,credit bad t=0.7 m=20 d<=4 cert,=,=
credit,bad,0.7,20,5,4,certified,tree,16,0.0,0.0,,0,,0.0,0.0,,0.0,0.0,0.0,0.0,0.0,0.0,,0.523,credit bad t=0.7 m=20 d<=4 cert,=,=
credit,bad,0.7,20,5,4,certified,tree,32,0.0,0.0,,0,,0.0,0.0,,0.0,0.0,0.0,0.0,0.0,0.0,,0.523,credit bad t=0.7 m=20 d<=4 cert,=,=
hmda,yes,0.5,20,5,4,purity,vsf,1,0.1544,0.0245,0.9079,25,1.0,0.1404,0.0277,1.0,1.0,0.1544,0.0,0.0,0.0,0.0,X_5#1,0.029,hmda yes t=0.5 m=20 d<=4 puri,=,=
hmda,yes,0.5,20,5,4,purity,vsf,2,0.1754,0.0253,0.5823,25,0.56,0.0154,0.049,0.604,1.72,0.1996,0.0,0.0,0.0,0.0,X_2+X_3#3,0.029,hmda yes t=0.5 m=20 d<=4 puri,=,=
hmda,yes,0.5,20,5,4,purity,vsf,4,0.1888,0.0295,0.5392,25,0.64,0.0119,0.0409,0.589,2.76,0.21,0.0,0.0,0.0,0.0,X_3+X_11#7 | X_3+X_11#6,0.029,hmda yes t=0.5 m=20 d<=4 puri,=,=
hmda,yes,0.5,20,5,4,purity,vsf,8,0.1951,0.0261,0.5232,25,0.64,0.0126,0.0374,0.572,4.08,0.2172,0.0,0.0,0.0,0.0,X_3+X_11#7 | X_3+X_11#6,0.029,hmda yes t=0.5 m=20 d<=4 puri,=,=
hmda,yes,0.5,20,5,4,purity,vsf,16,0.1895,0.026,0.5185,25,0.6,0.0105,0.0372,0.557,5.24,0.2198,0.0,0.0,0.0,0.0,X_3+X_5+X_6+X_7#4 | X_3+X_5+X_6+X_7#9 | X_3+X_5+X_6+X_7#11 | X_3+X_5+X_6+X_7#10,0.029,hmda yes t=0.5 m=20 d<=4 puri,=,=
hmda,yes,0.5,20,5,4,purity,vsf,32,0.1895,0.026,0.5185,25,0.6,0.0105,0.0372,0.557,5.24,0.2198,0.0,0.0,0.0,0.0,X_3+X_5+X_6+X_7#4 | X_3+X_5+X_6+X_7#9 | X_3+X_5+X_6+X_7#11 | X_3+X_5+X_6+X_7#10,0.029,hmda yes t=0.5 m=20 d<=4 puri,=,=
hmda,yes,0.5,20,5,4,purity,vsf_partial,1,0.1544,0.0245,0.9079,25,1.0,0.1404,0.0277,1.0,1.0,0.1544,0.0,0.0,0.0,0.0,X_5#1,0.088,hmda yes t=0.5 m=20 d<=4 puri,=,=
hmda,yes,0.5,20,5,4,purity,vsf_partial,2,0.1754,0.0253,0.5823,25,0.56,0.0154,0.049,0.604,1.72,0.1996,0.0,0.0,0.0,0.0,X_2+X_3#3,0.088,hmda yes t=0.5 m=20 d<=4 puri,=,=
hmda,yes,0.5,20,5,4,purity,vsf_partial,4,0.2526,0.0333,0.6879,25,0.96,0.1368,0.0446,0.718,4.0,0.2804,0.0639,0.0339,0.1249,0.033,X_5#1 | X_1+X_3+X_5#20,0.088,hmda yes t=0.5 m=20 d<=4 puri,=,+
hmda,yes,0.5,20,5,4,purity,vsf_partial,8,0.2926,0.0296,0.6453,25,0.88,0.1221,0.054,0.648,6.84,0.3202,0.0975,0.0284,0.1095,0.0434,X_5#1 | X_1+X_3+X_5#20 | X_1+X_5+X_7#16,0.088,hmda yes t=0.5 m=20 d<=4 puri,+,+
hmda,yes,0.5,20,5,4,purity,vsf_partial,16,0.2926,0.0296,0.6453,25,0.88,0.1221,0.054,0.648,6.84,0.3202,0.1032,0.0268,0.1116,0.0464,X_5#1 | X_1+X_3+X_5#20 | X_1+X_5+X_7#16,0.088,hmda yes t=0.5 m=20 d<=4 puri,+,+
hmda,yes,0.5,20,5,4,purity,vsf_partial,32,0.2926,0.0296,0.6453,25,0.88,0.1221,0.054,0.648,6.84,0.3202,0.1032,0.0268,0.1116,0.0464,X_5#1 | X_1+X_3+X_5#20 | X_1+X_5+X_7#16,0.088,hmda yes t=0.5 m=20 d<=4 puri,+,+
hmda,yes,0.5,20,5,4,purity,vsf_greedy,1,0.1544,0.0245,0.9079,25,1.0,0.1404,0.0277,1.0,1.0,0.1544,0.0,0.0,0.0,0.0,X_5#1,0.004,hmda yes t=0.5 m=20 d<=4 puri,=,=
hmda,yes,0.5,20,5,4,purity,vsf_greedy,2,0.1544,0.0245,0.9079,25,1.0,0.1404,0.0277,1.0,1.0,0.1544,-0.0211,0.0289,0.1249,0.0548,X_5#1,0.004,hmda yes t=0.5 m=20 d<=4 puri,=,+
hmda,yes,0.5,20,5,4,purity,vsf_greedy,4,0.1544,0.0245,0.9079,25,1.0,0.1404,0.0277,1.0,1.0,0.1544,-0.0344,0.0323,0.1284,0.0475,X_5#1,0.004,hmda yes t=0.5 m=20 d<=4 puri,=,+
hmda,yes,0.5,20,5,4,purity,vsf_greedy,8,0.1544,0.0245,0.9079,25,1.0,0.1404,0.0277,1.0,1.0,0.1544,-0.0407,0.0339,0.1277,0.0458,X_5#1,0.004,hmda yes t=0.5 m=20 d<=4 puri,=,+
hmda,yes,0.5,20,5,4,purity,vsf_greedy,16,0.1544,0.0245,0.9079,25,1.0,0.1404,0.0277,1.0,1.0,0.1544,-0.0351,0.0336,0.1298,0.0469,X_5#1,0.004,hmda yes t=0.5 m=20 d<=4 puri,=,+
hmda,yes,0.5,20,5,4,purity,vsf_greedy,32,0.1544,0.0245,0.9079,25,1.0,0.1404,0.0277,1.0,1.0,0.1544,-0.0351,0.0336,0.1298,0.0469,X_5#1,0.004,hmda yes t=0.5 m=20 d<=4 puri,=,+
hmda,yes,0.5,20,5,4,purity,rules,1,0.1544,0.0245,0.9079,25,1.0,0.1404,0.0277,1.0,1.0,0.1544,0.0,0.0,0.0,0.0,X_5=1,0.065,hmda yes t=0.5 m=20 d<=4 puri,=,=
hmda,yes,0.5,20,5,4,purity,rules,2,0.1754,0.0253,0.5823,25,0.56,0.0154,0.049,0.604,1.72,0.1996,0.0,0.0,0.0,0.0,X_2=1 & X_3=1,0.065,hmda yes t=0.5 m=20 d<=4 puri,=,=
hmda,yes,0.5,20,5,4,purity,rules,4,0.3039,0.0308,0.6278,25,0.96,0.113,0.0391,0.807,3.0,0.3193,0.1151,0.026,0.1011,0.0244,X_5=1 | X_2=1 & X_3=1,0.065,hmda yes t=0.5 m=20 d<=4 puri,+,+
hmda,yes,0.5,20,5,4,purity,rules,8,0.3979,0.0297,0.5225,25,0.6,0.0281,0.0527,0.69,7.84,0.426,0.2028,0.0306,0.0154,0.0415,X_5=1 | X_2=1 & X_3=1 | X_1=5 & X_4=0 & X_10=3 | X_1=4 & X_7=1,0.065,hmda yes t=0.5 m=20 d<=4 puri,+,=
hmda,yes,0.5,20,5,4,purity,rules,16,0.4491,0.0305,0.4616,25,0.32,-0.0835,0.0625,0.67,15.56,0.4979,0.2596,0.0347,-0.094,0.058,X_5=1 | X_2=1 & X_3=1 | X_1=5 & X_4=0 & X_10=3 | X_1=4 & X_7=1 | X_4=1 & X_11=3 | X_3=1 & X_11=2 | X_6=0 & X_8=1 & X_10=3 & X_12=2,0.065,hmda yes t=0.5 m=20 d<=4 puri,+,=
hmda,yes,0.5,20,5,4,purity,rules,32,0.5067,0.0342,0.4225,25,0.0,-0.1958,0.07,0.708,31.24,0.556,0.3172,0.04,-0.2063,0.0685,X_5=1 | X_2=1 & X_3=1 | X_1=5 & X_4=0 & X_10=3 | X_1=4 & X_7=1 | X_4=1 & X_11=3 | X_3=1 & X_11=2 | X_6=0 & X_8=1 & X_10=3 & X_12=2 | X_1=5 & X_8=0 & X_11=2 & X_12=0 | X_2=1 & X_6=0 & X_7=1 & X_11=3 | X_1=5 & X_7=0 & X_11=3 | X_1=5 & X_6=0 & X_7=1 | X_1=5 & X_3=1,0.065,hmda yes t=0.5 m=20 d<=4 puri,+,-
hmda,yes,0.5,20,5,4,purity,rules_pure,1,0.1544,0.0245,0.9079,25,1.0,0.1404,0.0277,1.0,1.0,0.1544,0.0,0.0,0.0,0.0,X_5=1,0.065,hmda yes t=0.5 m=20 d<=4 puri,=,=
hmda,yes,0.5,20,5,4,purity,rules_pure,2,0.1754,0.0253,0.5823,25,0.56,0.0154,0.049,0.604,1.72,0.1996,0.0,0.0,0.0,0.0,X_2=1 & X_3=1,0.065,hmda yes t=0.5 m=20 d<=4 puri,=,=
hmda,yes,0.5,20,5,4,purity,rules_pure,4,0.3039,0.0308,0.6278,25,0.96,0.113,0.0391,0.807,3.0,0.3193,0.1151,0.026,0.1011,0.0244,X_5=1 | X_2=1 & X_3=1,0.065,hmda yes t=0.5 m=20 d<=4 puri,+,+
hmda,yes,0.5,20,5,4,purity,rules_pure,8,0.3979,0.0297,0.5225,25,0.6,0.0281,0.0527,0.69,7.84,0.426,0.2028,0.0306,0.0154,0.0415,X_5=1 | X_2=1 & X_3=1 | X_1=5 & X_4=0 & X_10=3 | X_1=4 & X_7=1,0.065,hmda yes t=0.5 m=20 d<=4 puri,+,=
hmda,yes,0.5,20,5,4,purity,rules_pure,16,0.4477,0.0306,0.4655,25,0.36,-0.0737,0.0618,0.672,15.48,0.4947,0.2582,0.0353,-0.0842,0.0567,X_5=1 | X_2=1 & X_3=1 | X_1=5 & X_4=0 & X_10=3 | X_1=4 & X_7=1 | X_4=1 & X_11=3 | X_3=1 & X_11=2 | X_6=0 & X_8=1 & X_10=3 & X_12=2,0.065,hmda yes t=0.5 m=20 d<=4 puri,+,=
hmda,yes,0.5,20,5,4,purity,rules_pure,32,0.4849,0.0313,0.4389,25,0.08,-0.1425,0.0637,0.692,27.04,0.5368,0.2954,0.0361,-0.153,0.0622,X_5=1 | X_2=1 & X_3=1 | X_1=5 & X_4=0 & X_10=3 | X_1=4 & X_7=1 | X_4=1 & X_11=3 | X_3=1 & X_11=2 | X_6=0 & X_8=1 & X_10=3 & X_12=2 | X_1=5 & X_8=0 & X_11=2 & X_12=0 | X_1=5 & X_6=0 & X_7=1 | X_1=4 & X_8=1 & X_11=3 | X_1=5 & X_8=1 & X_11=3 | X_1=5 & X_3=1,0.065,hmda yes t=0.5 m=20 d<=4 puri,+,-
hmda,yes,0.5,20,5,4,purity,rules_disjoint,1,0.1544,0.0245,0.9079,25,1.0,0.1404,0.0277,1.0,1.0,0.1544,0.0,0.0,0.0,0.0,X_5=1,0.064,hmda yes t=0.5 m=20 d<=4 puri,=,=
hmda,yes,0.5,20,5,4,purity,rules_disjoint,2,0.1754,0.0253,0.5823,25,0.56,0.0154,0.049,0.604,1.72,0.1996,0.0,0.0,0.0,0.0,X_2=1 & X_3=1,0.064,hmda yes t=0.5 m=20 d<=4 puri,=,=
hmda,yes,0.5,20,5,4,purity,rules_disjoint,4,0.2526,0.0333,0.6879,25,0.96,0.1368,0.0446,0.718,4.0,0.2804,0.0639,0.0339,0.1249,0.033,X_5=1 | X_1=5 & X_3=1 & X_5=0,0.064,hmda yes t=0.5 m=20 d<=4 puri,=,+
hmda,yes,0.5,20,5,4,purity,rules_disjoint,8,0.2723,0.0322,0.6658,25,0.96,0.1319,0.0471,0.687,5.76,0.3074,0.0772,0.0287,0.1193,0.0357,X_5=1 | X_1=5 & X_3=1 & X_5=0 | X_1=4 & X_5=0 & X_7=1,0.064,hmda yes t=0.5 m=20 d<=4 puri,+,+
hmda,yes,0.5,20,5,4,purity,rules_disjoint,16,0.2723,0.0322,0.6658,25,0.96,0.1319,0.0471,0.687,5.76,0.3074,0.0828,0.0292,0.1214,0.0389,X_5=1 | X_1=5 & X_3=1 & X_5=0 | X_1=4 & X_5=0 & X_7=1,0.064,hmda yes t=0.5 m=20 d<=4 puri,+,+
hmda,yes,0.5,20,5,4,purity,rules_disjoint,32,0.2723,0.0322,0.6658,25,0.96,0.1319,0.0471,0.687,5.76,0.3074,0.0828,0.0292,0.1214,0.0389,X_5=1 | X_1=5 & X_3=1 & X_5=0 | X_1=4 & X_5=0 & X_7=1,0.064,hmda yes t=0.5 m=20 d<=4 puri,+,+
hmda,yes,0.5,20,5,4,purity,tree,1,0.1544,0.0245,0.9079,25,1.0,0.1404,0.0277,1.0,1.0,0.1544,0.0,0.0,0.0,0.0,entropy-None-depth1-leaf2,0.064,hmda yes t=0.5 m=20 d<=4 puri,=,=
hmda,yes,0.5,20,5,4,purity,tree,2,0.2225,0.0272,0.5611,25,0.64,0.0211,0.0433,0.738,1.84,0.2368,0.047,0.0267,0.0056,0.0412,gini-balanced-depth2-leaf2,0.064,hmda yes t=0.5 m=20 d<=4 puri,=,=
hmda,yes,0.5,20,5,4,purity,tree,4,0.2758,0.0418,0.5933,25,0.88,0.0723,0.0384,0.648,3.12,0.2912,0.087,0.049,0.0604,0.0447,gini-balanced-depth2-leaf2,0.064,hmda yes t=0.5 m=20 d<=4 puri,=,=
hmda,yes,0.5,20,5,4,purity,tree,8,0.294,0.0448,0.641,25,0.96,0.1179,0.0411,0.704,4.96,0.3186,0.0989,0.0403,0.1053,0.0287,entropy-None-depth3-leaf7 | entropy-None-depth3-leaf9 | entropy-None-depth3-leaf10,0.064,hmda yes t=0.5 m=20 d<=4 puri,+,+
hmda,yes,0.5,20,5,4,purity,tree,16,0.2975,0.042,0.6418,25,0.96,0.1193,0.0407,0.72,6.0,0.3244,0.1081,0.0387,0.1088,0.031,entropy-None-depth4-leaf17 | entropy-None-depth4-leaf18 | entropy-None-depth4-leaf15 | entropy-None-depth4-leaf14 | entropy-None-depth4-leaf12,0.064,hmda yes t=0.5 m=20 d<=4 puri,+,+
hmda,yes,0.5,20,5,4,purity,tree,32,0.2975,0.042,0.6418,25,0.96,0.1193,0.0407,0.72,6.0,0.3244,0.1081,0.0387,0.1088,0.031,entropy-None-depth4-leaf17 | entropy-None-depth4-leaf18 | entropy-None-depth4-leaf15 | entropy-None-depth4-leaf14 | entropy-None-depth4-leaf12,0.064,hmda yes t=0.5 m=20 d<=4 puri,+,+
hmda,yes,0.5,20,5,4,certified,vsf,1,0.1544,0.0245,0.9079,25,1.0,0.1404,0.0277,1.0,1.0,0.1544,0.0,0.0,0.0,0.0,X_5#1,0.173,hmda yes t=0.5 m=20 d<=4 cert,=,=
hmda,yes,0.5,20,5,4,certified,vsf,2,0.1544,0.0245,0.9079,25,1.0,0.1404,0.0277,1.0,1.0,0.1544,0.0,0.0,0.0,0.0,X_5#1,0.173,hmda yes t=0.5 m=20 d<=4 cert,=,=
hmda,yes,0.5,20,5,4,certified,vsf,4,0.1544,0.0245,0.9079,25,1.0,0.1404,0.0277,1.0,1.0,0.1544,0.0,0.0,0.0,0.0,X_5#1,0.173,hmda yes t=0.5 m=20 d<=4 cert,=,=
hmda,yes,0.5,20,5,4,certified,vsf,8,0.1544,0.0245,0.9079,25,1.0,0.1404,0.0277,1.0,1.0,0.1544,0.0,0.0,0.0,0.0,X_5#1,0.173,hmda yes t=0.5 m=20 d<=4 cert,=,=
hmda,yes,0.5,20,5,4,certified,vsf,16,0.1544,0.0245,0.9079,25,1.0,0.1404,0.0277,1.0,1.0,0.1544,0.0,0.0,0.0,0.0,X_5#1,0.173,hmda yes t=0.5 m=20 d<=4 cert,=,=
hmda,yes,0.5,20,5,4,certified,vsf,32,0.1544,0.0245,0.9079,25,1.0,0.1404,0.0277,1.0,1.0,0.1544,0.0,0.0,0.0,0.0,X_5#1,0.173,hmda yes t=0.5 m=20 d<=4 cert,=,=
hmda,yes,0.5,20,5,4,certified,vsf_partial,1,0.1544,0.0245,0.9079,25,1.0,0.1404,0.0277,1.0,1.0,0.1544,0.0,0.0,0.0,0.0,X_5#1,0.177,hmda yes t=0.5 m=20 d<=4 cert,=,=
hmda,yes,0.5,20,5,4,certified,vsf_partial,2,0.1544,0.0245,0.9079,25,1.0,0.1404,0.0277,1.0,1.0,0.1544,0.0,0.0,0.0,0.0,X_5#1,0.177,hmda yes t=0.5 m=20 d<=4 cert,=,=
hmda,yes,0.5,20,5,4,certified,vsf_partial,4,0.1544,0.0245,0.9079,25,1.0,0.1404,0.0277,1.0,1.0,0.1544,0.0,0.0,0.0,0.0,X_5#1,0.177,hmda yes t=0.5 m=20 d<=4 cert,=,=
hmda,yes,0.5,20,5,4,certified,vsf_partial,8,0.1544,0.0245,0.9079,25,1.0,0.1404,0.0277,1.0,1.0,0.1544,0.0,0.0,0.0,0.0,X_5#1,0.177,hmda yes t=0.5 m=20 d<=4 cert,=,=
hmda,yes,0.5,20,5,4,certified,vsf_partial,16,0.1544,0.0245,0.9079,25,1.0,0.1404,0.0277,1.0,1.0,0.1544,0.0,0.0,0.0,0.0,X_5#1,0.177,hmda yes t=0.5 m=20 d<=4 cert,=,=
hmda,yes,0.5,20,5,4,certified,vsf_partial,32,0.1544,0.0245,0.9079,25,1.0,0.1404,0.0277,1.0,1.0,0.1544,0.0,0.0,0.0,0.0,X_5#1,0.177,hmda yes t=0.5 m=20 d<=4 cert,=,=
hmda,yes,0.5,20,5,4,certified,vsf_greedy,1,0.1544,0.0245,0.9079,25,1.0,0.1404,0.0277,1.0,1.0,0.1544,0.0,0.0,0.0,0.0,X_5#1,0.153,hmda yes t=0.5 m=20 d<=4 cert,=,=
hmda,yes,0.5,20,5,4,certified,vsf_greedy,2,0.1544,0.0245,0.9079,25,1.0,0.1404,0.0277,1.0,1.0,0.1544,0.0,0.0,0.0,0.0,X_5#1,0.153,hmda yes t=0.5 m=20 d<=4 cert,=,=
hmda,yes,0.5,20,5,4,certified,vsf_greedy,4,0.1544,0.0245,0.9079,25,1.0,0.1404,0.0277,1.0,1.0,0.1544,0.0,0.0,0.0,0.0,X_5#1,0.153,hmda yes t=0.5 m=20 d<=4 cert,=,=
hmda,yes,0.5,20,5,4,certified,vsf_greedy,8,0.1544,0.0245,0.9079,25,1.0,0.1404,0.0277,1.0,1.0,0.1544,0.0,0.0,0.0,0.0,X_5#1,0.153,hmda yes t=0.5 m=20 d<=4 cert,=,=
hmda,yes,0.5,20,5,4,certified,vsf_greedy,16,0.1544,0.0245,0.9079,25,1.0,0.1404,0.0277,1.0,1.0,0.1544,0.0,0.0,0.0,0.0,X_5#1,0.153,hmda yes t=0.5 m=20 d<=4 cert,=,=
hmda,yes,0.5,20,5,4,certified,vsf_greedy,32,0.1544,0.0245,0.9079,25,1.0,0.1404,0.0277,1.0,1.0,0.1544,0.0,0.0,0.0,0.0,X_5#1,0.153,hmda yes t=0.5 m=20 d<=4 cert,=,=
hmda,yes,0.5,20,5,4,certified,rules,1,0.1544,0.0245,0.9079,25,1.0,0.1404,0.0277,1.0,1.0,0.1544,0.0,0.0,0.0,0.0,X_5=1,0.19,hmda yes t=0.5 m=20 d<=4 cert,=,=
hmda,yes,0.5,20,5,4,certified,rules,2,0.1544,0.0245,0.9079,25,1.0,0.1404,0.0277,1.0,1.0,0.1544,0.0,0.0,0.0,0.0,X_5=1,0.19,hmda yes t=0.5 m=20 d<=4 cert,=,=
hmda,yes,0.5,20,5,4,certified,rules,4,0.1544,0.0245,0.9079,25,1.0,0.1404,0.0277,1.0,1.0,0.1544,0.0,0.0,0.0,0.0,X_5=1,0.19,hmda yes t=0.5 m=20 d<=4 cert,=,=
hmda,yes,0.5,20,5,4,certified,rules,8,0.1544,0.0245,0.9079,25,1.0,0.1404,0.0277,1.0,1.0,0.1544,0.0,0.0,0.0,0.0,X_5=1,0.19,hmda yes t=0.5 m=20 d<=4 cert,=,=
hmda,yes,0.5,20,5,4,certified,rules,16,0.1544,0.0245,0.9079,25,1.0,0.1404,0.0277,1.0,1.0,0.1544,0.0,0.0,0.0,0.0,X_5=1,0.19,hmda yes t=0.5 m=20 d<=4 cert,=,=
hmda,yes,0.5,20,5,4,certified,rules,32,0.1544,0.0245,0.9079,25,1.0,0.1404,0.0277,1.0,1.0,0.1544,0.0,0.0,0.0,0.0,X_5=1,0.19,hmda yes t=0.5 m=20 d<=4 cert,=,=
hmda,yes,0.5,20,5,4,certified,rules_pure,1,0.1544,0.0245,0.9079,25,1.0,0.1404,0.0277,1.0,1.0,0.1544,0.0,0.0,0.0,0.0,X_5=1,0.19,hmda yes t=0.5 m=20 d<=4 cert,=,=
hmda,yes,0.5,20,5,4,certified,rules_pure,2,0.1544,0.0245,0.9079,25,1.0,0.1404,0.0277,1.0,1.0,0.1544,0.0,0.0,0.0,0.0,X_5=1,0.19,hmda yes t=0.5 m=20 d<=4 cert,=,=
hmda,yes,0.5,20,5,4,certified,rules_pure,4,0.1544,0.0245,0.9079,25,1.0,0.1404,0.0277,1.0,1.0,0.1544,0.0,0.0,0.0,0.0,X_5=1,0.19,hmda yes t=0.5 m=20 d<=4 cert,=,=
hmda,yes,0.5,20,5,4,certified,rules_pure,8,0.1544,0.0245,0.9079,25,1.0,0.1404,0.0277,1.0,1.0,0.1544,0.0,0.0,0.0,0.0,X_5=1,0.19,hmda yes t=0.5 m=20 d<=4 cert,=,=
hmda,yes,0.5,20,5,4,certified,rules_pure,16,0.1544,0.0245,0.9079,25,1.0,0.1404,0.0277,1.0,1.0,0.1544,0.0,0.0,0.0,0.0,X_5=1,0.19,hmda yes t=0.5 m=20 d<=4 cert,=,=
hmda,yes,0.5,20,5,4,certified,rules_pure,32,0.1544,0.0245,0.9079,25,1.0,0.1404,0.0277,1.0,1.0,0.1544,0.0,0.0,0.0,0.0,X_5=1,0.19,hmda yes t=0.5 m=20 d<=4 cert,=,=
hmda,yes,0.5,20,5,4,certified,rules_disjoint,1,0.1544,0.0245,0.9079,25,1.0,0.1404,0.0277,1.0,1.0,0.1544,0.0,0.0,0.0,0.0,X_5=1,0.19,hmda yes t=0.5 m=20 d<=4 cert,=,=
hmda,yes,0.5,20,5,4,certified,rules_disjoint,2,0.1544,0.0245,0.9079,25,1.0,0.1404,0.0277,1.0,1.0,0.1544,0.0,0.0,0.0,0.0,X_5=1,0.19,hmda yes t=0.5 m=20 d<=4 cert,=,=
hmda,yes,0.5,20,5,4,certified,rules_disjoint,4,0.1544,0.0245,0.9079,25,1.0,0.1404,0.0277,1.0,1.0,0.1544,0.0,0.0,0.0,0.0,X_5=1,0.19,hmda yes t=0.5 m=20 d<=4 cert,=,=
hmda,yes,0.5,20,5,4,certified,rules_disjoint,8,0.1544,0.0245,0.9079,25,1.0,0.1404,0.0277,1.0,1.0,0.1544,0.0,0.0,0.0,0.0,X_5=1,0.19,hmda yes t=0.5 m=20 d<=4 cert,=,=
hmda,yes,0.5,20,5,4,certified,rules_disjoint,16,0.1544,0.0245,0.9079,25,1.0,0.1404,0.0277,1.0,1.0,0.1544,0.0,0.0,0.0,0.0,X_5=1,0.19,hmda yes t=0.5 m=20 d<=4 cert,=,=
hmda,yes,0.5,20,5,4,certified,rules_disjoint,32,0.1544,0.0245,0.9079,25,1.0,0.1404,0.0277,1.0,1.0,0.1544,0.0,0.0,0.0,0.0,X_5=1,0.19,hmda yes t=0.5 m=20 d<=4 cert,=,=
hmda,yes,0.5,20,5,4,certified,tree,1,0.1544,0.0245,0.9079,25,1.0,0.1404,0.0277,1.0,1.0,0.1544,0.0,0.0,0.0,0.0,entropy-None-depth1-leaf2,0.184,hmda yes t=0.5 m=20 d<=4 cert,=,=
hmda,yes,0.5,20,5,4,certified,tree,2,0.1544,0.0245,0.9079,25,1.0,0.1404,0.0277,1.0,1.0,0.1544,0.0,0.0,0.0,0.0,entropy-None-depth1-leaf2,0.184,hmda yes t=0.5 m=20 d<=4 cert,=,=
hmda,yes,0.5,20,5,4,certified,tree,4,0.1544,0.0245,0.9079,25,1.0,0.1404,0.0277,1.0,1.0,0.1544,0.0,0.0,0.0,0.0,entropy-None-depth1-leaf2,0.184,hmda yes t=0.5 m=20 d<=4 cert,=,=
hmda,yes,0.5,20,5,4,certified,tree,8,0.1544,0.0245,0.9079,25,1.0,0.1404,0.0277,1.0,1.0,0.1544,0.0,0.0,0.0,0.0,entropy-None-depth1-leaf2,0.184,hmda yes t=0.5 m=20 d<=4 cert,=,=
hmda,yes,0.5,20,5,4,certified,tree,16,0.1544,0.0245,0.9079,25,1.0,0.1404,0.0277,1.0,1.0,0.1544,0.0,0.0,0.0,0.0,entropy-None-depth1-leaf2,0.184,hmda yes t=0.5 m=20 d<=4 cert,=,=
hmda,yes,0.5,20,5,4,certified,tree,32,0.1544,0.0245,0.9079,25,1.0,0.1404,0.0277,1.0,1.0,0.1544,0.0,0.0,0.0,0.0,entropy-None-depth1-leaf2,0.184,hmda yes t=0.5 m=20 d<=4 cert,=,=
mlc_churn,yes,0.7,20,5,4,purity,vsf,1,0.0,0.0,,0,,0.0,0.0,,0.0,0.0,0.0,0.0,0.0,0.0,,0.025,mlc_churn yes t=0.7 m=20 d<=4 puri,=,=
mlc_churn,yes,0.7,20,5,4,purity,vsf,2,0.1084,0.0143,0.8251,25,0.76,0.0497,0.0434,0.549,2.0,0.1321,0.0,0.0,0.0,0.0,X_5+X_11#4,0.025,mlc_churn yes t=0.7 m=20 d<=4 puri,=,=
mlc_churn,yes,0.7,20,5,4,purity,vsf,4,0.1166,0.0195,0.7732,25,0.6,0.0168,0.0532,0.376,2.16,0.147,0.0,0.0,0.0,0.0,X_5+X_11#4,0.025,mlc_churn yes t=0.7 m=20 d<=4 puri,=,=
mlc_churn,yes,0.7,20,5,4,purity,vsf,8,0.1109,0.0186,0.7363,25,0.52,-0.002,0.0491,0.291,2.88,0.1478,0.0,0.0,0.0,0.0,X_5+X_11#4,0.025,mlc_churn yes t=0.7 m=20 d<=4 puri,=,=
mlc_churn,yes,0.7,20,5,4,purity,vsf,16,0.1601,0.0164,0.746,25,0.76,0.0234,0.0387,0.449,10.04,0.1753,0.0,0.0,0.0,0.0,X_3+X_5+X_6+X_7#63 | X_3+X_5+X_6+X_7#62 | X_3+X_5+X_6+X_7#61,0.025,mlc_churn yes t=0.7 m=20 d<=4 puri,=,=
mlc_churn,yes,0.7,20,5,4,purity,vsf,32,0.1598,0.0166,0.7511,25,0.76,0.0258,0.0392,0.411,10.28,0.1762,0.0,0.0,0.0,0.0,X_3+X_5+X_6+X_7#63 | X_3+X_5+X_6+X_7#62 | X_3+X_5+X_6+X_7#61,0.025,mlc_churn yes t=0.7 m=20 d<=4 puri,=,=
mlc_churn,yes,0.7,20,5,4,purity,vsf_partial,1,0.0,0.0,,0,,0.0,0.0,,0.0,0.0,0.0,0.0,0.0,0.0,,0.058,mlc_churn yes t=0.7 m=20 d<=4 puri,=,=
mlc_churn,yes,0.7,20,5,4,purity,vsf_partial,2,0.1084,0.0143,0.8251,25,0.76,0.0497,0.0434,0.549,2.0,0.1321,0.0,0.0,0.0,0.0,X_5+X_11#4,0.058,mlc_churn yes t=0.7 m=20 d<=4 puri,=,=
mlc_churn,yes,0.7,20,5,4,purity,vsf_partial,4,0.1477,0.037,0.7845,25,0.68,0.0401,0.0561,0.411,2.6,0.1706,0.0311,0.032,0.0232,0.0406,X_5+X_11#4,0.058,mlc_churn yes t=0.7 m=20 d<=4 puri,=,=
mlc_churn,yes,0.7,20,5,4,purity,vsf_partial,8,0.2284,0.0328,0.7835,25,0.8,0.0725,0.0431,0.504,6.12,0.2556,0.1174,0.0274,0.0745,0.0412,X_5+X_11#4 | X_3+X_5+X_6+X_11#76,0.058,mlc_churn yes t=0.7 m=20 d<=4 puri,+,=
mlc_churn,yes,0.7,20,5,4,purity,vsf_partial,16,0.2465,0.0289,0.8012,25,0.84,0.0952,0.0474,0.537,8.8,0.2812,0.0863,0.033,0.0718,0.0492,X_5+X_11#4 | X_3+X_5+X_6+X_11#76 | X_5+X_6+X_11#29,0.058,mlc_churn yes t=0.7 m=20 d<=4 puri,+,=
mlc_churn,yes,0.7,20,5,4,purity,vsf_partial,32,0.2465,0.0289,0.8012,25,0.84,0.0952,0.0474,0.537,8.8,0.2812,0.0866,0.0329,0.0695,0.0503,X_5+X_11#4 | X_3+X_5+X_6+X_11#76 | X_5+X_6+X_11#29,0.058,mlc_churn yes t=0.7 m=20 d<=4 puri,+,=
mlc_churn,yes,0.7,20,5,4,purity,vsf_greedy,1,0.0,0.0,,0,,0.0,0.0,,0.0,0.0,0.0,0.0,0.0,0.0,,0.004,mlc_churn yes t=0.7 m=20 d<=4 puri,=,=
mlc_churn,yes,0.7,20,5,4,purity,vsf_greedy,2,0.1287,0.0184,0.9353,25,1.0,0.1089,0.0219,1.0,2.0,0.1287,0.0204,0.0193,0.0593,0.05,X_5+X_11#4,0.004,mlc_churn yes t=0.7 m=20 d<=4 puri,=,=
mlc_churn,yes,0.7,20,5,4,purity,vsf_greedy,4,0.1287,0.0184,0.9353,25,1.0,0.1089,0.0219,1.0,2.0,0.1287,0.0121,0.0242,0.0921,0.0557,X_5+X_11#4,0.004,mlc_churn yes t=0.7 m=20 d<=4 puri,=,=
mlc_churn,yes,0.7,20,5,4,purity,vsf_greedy,8,0.1287,0.0184,0.9353,25,1.0,0.1089,0.0219,1.0,2.0,0.1287,0.0178,0.0276,0.1109,0.0539,X_5+X_11#4,0.004,mlc_churn yes t=0.7 m=20 d<=4 puri,=,+
mlc_churn,yes,0.7,20,5,4,purity,vsf_greedy,16,0.1301,0.0163,0.8768,25,0.92,0.0827,0.0256,0.648,8.0,0.1411,-0.03,0.0222,0.0593,0.0485,X_5+X_6+X_11#4 | X_5+X_6+X_11#14 | X_5+X_6+X_11#9 | X_5+X_6+X_11#29 | X_5+X_6+X_11#19,0.004,mlc_churn yes t=0.7 m=20 d<=4 puri,=,=
mlc_churn,yes,0.7,20,5,4,purity,vsf_greedy,32,0.1304,0.0163,0.8734,25,0.92,0.0816,0.0255,0.659,8.12,0.1423,-0.0294,0.0224,0.0558,0.0489,X_5+X_6+X_11#4 | X_5+X_6+X_11#14 | X_5+X_6+X_11#9 | X_5+X_6+X_11#29 | X_5+X_6+X_11#19,0.004,mlc_churn yes t=0.7 m=20 d<=4 puri,=,=
mlc_churn,yes,0.7,20,5,4,purity,rules,1,0.0,0.0,,0,,0.0,0.0,,0.0,0.0,0.0,0.0,0.0,0.0,,0.062,mlc_churn yes t=0.7 m=20 d<=4 puri,=,=
mlc_churn,yes,0.7,20,5,4,purity,rules,2,0.1084,0.0143,0.8251,25,0.76,0.0497,0.0434,0.549,2.0,0.1321,0.0,0.0,0.0,0.0,X_5=0 & X_11=4,0.062,mlc_churn yes t=0.7 m=20 d<=4 puri,=,=
mlc_churn,yes,0.7,20,5,4,purity,rules,4,0.2283,0.0293,0.7795,25,0.76,0.0711,0.0562,0.649,3.76,0.2391,0.1117,0.0363,0.0543,0.0351,X_5=0 & X_11=4,0.062,mlc_churn yes t=0.7 m=20 d<=4 puri,+,=
mlc_churn,yes,0.7,20,5,4,purity,rules,8,0.3427,0.0347,0.7682,25,0.88,0.0971,0.0414,0.776,7.76,0.3528,0.2317,0.025,0.0991,0.0516,X_5=0 & X_11=4 | X_3=0 & X_5=3 & X_6=3 & X_9=0,0.062,mlc_churn yes t=0.7 m=20 d<=4 puri,+,=
mlc_churn,yes,0.7,20,5,4,purity,rules,16,0.4069,0.0302,0.7382,25,0.76,0.0603,0.0462,0.695,15.2,0.4424,0.2467,0.0326,0.0369,0.0537,X_5=0 & X_11=4 | X_3=0 & X_5=3 & X_6=3 & X_9=0 | X_2=1 & X_8=3 & X_10=0 | X_3=0 & X_5=3 & X_6=3 & X_11=1 | X_5=1 & X_6=1 & X_11=4,0.062,mlc_churn yes t=0.7 m=20 d<=4 puri,+,=
mlc_churn,yes,0.7,20,5,4,purity,rules,32,0.5045,0.0265,0.7126,25,0.56,0.0212,0.0563,0.737,31.44,0.5524,0.3446,0.0314,-0.0045,0.0598,X_5=0 & X_11=4 | X_3=0 & X_5=3 & X_6=3 & X_9=0 | X_2=1 & X_8=3 & X_10=0 | X_3=0 & X_5=3 & X_6=3 & X_11=1 | X_5=1 & X_6=1 & X_11=4 | X_2=1 & X_7=3 & X_8=3 | X_5=1 & X_7=0 & X_11=4 | X_6=0 & X_9=0 & X_11=4 | X_1=0 & X_3=0 & X_5=3 & X_6=3 | X_2=1 & X_8=3 & X_11=2,0.062,mlc_churn yes t=0.7 m=20 d<=4 puri,+,=
mlc_churn,yes,0.7,20,5,4,purity,rules_pure,1,0.0,0.0,,0,,0.0,0.0,,0.0,0.0,0.0,0.0,0.0,0.0,,0.062,mlc_churn yes t=0.7 m=20 d<=4 puri,=,=
mlc_churn,yes,0.7,20,5,4,purity,rules_pure,2,0.1084,0.0143,0.8251,25,0.76,0.0497,0.0434,0.549,2.0,0.1321,0.0,0.0,0.0,0.0,X_5=0 & X_11=4,0.062,mlc_churn yes t=0.7 m=20 d<=4 puri,=,=
mlc_churn,yes,0.7,20,5,4,purity,rules_pure,4,0.2283,0.0293,0.7795,25,0.76,0.0711,0.0562,0.649,3.76,0.2391,0.1117,0.0363,0.0543,0.0351,X_5=0 & X_11=4,0.062,mlc_churn yes t=0.7 m=20 d<=4 puri,+,=
mlc_churn,yes,0.7,20,5,4,purity,rules_pure,8,0.3427,0.0347,0.7682,25,0.88,0.0971,0.0414,0.776,7.76,0.3528,0.2317,0.025,0.0991,0.0516,X_5=0 & X_11=4 | X_3=0 & X_5=3 & X_6=3 & X_9=0,0.062,mlc_churn yes t=0.7 m=20 d<=4 puri,+,=
mlc_churn,yes,0.7,20,5,4,purity,rules_pure,16,0.4069,0.0302,0.7382,25,0.76,0.0603,0.0462,0.695,15.2,0.4424,0.2467,0.0326,0.0369,0.0537,X_5=0 & X_11=4 | X_3=0 & X_5=3 & X_6=3 & X_9=0 | X_2=1 & X_8=3 & X_10=0 | X_3=0 & X_5=3 & X_6=3 & X_11=1 | X_5=1 & X_6=1 & X_11=4,0.062,mlc_churn yes t=0.7 m=20 d<=4 puri,+,=
mlc_churn,yes,0.7,20,5,4,purity,rules_pure,32,0.5045,0.0265,0.7126,25,0.56,0.0212,0.0563,0.737,31.44,0.5524,0.3446,0.0314,-0.0045,0.0598,X_5=0 & X_11=4 | X_3=0 & X_5=3 & X_6=3 & X_9=0 | X_2=1 & X_8=3 & X_10=0 | X_3=0 & X_5=3 & X_6=3 & X_11=1 | X_5=1 & X_6=1 & X_11=4 | X_2=1 & X_7=3 & X_8=3 | X_5=1 & X_7=0 & X_11=4 | X_6=0 & X_9=0 & X_11=4 | X_1=0 & X_3=0 & X_5=3 & X_6=3 | X_2=1 & X_8=3 & X_11=2,0.062,mlc_churn yes t=0.7 m=20 d<=4 puri,+,=
mlc_churn,yes,0.7,20,5,4,purity,rules_disjoint,1,0.0,0.0,,0,,0.0,0.0,,0.0,0.0,0.0,0.0,0.0,0.0,,0.062,mlc_churn yes t=0.7 m=20 d<=4 puri,=,=
mlc_churn,yes,0.7,20,5,4,purity,rules_disjoint,2,0.1084,0.0143,0.8251,25,0.76,0.0497,0.0434,0.549,2.0,0.1321,0.0,0.0,0.0,0.0,X_5=0 & X_11=4,0.062,mlc_churn yes t=0.7 m=20 d<=4 puri,=,=
mlc_churn,yes,0.7,20,5,4,purity,rules_disjoint,4,0.1398,0.035,0.7849,25,0.68,0.0341,0.0578,0.404,2.48,0.1665,0.0232,0.0303,0.0172,0.0254,X_5=0 & X_11=4,0.062,mlc_churn yes t=0.7 m=20 d<=4 puri,=,=
mlc_churn,yes,0.7,20,5,4,purity,rules_disjoint,8,0.2498,0.0344,0.7733,25,0.88,0.0716,0.0395,0.568,7.04,0.2795,0.1389,0.0311,0.0736,0.0405,X_5=0 & X_11=4 | X_3=0 & X_5=3 & X_6=3 & X_9=0,0.062,mlc_churn yes t=0.7 m=20 d<=4 puri,+,=
mlc_churn,yes,0.7,20,5,4,purity,rules_disjoint,16,0.3279,0.0285,0.7609,25,0.84,0.0811,0.0469,0.606,14.16,0.3682,0.1678,0.029,0.0577,0.0486,X_5=0 & X_11=4 | X_3=0 & X_5=3 & X_6=3 & X_9=0 | X_2=1 & X_8=3 & X_10=0 | X_5=1 & X_6=1 & X_11=4 | X_5=3 & X_6=3 & X_7=3 & X_9=1,0.062,mlc_churn yes t=0.7 m=20 d<=4 puri,+,=
mlc_churn,yes,0.7,20,5,4,purity,rules_disjoint,32,0.3313,0.0286,0.7618,25,0.84,0.0825,0.046,0.611,14.72,0.3729,0.1715,0.0303,0.0567,0.049,X_5=0 & X_11=4 | X_3=0 & X_5=3 & X_6=3 & X_9=0 | X_2=1 & X_8=3 & X_10=0 | X_5=1 & X_6=1 & X_11=4 | X_5=3 & X_6=3 & X_7=3 & X_9=1,0.062,mlc_churn yes t=0.7 m=20 d<=4 puri,+,=
mlc_churn,yes,0.7,20,5,4,purity,tree,1,0.0,0.0,,0,,0.0,0.0,,0.0,0.0,0.0,0.0,0.0,0.0,,0.083,mlc_churn yes t=0.7 m=20 d<=4 puri,=,=
mlc_churn,yes,0.7,20,5,4,purity,tree,2,0.1236,0.0183,0.9143,25,0.96,0.0972,0.0299,0.92,2.0,0.1298,0.0153,0.0152,0.0476,0.0429,entropy-None-depth2-leaf6,0.083,mlc_churn yes t=0.7 m=20 d<=4 puri,=,=
mlc_churn,yes,0.7,20,5,4,purity,tree,4,0.1423,0.0259,0.8007,25,0.64,0.0393,0.054,0.435,2.64,0.1561,0.0257,0.0272,0.0224,0.0522,entropy-None-depth4-leaf12,0.083,mlc_churn yes t=0.7 m=20 d<=4 puri,=,=
mlc_churn,yes,0.7,20,5,4,purity,tree,8,0.1785,0.0326,0.8038,25,0.72,0.0525,0.0383,0.455,4.56,0.1975,0.0676,0.0315,0.0545,0.047,entropy-None-depth4-leaf12 | entropy-None-depth4-leaf25,0.083,mlc_churn yes t=0.7 m=20 d<=4 puri,+,=
mlc_churn,yes,0.7,20,5,4,purity,tree,16,0.2085,0.0405,0.8112,25,0.76,0.066,0.0423,0.502,11.28,0.2363,0.0484,0.0386,0.0426,0.0482,entropy-None-depth4-leaf12 | entropy-None-depth4-leaf25 | entropy-None-depth4-leaf26 | entropy-None-depth4-leaf23,0.083,mlc_churn yes t=0.7 m=20 d<=4 puri,=,=
mlc_churn,yes,0.7,20,5,4,purity,tree,32,0.2119,0.0429,0.813,25,0.84,0.0687,0.0403,0.51,12.16,0.2405,0.0521,0.0405,0.0429,0.0486,entropy-None-depth4-leaf12 | entropy-None-depth4-leaf25 | entropy-None-depth4-leaf26 | entropy-None-depth4-leaf23,0.083,mlc_churn yes t=0.7 m=20 d<=4 puri,=,=
mlc_churn,yes,0.7,20,5,4,certified,vsf,1,0.0,0.0,,0,,0.0,0.0,,0.0,0.0,0.0,0.0,0.0,0.0,,0.353,mlc_churn yes t=0.7 m=20 d<=4 cert,=,=
mlc_churn,yes,0.7,20,5,4,certified,vsf,2,0.0857,0.0278,0.9206,19,1.0,0.0679,0.0231,0.6,1.52,0.1009,0.0,0.0,0.0,0.0,X_5+X_11#4,0.353,mlc_churn yes t=0.7 m=20 d<=4 cert,=,=
mlc_churn,yes,0.7,20,5,4,certified,vsf,4,0.0857,0.0278,0.9206,19,1.0,0.0679,0.0231,0.6,1.52,0.1009,0.0,0.0,0.0,0.0,X_5+X_11#4,0.353,mlc_churn yes t=0.7 m=20 d<=4 cert,=,=
mlc_churn,yes,0.7,20,5,4,certified,vsf,8,0.0857,0.0278,0.9206,19,1.0,0.0679,0.0231,0.6,1.52,0.1009,0.0,0.0,0.0,0.0,X_5+X_11#4,0.353,mlc_churn yes t=0.7 m=20 d<=4 cert,=,=
mlc_churn,yes,0.7,20,5,4,certified,vsf,16,0.0857,0.0278,0.9206,19,1.0,0.0679,0.0231,0.6,1.52,0.1009,0.0,0.0,0.0,0.0,X_5+X_11#4,0.353,mlc_churn yes t=0.7 m=20 d<=4 cert,=,=
mlc_churn,yes,0.7,20,5,4,certified,vsf,32,0.0857,0.0278,0.9206,19,1.0,0.0679,0.0231,0.6,1.52,0.1009,0.0,0.0,0.0,0.0,X_5+X_11#4,0.353,mlc_churn yes t=0.7 m=20 d<=4 cert,=,=
mlc_churn,yes,0.7,20,5,4,certified,vsf_partial,1,0.0,0.0,,0,,0.0,0.0,,0.0,0.0,0.0,0.0,0.0,0.0,,0.355,mlc_churn yes t=0.7 m=20 d<=4 cert,=,=
mlc_churn,yes,0.7,20,5,4,certified,vsf_partial,2,0.0857,0.0278,0.9206,19,1.0,0.0679,0.0231,0.6,1.52,0.1009,0.0,0.0,0.0,0.0,X_5+X_11#4,0.355,mlc_churn yes t=0.7 m=20 d<=4 cert,=,=
mlc_churn,yes,0.7,20,5,4,certified,vsf_partial,4,0.0857,0.0278,0.9206,19,1.0,0.0679,0.0231,0.6,1.52,0.1009,0.0,0.0,0.0,0.0,X_5+X_11#4,0.355,mlc_churn yes t=0.7 m=20 d<=4 cert,=,=
mlc_churn,yes,0.7,20,5,4,certified,vsf_partial,8,0.0857,0.0278,0.9206,19,1.0,0.0679,0.0231,0.6,1.52,0.1009,0.0,0.0,0.0,0.0,X_5+X_11#4,0.355,mlc_churn yes t=0.7 m=20 d<=4 cert,=,=
mlc_churn,yes,0.7,20,5,4,certified,vsf_partial,16,0.0857,0.0278,0.9206,19,1.0,0.0679,0.0231,0.6,1.52,0.1009,0.0,0.0,0.0,0.0,X_5+X_11#4,0.355,mlc_churn yes t=0.7 m=20 d<=4 cert,=,=
mlc_churn,yes,0.7,20,5,4,certified,vsf_partial,32,0.0857,0.0278,0.9206,19,1.0,0.0679,0.0231,0.6,1.52,0.1009,0.0,0.0,0.0,0.0,X_5+X_11#4,0.355,mlc_churn yes t=0.7 m=20 d<=4 cert,=,=
mlc_churn,yes,0.7,20,5,4,certified,vsf_greedy,1,0.0,0.0,,0,,0.0,0.0,,0.0,0.0,0.0,0.0,0.0,0.0,,0.336,mlc_churn yes t=0.7 m=20 d<=4 cert,=,=
mlc_churn,yes,0.7,20,5,4,certified,vsf_greedy,2,0.0857,0.0278,0.9206,19,1.0,0.0679,0.0231,0.6,1.52,0.1009,0.0,0.0,0.0,0.0,X_5+X_11#4,0.336,mlc_churn yes t=0.7 m=20 d<=4 cert,=,=
mlc_churn,yes,0.7,20,5,4,certified,vsf_greedy,4,0.0857,0.0278,0.9206,19,1.0,0.0679,0.0231,0.6,1.52,0.1009,0.0,0.0,0.0,0.0,X_5+X_11#4,0.336,mlc_churn yes t=0.7 m=20 d<=4 cert,=,=
mlc_churn,yes,0.7,20,5,4,certified,vsf_greedy,8,0.0857,0.0278,0.9206,19,1.0,0.0679,0.0231,0.6,1.52,0.1009,0.0,0.0,0.0,0.0,X_5+X_11#4,0.336,mlc_churn yes t=0.7 m=20 d<=4 cert,=,=
mlc_churn,yes,0.7,20,5,4,certified,vsf_greedy,16,0.0857,0.0278,0.9206,19,1.0,0.0679,0.0231,0.6,1.52,0.1009,0.0,0.0,0.0,0.0,X_5+X_11#4,0.336,mlc_churn yes t=0.7 m=20 d<=4 cert,=,=
mlc_churn,yes,0.7,20,5,4,certified,vsf_greedy,32,0.0857,0.0278,0.9206,19,1.0,0.0679,0.0231,0.6,1.52,0.1009,0.0,0.0,0.0,0.0,X_5+X_11#4,0.336,mlc_churn yes t=0.7 m=20 d<=4 cert,=,=
mlc_churn,yes,0.7,20,5,4,certified,rules,1,0.0,0.0,,0,,0.0,0.0,,0.0,0.0,0.0,0.0,0.0,0.0,,0.372,mlc_churn yes t=0.7 m=20 d<=4 cert,=,=
mlc_churn,yes,0.7,20,5,4,certified,rules,2,0.0857,0.0278,0.9206,19,1.0,0.0679,0.0231,0.6,1.52,0.1009,0.0,0.0,0.0,0.0,X_5=0 & X_11=4,0.372,mlc_churn yes t=0.7 m=20 d<=4 cert,=,=
mlc_churn,yes,0.7,20,5,4,certified,rules,4,0.0857,0.0278,0.9206,19,1.0,0.0679,0.0231,0.6,1.52,0.1009,0.0,0.0,0.0,0.0,X_5=0 & X_11=4,0.372,mlc_churn yes t=0.7 m=20 d<=4 cert,=,=
mlc_churn,yes,0.7,20,5,4,certified,rules,8,0.0857,0.0278,0.9206,19,1.0,0.0679,0.0231,0.6,1.52,0.1009,0.0,0.0,0.0,0.0,X_5=0 & X_11=4,0.372,mlc_churn yes t=0.7 m=20 d<=4 cert,=,=
mlc_churn,yes,0.7,20,5,4,certified,rules,16,0.0857,0.0278,0.9206,19,1.0,0.0679,0.0231,0.6,1.52,0.1009,0.0,0.0,0.0,0.0,X_5=0 & X_11=4,0.372,mlc_churn yes t=0.7 m=20 d<=4 cert,=,=
mlc_churn,yes,0.7,20,5,4,certified,rules,32,0.0857,0.0278,0.9206,19,1.0,0.0679,0.0231,0.6,1.52,0.1009,0.0,0.0,0.0,0.0,X_5=0 & X_11=4,0.372,mlc_churn yes t=0.7 m=20 d<=4 cert,=,=
mlc_churn,yes,0.7,20,5,4,certified,rules_pure,1,0.0,0.0,,0,,0.0,0.0,,0.0,0.0,0.0,0.0,0.0,0.0,,0.372,mlc_churn yes t=0.7 m=20 d<=4 cert,=,=
mlc_churn,yes,0.7,20,5,4,certified,rules_pure,2,0.0857,0.0278,0.9206,19,1.0,0.0679,0.0231,0.6,1.52,0.1009,0.0,0.0,0.0,0.0,X_5=0 & X_11=4,0.372,mlc_churn yes t=0.7 m=20 d<=4 cert,=,=
mlc_churn,yes,0.7,20,5,4,certified,rules_pure,4,0.0857,0.0278,0.9206,19,1.0,0.0679,0.0231,0.6,1.52,0.1009,0.0,0.0,0.0,0.0,X_5=0 & X_11=4,0.372,mlc_churn yes t=0.7 m=20 d<=4 cert,=,=
mlc_churn,yes,0.7,20,5,4,certified,rules_pure,8,0.0857,0.0278,0.9206,19,1.0,0.0679,0.0231,0.6,1.52,0.1009,0.0,0.0,0.0,0.0,X_5=0 & X_11=4,0.372,mlc_churn yes t=0.7 m=20 d<=4 cert,=,=
mlc_churn,yes,0.7,20,5,4,certified,rules_pure,16,0.0857,0.0278,0.9206,19,1.0,0.0679,0.0231,0.6,1.52,0.1009,0.0,0.0,0.0,0.0,X_5=0 & X_11=4,0.372,mlc_churn yes t=0.7 m=20 d<=4 cert,=,=
mlc_churn,yes,0.7,20,5,4,certified,rules_pure,32,0.0857,0.0278,0.9206,19,1.0,0.0679,0.0231,0.6,1.52,0.1009,0.0,0.0,0.0,0.0,X_5=0 & X_11=4,0.372,mlc_churn yes t=0.7 m=20 d<=4 cert,=,=
mlc_churn,yes,0.7,20,5,4,certified,rules_disjoint,1,0.0,0.0,,0,,0.0,0.0,,0.0,0.0,0.0,0.0,0.0,0.0,,0.372,mlc_churn yes t=0.7 m=20 d<=4 cert,=,=
mlc_churn,yes,0.7,20,5,4,certified,rules_disjoint,2,0.0857,0.0278,0.9206,19,1.0,0.0679,0.0231,0.6,1.52,0.1009,0.0,0.0,0.0,0.0,X_5=0 & X_11=4,0.372,mlc_churn yes t=0.7 m=20 d<=4 cert,=,=
mlc_churn,yes,0.7,20,5,4,certified,rules_disjoint,4,0.0857,0.0278,0.9206,19,1.0,0.0679,0.0231,0.6,1.52,0.1009,0.0,0.0,0.0,0.0,X_5=0 & X_11=4,0.372,mlc_churn yes t=0.7 m=20 d<=4 cert,=,=
mlc_churn,yes,0.7,20,5,4,certified,rules_disjoint,8,0.0857,0.0278,0.9206,19,1.0,0.0679,0.0231,0.6,1.52,0.1009,0.0,0.0,0.0,0.0,X_5=0 & X_11=4,0.372,mlc_churn yes t=0.7 m=20 d<=4 cert,=,=
mlc_churn,yes,0.7,20,5,4,certified,rules_disjoint,16,0.0857,0.0278,0.9206,19,1.0,0.0679,0.0231,0.6,1.52,0.1009,0.0,0.0,0.0,0.0,X_5=0 & X_11=4,0.372,mlc_churn yes t=0.7 m=20 d<=4 cert,=,=
mlc_churn,yes,0.7,20,5,4,certified,rules_disjoint,32,0.0857,0.0278,0.9206,19,1.0,0.0679,0.0231,0.6,1.52,0.1009,0.0,0.0,0.0,0.0,X_5=0 & X_11=4,0.372,mlc_churn yes t=0.7 m=20 d<=4 cert,=,=
mlc_churn,yes,0.7,20,5,4,certified,tree,1,0.0,0.0,,0,,0.0,0.0,,0.0,0.0,0.0,0.0,0.0,0.0,,0.389,mlc_churn yes t=0.7 m=20 d<=4 cert,=,=
mlc_churn,yes,0.7,20,5,4,certified,tree,2,0.0857,0.0278,0.9206,19,1.0,0.0679,0.0231,0.6,1.52,0.1009,0.0,0.0,0.0,0.0,entropy-None-depth2-leaf6,0.389,mlc_churn yes t=0.7 m=20 d<=4 cert,=,=
mlc_churn,yes,0.7,20,5,4,certified,tree,4,0.1157,0.0182,0.9372,24,1.0,0.0979,0.0204,0.834,2.12,0.1186,0.03,0.0334,0.03,0.0334,entropy-None-depth2-leaf6,0.389,mlc_churn yes t=0.7 m=20 d<=4 cert,=,=
mlc_churn,yes,0.7,20,5,4,certified,tree,8,0.1157,0.0182,0.9372,24,1.0,0.0979,0.0204,0.834,2.12,0.1186,0.03,0.0334,0.03,0.0334,entropy-None-depth2-leaf6,0.389,mlc_churn yes t=0.7 m=20 d<=4 cert,=,=
mlc_churn,yes,0.7,20,5,4,certified,tree,16,0.1157,0.0182,0.9372,24,1.0,0.0979,0.0204,0.834,2.12,0.1186,0.03,0.0334,0.03,0.0334,entropy-None-depth2-leaf6,0.389,mlc_churn yes t=0.7 m=20 d<=4 cert,=,=
mlc_churn,yes,0.7,20,5,4,certified,tree,32,0.1157,0.0182,0.9372,24,1.0,0.0979,0.0204,0.834,2.12,0.1186,0.03,0.0334,0.03,0.0334,entropy-None-depth2-leaf6,0.389,mlc_churn yes t=0.7 m=20 d<=4 cert,=,=
mushroom,poisonous,0.9,1,2,4,purity,vsf,1,0.5689,0.0089,0.9393,10,1.0,0.238,0.0212,1.0,1.0,0.5689,0.0,0.0,0.0,0.0,X_12#2,0.681,mushroom poisonous t=0.9 m=1 d<=4 puri,=,=
mushroom,poisonous,0.9,1,2,4,purity,vsf,2,0.7785,0.0324,0.9274,10,0.6,0.1866,0.2135,0.816,2.0,0.7797,0.0,0.0,0.0,0.0,X_4+X_7#2,0.681,mushroom poisonous t=0.9 m=1 d<=4 puri,=,=
mushroom,poisonous,0.9,1,2,4,purity,vsf,4,0.9111,0.0042,1.0,10,1.0,0.9111,0.0042,1.0,4.0,0.9111,0.0,0.0,0.0,0.0,X_5#4 | X_5#8 | X_5#3 | X_5#7,0.681,mushroom poisonous t=0.9 m=1 d<=4 puri,=,=
mushroom,poisonous,0.9,1,2,4,purity,vsf,8,0.9694,0.0045,1.0,10,1.0,0.9694,0.0045,1.0,6.0,0.9694,0.0,0.0,0.0,0.0,X_5#4 | X_5#8 | X_5#3 | X_5#7 | X_5#2 | X_5#5,0.681,mushroom poisonous t=0.9 m=1 d<=4 puri,=,=
mushroom,poisonous,0.9,1,2,4,purity,vsf,16,0.9714,0.0045,1.0,10,1.0,0.9714,0.0045,1.0,14.0,0.9714,0.0,0.0,0.0,0.0,X_5+X_16#4 | X_5+X_16#11 | X_5+X_16#3 | X_5+X_16#10 | X_5+X_16#2 | X_5+X_16#5 | X_5+X_16#9,0.681,mushroom poisonous t=0.9 m=1 d<=4 puri,=,=
mushroom,poisonous,0.9,1,2,4,purity,vsf,32,0.986,0.002,1.0,10,1.0,0.986,0.002,0.992,23.6,0.9878,0.0,0.0,0.0,0.0,X_5+X_19#9 | X_5+X_19#10 | X_5+X_19#22 | X_5+X_19#8 | X_5+X_19#21 | X_5+X_19#20 | X_5+X_19#7 | X_5+X_19#6 | X_5+X_19#16 | X_5+X_19#11,0.681,mushroom poisonous t=0.9 m=1 d<=4 puri,=,=
mushroom,poisonous,0.9,1,2,4,purity,vsf_partial,1,0.5689,0.0089,0.9393,10,1.0,0.238,0.0212,1.0,1.0,0.5689,0.0,0.0,0.0,0.0,X_12#2,10.122,mushroom poisonous t=0.9 m=1 d<=4 puri,=,=
mushroom,poisonous,0.9,1,2,4,purity,vsf_partial,2,0.8458,0.0076,0.9857,10,1.0,0.7354,0.0271,1.0,2.0,0.8458,0.0673,0.0344,0.5488,0.2052,X_9#2 | X_19#3,10.122,mushroom poisonous t=0.9 m=1 d<=4 puri,=,+
mushroom,poisonous,0.9,1,2,4,purity,vsf_partial,4,0.9111,0.0042,0.9867,10,1.0,0.8008,0.026,1.0,4.0,0.9111,0.0,0.0,-0.1103,0.024,X_9#2 | X_19#3 | X_4+X_11#2,10.122,mushroom poisonous t=0.9 m=1 d<=4 puri,=,-
mushroom,poisonous,0.9,1,2,4,purity,vsf_partial,8,0.994,0.0016,0.9991,10,1.0,0.986,0.0101,0.997,8.0,0.9944,0.0246,0.0041,0.0166,0.0113,X_5#4 | X_5#8 | X_5#3 | X_5#7 | X_5#2 | X_19#4 | X_5#5 | X_15#8,10.122,mushroom poisonous t=0.9 m=1 d<=4 puri,+,=
mushroom,poisonous,0.9,1,2,4,purity,vsf_partial,16,1.0,0.0,0.9761,10,1.0,0.7794,0.0181,1.0,15.0,1.0,0.0286,0.0045,-0.192,0.0185,X_19#3 | X_8+X_19#12 | X_4+X_11#2 | X_19#4 | X_4+X_11+X_19#14 | X_4+X_11+X_19#13 | X_4+X_8+X_11#7,10.122,mushroom poisonous t=0.9 m=1 d<=4 puri,+,-
mushroom,poisonous,0.9,1,2,4,purity,vsf_partial,32,1.0,0.0,0.9761,10,1.0,0.7794,0.0181,1.0,15.0,1.0,0.014,0.002,-0.2066,0.0175,X_19#3 | X_8+X_19#12 | X_4+X_11#2 | X_19#4 | X_4+X_11+X_19#14 | X_4+X_11+X_19#13 | X_4+X_8+X_11#7,10.122,mushroom poisonous t=0.9 m=1 d<=4 puri,+,-
mushroom,poisonous,0.9,1,2,4,purity,vsf_greedy,1,0.5516,0.012,1.0,10,1.0,0.5516,0.012,1.0,1.0,0.5516,-0.0174,0.0062,0.3136,0.0234,X_5#4,0.014,mushroom poisonous t=0.9 m=1 d<=4 puri,-,+
mushroom,poisonous,0.9,1,2,4,purity,vsf_greedy,2,0.6915,0.0084,1.0,10,1.0,0.6915,0.0084,0.814,2.0,0.7005,-0.087,0.0361,0.5049,0.2093,X_5#4 | X_5#8,0.014,mushroom poisonous t=0.9 m=1 d<=4 puri,-,+
mushroom,poisonous,0.9,1,2,4,purity,vsf_greedy,4,0.9111,0.0042,1.0,10,1.0,0.9111,0.0042,1.0,4.0,0.9111,0.0,0.0,0.0,0.0,X_5#4 | X_5#8 | X_5#3 | X_5#7,0.014,mushroom poisonous t=0.9 m=1 d<=4 puri,=,=
mushroom,poisonous,0.9,1,2,4,purity,vsf_greedy,8,0.9694,0.0045,1.0,10,1.0,0.9694,0.0045,1.0,6.0,0.9694,0.0,0.0,0.0,0.0,X_5#4 | X_5#8 | X_5#3 | X_5#7 | X_5#2 | X_5#5,0.014,mushroom poisonous t=0.9 m=1 d<=4 puri,=,=
mushroom,poisonous,0.9,1,2,4,purity,vsf_greedy,16,0.9694,0.0045,1.0,10,1.0,0.9694,0.0045,1.0,6.0,0.9694,-0.002,0.0006,-0.002,0.0006,X_5#4 | X_5#8 | X_5#3 | X_5#7 | X_5#2 | X_5#5,0.014,mushroom poisonous t=0.9 m=1 d<=4 puri,-,-
mushroom,poisonous,0.9,1,2,4,purity,vsf_greedy,32,0.9877,0.0022,1.0,10,1.0,0.9877,0.0022,1.0,20.0,0.9877,0.0018,0.0018,0.0018,0.0018,X_5+X_19#9 | X_5+X_19#10 | X_5+X_19#22 | X_5+X_19#8 | X_5+X_19#21 | X_5+X_19#20 | X_5+X_19#7 | X_5+X_19#6 | X_5+X_19#16 | X_5+X_19#11,0.014,mushroom poisonous t=0.9 m=1 d<=4 puri,=,=
mushroom,poisonous,0.9,1,2,4,purity,rules,1,0.5689,0.0089,0.9393,10,1.0,0.238,0.0212,1.0,1.0,0.5689,0.0,0.0,0.0,0.0,X_12=2,3.703,mushroom poisonous t=0.9 m=1 d<=4 puri,=,=
mushroom,poisonous,0.9,1,2,4,purity,rules,2,0.8069,0.0086,0.9143,10,0.6,0.1163,0.148,0.925,2.0,0.8067,0.0285,0.0274,-0.0703,0.0678,X_4=1 & X_7=0,3.703,mushroom poisonous t=0.9 m=1 d<=4 puri,=,=
mushroom,poisonous,0.9,1,2,4,purity,rules,4,0.9285,0.0047,0.9619,10,1.0,0.5976,0.0236,1.0,4.0,0.9285,0.0174,0.0028,-0.3136,0.0233,X_12=2 | X_9=2 | X_5=4 | X_5=7,3.703,mushroom poisonous t=0.9 m=1 d<=4 puri,+,-
mushroom,poisonous,0.9,1,2,4,purity,rules,8,0.9996,0.0005,0.9567,10,1.0,0.5917,0.0394,0.994,8.0,0.9997,0.0303,0.0041,-0.3777,0.0408,X_12=2 | X_9=2 | X_5=4 | X_5=7 | X_5=2 | X_19=4 | X_6=1 & X_21=1,3.703,mushroom poisonous t=0.9 m=1 d<=4 puri,+,-
mushroom,poisonous,0.9,1,2,4,purity,rules,16,1.0,0.0,0.9567,10,1.0,0.5921,0.0396,0.995,8.3,1.0,0.0286,0.0045,-0.3793,0.0413,X_12=2 | X_9=2 | X_5=4 | X_5=7 | X_5=2 | X_19=4 | X_6=1 & X_21=1,3.703,mushroom poisonous t=0.9 m=1 d<=4 puri,+,-
mushroom,poisonous,0.9,1,2,4,purity,rules,32,1.0,0.0,0.9567,10,1.0,0.5921,0.0396,0.995,8.3,1.0,0.014,0.002,-0.3939,0.0398,X_12=2 | X_9=2 | X_5=4 | X_5=7 | X_5=2 | X_19=4 | X_6=1 & X_21=1,3.703,mushroom poisonous t=0.9 m=1 d<=4 puri,+,-
mushroom,poisonous,0.9,1,2,4,purity,rules_pure,1,0.5689,0.0089,0.9393,10,1.0,0.238,0.0212,1.0,1.0,0.5689,0.0,0.0,0.0,0.0,X_12=2,3.697,mushroom poisonous t=0.9 m=1 d<=4 puri,=,=
mushroom,poisonous,0.9,1,2,4,purity,rules_pure,2,0.8069,0.0086,0.9143,10,0.6,0.1163,0.148,0.925,2.0,0.8067,0.0285,0.0274,-0.0703,0.0678,X_4=1 & X_7=0,3.697,mushroom poisonous t=0.9 m=1 d<=4 puri,=,=
mushroom,poisonous,0.9,1,2,4,purity,rules_pure,4,0.9285,0.0047,0.9619,10,1.0,0.5976,0.0236,1.0,4.0,0.9285,0.0174,0.0028,-0.3136,0.0233,X_12=2 | X_9=2 | X_5=4 | X_5=7,3.697,mushroom poisonous t=0.9 m=1 d<=4 puri,+,-
mushroom,poisonous,0.9,1,2,4,purity,rules_pure,8,0.9996,0.0005,0.9567,10,1.0,0.5917,0.0394,0.994,8.0,0.9997,0.0303,0.0041,-0.3777,0.0408,X_12=2 | X_9=2 | X_5=4 | X_5=7 | X_5=2 | X_19=4 | X_6=1 & X_21=1,3.697,mushroom poisonous t=0.9 m=1 d<=4 puri,+,-
mushroom,poisonous,0.9,1,2,4,purity,rules_pure,16,1.0,0.0,0.9567,10,1.0,0.5921,0.0396,0.995,8.3,1.0,0.0286,0.0045,-0.3793,0.0413,X_12=2 | X_9=2 | X_5=4 | X_5=7 | X_5=2 | X_19=4 | X_6=1 & X_21=1,3.697,mushroom poisonous t=0.9 m=1 d<=4 puri,+,-
mushroom,poisonous,0.9,1,2,4,purity,rules_pure,32,1.0,0.0,0.9567,10,1.0,0.5921,0.0396,0.995,8.3,1.0,0.014,0.002,-0.3939,0.0398,X_12=2 | X_9=2 | X_5=4 | X_5=7 | X_5=2 | X_19=4 | X_6=1 & X_21=1,3.697,mushroom poisonous t=0.9 m=1 d<=4 puri,+,-
mushroom,poisonous,0.9,1,2,4,purity,rules_disjoint,1,0.5689,0.0089,0.9393,10,1.0,0.238,0.0212,1.0,1.0,0.5689,0.0,0.0,0.0,0.0,X_12=2,3.747,mushroom poisonous t=0.9 m=1 d<=4 puri,=,=
mushroom,poisonous,0.9,1,2,4,purity,rules_disjoint,2,0.7591,0.0505,0.9042,10,0.6,0.0225,0.0654,0.87,2.0,0.7624,-0.0194,0.0196,-0.1642,0.157,X_4=1 & X_7=0,3.747,mushroom poisonous t=0.9 m=1 d<=4 puri,=,=
mushroom,poisonous,0.9,1,2,4,purity,rules_disjoint,4,0.855,0.0071,0.9588,10,1.0,0.524,0.0262,1.0,4.0,0.855,-0.0562,0.0061,-0.3871,0.026,X_12=2 | X_9=2 & X_12=3 | X_5=7,3.747,mushroom poisonous t=0.9 m=1 d<=4 puri,-,-
mushroom,poisonous,0.9,1,2,4,purity,rules_disjoint,8,0.9959,0.0013,0.9644,10,1.0,0.665,0.0234,1.0,8.0,0.9959,0.0266,0.0037,-0.3044,0.0211,X_12=2 | X_9=2 & X_12=3 | X_5=7 | X_5=2 | X_2=3 & X_19=3 | X_19=4,3.747,mushroom poisonous t=0.9 m=1 d<=4 puri,+,-
mushroom,poisonous,0.9,1,2,4,purity,rules_disjoint,16,1.0,0.0,0.9645,10,1.0,0.6691,0.0224,1.0,10.3,1.0,0.0286,0.0045,-0.3023,0.0205,X_12=2 | X_9=2 & X_12=3 | X_5=7 | X_5=2 | X_2=3 & X_19=3 | X_19=4 | X_7=1 & X_20=1,3.747,mushroom poisonous t=0.9 m=1 d<=4 puri,+,-
mushroom,poisonous,0.9,1,2,4,purity,rules_disjoint,32,1.0,0.0,0.9645,10,1.0,0.6691,0.0224,1.0,10.3,1.0,0.014,0.002,-0.3169,0.0225,X_12=2 | X_9=2 & X_12=3 | X_5=7 | X_5=2 | X_2=3 & X_19=3 | X_19=4 | X_7=1 & X_20=1,3.747,mushroom poisonous t=0.9 m=1 d<=4 puri,+,-
mushroom,poisonous,0.9,1,2,4,purity,tree,1,0.0,0.0,,0,,0.0,0.0,,0.0,0.0,-0.5689,0.0089,-0.238,0.0212,,0.226,mushroom poisonous t=0.9 m=1 d<=4 puri,-,-
mushroom,poisonous,0.9,1,2,4,purity,tree,2,0.9602,0.0049,0.9289,10,1.0,0.2982,0.0501,1.0,2.0,0.9602,0.1817,0.0344,0.1116,0.1921,gini-None-depth2-leaf2,0.226,mushroom poisonous t=0.9 m=1 d<=4 puri,+,=
mushroom,poisonous,0.9,1,2,4,purity,tree,4,0.9785,0.0029,0.9301,10,1.0,0.3166,0.0499,1.0,4.0,0.9785,0.0674,0.0044,-0.5945,0.0483,gini-None-depth2-leaf2 | gini-None-depth2-leaf6,0.226,mushroom poisonous t=0.9 m=1 d<=4 puri,+,-
mushroom,poisonous,0.9,1,2,4,purity,tree,8,0.9877,0.0022,0.9758,10,1.0,0.7671,0.0342,1.0,8.0,0.9877,0.0184,0.0033,-0.2023,0.0342,gini-None-depth3-leaf3 | gini-None-depth3-leaf12 | gini-None-depth3-leaf6,0.226,mushroom poisonous t=0.9 m=1 d<=4 puri,+,-
mushroom,poisonous,0.9,1,2,4,purity,tree,16,0.9969,0.002,0.9846,10,1.0,0.8567,0.0237,0.985,12.5,0.9969,0.0255,0.0046,-0.1147,0.0248,gini-None-depth4-leaf4 | gini-None-depth4-leaf18 | gini-None-depth4-leaf8 | gini-None-depth4-leaf16,0.226,mushroom poisonous t=0.9 m=1 d<=4 puri,+,-
mushroom,poisonous,0.9,1,2,4,purity,tree,32,0.9978,0.0021,0.9846,10,1.0,0.8576,0.0236,0.985,16.1,0.9979,0.0119,0.0031,-0.1283,0.0243,gini-None-depth4-leaf4 | gini-None-depth4-leaf18 | gini-None-depth4-leaf8 | gini-None-depth4-leaf16 | gini-None-depth4-leaf14,0.226,mushroom poisonous t=0.9 m=1 d<=4 puri,+,-
mushroom,poisonous,0.9,1,2,4,certified,vsf,1,0.5689,0.0089,0.9393,10,1.0,0.238,0.0212,1.0,1.0,0.5689,0.0,0.0,0.0,0.0,X_12#2,3.705,mushroom poisonous t=0.9 m=1 d<=4 cert,=,=
mushroom,poisonous,0.9,1,2,4,certified,vsf,2,0.6915,0.0084,1.0,10,1.0,0.6915,0.0084,0.814,2.0,0.7005,0.0,0.0,0.0,0.0,X_5#4 | X_5#8,3.705,mushroom poisonous t=0.9 m=1 d<=4 cert,=,=
mushroom,poisonous,0.9,1,2,4,certified,vsf,4,0.9111,0.0042,1.0,10,1.0,0.9111,0.0042,1.0,4.0,0.9111,0.0,0.0,0.0,0.0,X_5#4 | X_5#8 | X_5#3 | X_5#7,3.705,mushroom poisonous t=0.9 m=1 d<=4 cert,=,=
mushroom,poisonous,0.9,1,2,4,certified,vsf,8,0.9602,0.0049,1.0,10,1.0,0.9602,0.0049,1.0,5.0,0.9602,0.0,0.0,0.0,0.0,X_5#4 | X_5#8 | X_5#3 | X_5#7 | X_5#2,3.705,mushroom poisonous t=0.9 m=1 d<=4 cert,=,=
mushroom,poisonous,0.9,1,2,4,certified,vsf,16,0.9602,0.0049,1.0,10,1.0,0.9602,0.0049,1.0,5.0,0.9602,0.0,0.0,0.0,0.0,X_5#4 | X_5#8 | X_5#3 | X_5#7 | X_5#2,3.705,mushroom poisonous t=0.9 m=1 d<=4 cert,=,=
mushroom,poisonous,0.9,1,2,4,certified,vsf,32,0.9602,0.0049,1.0,10,1.0,0.9602,0.0049,1.0,5.0,0.9602,0.0,0.0,0.0,0.0,X_5#4 | X_5#8 | X_5#3 | X_5#7 | X_5#2,3.705,mushroom poisonous t=0.9 m=1 d<=4 cert,=,=
mushroom,poisonous,0.9,1,2,4,certified,vsf_partial,1,0.5689,0.0089,0.9393,10,1.0,0.238,0.0212,1.0,1.0,0.5689,0.0,0.0,0.0,0.0,X_12#2,9.141,mushroom poisonous t=0.9 m=1 d<=4 cert,=,=
mushroom,poisonous,0.9,1,2,4,certified,vsf_partial,2,0.8458,0.0076,0.9857,10,1.0,0.7354,0.0271,1.0,2.0,0.8458,0.1542,0.0039,0.0439,0.0244,X_9#2 | X_19#3,9.141,mushroom poisonous t=0.9 m=1 d<=4 cert,+,=
mushroom,poisonous,0.9,1,2,4,certified,vsf_partial,4,0.9111,0.0042,0.9867,10,1.0,0.8008,0.026,1.0,4.0,0.9111,0.0,0.0,-0.1103,0.024,X_9#2 | X_19#3 | X_4+X_11#2,9.141,mushroom poisonous t=0.9 m=1 d<=4 cert,=,-
mushroom,poisonous,0.9,1,2,4,certified,vsf_partial,8,0.9775,0.0043,0.9637,10,1.0,0.6466,0.0258,1.0,7.0,0.9775,0.0174,0.0028,-0.3136,0.0233,X_12#2 | X_9+X_12#5 | X_5#7 | X_5#2 | X_4+X_5#2,9.141,mushroom poisonous t=0.9 m=1 d<=4 cert,+,-
mushroom,poisonous,0.9,1,2,4,certified,vsf_partial,16,0.9775,0.0043,0.9637,10,1.0,0.6466,0.0258,1.0,7.0,0.9775,0.0174,0.0028,-0.3136,0.0233,X_12#2 | X_9+X_12#5 | X_5#7 | X_5#2 | X_4+X_5#2,9.141,mushroom poisonous t=0.9 m=1 d<=4 cert,+,-
mushroom,poisonous,0.9,1,2,4,certified,vsf_partial,32,0.9775,0.0043,0.9637,10,1.0,0.6466,0.0258,1.0,7.0,0.9775,0.0174,0.0028,-0.3136,0.0233,X_12#2 | X_9+X_12#5 | X_5#7 | X_5#2 | X_4+X_5#2,9.141,mushroom poisonous t=0.9 m=1 d<=4 cert,+,-
mushroom,poisonous,0.9,1,2,4,certified,vsf_greedy,1,0.5516,0.012,1.0,10,1.0,0.5516,0.012,1.0,1.0,0.5516,-0.0174,0.0062,0.3136,0.0234,X_5#4,3.178,mushroom poisonous t=0.9 m=1 d<=4 cert,-,+
mushroom,poisonous,0.9,1,2,4,certified,vsf_greedy,2,0.6915,0.0084,1.0,10,1.0,0.6915,0.0084,0.814,2.0,0.7005,0.0,0.0,0.0,0.0,X_5#4 | X_5#8,3.178,mushroom poisonous t=0.9 m=1 d<=4 cert,=,=
mushroom,poisonous,0.9,1,2,4,certified,vsf_greedy,4,0.9111,0.0042,1.0,10,1.0,0.9111,0.0042,1.0,4.0,0.9111,0.0,0.0,0.0,0.0,X_5#4 | X_5#8 | X_5#3 | X_5#7,3.178,mushroom poisonous t=0.9 m=1 d<=4 cert,=,=
mushroom,poisonous,0.9,1,2,4,certified,vsf_greedy,8,0.9602,0.0049,1.0,10,1.0,0.9602,0.0049,1.0,5.0,0.9602,0.0,0.0,0.0,0.0,X_5#4 | X_5#8 | X_5#3 | X_5#7 | X_5#2,3.178,mushroom poisonous t=0.9 m=1 d<=4 cert,=,=
mushroom,poisonous,0.9,1,2,4,certified,vsf_greedy,16,0.9602,0.0049,1.0,10,1.0,0.9602,0.0049,1.0,5.0,0.9602,0.0,0.0,0.0,0.0,X_5#4 | X_5#8 | X_5#3 | X_5#7 | X_5#2,3.178,mushroom poisonous t=0.9 m=1 d<=4 cert,=,=
mushroom,poisonous,0.9,1,2,4,certified,vsf_greedy,32,0.9602,0.0049,1.0,10,1.0,0.9602,0.0049,1.0,5.0,0.9602,0.0,0.0,0.0,0.0,X_5#4 | X_5#8 | X_5#3 | X_5#7 | X_5#2,3.178,mushroom poisonous t=0.9 m=1 d<=4 cert,=,=
mushroom,poisonous,0.9,1,2,4,certified,rules,1,0.5689,0.0089,0.9393,10,1.0,0.238,0.0212,1.0,1.0,0.5689,0.0,0.0,0.0,0.0,X_12=2,6.029,mushroom poisonous t=0.9 m=1 d<=4 cert,=,=
mushroom,poisonous,0.9,1,2,4,certified,rules,2,0.7896,0.0085,0.9555,10,1.0,0.4586,0.022,1.0,2.0,0.7896,0.0981,0.0073,-0.2329,0.025,X_12=2 | X_9=2,6.029,mushroom poisonous t=0.9 m=1 d<=4 cert,+,-
mushroom,poisonous,0.9,1,2,4,certified,rules,4,0.9285,0.0047,0.9619,10,1.0,0.5976,0.0236,1.0,4.0,0.9285,0.0174,0.0028,-0.3136,0.0233,X_12=2 | X_9=2 | X_5=4 | X_5=7,6.029,mushroom poisonous t=0.9 m=1 d<=4 cert,+,-
mushroom,poisonous,0.9,1,2,4,certified,rules,8,0.998,0.0006,0.9422,10,1.0,0.4464,0.0289,1.0,7.0,0.998,0.0378,0.0048,-0.5138,0.0274,X_12=2 | X_9=2 | X_5=4 | X_5=7 | X_5=2 | X_10=0 & X_11=0,6.029,mushroom poisonous t=0.9 m=1 d<=4 cert,+,-
mushroom,poisonous,0.9,1,2,4,certified,rules,16,1.0,0.0,0.9315,10,1.0,0.3381,0.03,1.0,9.0,1.0,0.0398,0.0049,-0.6221,0.0282,X_12=2 | X_9=2 | X_5=4 | X_5=7 | X_5=2 | X_10=0 & X_11=0 | X_2=2 & X_4=1,6.029,mushroom poisonous t=0.9 m=1 d<=4 cert,+,-
mushroom,poisonous,0.9,1,2,4,certified,rules,32,1.0,0.0,0.9315,10,1.0,0.3381,0.03,1.0,9.0,1.0,0.0398,0.0049,-0.6221,0.0282,X_12=2 | X_9=2 | X_5=4 | X_5=7 | X_5=2 | X_10=0 & X_11=0 | X_2=2 & X_4=1,6.029,mushroom poisonous t=0.9 m=1 d<=4 cert,+,-
mushroom,poisonous,0.9,1,2,4,certified,rules_pure,1,0.5689,0.0089,0.9393,10,1.0,0.238,0.0212,1.0,1.0,0.5689,0.0,0.0,0.0,0.0,X_12=2,5.997,mushroom poisonous t=0.9 m=1 d<=4 cert,=,=
mushroom,poisonous,0.9,1,2,4,certified,rules_pure,2,0.7896,0.0085,0.9555,10,1.0,0.4586,0.022,1.0,2.0,0.7896,0.0981,0.0073,-0.2329,0.025,X_12=2 | X_9=2,5.997,mushroom poisonous t=0.9 m=1 d<=4 cert,+,-
mushroom,poisonous,0.9,1,2,4,certified,rules_pure,4,0.9285,0.0047,0.9619,10,1.0,0.5976,0.0236,1.0,4.0,0.9285,0.0174,0.0028,-0.3136,0.0233,X_12=2 | X_9=2 | X_5=4 | X_5=7,5.997,mushroom poisonous t=0.9 m=1 d<=4 cert,+,-
mushroom,poisonous,0.9,1,2,4,certified,rules_pure,8,0.998,0.0006,0.9422,10,1.0,0.4464,0.0289,1.0,7.0,0.998,0.0378,0.0048,-0.5138,0.0274,X_12=2 | X_9=2 | X_5=4 | X_5=7 | X_5=2 | X_10=0 & X_11=0,5.997,mushroom poisonous t=0.9 m=1 d<=4 cert,+,-
mushroom,poisonous,0.9,1,2,4,certified,rules_pure,16,1.0,0.0,0.9315,10,1.0,0.3381,0.03,1.0,9.0,1.0,0.0398,0.0049,-0.6221,0.0282,X_12=2 | X_9=2 | X_5=4 | X_5=7 | X_5=2 | X_10=0 & X_11=0 | X_2=2 & X_4=1,5.997,mushroom poisonous t=0.9 m=1 d<=4 cert,+,-
mushroom,poisonous,0.9,1,2,4,certified,rules_pure,32,1.0,0.0,0.9315,10,1.0,0.3381,0.03,1.0,9.0,1.0,0.0398,0.0049,-0.6221,0.0282,X_12=2 | X_9=2 | X_5=4 | X_5=7 | X_5=2 | X_10=0 & X_11=0 | X_2=2 & X_4=1,5.997,mushroom poisonous t=0.9 m=1 d<=4 cert,+,-
mushroom,poisonous,0.9,1,2,4,certified,rules_disjoint,1,0.5689,0.0089,0.9393,10,1.0,0.238,0.0212,1.0,1.0,0.5689,0.0,0.0,0.0,0.0,X_12=2,6.036,mushroom poisonous t=0.9 m=1 d<=4 cert,=,=
mushroom,poisonous,0.9,1,2,4,certified,rules_disjoint,2,0.6343,0.0076,0.9452,10,1.0,0.3034,0.0256,1.0,2.0,0.6343,-0.0572,0.0075,-0.3881,0.0284,X_12=2 | X_5=7,6.036,mushroom poisonous t=0.9 m=1 d<=4 cert,-,-
mushroom,poisonous,0.9,1,2,4,certified,rules_disjoint,4,0.855,0.0071,0.9588,10,1.0,0.524,0.0262,1.0,4.0,0.855,-0.0562,0.0061,-0.3871,0.026,X_12=2 | X_9=2 & X_12=3 | X_5=7,6.036,mushroom poisonous t=0.9 m=1 d<=4 cert,-,-
mushroom,poisonous,0.9,1,2,4,certified,rules_disjoint,8,0.9775,0.0043,0.9637,10,1.0,0.6466,0.0258,1.0,7.0,0.9775,0.0174,0.0028,-0.3136,0.0233,X_12=2 | X_9=2 & X_12=3 | X_5=7 | X_5=2 | X_2=3 & X_19=3,6.036,mushroom poisonous t=0.9 m=1 d<=4 cert,+,-
mushroom,poisonous,0.9,1,2,4,certified,rules_disjoint,16,0.9775,0.0043,0.9637,10,1.0,0.6466,0.0258,1.0,7.0,0.9775,0.0174,0.0028,-0.3136,0.0233,X_12=2 | X_9=2 & X_12=3 | X_5=7 | X_5=2 | X_2=3 & X_19=3,6.036,mushroom poisonous t=0.9 m=1 d<=4 cert,+,-
mushroom,poisonous,0.9,1,2,4,certified,rules_disjoint,32,0.9775,0.0043,0.9637,10,1.0,0.6466,0.0258,1.0,7.0,0.9775,0.0174,0.0028,-0.3136,0.0233,X_12=2 | X_9=2 & X_12=3 | X_5=7 | X_5=2 | X_2=3 & X_19=3,6.036,mushroom poisonous t=0.9 m=1 d<=4 cert,+,-
mushroom,poisonous,0.9,1,2,4,certified,tree,1,0.0,0.0,,0,,0.0,0.0,,0.0,0.0,-0.5689,0.0089,-0.238,0.0212,,3.461,mushroom poisonous t=0.9 m=1 d<=4 cert,-,-
mushroom,poisonous,0.9,1,2,4,certified,tree,2,0.9602,0.0049,0.9289,10,1.0,0.2982,0.0501,1.0,2.0,0.9602,0.2686,0.0107,-0.3933,0.048,gini-None-depth2-leaf2,3.461,mushroom poisonous t=0.9 m=1 d<=4 cert,+,-
mushroom,poisonous,0.9,1,2,4,certified,tree,4,0.9602,0.0049,0.9289,10,1.0,0.2982,0.0501,1.0,2.0,0.9602,0.049,0.0051,-0.6129,0.0484,gini-None-depth2-leaf2,3.461,mushroom poisonous t=0.9 m=1 d<=4 cert,+,-
mushroom,poisonous,0.9,1,2,4,certified,tree,8,0.9602,0.0049,0.9289,10,1.0,0.2982,0.0501,1.0,2.0,0.9602,0.0,0.0,-0.6619,0.0477,gini-None-depth2-leaf2,3.461,mushroom poisonous t=0.9 m=1 d<=4 cert,=,-
mushroom,poisonous,0.9,1,2,4,certified,tree,16,0.9602,0.0049,0.9289,10,1.0,0.2982,0.0501,1.0,2.0,0.9602,0.0,0.0,-0.6619,0.0477,gini-None-depth2-leaf2,3.461,mushroom poisonous t=0.9 m=1 d<=4 cert,=,-
mushroom,poisonous,0.9,1,2,4,certified,tree,32,0.9602,0.0049,0.9289,10,1.0,0.2982,0.0501,1.0,2.0,0.9602,0.0,0.0,-0.6619,0.0477,gini-None-depth2-leaf2,3.461,mushroom poisonous t=0.9 m=1 d<=4 cert,=,-
nursery,spec_prior,0.9,1,5,4,purity,vsf,1,0.0,0.0,,0,,0.0,0.0,,0.0,0.0,0.0,0.0,0.0,0.0,,0.018,nursery spec_prior t=0.9 m=1 d<=4 puri,=,=
nursery,spec_prior,0.9,1,5,4,purity,vsf,2,0.2114,0.0066,0.9896,25,1.0,0.1914,0.0105,1.0,2.0,0.2114,0.0,0.0,0.0,0.0,X_2+X_8#13,0.018,nursery spec_prior t=0.9 m=1 d<=4 puri,=,=
nursery,spec_prior,0.9,1,5,4,purity,vsf,4,0.2114,0.0066,0.9896,25,1.0,0.1914,0.0105,1.0,2.0,0.2114,0.0,0.0,0.0,0.0,X_2+X_8#13,0.018,nursery spec_prior t=0.9 m=1 d<=4 puri,=,=
nursery,spec_prior,0.9,1,5,4,purity,vsf,8,0.21,0.0072,0.9871,25,1.0,0.1855,0.0161,0.947,2.16,0.2115,0.0,0.0,0.0,0.0,X_2+X_8#13,0.018,nursery spec_prior t=0.9 m=1 d<=4 puri,=,=
nursery,spec_prior,0.9,1,5,4,purity,vsf,16,0.34,0.0078,0.9891,25,1.0,0.3061,0.0123,0.692,15.0,0.3553,0.0,0.0,0.0,0.0,X_2+X_5+X_8#41 | X_2+X_5+X_8#40 | X_2+X_5+X_8#43 | X_2+X_5+X_8#4 | X_2+X_5+X_8#37,0.018,nursery spec_prior t=0.9 m=1 d<=4 puri,=,=
nursery,spec_prior,0.9,1,5,4,purity,vsf,32,0.4228,0.0098,0.9896,25,1.0,0.3828,0.0147,1.0,18.0,0.4228,0.0,0.0,0.0,0.0,X_1+X_2+X_8#28 | X_1+X_2+X_8#1 | X_1+X_2+X_8#4 | X_1+X_2+X_8#16 | X_1+X_2+X_8#13 | X_1+X_2+X_8#43,0.018,nursery spec_prior t=0.9 m=1 d<=4 puri,=,=
nursery,spec_prior,0.9,1,5,4,purity,vsf_partial,1,0.0,0.0,,0,,0.0,0.0,,0.0,0.0,0.0,0.0,0.0,0.0,,0.05,nursery spec_prior t=0.9 m=1 d<=4 puri,=,=
nursery,spec_prior,0.9,1,5,4,purity,vsf_partial,2,0.2114,0.0066,0.9896,25,1.0,0.1914,0.0105,1.0,2.0,0.2114,0.0,0.0,0.0,0.0,X_2+X_8#13,0.05,nursery spec_prior t=0.9 m=1 d<=4 puri,=,=
nursery,spec_prior,0.9,1,5,4,purity,vsf_partial,4,0.2114,0.0066,0.9896,25,1.0,0.1914,0.0105,1.0,2.0,0.2114,0.0,0.0,0.0,0.0,X_2+X_8#13,0.05,nursery spec_prior t=0.9 m=1 d<=4 puri,=,=
nursery,spec_prior,0.9,1,5,4,purity,vsf_partial,8,0.3741,0.0082,0.9709,25,1.0,0.2735,0.0189,0.825,8.0,0.382,0.1641,0.0061,0.088,0.0181,X_2+X_8#13 | X_2+X_6+X_8#4 | X_2+X_7+X_8#41,0.05,nursery spec_prior t=0.9 m=1 d<=4 puri,+,+
nursery,spec_prior,0.9,1,5,4,purity,vsf_partial,16,0.4908,0.0104,0.9887,25,1.0,0.4405,0.0177,0.951,14.0,0.4935,0.1509,0.0053,0.1344,0.0128,X_2+X_8#13 | X_2+X_7+X_8#41 | X_1+X_2+X_8#1 | X_1+X_2+X_8#4 | X_1+X_2+X_8#16,0.05,nursery spec_prior t=0.9 m=1 d<=4 puri,+,+
nursery,spec_prior,0.9,1,5,4,purity,vsf_partial,32,0.5698,0.0097,0.9804,25,1.0,0.467,0.0165,0.837,29.52,0.5814,0.147,0.0057,0.0842,0.0163,X_2+X_8#13 | X_2+X_5+X_8#41 | X_1+X_2+X_8#1 | X_1+X_2+X_8#4 | X_1+X_2+X_8#16 | X_1+X_2+X_5+X_8#5 | X_1+X_2+X_5+X_8#58 | X_1+X_2+X_5+X_8#50 | X_1+X_2+X_5+X_8#94,0.05,nursery spec_prior t=0.9 m=1 d<=4 puri,+,+
nursery,spec_prior,0.9,1,5,4,purity,vsf_greedy,1,0.0,0.0,,0,,0.0,0.0,,0.0,0.0,0.0,0.0,0.0,0.0,,0.007,nursery spec_prior t=0.9 m=1 d<=4 puri,=,=
nursery,spec_prior,0.9,1,5,4,purity,vsf_greedy,2,0.2114,0.0066,0.9896,25,1.0,0.1914,0.0105,1.0,2.0,0.2114,0.0,0.0,0.0,0.0,X_2+X_8#13,0.007,nursery spec_prior t=0.9 m=1 d<=4 puri,=,=
nursery,spec_prior,0.9,1,5,4,purity,vsf_greedy,4,0.2114,0.0066,0.9896,25,1.0,0.1914,0.0105,1.0,2.0,0.2114,0.0,0.0,0.0,0.0,X_2+X_8#13,0.007,nursery spec_prior t=0.9 m=1 d<=4 puri,=,=
nursery,spec_prior,0.9,1,5,4,purity,vsf_greedy,8,0.2114,0.0066,0.9896,25,1.0,0.1914,0.0105,1.0,2.0,0.2114,0.0014,0.0039,0.0059,0.0158,X_2+X_8#13,0.007,nursery spec_prior t=0.9 m=1 d<=4 puri,=,=
nursery,spec_prior,0.9,1,5,4,purity,vsf_greedy,16,0.3407,0.0086,0.9898,25,1.0,0.3091,0.0138,0.717,15.0,0.3553,0.0008,0.0021,0.003,0.0081,X_1+X_2+X_8#28 | X_1+X_2+X_8#1 | X_1+X_2+X_8#4 | X_1+X_2+X_8#16 | X_1+X_2+X_8#13,0.007,nursery spec_prior t=0.9 m=1 d<=4 puri,=,=
nursery,spec_prior,0.9,1,5,4,purity,vsf_greedy,32,0.4228,0.0098,0.9896,25,1.0,0.3828,0.0147,1.0,18.0,0.4228,0.0,0.0,0.0,0.0,X_1+X_2+X_8#28 | X_1+X_2+X_8#1 | X_1+X_2+X_8#4 | X_1+X_2+X_8#16 | X_1+X_2+X_8#13 | X_1+X_2+X_8#43,0.007,nursery spec_prior t=0.9 m=1 d<=4 puri,=,=
nursery,spec_prior,0.9,1,5,4,purity,rules,1,0.0,0.0,,0,,0.0,0.0,,0.0,0.0,0.0,0.0,0.0,0.0,,0.05,nursery spec_prior t=0.9 m=1 d<=4 puri,=,=
nursery,spec_prior,0.9,1,5,4,purity,rules,2,0.2114,0.0066,0.9896,25,1.0,0.1914,0.0105,1.0,2.0,0.2114,0.0,0.0,0.0,0.0,X_2=4 & X_8=1,0.05,nursery spec_prior t=0.9 m=1 d<=4 puri,=,=
nursery,spec_prior,0.9,1,5,4,purity,rules,4,0.2114,0.0066,0.9896,25,1.0,0.1914,0.0105,1.0,2.0,0.2114,0.0,0.0,0.0,0.0,X_2=4 & X_8=1,0.05,nursery spec_prior t=0.9 m=1 d<=4 puri,=,=
nursery,spec_prior,0.9,1,5,4,purity,rules,8,0.4029,0.0067,0.9542,25,1.0,0.2284,0.0189,0.837,8.0,0.4091,0.1929,0.007,0.0429,0.0252,X_2=4 & X_8=1 | X_1=0 & X_6=1 & X_8=1 | X_2=4 & X_7=1 & X_8=2,0.05,nursery spec_prior t=0.9 m=1 d<=4 puri,+,=
nursery,spec_prior,0.9,1,5,4,purity,rules,16,0.5182,0.0084,0.9588,25,1.0,0.3174,0.0197,0.907,14.0,0.5251,0.1782,0.0073,0.0113,0.0199,X_2=4 & X_8=1 | X_1=0 & X_6=1 & X_8=1 | X_2=4 & X_7=1 & X_8=2 | X_1=1 & X_2=0 & X_8=1 | X_2=4 & X_5=1 & X_8=2,0.05,nursery spec_prior t=0.9 m=1 d<=4 puri,+,=
nursery,spec_prior,0.9,1,5,4,purity,rules,32,0.6789,0.0091,0.9439,25,1.0,0.3153,0.0359,0.935,30.0,0.6821,0.2561,0.0075,-0.0675,0.036,X_2=4 & X_8=1 | X_1=0 & X_6=1 & X_8=1 | X_2=4 & X_7=1 & X_8=2 | X_1=1 & X_2=0 & X_8=1 | X_2=4 & X_5=1 & X_8=2 | X_1=0 & X_5=1 & X_8=1 | X_1=0 & X_6=1 & X_7=1 & X_8=2 | X_2=0 & X_6=1 & X_8=1 | X_1=0 & X_2=1 & X_8=1 | X_1=0 & X_2=0 & X_8=1,0.05,nursery spec_prior t=0.9 m=1 d<=4 puri,+,=
nursery,spec_prior,0.9,1,5,4,purity,rules_pure,1,0.0,0.0,,0,,0.0,0.0,,0.0,0.0,0.0,0.0,0.0,0.0,,0.05,nursery spec_prior t=0.9 m=1 d<=4 puri,=,=
nursery,spec_prior,0.9,1,5,4,purity,rules_pure,2,0.2114,0.0066,0.9896,25,1.0,0.1914,0.0105,1.0,2.0,0.2114,0.0,0.0,0.0,0.0,X_2=4 & X_8=1,0.05,nursery spec_prior t=0.9 m=1 d<=4 puri,=,=
nursery,spec_prior,0.9,1,5,4,purity,rules_pure,4,0.2114,0.0066,0.9896,25,1.0,0.1914,0.0105,1.0,2.0,0.2114,0.0,0.0,0.0,0.0,X_2=4 & X_8=1,0.05,nursery spec_prior t=0.9 m=1 d<=4 puri,=,=
nursery,spec_prior,0.9,1,5,4,purity,rules_pure,8,0.4029,0.0067,0.9542,25,1.0,0.2284,0.0189,0.837,8.0,0.4091,0.1929,0.007,0.0429,0.0252,X_2=4 & X_8=1 | X_1=0 & X_6=1 & X_8=1 | X_2=4 & X_7=1 & X_8=2,0.05,nursery spec_prior t=0.9 m=1 d<=4 puri,+,=
nursery,spec_prior,0.9,1,5,4,purity,rules_pure,16,0.5182,0.0084,0.9588,25,1.0,0.3174,0.0197,0.907,14.0,0.5251,0.1782,0.0073,0.0113,0.0199,X_2=4 & X_8=1 | X_1=0 & X_6=1 & X_8=1 | X_2=4 & X_7=1 & X_8=2 | X_1=1 & X_2=0 & X_8=1 | X_2=4 & X_5=1 & X_8=2,0.05,nursery spec_prior t=0.9 m=1 d<=4 puri,+,=
nursery,spec_prior,0.9,1,5,4,purity,rules_pure,32,0.6789,0.0091,0.9439,25,1.0,0.3153,0.0359,0.935,30.0,0.6821,0.2561,0.0075,-0.0675,0.036,X_2=4 & X_8=1 | X_1=0 & X_6=1 & X_8=1 | X_2=4 & X_7=1 & X_8=2 | X_1=1 & X_2=0 & X_8=1 | X_2=4 & X_5=1 & X_8=2 | X_1=0 & X_5=1 & X_8=1 | X_1=0 & X_6=1 & X_7=1 & X_8=2 | X_2=0 & X_6=1 & X_8=1 | X_1=0 & X_2=1 & X_8=1 | X_1=0 & X_2=0 & X_8=1,0.05,nursery spec_prior t=0.9 m=1 d<=4 puri,+,=
nursery,spec_prior,0.9,1,5,4,purity,rules_disjoint,1,0.0,0.0,,0,,0.0,0.0,,0.0,0.0,0.0,0.0,0.0,0.0,,0.05,nursery spec_prior t=0.9 m=1 d<=4 puri,=,=
nursery,spec_prior,0.9,1,5,4,purity,rules_disjoint,2,0.2114,0.0066,0.9896,25,1.0,0.1914,0.0105,1.0,2.0,0.2114,0.0,0.0,0.0,0.0,X_2=4 & X_8=1,0.05,nursery spec_prior t=0.9 m=1 d<=4 puri,=,=
nursery,spec_prior,0.9,1,5,4,purity,rules_disjoint,4,0.2114,0.0066,0.9896,25,1.0,0.1914,0.0105,1.0,2.0,0.2114,0.0,0.0,0.0,0.0,X_2=4 & X_8=1,0.05,nursery spec_prior t=0.9 m=1 d<=4 puri,=,=
nursery,spec_prior,0.9,1,5,4,purity,rules_disjoint,8,0.3741,0.0082,0.9709,25,1.0,0.2735,0.0189,0.825,8.0,0.382,0.1641,0.0061,0.088,0.0181,X_2=4 & X_8=1 | X_2=0 & X_6=1 & X_8=1 | X_2=4 & X_7=1 & X_8=2,0.05,nursery spec_prior t=0.9 m=1 d<=4 puri,+,+
nursery,spec_prior,0.9,1,5,4,purity,rules_disjoint,16,0.4783,0.0093,0.9736,25,1.0,0.3617,0.0217,0.872,15.0,0.4873,0.1383,0.0061,0.0555,0.0169,X_2=4 & X_8=1 | X_2=0 & X_6=1 & X_8=1 | X_2=4 & X_7=1 & X_8=2 | X_1=0 & X_2=1 & X_8=1 | X_1=0 & X_2=0 & X_6=0 & X_8=1,0.05,nursery spec_prior t=0.9 m=1 d<=4 puri,+,+
nursery,spec_prior,0.9,1,5,4,purity,rules_disjoint,32,0.5872,0.0122,0.9683,25,1.0,0.4141,0.0302,0.866,31.0,0.6,0.1644,0.0072,0.0313,0.0241,X_2=4 & X_8=1 | X_2=0 & X_6=1 & X_8=1 | X_2=4 & X_7=1 & X_8=2 | X_1=0 & X_2=1 & X_8=1 | X_1=0 & X_2=0 & X_6=0 & X_8=1 | X_2=0 & X_6=1 & X_7=1 & X_8=2 | X_1=1 & X_2=0 & X_6=0 & X_8=1 | X_2=4 & X_5=1 & X_7=0 & X_8=2 | X_1=1 & X_2=1 & X_5=1 & X_8=1,0.05,nursery spec_prior t=0.9 m=1 d<=4 puri,+,=
nursery,spec_prior,0.9,1,5,4,purity,tree,1,0.0,0.0,,0,,0.0,0.0,,0.0,0.0,0.0,0.0,0.0,0.0,,0.128,nursery spec_prior t=0.9 m=1 d<=4 puri,=,=
nursery,spec_prior,0.9,1,5,4,purity,tree,2,0.0,0.0,,0,,0.0,0.0,,0.0,0.0,-0.2114,0.0066,-0.1914,0.0105,,0.128,nursery spec_prior t=0.9 m=1 d<=4 puri,-,-
nursery,spec_prior,0.9,1,5,4,purity,tree,4,0.2114,0.0066,0.9896,25,1.0,0.1914,0.0105,1.0,3.0,0.2114,0.0,0.0,0.0,0.0,entropy-None-depth3-leaf6,0.128,nursery spec_prior t=0.9 m=1 d<=4 puri,=,=
nursery,spec_prior,0.9,1,5,4,purity,tree,8,0.2268,0.0075,0.9967,25,1.0,0.2201,0.0085,0.849,8.0,0.2317,0.0168,0.005,0.0346,0.0151,entropy-None-depth4-leaf11 | entropy-None-depth4-leaf15,0.128,nursery spec_prior t=0.9 m=1 d<=4 puri,+,+
nursery,spec_prior,0.9,1,5,4,purity,tree,16,0.2819,0.0078,0.9896,25,1.0,0.2552,0.0124,1.0,12.0,0.2819,-0.0581,0.009,-0.0509,0.013,entropy-None-depth4-leaf11 | entropy-None-depth4-leaf15 | entropy-None-depth4-leaf12,0.128,nursery spec_prior t=0.9 m=1 d<=4 puri,-,-
nursery,spec_prior,0.9,1,5,4,purity,tree,32,0.2819,0.0078,0.9896,25,1.0,0.2552,0.0124,1.0,12.0,0.2819,-0.1409,0.0102,-0.1276,0.013,entropy-None-depth4-leaf11 | entropy-None-depth4-leaf15 | entropy-None-depth4-leaf12,0.128,nursery spec_prior t=0.9 m=1 d<=4 puri,-,-
nursery,priority,0.7,1,5,4,purity,vsf,1,0.0,0.0,,0,,0.0,0.0,,0.0,0.0,0.0,0.0,0.0,0.0,,0.018,nursery priority t=0.7 m=1 d<=4 puri,=,=
nursery,priority,0.7,1,5,4,purity,vsf,2,0.1455,0.0042,0.7658,25,1.0,0.0416,0.0091,0.283,2.0,0.1609,0.0,0.0,0.0,0.0,X_2+X_8#7,0.018,nursery priority t=0.7 m=1 d<=4 puri,=,=
nursery,priority,0.7,1,5,4,purity,vsf,4,0.2982,0.0069,0.7716,25,1.0,0.0922,0.0139,0.374,4.0,0.3195,0.0,0.0,0.0,0.0,X_2+X_8#7 | X_2+X_8#10,0.018,nursery priority t=0.7 m=1 d<=4 puri,=,=
nursery,priority,0.7,1,5,4,purity,vsf,8,0.6301,0.0107,0.7777,25,1.0,0.21,0.0193,1.0,8.0,0.6301,0.0,0.0,0.0,0.0,X_2+X_8#7 | X_2+X_8#10 | X_2+X_8#8 | X_2+X_8#11,0.018,nursery priority t=0.7 m=1 d<=4 puri,=,=
nursery,priority,0.7,1,5,4,purity,vsf,16,0.6301,0.0107,0.7777,25,1.0,0.21,0.0193,1.0,8.0,0.6301,0.0,0.0,0.0,0.0,X_2+X_8#7 | X_2+X_8#10 | X_2+X_8#8 | X_2+X_8#11,0.018,nursery priority t=0.7 m=1 d<=4 puri,=,=
nursery,priority,0.7,1,5,4,purity,vsf,32,0.6301,0.0107,0.7777,25,1.0,0.21,0.0193,1.0,8.0,0.6301,0.0,0.0,0.0,0.0,X_2+X_8#7 | X_2+X_8#10 | X_2+X_8#8 | X_2+X_8#11,0.018,nursery priority t=0.7 m=1 d<=4 puri,=,=
nursery,priority,0.7,1,5,4,purity,vsf_partial,1,0.0,0.0,,0,,0.0,0.0,,0.0,0.0,0.0,0.0,0.0,0.0,,0.063,nursery priority t=0.7 m=1 d<=4 puri,=,=
nursery,priority,0.7,1,5,4,purity,vsf_partial,2,0.1455,0.0042,0.7658,25,1.0,0.0416,0.0091,0.283,2.0,0.1609,0.0,0.0,0.0,0.0,X_2+X_8#7,0.063,nursery priority t=0.7 m=1 d<=4 puri,=,=
nursery,priority,0.7,1,5,4,purity,vsf_partial,4,0.2982,0.0069,0.7716,25,1.0,0.0922,0.0139,0.374,4.0,0.3195,0.0,0.0,0.0,0.0,X_2+X_8#7 | X_2+X_8#10,0.063,nursery priority t=0.7 m=1 d<=4 puri,=,=
nursery,priority,0.7,1,5,4,purity,vsf_partial,8,0.6301,0.0107,0.7777,25,1.0,0.21,0.0193,1.0,8.0,0.6301,0.0,0.0,0.0,0.0,X_2+X_8#7 | X_2+X_8#10 | X_2+X_8#8 | X_2+X_8#11,0.063,nursery priority t=0.7 m=1 d<=4 puri,=,=
nursery,priority,0.7,1,5,4,purity,vsf_partial,16,0.7434,0.0089,0.7928,25,1.0,0.2901,0.0172,0.912,14.0,0.7519,0.1133,0.0054,0.0801,0.0062,X_2+X_8#7 | X_2+X_8#10 | X_2+X_8#8 | X_2+X_8#11 | X_1+X_2+X_8#34 | X_1+X_2+X_8#35,0.063,nursery priority t=0.7 m=1 d<=4 puri,+,+
nursery,priority,0.7,1,5,4,purity,vsf_partial,32,0.8564,0.0073,0.7908,25,1.0,0.3276,0.0176,0.995,20.48,0.857,0.2263,0.0081,0.1176,0.013,X_2+X_8#7 | X_2+X_8#10 | X_2+X_8#8 | X_2+X_8#11 | X_1+X_2+X_8#34 | X_1+X_2+X_8#35 | X_1+X_2+X_8#20 | X_1+X_2+X_8#32,0.063,nursery priority t=0.7 m=1 d<=4 puri,+,+
nursery,priority,0.7,1,5,4,purity,vsf_greedy,1,0.0,0.0,,0,,0.0,0.0,,0.0,0.0,0.0,0.0,0.0,0.0,,0.007,nursery priority t=0.7 m=1 d<=4 puri,=,=
nursery,priority,0.7,1,5,4,purity,vsf_greedy,2,0.1455,0.0042,0.7658,25,1.0,0.0416,0.0091,0.283,2.0,0.1609,0.0,0.0,0.0,0.0,X_2+X_8#7,0.007,nursery priority t=0.7 m=1 d<=4 puri,=,=
nursery,priority,0.7,1,5,4,purity,vsf_greedy,4,0.2982,0.0069,0.7716,25,1.0,0.0922,0.0139,0.374,4.0,0.3195,0.0,0.0,0.0,0.0,X_2+X_8#7 | X_2+X_8#10,0.007,nursery priority t=0.7 m=1 d<=4 puri,=,=
nursery,priority,0.7,1,5,4,purity,vsf_greedy,8,0.6301,0.0107,0.7777,25,1.0,0.21,0.0193,1.0,8.0,0.6301,0.0,0.0,0.0,0.0,X_2+X_8#7 | X_2+X_8#10 | X_2+X_8#8 | X_2+X_8#11,0.007,nursery priority t=0.7 m=1 d<=4 puri,=,=
nursery,priority,0.7,1,5,4,purity,vsf_greedy,16,0.6301,0.0107,0.7777,25,1.0,0.21,0.0193,1.0,8.0,0.6301,0.0,0.0,0.0,0.0,X_2+X_8#7 | X_2+X_8#10 | X_2+X_8#8 | X_2+X_8#11,0.007,nursery priority t=0.7 m=1 d<=4 puri,=,=
nursery,priority,0.7,1,5,4,purity,vsf_greedy,32,0.6301,0.0107,0.7777,25,1.0,0.21,0.0193,1.0,8.0,0.6301,0.0,0.0,0.0,0.0,X_2+X_8#7 | X_2+X_8#10 | X_2+X_8#8 | X_2+X_8#11,0.007,nursery priority t=0.7 m=1 d<=4 puri,=,=
nursery,priority,0.7,1,5,4,purity,rules,1,0.0,0.0,,0,,0.0,0.0,,0.0,0.0,0.0,0.0,0.0,0.0,,0.059,nursery priority t=0.7 m=1 d<=4 puri,=,=
nursery,priority,0.7,1,5,4,purity,rules,2,0.1452,0.0041,0.7663,25,1.0,0.0417,0.009,0.277,2.0,0.1609,-0.0003,0.0008,0.0002,0.001,X_2=2 & X_8=1,0.059,nursery priority t=0.7 m=1 d<=4 puri,=,=
nursery,priority,0.7,1,5,4,purity,rules,4,0.2982,0.0069,0.7716,25,1.0,0.0922,0.0139,0.374,4.0,0.3195,0.0,0.0,0.0,0.0,X_2=2 & X_8=1 | X_2=3 & X_8=1,0.059,nursery priority t=0.7 m=1 d<=4 puri,=,=
nursery,priority,0.7,1,5,4,purity,rules,8,0.6301,0.0107,0.7777,25,1.0,0.21,0.0193,1.0,8.0,0.6301,0.0,0.0,0.0,0.0,X_2=2 & X_8=1 | X_2=3 & X_8=1 | X_2=2 & X_8=2 | X_2=3 & X_8=2,0.059,nursery priority t=0.7 m=1 d<=4 puri,=,=
nursery,priority,0.7,1,5,4,purity,rules,16,0.744,0.0091,0.789,25,1.0,0.2791,0.0258,0.907,14.0,0.7527,0.1139,0.0054,0.069,0.0184,X_2=2 & X_8=1 | X_2=3 & X_8=1 | X_2=2 & X_8=2 | X_2=3 & X_8=2 | X_1=2 & X_2=1 & X_8=1 | X_1=2 & X_2=1 & X_8=2,0.059,nursery priority t=0.7 m=1 d<=4 puri,+,+
nursery,priority,0.7,1,5,4,purity,rules,32,0.9024,0.0049,0.7619,25,1.0,0.2435,0.0281,0.957,30.88,0.9049,0.2723,0.0092,0.0334,0.0268,X_2=2 & X_8=1 | X_2=3 & X_8=1 | X_2=2 & X_8=2 | X_2=3 & X_8=2 | X_1=2 & X_2=1 & X_8=1 | X_1=2 & X_2=1 & X_8=2 | X_1=1 & X_2=1 & X_8=2 | X_1=2 & X_2=0 & X_8=2 | X_1=0 & X_5=0 & X_6=0 & X_8=2 | X_1=2 & X_5=0 & X_8=1 | X_2=4 & X_5=0 & X_6=0 & X_8=2,0.059,nursery priority t=0.7 m=1 d<=4 puri,+,=
nursery,priority,0.7,1,5,4,purity,rules_pure,1,0.0,0.0,,0,,0.0,0.0,,0.0,0.0,0.0,0.0,0.0,0.0,,0.06,nursery priority t=0.7 m=1 d<=4 puri,=,=
nursery,priority,0.7,1,5,4,purity,rules_pure,2,0.1452,0.0041,0.7663,25,1.0,0.0417,0.009,0.277,2.0,0.1609,-0.0003,0.0008,0.0002,0.001,X_2=2 & X_8=1,0.06,nursery priority t=0.7 m=1 d<=4 puri,=,=
nursery,priority,0.7,1,5,4,purity,rules_pure,4,0.2982,0.0069,0.7716,25,1.0,0.0922,0.0139,0.374,4.0,0.3195,0.0,0.0,0.0,0.0,X_2=2 & X_8=1 | X_2=3 & X_8=1,0.06,nursery priority t=0.7 m=1 d<=4 puri,=,=
nursery,priority,0.7,1,5,4,purity,rules_pure,8,0.6301,0.0107,0.7777,25,1.0,0.21,0.0193,1.0,8.0,0.6301,0.0,0.0,0.0,0.0,X_2=2 & X_8=1 | X_2=3 & X_8=1 | X_2=2 & X_8=2 | X_2=3 & X_8=2,0.06,nursery priority t=0.7 m=1 d<=4 puri,=,=
nursery,priority,0.7,1,5,4,purity,rules_pure,16,0.744,0.0091,0.789,25,1.0,0.2791,0.0258,0.907,14.0,0.7527,0.1139,0.0054,0.069,0.0184,X_2=2 & X_8=1 | X_2=3 & X_8=1 | X_2=2 & X_8=2 | X_2=3 & X_8=2 | X_1=2 & X_2=1 & X_8=1 | X_1=2 & X_2=1 & X_8=2,0.06,nursery priority t=0.7 m=1 d<=4 puri,+,+
nursery,priority,0.7,1,5,4,purity,rules_pure,32,0.9024,0.0049,0.7619,25,1.0,0.2435,0.0281,0.957,30.88,0.9049,0.2723,0.0092,0.0334,0.0268,X_2=2 & X_8=1 | X_2=3 & X_8=1 | X_2=2 & X_8=2 | X_2=3 & X_8=2 | X_1=2 & X_2=1 & X_8=1 | X_1=2 & X_2=1 & X_8=2 | X_1=1 & X_2=1 & X_8=2 | X_1=2 & X_2=0 & X_8=2 | X_1=0 & X_5=0 & X_6=0 & X_8=2 | X_1=2 & X_5=0 & X_8=1 | X_2=4 & X_5=0 & X_6=0 & X_8=2,0.06,nursery priority t=0.7 m=1 d<=4 puri,+,=
nursery,priority,0.7,1,5,4,purity,rules_disjoint,1,0.0,0.0,,0,,0.0,0.0,,0.0,0.0,0.0,0.0,0.0,0.0,,0.059,nursery priority t=0.7 m=1 d<=4 puri,=,=
nursery,priority,0.7,1,5,4,purity,rules_disjoint,2,0.1452,0.0041,0.7663,25,1.0,0.0417,0.009,0.277,2.0,0.1609,-0.0003,0.0008,0.0002,0.001,X_2=2 & X_8=1,0.059,nursery priority t=0.7 m=1 d<=4 puri,=,=
nursery,priority,0.7,1,5,4,purity,rules_disjoint,4,0.2982,0.0069,0.7716,25,1.0,0.0922,0.0139,0.374,4.0,0.3195,0.0,0.0,0.0,0.0,X_2=2 & X_8=1 | X_2=3 & X_8=1,0.059,nursery priority t=0.7 m=1 d<=4 puri,=,=
nursery,priority,0.7,1,5,4,purity,rules_disjoint,8,0.6301,0.0107,0.7777,25,1.0,0.21,0.0193,1.0,8.0,0.6301,0.0,0.0,0.0,0.0,X_2=2 & X_8=1 | X_2=3 & X_8=1 | X_2=2 & X_8=2 | X_2=3 & X_8=2,0.059,nursery priority t=0.7 m=1 d<=4 puri,=,=
nursery,priority,0.7,1,5,4,purity,rules_disjoint,16,0.7436,0.0089,0.7932,25,1.0,0.2913,0.0171,0.916,14.0,0.7519,0.1135,0.0054,0.0813,0.006,X_2=2 & X_8=1 | X_2=3 & X_8=1 | X_2=2 & X_8=2 | X_2=3 & X_8=2 | X_1=2 & X_2=1 & X_8=1 | X_1=2 & X_2=1 & X_8=2,0.059,nursery priority t=0.7 m=1 d<=4 puri,+,+
nursery,priority,0.7,1,5,4,purity,rules_disjoint,32,0.8688,0.0083,0.7879,25,1.0,0.3227,0.0184,0.976,23.84,0.8701,0.2387,0.0103,0.1127,0.0139,X_2=2 & X_8=1 | X_2=3 & X_8=1 | X_2=2 & X_8=2 | X_2=3 & X_8=2 | X_1=2 & X_2=1 & X_8=1 | X_1=2 & X_2=1 & X_8=2 | X_1=1 & X_2=1 & X_8=2 | X_1=2 & X_2=0 & X_8=2 | X_2=4 & X_5=0 & X_6=0 & X_8=2,0.059,nursery priority t=0.7 m=1 d<=4 puri,+,+
nursery,priority,0.7,1,5,4,purity,tree,1,0.0,0.0,,0,,0.0,0.0,,0.0,0.0,0.0,0.0,0.0,0.0,,0.094,nursery priority t=0.7 m=1 d<=4 puri,=,=
nursery,priority,0.7,1,5,4,purity,tree,2,0.0,0.0,,0,,0.0,0.0,,0.0,0.0,-0.1455,0.0042,-0.0416,0.0091,,0.094,nursery priority t=0.7 m=1 d<=4 puri,-,-
nursery,priority,0.7,1,5,4,purity,tree,4,0.6737,0.0077,0.8317,25,1.0,0.3554,0.0187,1.0,4.0,0.6737,0.3755,0.0081,0.2632,0.022,entropy-None-depth4-leaf4,0.094,nursery priority t=0.7 m=1 d<=4 puri,+,+
nursery,priority,0.7,1,5,4,purity,tree,8,0.6737,0.0077,0.8317,25,1.0,0.3554,0.0187,1.0,4.0,0.6737,0.0436,0.0078,0.1453,0.0184,entropy-None-depth4-leaf4,0.094,nursery priority t=0.7 m=1 d<=4 puri,+,+
nursery,priority,0.7,1,5,4,purity,tree,16,0.6737,0.0077,0.8317,25,1.0,0.3554,0.0187,1.0,4.0,0.6737,0.0436,0.0078,0.1453,0.0184,entropy-None-depth4-leaf4,0.094,nursery priority t=0.7 m=1 d<=4 puri,+,+
nursery,priority,0.7,1,5,4,purity,tree,32,0.6737,0.0077,0.8317,25,1.0,0.3554,0.0187,1.0,4.0,0.6737,0.0436,0.0078,0.1453,0.0184,entropy-None-depth4-leaf4,0.094,nursery priority t=0.7 m=1 d<=4 puri,+,+
nursery,spec_prior,0.9,1,5,4,certified,vsf,1,0.0,0.0,,0,,0.0,0.0,,0.0,0.0,0.0,0.0,0.0,0.0,,0.142,nursery spec_prior t=0.9 m=1 d<=4 cert,=,=
nursery,spec_prior,0.9,1,5,4,certified,vsf,2,0.2114,0.0066,0.9896,25,1.0,0.1914,0.0105,1.0,2.0,0.2114,0.0,0.0,0.0,0.0,X_2+X_8#13,0.142,nursery spec_prior t=0.9 m=1 d<=4 cert,=,=
nursery,spec_prior,0.9,1,5,4,certified,vsf,4,0.2114,0.0066,0.9896,25,1.0,0.1914,0.0105,1.0,2.0,0.2114,0.0,0.0,0.0,0.0,X_2+X_8#13,0.142,nursery spec_prior t=0.9 m=1 d<=4 cert,=,=
nursery,spec_prior,0.9,1,5,4,certified,vsf,8,0.2114,0.0066,0.9896,25,1.0,0.1914,0.0105,1.0,2.0,0.2114,0.0,0.0,0.0,0.0,X_2+X_8#13,0.142,nursery spec_prior t=0.9 m=1 d<=4 cert,=,=
nursery,spec_prior,0.9,1,5,4,certified,vsf,16,0.3407,0.0086,0.9898,25,1.0,0.3091,0.0138,0.717,15.0,0.3553,0.0,0.0,0.0,0.0,X_1+X_2+X_8#28 | X_1+X_2+X_8#1 | X_1+X_2+X_8#4 | X_1+X_2+X_8#16 | X_1+X_2+X_8#13,0.142,nursery spec_prior t=0.9 m=1 d<=4 cert,=,=
nursery,spec_prior,0.9,1,5,4,certified,vsf,32,0.4228,0.0098,0.9896,25,1.0,0.3828,0.0147,1.0,18.0,0.4228,0.0,0.0,0.0,0.0,X_1+X_2+X_8#28 | X_1+X_2+X_8#1 | X_1+X_2+X_8#4 | X_1+X_2+X_8#16 | X_1+X_2+X_8#13 | X_1+X_2+X_8#43,0.142,nursery spec_prior t=0.9 m=1 d<=4 cert,=,=
nursery,spec_prior,0.9,1,5,4,certified,vsf_partial,1,0.0,0.0,,0,,0.0,0.0,,0.0,0.0,0.0,0.0,0.0,0.0,,0.157,nursery spec_prior t=0.9 m=1 d<=4 cert,=,=
nursery,spec_prior,0.9,1,5,4,certified,vsf_partial,2,0.2114,0.0066,0.9896,25,1.0,0.1914,0.0105,1.0,2.0,0.2114,0.0,0.0,0.0,0.0,X_2+X_8#13,0.157,nursery spec_prior t=0.9 m=1 d<=4 cert,=,=
nursery,spec_prior,0.9,1,5,4,certified,vsf_partial,4,0.2114,0.0066,0.9896,25,1.0,0.1914,0.0105,1.0,2.0,0.2114,0.0,0.0,0.0,0.0,X_2+X_8#13,0.157,nursery spec_prior t=0.9 m=1 d<=4 cert,=,=
nursery,spec_prior,0.9,1,5,4,certified,vsf_partial,8,0.3407,0.0079,0.9896,25,1.0,0.3087,0.0131,0.666,8.0,0.3552,0.1293,0.0056,0.1173,0.0075,X_2+X_8#13 | X_2+X_7+X_8#41 | X_1+X_2+X_8#1,0.157,nursery spec_prior t=0.9 m=1 d<=4 cert,+,+
nursery,spec_prior,0.9,1,5,4,certified,vsf_partial,16,0.4933,0.0102,0.9896,25,1.0,0.4466,0.0155,1.0,14.0,0.4933,0.1526,0.0053,0.1374,0.0068,X_2+X_8#13 | X_2+X_7+X_8#41 | X_1+X_2+X_8#1 | X_1+X_2+X_8#4 | X_1+X_2+X_8#16,0.157,nursery spec_prior t=0.9 m=1 d<=4 cert,+,+
nursery,spec_prior,0.9,1,5,4,certified,vsf_partial,32,0.4933,0.0102,0.9896,25,1.0,0.4466,0.0155,1.0,14.0,0.4933,0.0705,0.0043,0.0638,0.0051,X_2+X_8#13 | X_2+X_7+X_8#41 | X_1+X_2+X_8#1 | X_1+X_2+X_8#4 | X_1+X_2+X_8#16,0.157,nursery spec_prior t=0.9 m=1 d<=4 cert,+,+
nursery,spec_prior,0.9,1,5,4,certified,vsf_greedy,1,0.0,0.0,,0,,0.0,0.0,,0.0,0.0,0.0,0.0,0.0,0.0,,0.133,nursery spec_prior t=0.9 m=1 d<=4 cert,=,=
nursery,spec_prior,0.9,1,5,4,certified,vsf_greedy,2,0.2114,0.0066,0.9896,25,1.0,0.1914,0.0105,1.0,2.0,0.2114,0.0,0.0,0.0,0.0,X_2+X_8#13,0.133,nursery spec_prior t=0.9 m=1 d<=4 cert,=,=
nursery,spec_prior,0.9,1,5,4,certified,vsf_greedy,4,0.2114,0.0066,0.9896,25,1.0,0.1914,0.0105,1.0,2.0,0.2114,0.0,0.0,0.0,0.0,X_2+X_8#13,0.133,nursery spec_prior t=0.9 m=1 d<=4 cert,=,=
nursery,spec_prior,0.9,1,5,4,certified,vsf_greedy,8,0.2114,0.0066,0.9896,25,1.0,0.1914,0.0105,1.0,2.0,0.2114,0.0,0.0,0.0,0.0,X_2+X_8#13,0.133,nursery spec_prior t=0.9 m=1 d<=4 cert,=,=
nursery,spec_prior,0.9,1,5,4,certified,vsf_greedy,16,0.3407,0.0086,0.9898,25,1.0,0.3091,0.0138,0.717,15.0,0.3553,0.0,0.0,0.0,0.0,X_1+X_2+X_8#28 | X_1+X_2+X_8#1 | X_1+X_2+X_8#4 | X_1+X_2+X_8#16 | X_1+X_2+X_8#13,0.133,nursery spec_prior t=0.9 m=1 d<=4 cert,=,=
nursery,spec_prior,0.9,1,5,4,certified,vsf_greedy,32,0.4228,0.0098,0.9896,25,1.0,0.3828,0.0147,1.0,18.0,0.4228,0.0,0.0,0.0,0.0,X_1+X_2+X_8#28 | X_1+X_2+X_8#1 | X_1+X_2+X_8#4 | X_1+X_2+X_8#16 | X_1+X_2+X_8#13 | X_1+X_2+X_8#43,0.133,nursery spec_prior t=0.9 m=1 d<=4 cert,=,=
nursery,spec_prior,0.9,1,5,4,certified,rules,1,0.0,0.0,,0,,0.0,0.0,,0.0,0.0,0.0,0.0,0.0,0.0,,0.16,nursery spec_prior t=0.9 m=1 d<=4 cert,=,=
nursery,spec_prior,0.9,1,5,4,certified,rules,2,0.2114,0.0066,0.9896,25,1.0,0.1914,0.0105,1.0,2.0,0.2114,0.0,0.0,0.0,0.0,X_2=4 & X_8=1,0.16,nursery spec_prior t=0.9 m=1 d<=4 cert,=,=
nursery,spec_prior,0.9,1,5,4,certified,rules,4,0.2114,0.0066,0.9896,25,1.0,0.1914,0.0105,1.0,2.0,0.2114,0.0,0.0,0.0,0.0,X_2=4 & X_8=1,0.16,nursery spec_prior t=0.9 m=1 d<=4 cert,=,=
nursery,spec_prior,0.9,1,5,4,certified,rules,8,0.3699,0.0091,0.9842,25,1.0,0.3165,0.0147,0.836,8.0,0.3749,0.1585,0.0067,0.1251,0.0112,X_2=4 & X_8=1 | X_1=0 & X_5=1 & X_8=1 | X_2=4 & X_7=1 & X_8=2,0.16,nursery spec_prior t=0.9 m=1 d<=4 cert,+,+
nursery,spec_prior,0.9,1,5,4,certified,rules,16,0.4869,0.0104,0.9854,25,1.0,0.422,0.017,0.91,14.0,0.4921,0.1462,0.006,0.1128,0.0132,X_2=4 & X_8=1 | X_1=0 & X_5=1 & X_8=1 | X_2=4 & X_7=1 & X_8=2 | X_1=1 & X_2=0 & X_8=1 | X_1=0 & X_2=1 & X_8=1,0.16,nursery spec_prior t=0.9 m=1 d<=4 cert,+,+
nursery,spec_prior,0.9,1,5,4,certified,rules,32,0.5846,0.0106,0.9839,25,1.0,0.4982,0.016,0.985,31.28,0.5844,0.1617,0.0087,0.1154,0.0122,X_2=4 & X_8=1 | X_1=0 & X_5=1 & X_8=1 | X_2=4 & X_7=1 & X_8=2 | X_1=1 & X_2=0 & X_8=1 | X_1=0 & X_2=1 & X_8=1 | X_1=0 & X_2=0 & X_8=1 | X_2=0 & X_5=1 & X_8=1 | X_1=0 & X_4=2 & X_6=1 & X_8=1 | X_1=0 & X_4=3 & X_6=1 & X_8=1 | X_1=0 & X_3=2 & X_6=1 & X_8=1,0.16,nursery spec_prior t=0.9 m=1 d<=4 cert,+,+
nursery,spec_prior,0.9,1,5,4,certified,rules_pure,1,0.0,0.0,,0,,0.0,0.0,,0.0,0.0,0.0,0.0,0.0,0.0,,0.161,nursery spec_prior t=0.9 m=1 d<=4 cert,=,=
nursery,spec_prior,0.9,1,5,4,certified,rules_pure,2,0.2114,0.0066,0.9896,25,1.0,0.1914,0.0105,1.0,2.0,0.2114,0.0,0.0,0.0,0.0,X_2=4 & X_8=1,0.161,nursery spec_prior t=0.9 m=1 d<=4 cert,=,=
nursery,spec_prior,0.9,1,5,4,certified,rules_pure,4,0.2114,0.0066,0.9896,25,1.0,0.1914,0.0105,1.0,2.0,0.2114,0.0,0.0,0.0,0.0,X_2=4 & X_8=1,0.161,nursery spec_prior t=0.9 m=1 d<=4 cert,=,=
nursery,spec_prior,0.9,1,5,4,certified,rules_pure,8,0.3699,0.0091,0.9842,25,1.0,0.3165,0.0147,0.836,8.0,0.3749,0.1585,0.0067,0.1251,0.0112,X_2=4 & X_8=1 | X_1=0 & X_5=1 & X_8=1 | X_2=4 & X_7=1 & X_8=2,0.161,nursery spec_prior t=0.9 m=1 d<=4 cert,+,+
nursery,spec_prior,0.9,1,5,4,certified,rules_pure,16,0.4869,0.0104,0.9854,25,1.0,0.422,0.017,0.91,14.0,0.4921,0.1462,0.006,0.1128,0.0132,X_2=4 & X_8=1 | X_1=0 & X_5=1 & X_8=1 | X_2=4 & X_7=1 & X_8=2 | X_1=1 & X_2=0 & X_8=1 | X_1=0 & X_2=1 & X_8=1,0.161,nursery spec_prior t=0.9 m=1 d<=4 cert,+,+
nursery,spec_prior,0.9,1,5,4,certified,rules_pure,32,0.5846,0.0106,0.9839,25,1.0,0.4982,0.016,0.985,31.28,0.5844,0.1617,0.0087,0.1154,0.0122,X_2=4 & X_8=1 | X_1=0 & X_5=1 & X_8=1 | X_2=4 & X_7=1 & X_8=2 | X_1=1 & X_2=0 & X_8=1 | X_1=0 & X_2=1 & X_8=1 | X_1=0 & X_2=0 & X_8=1 | X_2=0 & X_5=1 & X_8=1 | X_1=0 & X_4=2 & X_6=1 & X_8=1 | X_1=0 & X_4=3 & X_6=1 & X_8=1 | X_1=0 & X_3=2 & X_6=1 & X_8=1,0.161,nursery spec_prior t=0.9 m=1 d<=4 cert,+,+
nursery,spec_prior,0.9,1,5,4,certified,rules_disjoint,1,0.0,0.0,,0,,0.0,0.0,,0.0,0.0,0.0,0.0,0.0,0.0,,0.161,nursery spec_prior t=0.9 m=1 d<=4 cert,=,=
nursery,spec_prior,0.9,1,5,4,certified,rules_disjoint,2,0.2114,0.0066,0.9896,25,1.0,0.1914,0.0105,1.0,2.0,0.2114,0.0,0.0,0.0,0.0,X_2=4 & X_8=1,0.161,nursery spec_prior t=0.9 m=1 d<=4 cert,=,=
nursery,spec_prior,0.9,1,5,4,certified,rules_disjoint,4,0.2114,0.0066,0.9896,25,1.0,0.1914,0.0105,1.0,2.0,0.2114,0.0,0.0,0.0,0.0,X_2=4 & X_8=1,0.161,nursery spec_prior t=0.9 m=1 d<=4 cert,=,=
nursery,spec_prior,0.9,1,5,4,certified,rules_disjoint,8,0.3407,0.0079,0.9898,25,1.0,0.3091,0.0132,0.666,8.0,0.3552,0.1293,0.0056,0.1177,0.0074,X_2=4 & X_8=1 | X_2=4 & X_7=1 & X_8=2 | X_1=0 & X_2=0 & X_8=1,0.161,nursery spec_prior t=0.9 m=1 d<=4 cert,+,+
nursery,spec_prior,0.9,1,5,4,certified,rules_disjoint,16,0.4864,0.0181,0.9896,25,1.0,0.4406,0.0218,0.965,13.76,0.4879,0.1457,0.0155,0.1315,0.014,X_2=4 & X_8=1 | X_2=4 & X_7=1 & X_8=2 | X_1=0 & X_2=0 & X_8=1 | X_1=0 & X_2=1 & X_8=1 | X_1=1 & X_2=0 & X_8=1,0.161,nursery spec_prior t=0.9 m=1 d<=4 cert,+,+
nursery,spec_prior,0.9,1,5,4,certified,rules_disjoint,32,0.4864,0.0181,0.9896,25,1.0,0.4406,0.0218,0.965,13.76,0.4879,0.0636,0.0151,0.0578,0.0136,X_2=4 & X_8=1 | X_2=4 & X_7=1 & X_8=2 | X_1=0 & X_2=0 & X_8=1 | X_1=0 & X_2=1 & X_8=1 | X_1=1 & X_2=0 & X_8=1,0.161,nursery spec_prior t=0.9 m=1 d<=4 cert,+,+
nursery,spec_prior,0.9,1,5,4,certified,tree,1,0.0,0.0,,0,,0.0,0.0,,0.0,0.0,0.0,0.0,0.0,0.0,,0.224,nursery spec_prior t=0.9 m=1 d<=4 cert,=,=
nursery,spec_prior,0.9,1,5,4,certified,tree,2,0.0,0.0,,0,,0.0,0.0,,0.0,0.0,-0.2114,0.0066,-0.1914,0.0105,,0.224,nursery spec_prior t=0.9 m=1 d<=4 cert,-,-
nursery,spec_prior,0.9,1,5,4,certified,tree,4,0.2114,0.0066,0.9896,25,1.0,0.1914,0.0105,1.0,3.0,0.2114,0.0,0.0,0.0,0.0,entropy-None-depth3-leaf6,0.224,nursery spec_prior t=0.9 m=1 d<=4 cert,=,=
nursery,spec_prior,0.9,1,5,4,certified,tree,8,0.2268,0.0075,0.9967,25,1.0,0.2201,0.0085,0.849,8.0,0.2317,0.0154,0.0049,0.0287,0.0091,entropy-None-depth4-leaf11 | entropy-None-depth4-leaf15,0.224,nursery spec_prior t=0.9 m=1 d<=4 cert,+,+
nursery,spec_prior,0.9,1,5,4,certified,tree,16,0.2268,0.0075,0.9967,25,1.0,0.2201,0.0085,0.849,8.0,0.2317,-0.1139,0.0098,-0.089,0.0144,entropy-None-depth4-leaf11 | entropy-None-depth4-leaf15,0.224,nursery spec_prior t=0.9 m=1 d<=4 cert,-,-
nursery,spec_prior,0.9,1,5,4,certified,tree,32,0.2268,0.0075,0.9967,25,1.0,0.2201,0.0085,0.849,8.0,0.2317,-0.196,0.0106,-0.1627,0.0155,entropy-None-depth4-leaf11 | entropy-None-depth4-leaf15,0.224,nursery spec_prior t=0.9 m=1 d<=4 cert,-,-
nursery,priority,0.7,1,5,4,certified,vsf,1,0.0,0.0,,0,,0.0,0.0,,0.0,0.0,0.0,0.0,0.0,0.0,,0.143,nursery priority t=0.7 m=1 d<=4 cert,=,=
nursery,priority,0.7,1,5,4,certified,vsf,2,0.1475,0.0058,0.7615,25,1.0,0.0398,0.0082,0.333,2.0,0.1605,0.0,0.0,0.0,0.0,X_2+X_8#7,0.143,nursery priority t=0.7 m=1 d<=4 cert,=,=
nursery,priority,0.7,1,5,4,certified,vsf,4,0.2711,0.0312,0.7634,25,1.0,0.0743,0.0124,0.396,3.6,0.2872,0.0,0.0,0.0,0.0,X_2+X_8#7 | X_2+X_8#10,0.143,nursery priority t=0.7 m=1 d<=4 cert,=,=
nursery,priority,0.7,1,5,4,certified,vsf,8,0.3564,0.0736,0.7754,25,1.0,0.105,0.0169,0.469,5.44,0.3703,0.0,0.0,0.0,0.0,X_2+X_8#7 | X_2+X_8#10 | X_2+X_8#11,0.143,nursery priority t=0.7 m=1 d<=4 cert,=,=
nursery,priority,0.7,1,5,4,certified,vsf,16,0.4049,0.0466,0.8947,25,1.0,0.2475,0.0586,0.624,11.2,0.411,0.0,0.0,0.0,0.0,X_2+X_8#7 | X_2+X_8#10 | X_2+X_8#11,0.143,nursery priority t=0.7 m=1 d<=4 cert,=,=
nursery,priority,0.7,1,5,4,certified,vsf,32,0.4049,0.0466,0.8947,25,1.0,0.2475,0.0586,0.624,11.2,0.411,0.0,0.0,0.0,0.0,X_2+X_8#7 | X_2+X_8#10 | X_2+X_8#11,0.143,nursery priority t=0.7 m=1 d<=4 cert,=,=
nursery,priority,0.7,1,5,4,certified,vsf_partial,1,0.0,0.0,,0,,0.0,0.0,,0.0,0.0,0.0,0.0,0.0,0.0,,0.163,nursery priority t=0.7 m=1 d<=4 cert,=,=
nursery,priority,0.7,1,5,4,certified,vsf_partial,2,0.1475,0.0058,0.7615,25,1.0,0.0398,0.0082,0.333,2.0,0.1605,0.0,0.0,0.0,0.0,X_2+X_8#7,0.163,nursery priority t=0.7 m=1 d<=4 cert,=,=
nursery,priority,0.7,1,5,4,certified,vsf_partial,4,0.2711,0.0312,0.7634,25,1.0,0.0743,0.0124,0.396,3.6,0.2872,0.0,0.0,0.0,0.0,X_2+X_8#7 | X_2+X_8#10,0.163,nursery priority t=0.7 m=1 d<=4 cert,=,=
nursery,priority,0.7,1,5,4,certified,vsf_partial,8,0.417,0.0431,0.7754,25,1.0,0.1306,0.0131,0.551,6.92,0.4301,0.0606,0.0336,0.0256,0.015,X_2+X_8#7 | X_2+X_8#10 | X_2+X_8#11,0.163,nursery priority t=0.7 m=1 d<=4 cert,=,=
nursery,priority,0.7,1,5,4,certified,vsf_partial,16,0.5589,0.0465,0.8172,25,1.0,0.2599,0.0225,0.692,14.32,0.5689,0.154,0.0258,0.0123,0.0541,X_2+X_8#7 | X_2+X_8#10 | X_2+X_8#11 | X_2+X_6+X_8#17 | X_1+X_2+X_8#34,0.163,nursery priority t=0.7 m=1 d<=4 cert,+,=
nursery,priority,0.7,1,5,4,certified,vsf_partial,32,0.6069,0.0504,0.8352,25,1.0,0.3231,0.0372,0.677,25.88,0.6232,0.202,0.0313,0.0756,0.0611,X_2+X_8#7 | X_2+X_8#10 | X_2+X_8#11 | X_1+X_2+X_8#34 | X_1+X_2+X_7+X_8#62 | X_1+X_2+X_7+X_8#113 | X_1+X_2+X_7+X_8#20 | X_1+X_2+X_7+X_8#104 | X_1+X_2+X_7+X_8#26,0.163,nursery priority t=0.7 m=1 d<=4 cert,+,=
nursery,priority,0.7,1,5,4,certified,vsf_greedy,1,0.0,0.0,,0,,0.0,0.0,,0.0,0.0,0.0,0.0,0.0,0.0,,0.135,nursery priority t=0.7 m=1 d<=4 cert,=,=
nursery,priority,0.7,1,5,4,certified,vsf_greedy,2,0.1475,0.0058,0.7615,25,1.0,0.0398,0.0082,0.333,2.0,0.1605,0.0,0.0,0.0,0.0,X_2+X_8#7,0.135,nursery priority t=0.7 m=1 d<=4 cert,=,=
nursery,priority,0.7,1,5,4,certified,vsf_greedy,4,0.2711,0.0312,0.7634,25,1.0,0.0743,0.0124,0.396,3.6,0.2872,0.0,0.0,0.0,0.0,X_2+X_8#7 | X_2+X_8#10,0.135,nursery priority t=0.7 m=1 d<=4 cert,=,=
nursery,priority,0.7,1,5,4,certified,vsf_greedy,8,0.3567,0.0734,0.7651,25,1.0,0.0992,0.0208,0.474,4.64,0.3683,0.0003,0.0029,-0.0058,0.0088,X_2+X_8#7 | X_2+X_8#10 | X_2+X_8#11,0.135,nursery priority t=0.7 m=1 d<=4 cert,=,=
nursery,priority,0.7,1,5,4,certified,vsf_greedy,16,0.4049,0.0466,0.8947,25,1.0,0.2475,0.0586,0.624,11.2,0.411,0.0,0.0,0.0,0.0,X_2+X_8#7 | X_2+X_8#10 | X_2+X_8#11,0.135,nursery priority t=0.7 m=1 d<=4 cert,=,=
nursery,priority,0.7,1,5,4,certified,vsf_greedy,32,0.4049,0.0466,0.8947,25,1.0,0.2475,0.0586,0.624,11.2,0.411,0.0,0.0,0.0,0.0,X_2+X_8#7 | X_2+X_8#10 | X_2+X_8#11,0.135,nursery priority t=0.7 m=1 d<=4 cert,=,=
nursery,priority,0.7,1,5,4,certified,rules,1,0.0,0.0,,0,,0.0,0.0,,0.0,0.0,0.0,0.0,0.0,0.0,,0.164,nursery priority t=0.7 m=1 d<=4 cert,=,=
nursery,priority,0.7,1,5,4,certified,rules,2,0.1475,0.0058,0.762,25,1.0,0.0401,0.0082,0.327,2.0,0.1605,0.0,0.0,0.0003,0.0009,X_2=2 & X_8=1,0.164,nursery priority t=0.7 m=1 d<=4 cert,=,=
nursery,priority,0.7,1,5,4,certified,rules,4,0.2711,0.0312,0.7634,25,1.0,0.0743,0.0124,0.396,3.6,0.2872,0.0,0.0,0.0,0.0,X_2=2 & X_8=1 | X_2=3 & X_8=1,0.164,nursery priority t=0.7 m=1 d<=4 cert,=,=
nursery,priority,0.7,1,5,4,certified,rules,8,0.417,0.0431,0.7754,25,1.0,0.1306,0.0131,0.551,6.92,0.4301,0.0606,0.0336,0.0256,0.015,X_2=2 & X_8=1 | X_2=3 & X_8=1 | X_2=3 & X_8=2,0.164,nursery priority t=0.7 m=1 d<=4 cert,=,=
nursery,priority,0.7,1,5,4,certified,rules,16,0.576,0.0433,0.8127,25,1.0,0.2604,0.0184,0.731,15.12,0.5848,0.1711,0.0271,0.0129,0.0542,X_2=2 & X_8=1 | X_2=3 & X_8=1 | X_2=3 & X_8=2 | X_2=2 & X_6=1 & X_8=2 | X_1=2 & X_2=1 & X_8=1 | X_2=2 & X_5=1 & X_8=2,0.164,nursery priority t=0.7 m=1 d<=4 cert,+,=
nursery,priority,0.7,1,5,4,certified,rules,32,0.6801,0.0341,0.8328,25,1.0,0.3561,0.0227,0.769,30.92,0.6929,0.2752,0.024,0.1086,0.0492,X_2=2 & X_8=1 | X_2=3 & X_8=1 | X_2=3 & X_8=2 | X_2=2 & X_6=1 & X_8=2 | X_1=2 & X_2=1 & X_8=1 | X_2=2 & X_5=1 & X_8=2 | X_1=0 & X_5=0 & X_6=0 & X_8=2 | X_1=1 & X_2=1 & X_7=2 & X_8=2 | X_1=2 & X_2=1 & X_7=1 & X_8=2 | X_1=1 & X_2=1 & X_7=0 & X_8=2,0.164,nursery priority t=0.7 m=1 d<=4 cert,+,+
nursery,priority,0.7,1,5,4,certified,rules_pure,1,0.0,0.0,,0,,0.0,0.0,,0.0,0.0,0.0,0.0,0.0,0.0,,0.164,nursery priority t=0.7 m=1 d<=4 cert,=,=
nursery,priority,0.7,1,5,4,certified,rules_pure,2,0.1475,0.0058,0.762,25,1.0,0.0401,0.0082,0.327,2.0,0.1605,0.0,0.0,0.0003,0.0009,X_2=2 & X_8=1,0.164,nursery priority t=0.7 m=1 d<=4 cert,=,=
nursery,priority,0.7,1,5,4,certified,rules_pure,4,0.2711,0.0312,0.7634,25,1.0,0.0743,0.0124,0.396,3.6,0.2872,0.0,0.0,0.0,0.0,X_2=2 & X_8=1 | X_2=3 & X_8=1,0.164,nursery priority t=0.7 m=1 d<=4 cert,=,=
nursery,priority,0.7,1,5,4,certified,rules_pure,8,0.417,0.0431,0.7754,25,1.0,0.1306,0.0131,0.551,6.92,0.4301,0.0606,0.0336,0.0256,0.015,X_2=2 & X_8=1 | X_2=3 & X_8=1 | X_2=3 & X_8=2,0.164,nursery priority t=0.7 m=1 d<=4 cert,=,=
nursery,priority,0.7,1,5,4,certified,rules_pure,16,0.576,0.0433,0.8127,25,1.0,0.2604,0.0184,0.731,15.12,0.5848,0.1711,0.0271,0.0129,0.0542,X_2=2 & X_8=1 | X_2=3 & X_8=1 | X_2=3 & X_8=2 | X_2=2 & X_6=1 & X_8=2 | X_1=2 & X_2=1 & X_8=1 | X_2=2 & X_5=1 & X_8=2,0.164,nursery priority t=0.7 m=1 d<=4 cert,+,=
nursery,priority,0.7,1,5,4,certified,rules_pure,32,0.6801,0.0341,0.8328,25,1.0,0.3561,0.0227,0.769,30.92,0.6929,0.2752,0.024,0.1086,0.0492,X_2=2 & X_8=1 | X_2=3 & X_8=1 | X_2=3 & X_8=2 | X_2=2 & X_6=1 & X_8=2 | X_1=2 & X_2=1 & X_8=1 | X_2=2 & X_5=1 & X_8=2 | X_1=0 & X_5=0 & X_6=0 & X_8=2 | X_1=1 & X_2=1 & X_7=2 & X_8=2 | X_1=2 & X_2=1 & X_7=1 & X_8=2 | X_1=1 & X_2=1 & X_7=0 & X_8=2,0.164,nursery priority t=0.7 m=1 d<=4 cert,+,+
nursery,priority,0.7,1,5,4,certified,rules_disjoint,1,0.0,0.0,,0,,0.0,0.0,,0.0,0.0,0.0,0.0,0.0,0.0,,0.164,nursery priority t=0.7 m=1 d<=4 cert,=,=
nursery,priority,0.7,1,5,4,certified,rules_disjoint,2,0.1475,0.0058,0.762,25,1.0,0.0401,0.0082,0.327,2.0,0.1605,0.0,0.0,0.0003,0.0009,X_2=2 & X_8=1,0.164,nursery priority t=0.7 m=1 d<=4 cert,=,=
nursery,priority,0.7,1,5,4,certified,rules_disjoint,4,0.2711,0.0312,0.7634,25,1.0,0.0743,0.0124,0.396,3.6,0.2872,0.0,0.0,0.0,0.0,X_2=2 & X_8=1 | X_2=3 & X_8=1,0.164,nursery priority t=0.7 m=1 d<=4 cert,=,=
nursery,priority,0.7,1,5,4,certified,rules_disjoint,8,0.417,0.0431,0.7754,25,1.0,0.1306,0.0131,0.551,6.92,0.4301,0.0606,0.0336,0.0256,0.015,X_2=2 & X_8=1 | X_2=3 & X_8=1 | X_2=3 & X_8=2,0.164,nursery priority t=0.7 m=1 d<=4 cert,=,=
nursery,priority,0.7,1,5,4,certified,rules_disjoint,16,0.5664,0.0434,0.8117,25,1.0,0.2541,0.0185,0.702,14.68,0.5766,0.1615,0.0236,0.0066,0.0556,X_2=2 & X_8=1 | X_2=3 & X_8=1 | X_2=3 & X_8=2 | X_2=2 & X_6=1 & X_8=2 | X_1=2 & X_2=1 & X_8=1 | X_1=1 & X_2=1 & X_7=2 & X_8=2,0.164,nursery priority t=0.7 m=1 d<=4 cert,+,=
nursery,priority,0.7,1,5,4,certified,rules_disjoint,32,0.6664,0.0403,0.8337,25,1.0,0.3509,0.0191,0.742,30.6,0.6774,0.2615,0.022,0.1034,0.0555,X_2=2 & X_8=1 | X_2=3 & X_8=1 | X_2=3 & X_8=2 | X_2=2 & X_6=1 & X_8=2 | X_1=2 & X_2=1 & X_8=1 | X_1=1 & X_2=1 & X_7=2 & X_8=2 | X_1=2 & X_2=1 & X_7=1 & X_8=2 | X_1=1 & X_2=1 & X_7=0 & X_8=2 | X_1=2 & X_2=0 & X_7=2 & X_8=2 | X_1=2 & X_2=0 & X_7=0 & X_8=2,0.164,nursery priority t=0.7 m=1 d<=4 cert,+,=
nursery,priority,0.7,1,5,4,certified,tree,1,0.0,0.0,,0,,0.0,0.0,,0.0,0.0,0.0,0.0,0.0,0.0,,0.223,nursery priority t=0.7 m=1 d<=4 cert,=,=
nursery,priority,0.7,1,5,4,certified,tree,2,0.0,0.0,,0,,0.0,0.0,,0.0,0.0,-0.1475,0.0058,-0.0398,0.0082,,0.223,nursery priority t=0.7 m=1 d<=4 cert,-,-
nursery,priority,0.7,1,5,4,certified,tree,4,0.6737,0.0077,0.8317,25,1.0,0.3554,0.0187,1.0,4.0,0.6737,0.4026,0.0336,0.281,0.0214,entropy-None-depth4-leaf4,0.223,nursery priority t=0.7 m=1 d<=4 cert,+,+
nursery,priority,0.7,1,5,4,certified,tree,8,0.6737,0.0077,0.8317,25,1.0,0.3554,0.0187,1.0,4.0,0.6737,0.3173,0.0761,0.2504,0.0272,entropy-None-depth4-leaf4,0.223,nursery priority t=0.7 m=1 d<=4 cert,+,+
nursery,priority,0.7,1,5,4,certified,tree,16,0.6737,0.0077,0.8317,25,1.0,0.3554,0.0187,1.0,4.0,0.6737,0.2688,0.0481,0.1079,0.0563,entropy-None-depth4-leaf4,0.223,nursery priority t=0.7 m=1 d<=4 cert,+,=
nursery,priority,0.7,1,5,4,certified,tree,32,0.6737,0.0077,0.8317,25,1.0,0.3554,0.0187,1.0,4.0,0.6737,0.2688,0.0481,0.1079,0.0563,entropy-None-depth4-leaf4,0.223,nursery priority t=0.7 m=1 d<=4 cert,+,=
resume,yes,0.3,20,5,4,purity,vsf,1,0.0,0.0,,0,,0.0,0.0,,0.0,0.0,0.0,0.0,0.0,0.0,,0.534,resume yes t=0.3 m=20 d<=4 puri,=,=
resume,yes,0.3,20,5,4,purity,vsf,2,0.0031,0.0041,0.0625,8,0.0,-0.012,0.0111,0.061,0.64,0.0085,0.0,0.0,0.0,0.0,,0.534,resume yes t=0.3 m=20 d<=4 puri,=,=
resume,yes,0.3,20,5,4,purity,vsf,4,0.0219,0.0085,0.1194,25,0.04,-0.059,0.0191,0.086,3.92,0.0663,0.0,0.0,0.0,0.0,X_4+X_11+X_13+X_14#7,0.534,resume yes t=0.3 m=20 d<=4 puri,=,=
resume,yes,0.3,20,5,4,purity,vsf,8,0.0347,0.0113,0.1449,25,0.08,-0.0554,0.0186,0.125,7.12,0.082,0.0,0.0,0.0,0.0,X_4+X_11+X_13+X_14#7,0.534,resume yes t=0.3 m=20 d<=4 puri,=,=
resume,yes,0.3,20,5,4,purity,vsf,16,0.0362,0.0113,0.1487,25,0.08,-0.0554,0.019,0.132,7.88,0.0855,0.0,0.0,0.0,0.0,X_4+X_11+X_13+X_14#7,0.534,resume yes t=0.3 m=20 d<=4 puri,=,=
resume,yes,0.3,20,5,4,purity,vsf,32,0.0362,0.0113,0.1487,25,0.08,-0.0554,0.019,0.132,7.88,0.0855,0.0,0.0,0.0,0.0,X_4+X_11+X_13+X_14#7,0.534,resume yes t=0.3 m=20 d<=4 puri,=,=
resume,yes,0.3,20,5,4,purity,vsf_partial,1,0.0,0.0,,0,,0.0,0.0,,0.0,0.0,0.0,0.0,0.0,0.0,,0.731,resume yes t=0.3 m=20 d<=4 puri,=,=
resume,yes,0.3,20,5,4,purity,vsf_partial,2,0.0031,0.0041,0.0625,8,0.0,-0.012,0.0111,0.061,0.64,0.0085,0.0,0.0,0.0,0.0,,0.731,resume yes t=0.3 m=20 d<=4 puri,=,=
resume,yes,0.3,20,5,4,purity,vsf_partial,4,0.0219,0.0085,0.1194,25,0.04,-0.059,0.0191,0.086,3.92,0.0663,0.0,0.0,0.0,0.0,X_4+X_11+X_13+X_14#7,0.731,resume yes t=0.3 m=20 d<=4 puri,=,=
resume,yes,0.3,20,5,4,purity,vsf_partial,8,0.0418,0.0107,0.1573,25,0.0,-0.0575,0.0186,0.106,6.52,0.0879,0.0071,0.0117,-0.002,0.0124,X_4+X_11+X_13+X_14#7,0.731,resume yes t=0.3 m=20 d<=4 puri,=,=
resume,yes,0.3,20,5,4,purity,vsf_partial,16,0.0398,0.0128,0.1348,25,0.04,-0.0693,0.0234,0.103,9.8,0.0996,0.0036,0.018,-0.0139,0.0208,X_4+X_11+X_13+X_14#7,0.731,resume yes t=0.3 m=20 d<=4 puri,=,=
resume,yes,0.3,20,5,4,purity,vsf_partial,32,0.0398,0.0128,0.1348,25,0.04,-0.0693,0.0234,0.103,9.8,0.0996,0.0036,0.018,-0.0139,0.0208,X_4+X_11+X_13+X_14#7,0.731,resume yes t=0.3 m=20 d<=4 puri,=,=
resume,yes,0.3,20,5,4,purity,vsf_greedy,1,0.0,0.0,,0,,0.0,0.0,,0.0,0.0,0.0,0.0,0.0,0.0,,0.009,resume yes t=0.3 m=20 d<=4 puri,=,=
resume,yes,0.3,20,5,4,purity,vsf_greedy,2,0.001,0.0027,0.1053,1,0.0,-0.0027,0.0072,0.0,0.08,0.0012,-0.002,0.0033,0.0094,0.0092,,0.009,resume yes t=0.3 m=20 d<=4 puri,=,=
resume,yes,0.3,20,5,4,purity,vsf_greedy,4,0.0158,0.0072,0.1857,23,0.217,-0.0207,0.0143,0.18,2.84,0.0329,-0.0061,0.0109,0.0383,0.0239,X_2+X_6+X_12#6,0.009,resume yes t=0.3 m=20 d<=4 puri,=,=
resume,yes,0.3,20,5,4,purity,vsf_greedy,8,0.0173,0.0068,0.1938,23,0.217,-0.0231,0.0162,0.179,3.4,0.0352,-0.0174,0.0127,0.0323,0.0215,X_2+X_6+X_12#6,0.009,resume yes t=0.3 m=20 d<=4 puri,=,=
resume,yes,0.3,20,5,4,purity,vsf_greedy,16,0.0173,0.0068,0.1938,23,0.217,-0.0231,0.0162,0.179,3.4,0.0352,-0.0189,0.0139,0.0323,0.022,X_2+X_6+X_12#6,0.009,resume yes t=0.3 m=20 d<=4 puri,=,=
resume,yes,0.3,20,5,4,purity,vsf_greedy,32,0.0173,0.0068,0.1938,23,0.217,-0.0231,0.0162,0.179,3.4,0.0352,-0.0189,0.0139,0.0323,0.022,X_2+X_6+X_12#6,0.009,resume yes t=0.3 m=20 d<=4 puri,=,=
resume,yes,0.3,20,5,4,purity,rules,1,0.0,0.0,,0,,0.0,0.0,,0.0,0.0,0.0,0.0,0.0,0.0,,1.189,resume yes t=0.3 m=20 d<=4 puri,=,=
resume,yes,0.3,20,5,4,purity,rules,2,0.0031,0.0041,0.0625,8,0.0,-0.012,0.0111,0.061,0.64,0.0085,0.0,0.0,0.0,0.0,,1.189,resume yes t=0.3 m=20 d<=4 puri,=,=
resume,yes,0.3,20,5,4,purity,rules,4,0.0219,0.0085,0.1194,25,0.04,-0.059,0.0191,0.086,3.92,0.0663,0.0,0.0,0.0,0.0,X_4=0 & X_11=1 & X_13=1 & X_14=1,1.189,resume yes t=0.3 m=20 d<=4 puri,=,=
resume,yes,0.3,20,5,4,purity,rules,8,0.0515,0.0111,0.1432,25,0.0,-0.0839,0.0218,0.167,6.96,0.1159,0.0168,0.0154,-0.0284,0.0241,X_4=0 & X_11=1 & X_13=1 & X_14=1 | X_13=1 & X_16=1 & X_18=1,1.189,resume yes t=0.3 m=20 d<=4 puri,=,=
resume,yes,0.3,20,5,4,purity,rules,16,0.1015,0.0152,0.1467,25,0.0,-0.1517,0.0238,0.237,15.24,0.2145,0.0653,0.0205,-0.0963,0.0258,X_4=0 & X_11=1 & X_13=1 & X_14=1 | X_13=1 & X_16=1 & X_18=1 | X_2=1 & X_9=1 & X_17=0 & X_24=2 | X_4=0 & X_18=0 & X_20=1,1.189,resume yes t=0.3 m=20 d<=4 puri,+,-
resume,yes,0.3,20,5,4,purity,rules,32,0.176,0.0181,0.1599,25,0.0,-0.2214,0.0297,0.308,31.32,0.344,0.1398,0.0205,-0.166,0.026,X_4=0 & X_11=1 & X_13=1 & X_14=1 | X_13=1 & X_16=1 & X_18=1 | X_2=1 & X_9=1 & X_17=0 & X_24=2 | X_4=0 & X_18=0 & X_20=1 | X_4=0 & X_9=0 & X_16=4 | X_1=0 & X_13=1 & X_15=1 & X_23=0 | X_5=1 & X_16=3 & X_24=1 | X_5=4 & X_7=1 & X_14=1 & X_21=0 | X_7=0 & X_9=1 & X_12=1 & X_16=2,1.189,resume yes t=0.3 m=20 d<=4 puri,+,-
resume,yes,0.3,20,5,4,purity,rules_pure,1,0.0,0.0,,0,,0.0,0.0,,0.0,0.0,0.0,0.0,0.0,0.0,,1.185,resume yes t=0.3 m=20 d<=4 puri,=,=
resume,yes,0.3,20,5,4,purity,rules_pure,2,0.0031,0.0041,0.0625,8,0.0,-0.012,0.0111,0.061,0.64,0.0085,0.0,0.0,0.0,0.0,,1.185,resume yes t=0.3 m=20 d<=4 puri,=,=
resume,yes,0.3,20,5,4,purity,rules_pure,4,0.0219,0.0085,0.1194,25,0.04,-0.059,0.0191,0.086,3.92,0.0663,0.0,0.0,0.0,0.0,X_4=0 & X_11=1 & X_13=1 & X_14=1,1.185,resume yes t=0.3 m=20 d<=4 puri,=,=
resume,yes,0.3,20,5,4,purity,rules_pure,8,0.0525,0.011,0.1448,25,0.0,-0.0835,0.0216,0.166,6.96,0.1158,0.0178,0.015,-0.0281,0.0241,X_4=0 & X_11=1 & X_13=1 & X_14=1 | X_13=1 & X_16=1 & X_18=1,1.185,resume yes t=0.3 m=20 d<=4 puri,=,=
resume,yes,0.3,20,5,4,purity,rules_pure,16,0.1041,0.0145,0.1503,25,0.0,-0.1487,0.0226,0.23,15.2,0.2133,0.0678,0.0203,-0.0933,0.0263,X_4=0 & X_11=1 & X_13=1 & X_14=1 | X_13=1 & X_16=1 & X_18=1 | X_2=1 & X_9=1 & X_17=0 & X_24=2 | X_4=0 & X_18=0 & X_20=1,1.185,resume yes t=0.3 m=20 d<=4 puri,+,-
resume,yes,0.3,20,5,4,purity,rules_pure,32,0.1735,0.0175,0.1574,25,0.0,-0.2249,0.0265,0.303,31.32,0.3429,0.1373,0.0204,-0.1695,0.0227,X_4=0 & X_11=1 & X_13=1 & X_14=1 | X_13=1 & X_16=1 & X_18=1 | X_2=1 & X_9=1 & X_17=0 & X_24=2 | X_4=0 & X_18=0 & X_20=1 | X_4=0 & X_9=0 & X_16=4 | X_1=0 & X_13=1 & X_15=1 & X_23=0 | X_5=1 & X_16=3 & X_24=1 | X_5=4 & X_7=1 & X_14=1 & X_21=0 | X_7=0 & X_9=1 & X_12=1 & X_16=2,1.185,resume yes t=0.3 m=20 d<=4 puri,+,-
resume,yes,0.3,20,5,4,purity,rules_disjoint,1,0.0,0.0,,0,,0.0,0.0,,0.0,0.0,0.0,0.0,0.0,0.0,,1.201,resume yes t=0.3 m=20 d<=4 puri,=,=
resume,yes,0.3,20,5,4,purity,rules_disjoint,2,0.0031,0.0041,0.0625,8,0.0,-0.012,0.0111,0.061,0.64,0.0085,0.0,0.0,0.0,0.0,,1.201,resume yes t=0.3 m=20 d<=4 puri,=,=
resume,yes,0.3,20,5,4,purity,rules_disjoint,4,0.0219,0.0085,0.1194,25,0.04,-0.059,0.0191,0.086,3.92,0.0663,0.0,0.0,0.0,0.0,X_4=0 & X_11=1 & X_13=1 & X_14=1,1.201,resume yes t=0.3 m=20 d<=4 puri,=,=
resume,yes,0.3,20,5,4,purity,rules_disjoint,8,0.0566,0.0125,0.1588,25,0.0,-0.0751,0.0231,0.179,6.76,0.1115,0.0219,0.0136,-0.0196,0.0186,X_4=0 & X_11=1 & X_13=1 & X_14=1 | X_2=1 & X_13=0 & X_17=0 & X_24=2,1.201,resume yes t=0.3 m=20 d<=4 puri,=,=
resume,yes,0.3,20,5,4,purity,rules_disjoint,16,0.1046,0.0171,0.1682,25,0.0,-0.1183,0.0267,0.211,15.04,0.199,0.0683,0.0201,-0.0629,0.0232,X_4=0 & X_11=1 & X_13=1 & X_14=1 | X_2=1 & X_13=0 & X_17=0 & X_24=2 | X_7=0 & X_13=1 & X_16=1 & X_18=1 | X_9=1 & X_13=1 & X_15=1 & X_23=0,1.201,resume yes t=0.3 m=20 d<=4 puri,+,-
resume,yes,0.3,20,5,4,purity,rules_disjoint,32,0.1459,0.021,0.165,25,0.0,-0.1729,0.0343,0.231,29.04,0.292,0.1097,0.0206,-0.1175,0.0299,X_4=0 & X_11=1 & X_13=1 & X_14=1 | X_2=1 & X_13=0 & X_17=0 & X_24=2 | X_7=0 & X_13=1 & X_16=1 & X_18=1 | X_9=1 & X_13=1 & X_15=1 & X_23=0 | X_6=1 & X_12=0 & X_21=0 & X_23=4 | X_5=5 & X_16=4 & X_17=1 & X_18=0 | X_5=4 & X_17=1 & X_18=0 & X_23=2 | X_15=1 & X_21=0 & X_23=6 & X_24=1,1.201,resume yes t=0.3 m=20 d<=4 puri,+,-
resume,yes,0.3,20,5,4,purity,tree,1,0.0,0.0,,0,,0.0,0.0,,0.0,0.0,0.0,0.0,0.0,0.0,,0.151,resume yes t=0.3 m=20 d<=4 puri,=,=
resume,yes,0.3,20,5,4,purity,tree,2,0.0,0.0,,0,,0.0,0.0,,0.0,0.0,-0.0031,0.0041,0.012,0.0111,,0.151,resume yes t=0.3 m=20 d<=4 puri,=,=
resume,yes,0.3,20,5,4,purity,tree,4,0.022,0.0076,0.1643,23,0.043,-0.0325,0.0165,0.149,3.48,0.0453,0.0,0.0114,0.0265,0.0192,gini-balanced-depth4-leaf14,0.151,resume yes t=0.3 m=20 d<=4 puri,=,=
resume,yes,0.3,20,5,4,purity,tree,8,0.0337,0.0107,0.1807,23,0.087,-0.0402,0.0204,0.159,5.96,0.0657,-0.001,0.0156,0.0152,0.0228,gini-balanced-depth4-leaf14,0.151,resume yes t=0.3 m=20 d<=4 puri,=,=
resume,yes,0.3,20,5,4,purity,tree,16,0.0393,0.0127,0.1861,23,0.087,-0.0425,0.0221,0.18,7.16,0.0736,0.0031,0.0192,0.0129,0.0234,gini-balanced-depth4-leaf14,0.151,resume yes t=0.3 m=20 d<=4 puri,=,=
resume,yes,0.3,20,5,4,purity,tree,32,0.0393,0.0127,0.1861,23,0.087,-0.0425,0.0221,0.18,7.16,0.0736,0.0031,0.0192,0.0129,0.0234,gini-balanced-depth4-leaf14,0.151,resume yes t=0.3 m=20 d<=4 puri,=,=
resume,yes,0.3,20,5,4,certified,vsf,1,0.0,0.0,,0,,0.0,0.0,,0.0,0.0,0.0,0.0,0.0,0.0,,3.468,resume yes t=0.3 m=20 d<=4 cert,=,=
resume,yes,0.3,20,5,4,certified,vsf,2,0.0,0.0,,0,,0.0,0.0,,0.0,0.0,0.0,0.0,0.0,0.0,,3.468,resume yes t=0.3 m=20 d<=4 cert,=,=
resume,yes,0.3,20,5,4,certified,vsf,4,0.0,0.0,,0,,0.0,0.0,,0.0,0.0,0.0,0.0,0.0,0.0,,3.468,resume yes t=0.3 m=20 d<=4 cert,=,=
resume,yes,0.3,20,5,4,certified,vsf,8,0.0,0.0,,0,,0.0,0.0,,0.0,0.0,0.0,0.0,0.0,0.0,,3.468,resume yes t=0.3 m=20 d<=4 cert,=,=
resume,yes,0.3,20,5,4,certified,vsf,16,0.0,0.0,,0,,0.0,0.0,,0.0,0.0,0.0,0.0,0.0,0.0,,3.468,resume yes t=0.3 m=20 d<=4 cert,=,=
resume,yes,0.3,20,5,4,certified,vsf,32,0.0,0.0,,0,,0.0,0.0,,0.0,0.0,0.0,0.0,0.0,0.0,,3.468,resume yes t=0.3 m=20 d<=4 cert,=,=
resume,yes,0.3,20,5,4,certified,vsf_partial,1,0.0,0.0,,0,,0.0,0.0,,0.0,0.0,0.0,0.0,0.0,0.0,,3.503,resume yes t=0.3 m=20 d<=4 cert,=,=
resume,yes,0.3,20,5,4,certified,vsf_partial,2,0.0,0.0,,0,,0.0,0.0,,0.0,0.0,0.0,0.0,0.0,0.0,,3.503,resume yes t=0.3 m=20 d<=4 cert,=,=
resume,yes,0.3,20,5,4,certified,vsf_partial,4,0.0,0.0,,0,,0.0,0.0,,0.0,0.0,0.0,0.0,0.0,0.0,,3.503,resume yes t=0.3 m=20 d<=4 cert,=,=
resume,yes,0.3,20,5,4,certified,vsf_partial,8,0.0,0.0,,0,,0.0,0.0,,0.0,0.0,0.0,0.0,0.0,0.0,,3.503,resume yes t=0.3 m=20 d<=4 cert,=,=
resume,yes,0.3,20,5,4,certified,vsf_partial,16,0.0,0.0,,0,,0.0,0.0,,0.0,0.0,0.0,0.0,0.0,0.0,,3.503,resume yes t=0.3 m=20 d<=4 cert,=,=
resume,yes,0.3,20,5,4,certified,vsf_partial,32,0.0,0.0,,0,,0.0,0.0,,0.0,0.0,0.0,0.0,0.0,0.0,,3.503,resume yes t=0.3 m=20 d<=4 cert,=,=
resume,yes,0.3,20,5,4,certified,vsf_greedy,1,0.0,0.0,,0,,0.0,0.0,,0.0,0.0,0.0,0.0,0.0,0.0,,2.958,resume yes t=0.3 m=20 d<=4 cert,=,=
resume,yes,0.3,20,5,4,certified,vsf_greedy,2,0.0,0.0,,0,,0.0,0.0,,0.0,0.0,0.0,0.0,0.0,0.0,,2.958,resume yes t=0.3 m=20 d<=4 cert,=,=
resume,yes,0.3,20,5,4,certified,vsf_greedy,4,0.0,0.0,,0,,0.0,0.0,,0.0,0.0,0.0,0.0,0.0,0.0,,2.958,resume yes t=0.3 m=20 d<=4 cert,=,=
resume,yes,0.3,20,5,4,certified,vsf_greedy,8,0.0,0.0,,0,,0.0,0.0,,0.0,0.0,0.0,0.0,0.0,0.0,,2.958,resume yes t=0.3 m=20 d<=4 cert,=,=
resume,yes,0.3,20,5,4,certified,vsf_greedy,16,0.0,0.0,,0,,0.0,0.0,,0.0,0.0,0.0,0.0,0.0,0.0,,2.958,resume yes t=0.3 m=20 d<=4 cert,=,=
resume,yes,0.3,20,5,4,certified,vsf_greedy,32,0.0,0.0,,0,,0.0,0.0,,0.0,0.0,0.0,0.0,0.0,0.0,,2.958,resume yes t=0.3 m=20 d<=4 cert,=,=
resume,yes,0.3,20,5,4,certified,rules,1,0.0,0.0,,0,,0.0,0.0,,0.0,0.0,0.0,0.0,0.0,0.0,,4.01,resume yes t=0.3 m=20 d<=4 cert,=,=
resume,yes,0.3,20,5,4,certified,rules,2,0.0,0.0,,0,,0.0,0.0,,0.0,0.0,0.0,0.0,0.0,0.0,,4.01,resume yes t=0.3 m=20 d<=4 cert,=,=
resume,yes,0.3,20,5,4,certified,rules,4,0.0,0.0,,0,,0.0,0.0,,0.0,0.0,0.0,0.0,0.0,0.0,,4.01,resume yes t=0.3 m=20 d<=4 cert,=,=
resume,yes,0.3,20,5,4,certified,rules,8,0.0,0.0,,0,,0.0,0.0,,0.0,0.0,0.0,0.0,0.0,0.0,,4.01,resume yes t=0.3 m=20 d<=4 cert,=,=
resume,yes,0.3,20,5,4,certified,rules,16,0.0,0.0,,0,,0.0,0.0,,0.0,0.0,0.0,0.0,0.0,0.0,,4.01,resume yes t=0.3 m=20 d<=4 cert,=,=
resume,yes,0.3,20,5,4,certified,rules,32,0.0,0.0,,0,,0.0,0.0,,0.0,0.0,0.0,0.0,0.0,0.0,,4.01,resume yes t=0.3 m=20 d<=4 cert,=,=
resume,yes,0.3,20,5,4,certified,rules_pure,1,0.0,0.0,,0,,0.0,0.0,,0.0,0.0,0.0,0.0,0.0,0.0,,4.003,resume yes t=0.3 m=20 d<=4 cert,=,=
resume,yes,0.3,20,5,4,certified,rules_pure,2,0.0,0.0,,0,,0.0,0.0,,0.0,0.0,0.0,0.0,0.0,0.0,,4.003,resume yes t=0.3 m=20 d<=4 cert,=,=
resume,yes,0.3,20,5,4,certified,rules_pure,4,0.0,0.0,,0,,0.0,0.0,,0.0,0.0,0.0,0.0,0.0,0.0,,4.003,resume yes t=0.3 m=20 d<=4 cert,=,=
resume,yes,0.3,20,5,4,certified,rules_pure,8,0.0,0.0,,0,,0.0,0.0,,0.0,0.0,0.0,0.0,0.0,0.0,,4.003,resume yes t=0.3 m=20 d<=4 cert,=,=
resume,yes,0.3,20,5,4,certified,rules_pure,16,0.0,0.0,,0,,0.0,0.0,,0.0,0.0,0.0,0.0,0.0,0.0,,4.003,resume yes t=0.3 m=20 d<=4 cert,=,=
resume,yes,0.3,20,5,4,certified,rules_pure,32,0.0,0.0,,0,,0.0,0.0,,0.0,0.0,0.0,0.0,0.0,0.0,,4.003,resume yes t=0.3 m=20 d<=4 cert,=,=
resume,yes,0.3,20,5,4,certified,rules_disjoint,1,0.0,0.0,,0,,0.0,0.0,,0.0,0.0,0.0,0.0,0.0,0.0,,3.999,resume yes t=0.3 m=20 d<=4 cert,=,=
resume,yes,0.3,20,5,4,certified,rules_disjoint,2,0.0,0.0,,0,,0.0,0.0,,0.0,0.0,0.0,0.0,0.0,0.0,,3.999,resume yes t=0.3 m=20 d<=4 cert,=,=
resume,yes,0.3,20,5,4,certified,rules_disjoint,4,0.0,0.0,,0,,0.0,0.0,,0.0,0.0,0.0,0.0,0.0,0.0,,3.999,resume yes t=0.3 m=20 d<=4 cert,=,=
resume,yes,0.3,20,5,4,certified,rules_disjoint,8,0.0,0.0,,0,,0.0,0.0,,0.0,0.0,0.0,0.0,0.0,0.0,,3.999,resume yes t=0.3 m=20 d<=4 cert,=,=
resume,yes,0.3,20,5,4,certified,rules_disjoint,16,0.0,0.0,,0,,0.0,0.0,,0.0,0.0,0.0,0.0,0.0,0.0,,3.999,resume yes t=0.3 m=20 d<=4 cert,=,=
resume,yes,0.3,20,5,4,certified,rules_disjoint,32,0.0,0.0,,0,,0.0,0.0,,0.0,0.0,0.0,0.0,0.0,0.0,,3.999,resume yes t=0.3 m=20 d<=4 cert,=,=
resume,yes,0.3,20,5,4,certified,tree,1,0.0,0.0,,0,,0.0,0.0,,0.0,0.0,0.0,0.0,0.0,0.0,,3.046,resume yes t=0.3 m=20 d<=4 cert,=,=
resume,yes,0.3,20,5,4,certified,tree,2,0.0,0.0,,0,,0.0,0.0,,0.0,0.0,0.0,0.0,0.0,0.0,,3.046,resume yes t=0.3 m=20 d<=4 cert,=,=
resume,yes,0.3,20,5,4,certified,tree,4,0.0,0.0,,0,,0.0,0.0,,0.0,0.0,0.0,0.0,0.0,0.0,,3.046,resume yes t=0.3 m=20 d<=4 cert,=,=
resume,yes,0.3,20,5,4,certified,tree,8,0.0,0.0,,0,,0.0,0.0,,0.0,0.0,0.0,0.0,0.0,0.0,,3.046,resume yes t=0.3 m=20 d<=4 cert,=,=
resume,yes,0.3,20,5,4,certified,tree,16,0.0,0.0,,0,,0.0,0.0,,0.0,0.0,0.0,0.0,0.0,0.0,,3.046,resume yes t=0.3 m=20 d<=4 cert,=,=
resume,yes,0.3,20,5,4,certified,tree,32,0.0,0.0,,0,,0.0,0.0,,0.0,0.0,0.0,0.0,0.0,0.0,,3.046,resume yes t=0.3 m=20 d<=4 cert,=,=
thyroid_recurrence,Yes,0.9,1,5,4,purity,vsf,1,0.8235,0.0393,0.9799,25,1.0,0.6583,0.1189,1.0,1.0,0.824,0.0,0.0,0.0,0.0,X_16#3,0.262,thyroid_recurrence Yes t=0.9 m=1 d<=4 puri,=,=
thyroid_recurrence,Yes,0.9,1,5,4,purity,vsf,2,0.8235,0.0393,0.9799,25,1.0,0.6583,0.1189,1.0,1.0,0.824,0.0,0.0,0.0,0.0,X_16#3,0.262,thyroid_recurrence Yes t=0.9 m=1 d<=4 puri,=,=
thyroid_recurrence,Yes,0.9,1,5,4,purity,vsf,4,0.8235,0.0393,0.9799,25,1.0,0.6583,0.1189,1.0,1.0,0.824,0.0,0.0,0.0,0.0,X_16#3,0.262,thyroid_recurrence Yes t=0.9 m=1 d<=4 puri,=,=
thyroid_recurrence,Yes,0.9,1,5,4,purity,vsf,8,0.8275,0.0469,0.9677,25,1.0,0.5626,0.1606,0.942,6.68,0.8481,0.0,0.0,0.0,0.0,X_5+X_16#3 | X_5+X_16#5 | X_5+X_16#4,0.262,thyroid_recurrence Yes t=0.9 m=1 d<=4 puri,=,=
thyroid_recurrence,Yes,0.9,1,5,4,purity,vsf,16,0.8571,0.0443,0.9727,25,1.0,0.6257,0.1517,0.955,13.88,0.8727,0.0,0.0,0.0,0.0,X_15+X_16#3 | X_15+X_16#7 | X_15+X_16#12 | X_15+X_16#8 | X_15+X_16#4 | X_15+X_16#10 | X_15+X_16#9 | X_15+X_16#11,0.262,thyroid_recurrence Yes t=0.9 m=1 d<=4 puri,=,=
thyroid_recurrence,Yes,0.9,1,5,4,purity,vsf,32,0.8347,0.0437,0.956,25,0.92,0.4545,0.2233,0.926,26.92,0.8972,0.0,0.0,0.0,0.0,X_3+X_11+X_16#5 | X_3+X_11+X_16#11 | X_3+X_11+X_16#15 | X_3+X_11+X_16#1 | X_3+X_11+X_16#9 | X_3+X_11+X_16#2 | X_3+X_11+X_16#10 | X_3+X_11+X_16#12 | X_3+X_11+X_16#0,0.262,thyroid_recurrence Yes t=0.9 m=1 d<=4 puri,=,=
thyroid_recurrence,Yes,0.9,1,5,4,purity,vsf_partial,1,0.8235,0.0393,0.9799,25,1.0,0.6583,0.1189,1.0,1.0,0.824,0.0,0.0,0.0,0.0,X_16#3,1.767,thyroid_recurrence Yes t=0.9 m=1 d<=4 puri,=,=
thyroid_recurrence,Yes,0.9,1,5,4,purity,vsf_partial,2,0.8235,0.0393,0.9799,25,1.0,0.6583,0.1189,0.999,1.04,0.8245,0.0,0.0,0.0,0.0,X_16#3,1.767,thyroid_recurrence Yes t=0.9 m=1 d<=4 puri,=,=
thyroid_recurrence,Yes,0.9,1,5,4,purity,vsf_partial,4,0.8459,0.0394,0.9665,25,1.0,0.5654,0.1577,0.96,3.16,0.8676,0.0224,0.0148,-0.0929,0.1014,X_16#3 | X_11+X_16#2,1.767,thyroid_recurrence Yes t=0.9 m=1 d<=4 puri,=,=
thyroid_recurrence,Yes,0.9,1,5,4,purity,vsf_partial,8,0.8664,0.036,0.9409,25,0.92,0.3529,0.1792,0.938,7.6,0.9139,0.0389,0.0288,-0.2097,0.153,X_16#3 | X_11+X_16#2 | X_11+X_16#0 | X_1+X_8+X_11#8,1.767,thyroid_recurrence Yes t=0.9 m=1 d<=4 puri,=,=
thyroid_recurrence,Yes,0.9,1,5,4,purity,vsf_partial,16,0.8795,0.0377,0.9232,25,0.8,0.1836,0.2716,0.93,12.84,0.9389,0.0223,0.0215,-0.4421,0.219,X_16#3 | X_11+X_16#2 | X_11+X_16#0 | X_1+X_8+X_11#8,1.767,thyroid_recurrence Yes t=0.9 m=1 d<=4 puri,=,-
thyroid_recurrence,Yes,0.9,1,5,4,purity,vsf_partial,32,0.8777,0.0362,0.9182,25,0.76,0.1319,0.3041,0.925,13.76,0.9412,0.0429,0.025,-0.3225,0.2785,X_16#3 | X_11+X_16#2 | X_11+X_16#0 | X_1+X_8+X_11#8,1.767,thyroid_recurrence Yes t=0.9 m=1 d<=4 puri,=,=
thyroid_recurrence,Yes,0.9,1,5,4,purity,vsf_greedy,1,0.8235,0.0393,0.9799,25,1.0,0.6583,0.1189,1.0,1.0,0.824,0.0,0.0,0.0,0.0,X_16#3,0.008,thyroid_recurrence Yes t=0.9 m=1 d<=4 puri,=,=
thyroid_recurrence,Yes,0.9,1,5,4,purity,vsf_greedy,2,0.8235,0.0393,0.9799,25,1.0,0.6583,0.1189,1.0,1.0,0.824,0.0,0.0,0.0,0.0,X_16#3,0.008,thyroid_recurrence Yes t=0.9 m=1 d<=4 puri,=,=
thyroid_recurrence,Yes,0.9,1,5,4,purity,vsf_greedy,4,0.8235,0.0393,0.9799,25,1.0,0.6583,0.1189,1.0,1.0,0.824,0.0,0.0,0.0,0.0,X_16#3,0.008,thyroid_recurrence Yes t=0.9 m=1 d<=4 puri,=,=
thyroid_recurrence,Yes,0.9,1,5,4,purity,vsf_greedy,8,0.8236,0.0377,0.9777,25,1.0,0.6413,0.1383,0.974,2.6,0.8333,-0.0039,0.0256,0.0787,0.1063,X_16#3,0.008,thyroid_recurrence Yes t=0.9 m=1 d<=4 puri,=,=
thyroid_recurrence,Yes,0.9,1,5,4,purity,vsf_greedy,16,0.8535,0.0441,0.9727,25,1.0,0.6221,0.1499,0.959,14.0,0.8727,-0.0036,0.0098,-0.0036,0.0098,X_15+X_16#3 | X_15+X_16#7 | X_15+X_16#12 | X_15+X_16#8 | X_15+X_16#4 | X_15+X_16#10 | X_15+X_16#9 | X_15+X_16#11,0.008,thyroid_recurrence Yes t=0.9 m=1 d<=4 puri,=,=
thyroid_recurrence,Yes,0.9,1,5,4,purity,vsf_greedy,32,0.8423,0.0468,0.9648,25,0.92,0.5298,0.2361,0.94,17.48,0.8778,0.0075,0.0309,0.0753,0.1232,X_15+X_16#3 | X_15+X_16#7 | X_15+X_16#12 | X_15+X_16#8 | X_15+X_16#4 | X_15+X_16#10 | X_15+X_16#9 | X_15+X_16#11,0.008,thyroid_recurrence Yes t=0.9 m=1 d<=4 puri,=,=
thyroid_recurrence,Yes,0.9,1,5,4,purity,rules,1,0.8235,0.0393,0.9799,25,1.0,0.6583,0.1189,1.0,1.0,0.824,0.0,0.0,0.0,0.0,X_16=3,0.261,thyroid_recurrence Yes t=0.9 m=1 d<=4 puri,=,=
thyroid_recurrence,Yes,0.9,1,5,4,purity,rules,2,0.8516,0.0393,0.975,25,0.96,0.6373,0.2031,0.992,2.0,0.8518,0.0281,0.018,-0.021,0.1365,X_16=3 | X_11=0,0.261,thyroid_recurrence Yes t=0.9 m=1 d<=4 puri,=,=
thyroid_recurrence,Yes,0.9,1,5,4,purity,rules,4,0.8609,0.0399,0.9378,25,0.84,0.2983,0.3239,0.932,4.0,0.8898,0.0374,0.0233,-0.36,0.2451,X_16=3 | X_11=0 | X_11=1 & X_16=0,0.261,thyroid_recurrence Yes t=0.9 m=1 d<=4 puri,=,=
thyroid_recurrence,Yes,0.9,1,5,4,purity,rules,8,0.872,0.0394,0.9148,25,0.64,0.0624,0.4119,0.907,7.8,0.9338,0.0445,0.0301,-0.5002,0.3443,X_16=3 | X_11=0 | X_11=1 & X_16=0 | X_1=1 & X_8=2 | X_1=5 & X_2=1,0.261,thyroid_recurrence Yes t=0.9 m=1 d<=4 puri,=,=
thyroid_recurrence,Yes,0.9,1,5,4,purity,rules,16,0.8887,0.0363,0.9027,25,0.64,-0.0541,0.4408,0.92,14.92,0.9824,0.0316,0.0226,-0.6798,0.3922,X_16=3 | X_11=0 | X_11=1 & X_16=0 | X_1=1 & X_8=2 | X_1=4 & X_7=1 & X_10=1 | X_1=5 & X_2=1 | X_1=3 & X_2=1 & X_16=0,0.261,thyroid_recurrence Yes t=0.9 m=1 d<=4 puri,=,=
thyroid_recurrence,Yes,0.9,1,5,4,purity,rules,32,0.8887,0.0363,0.8904,25,0.56,-0.1866,0.4628,0.916,19.4,1.0,0.054,0.0323,-0.641,0.425,X_16=3 | X_11=0 | X_11=1 & X_16=0 | X_1=1 & X_8=2 | X_1=4 & X_7=1 & X_10=1 | X_1=5 & X_2=1 | X_1=3 & X_2=1 & X_16=0 | X_1=1 & X_12=1 & X_16=2,0.261,thyroid_recurrence Yes t=0.9 m=1 d<=4 puri,=,=
thyroid_recurrence,Yes,0.9,1,5,4,purity,rules_pure,1,0.8235,0.0393,0.9799,25,1.0,0.6583,0.1189,1.0,1.0,0.824,0.0,0.0,0.0,0.0,X_16=3,0.256,thyroid_recurrence Yes t=0.9 m=1 d<=4 puri,=,=
thyroid_recurrence,Yes,0.9,1,5,4,purity,rules_pure,2,0.8516,0.0393,0.975,25,0.96,0.6373,0.2031,0.992,2.0,0.8518,0.0281,0.018,-0.021,0.1365,X_16=3 | X_11=0,0.256,thyroid_recurrence Yes t=0.9 m=1 d<=4 puri,=,=
thyroid_recurrence,Yes,0.9,1,5,4,purity,rules_pure,4,0.8609,0.0399,0.9378,25,0.84,0.2983,0.3239,0.932,4.0,0.8898,0.0374,0.0233,-0.36,0.2451,X_16=3 | X_11=0 | X_11=1 & X_16=0,0.256,thyroid_recurrence Yes t=0.9 m=1 d<=4 puri,=,=
thyroid_recurrence,Yes,0.9,1,5,4,purity,rules_pure,8,0.872,0.0394,0.9148,25,0.64,0.0624,0.4119,0.907,7.8,0.9338,0.0445,0.0301,-0.5002,0.3443,X_16=3 | X_11=0 | X_11=1 & X_16=0 | X_1=1 & X_8=2 | X_1=5 & X_2=1,0.256,thyroid_recurrence Yes t=0.9 m=1 d<=4 puri,=,=
thyroid_recurrence,Yes,0.9,1,5,4,purity,rules_pure,16,0.8887,0.0363,0.9027,25,0.64,-0.0541,0.4408,0.92,14.92,0.9824,0.0316,0.0226,-0.6798,0.3922,X_16=3 | X_11=0 | X_11=1 & X_16=0 | X_1=1 & X_8=2 | X_1=4 & X_7=1 & X_10=1 | X_1=5 & X_2=1 | X_1=3 & X_2=1 & X_16=0,0.256,thyroid_recurrence Yes t=0.9 m=1 d<=4 puri,=,=
thyroid_recurrence,Yes,0.9,1,5,4,purity,rules_pure,32,0.8887,0.0363,0.8904,25,0.56,-0.1866,0.4628,0.916,19.4,1.0,0.054,0.0323,-0.641,0.425,X_16=3 | X_11=0 | X_11=1 & X_16=0 | X_1=1 & X_8=2 | X_1=4 & X_7=1 & X_10=1 | X_1=5 & X_2=1 | X_1=3 & X_2=1 & X_16=0 | X_1=1 & X_12=1 & X_16=2,0.256,thyroid_recurrence Yes t=0.9 m=1 d<=4 puri,=,=
thyroid_recurrence,Yes,0.9,1,5,4,purity,rules_disjoint,1,0.8235,0.0393,0.9799,25,1.0,0.6583,0.1189,1.0,1.0,0.824,0.0,0.0,0.0,0.0,X_16=3,0.251,thyroid_recurrence Yes t=0.9 m=1 d<=4 puri,=,=
thyroid_recurrence,Yes,0.9,1,5,4,purity,rules_disjoint,2,0.8235,0.0393,0.9799,25,1.0,0.6583,0.1189,0.999,1.04,0.8245,0.0,0.0,0.0,0.0,X_16=3,0.251,thyroid_recurrence Yes t=0.9 m=1 d<=4 puri,=,=
thyroid_recurrence,Yes,0.9,1,5,4,purity,rules_disjoint,4,0.8457,0.0409,0.9668,25,1.0,0.5652,0.1536,0.957,3.12,0.8671,0.0223,0.0127,-0.0931,0.101,X_16=3 | X_11=1 & X_16=0,0.251,thyroid_recurrence Yes t=0.9 m=1 d<=4 puri,=,=
thyroid_recurrence,Yes,0.9,1,5,4,purity,rules_disjoint,8,0.8739,0.0416,0.9622,25,1.0,0.5442,0.1683,0.946,7.92,0.9153,0.0463,0.0278,-0.0184,0.1168,X_16=3 | X_11=1 & X_16=0 | X_11=0 & X_16=0 | X_1=1 & X_2=0 & X_8=2,0.251,thyroid_recurrence Yes t=0.9 m=1 d<=4 puri,=,=
thyroid_recurrence,Yes,0.9,1,5,4,purity,rules_disjoint,16,0.8756,0.0406,0.9085,25,0.56,0.0449,0.2395,0.917,15.28,0.9611,0.0184,0.0237,-0.5808,0.203,X_16=3 | X_11=1 & X_16=0 | X_11=0 & X_16=0 | X_1=1 & X_2=0 & X_8=2 | X_1=4 & X_2=0 & X_7=1 & X_10=1 | X_1=5 & X_2=1 & X_12=3,0.251,thyroid_recurrence Yes t=0.9 m=1 d<=4 puri,=,-
thyroid_recurrence,Yes,0.9,1,5,4,purity,rules_disjoint,32,0.8811,0.0421,0.8852,25,0.36,-0.2004,0.2944,0.925,24.88,1.0,0.0464,0.0359,-0.6549,0.2554,X_16=3 | X_11=1 & X_16=0 | X_11=0 & X_16=0 | X_1=1 & X_2=0 & X_8=2 | X_1=4 & X_2=0 & X_7=1 & X_10=1 | X_1=5 & X_2=1 & X_12=3 | X_1=1 & X_12=1 & X_16=2 | X_2=1 & X_3=0 & X_16=0,0.251,thyroid_recurrence Yes t=0.9 m=1 d<=4 puri,=,-
thyroid_recurrence,Yes,0.9,1,5,4,purity,tree,1,0.8235,0.0393,0.9799,25,1.0,0.6583,0.1189,1.0,1.0,0.824,0.0,0.0,0.0,0.0,entropy-None-depth1-leaf2,0.059,thyroid_recurrence Yes t=0.9 m=1 d<=4 puri,=,=
thyroid_recurrence,Yes,0.9,1,5,4,purity,tree,2,0.8235,0.0393,0.9799,25,1.0,0.6583,0.1189,1.0,1.0,0.824,0.0,0.0,0.0,0.0,entropy-None-depth1-leaf2,0.059,thyroid_recurrence Yes t=0.9 m=1 d<=4 puri,=,=
thyroid_recurrence,Yes,0.9,1,5,4,purity,tree,4,0.8235,0.0393,0.9799,25,1.0,0.6583,0.1189,1.0,1.0,0.824,0.0,0.0,0.0,0.0,entropy-None-depth1-leaf2,0.059,thyroid_recurrence Yes t=0.9 m=1 d<=4 puri,=,=
thyroid_recurrence,Yes,0.9,1,5,4,purity,tree,8,0.8182,0.043,0.9658,25,0.96,0.5377,0.1533,0.909,5.88,0.8635,-0.0094,0.0389,-0.0249,0.1588,entropy-None-depth3-leaf9 | entropy-None-depth3-leaf6 | entropy-None-depth3-leaf12,0.059,thyroid_recurrence Yes t=0.9 m=1 d<=4 puri,=,=
thyroid_recurrence,Yes,0.9,1,5,4,purity,tree,16,0.85,0.033,0.9527,25,0.88,0.4511,0.1938,0.923,13.16,0.9019,-0.0071,0.0338,-0.1746,0.1929,gini-None-depth4-leaf15 | gini-None-depth4-leaf10 | gini-None-depth4-leaf17 | gini-None-depth4-leaf8 | gini-None-depth4-leaf13,0.059,thyroid_recurrence Yes t=0.9 m=1 d<=4 puri,=,=
thyroid_recurrence,Yes,0.9,1,5,4,purity,tree,32,0.85,0.033,0.9546,25,0.88,0.4674,0.1872,0.927,14.96,0.907,0.0153,0.0314,0.013,0.231,gini-None-depth4-leaf15 | gini-None-depth4-leaf10 | gini-None-depth4-leaf17 | gini-None-depth4-leaf8 | gini-None-depth4-leaf13 | gini-None-depth4-leaf20,0.059,thyroid_recurrence Yes t=0.9 m=1 d<=4 puri,=,=
thyroid_recurrence,Yes,0.9,1,5,4,certified,vsf,1,0.0,0.0,,0,,0.0,0.0,,0.0,0.0,0.0,0.0,0.0,0.0,,0.724,thyroid_recurrence Yes t=0.9 m=1 d<=4 cert,=,=
thyroid_recurrence,Yes,0.9,1,5,4,certified,vsf,2,0.0,0.0,,0,,0.0,0.0,,0.0,0.0,0.0,0.0,0.0,0.0,,0.724,thyroid_recurrence Yes t=0.9 m=1 d<=4 cert,=,=
thyroid_recurrence,Yes,0.9,1,5,4,certified,vsf,4,0.0,0.0,,0,,0.0,0.0,,0.0,0.0,0.0,0.0,0.0,0.0,,0.724,thyroid_recurrence Yes t=0.9 m=1 d<=4 cert,=,=
thyroid_recurrence,Yes,0.9,1,5,4,certified,vsf,8,0.0,0.0,,0,,0.0,0.0,,0.0,0.0,0.0,0.0,0.0,0.0,,0.724,thyroid_recurrence Yes t=0.9 m=1 d<=4 cert,=,=
thyroid_recurrence,Yes,0.9,1,5,4,certified,vsf,16,0.0,0.0,,0,,0.0,0.0,,0.0,0.0,0.0,0.0,0.0,0.0,,0.724,thyroid_recurrence Yes t=0.9 m=1 d<=4 cert,=,=
thyroid_recurrence,Yes,0.9,1,5,4,certified,vsf,32,0.0,0.0,,0,,0.0,0.0,,0.0,0.0,0.0,0.0,0.0,0.0,,0.724,thyroid_recurrence Yes t=0.9 m=1 d<=4 cert,=,=
thyroid_recurrence,Yes,0.9,1,5,4,certified,vsf_partial,1,0.0,0.0,,0,,0.0,0.0,,0.0,0.0,0.0,0.0,0.0,0.0,,0.729,thyroid_recurrence Yes t=0.9 m=1 d<=4 cert,=,=
thyroid_recurrence,Yes,0.9,1,5,4,certified,vsf_partial,2,0.0,0.0,,0,,0.0,0.0,,0.0,0.0,0.0,0.0,0.0,0.0,,0.729,thyroid_recurrence Yes t=0.9 m=1 d<=4 cert,=,=
thyroid_recurrence,Yes,0.9,1,5,4,certified,vsf_partial,4,0.0,0.0,,0,,0.0,0.0,,0.0,0.0,0.0,0.0,0.0,0.0,,0.729,thyroid_recurrence Yes t=0.9 m=1 d<=4 cert,=,=
thyroid_recurrence,Yes,0.9,1,5,4,certified,vsf_partial,8,0.0,0.0,,0,,0.0,0.0,,0.0,0.0,0.0,0.0,0.0,0.0,,0.729,thyroid_recurrence Yes t=0.9 m=1 d<=4 cert,=,=
thyroid_recurrence,Yes,0.9,1,5,4,certified,vsf_partial,16,0.0,0.0,,0,,0.0,0.0,,0.0,0.0,0.0,0.0,0.0,0.0,,0.729,thyroid_recurrence Yes t=0.9 m=1 d<=4 cert,=,=
thyroid_recurrence,Yes,0.9,1,5,4,certified,vsf_partial,32,0.0,0.0,,0,,0.0,0.0,,0.0,0.0,0.0,0.0,0.0,0.0,,0.729,thyroid_recurrence Yes t=0.9 m=1 d<=4 cert,=,=
thyroid_recurrence,Yes,0.9,1,5,4,certified,vsf_greedy,1,0.0,0.0,,0,,0.0,0.0,,0.0,0.0,0.0,0.0,0.0,0.0,,0.503,thyroid_recurrence Yes t=0.9 m=1 d<=4 cert,=,=
thyroid_recurrence,Yes,0.9,1,5,4,certified,vsf_greedy,2,0.0,0.0,,0,,0.0,0.0,,0.0,0.0,0.0,0.0,0.0,0.0,,0.503,thyroid_recurrence Yes t=0.9 m=1 d<=4 cert,=,=
thyroid_recurrence,Yes,0.9,1,5,4,certified,vsf_greedy,4,0.0,0.0,,0,,0.0,0.0,,0.0,0.0,0.0,0.0,0.0,0.0,,0.503,thyroid_recurrence Yes t=0.9 m=1 d<=4 cert,=,=
thyroid_recurrence,Yes,0.9,1,5,4,certified,vsf_greedy,8,0.0,0.0,,0,,0.0,0.0,,0.0,0.0,0.0,0.0,0.0,0.0,,0.503,thyroid_recurrence Yes t=0.9 m=1 d<=4 cert,=,=
thyroid_recurrence,Yes,0.9,1,5,4,certified,vsf_greedy,16,0.0,0.0,,0,,0.0,0.0,,0.0,0.0,0.0,0.0,0.0,0.0,,0.503,thyroid_recurrence Yes t=0.9 m=1 d<=4 cert,=,=
thyroid_recurrence,Yes,0.9,1,5,4,certified,vsf_greedy,32,0.0,0.0,,0,,0.0,0.0,,0.0,0.0,0.0,0.0,0.0,0.0,,0.503,thyroid_recurrence Yes t=0.9 m=1 d<=4 cert,=,=
thyroid_recurrence,Yes,0.9,1,5,4,certified,rules,1,0.0,0.0,,0,,0.0,0.0,,0.0,0.0,0.0,0.0,0.0,0.0,,0.604,thyroid_recurrence Yes t=0.9 m=1 d<=4 cert,=,=
thyroid_recurrence,Yes,0.9,1,5,4,certified,rules,2,0.0,0.0,,0,,0.0,0.0,,0.0,0.0,0.0,0.0,0.0,0.0,,0.604,thyroid_recurrence Yes t=0.9 m=1 d<=4 cert,=,=
thyroid_recurrence,Yes,0.9,1,5,4,certified,rules,4,0.0,0.0,,0,,0.0,0.0,,0.0,0.0,0.0,0.0,0.0,0.0,,0.604,thyroid_recurrence Yes t=0.9 m=1 d<=4 cert,=,=
thyroid_recurrence,Yes,0.9,1,5,4,certified,rules,8,0.0,0.0,,0,,0.0,0.0,,0.0,0.0,0.0,0.0,0.0,0.0,,0.604,thyroid_recurrence Yes t=0.9 m=1 d<=4 cert,=,=
thyroid_recurrence,Yes,0.9,1,5,4,certified,rules,16,0.0,0.0,,0,,0.0,0.0,,0.0,0.0,0.0,0.0,0.0,0.0,,0.604,thyroid_recurrence Yes t=0.9 m=1 d<=4 cert,=,=
thyroid_recurrence,Yes,0.9,1,5,4,certified,rules,32,0.0,0.0,,0,,0.0,0.0,,0.0,0.0,0.0,0.0,0.0,0.0,,0.604,thyroid_recurrence Yes t=0.9 m=1 d<=4 cert,=,=
thyroid_recurrence,Yes,0.9,1,5,4,certified,rules_pure,1,0.0,0.0,,0,,0.0,0.0,,0.0,0.0,0.0,0.0,0.0,0.0,,0.603,thyroid_recurrence Yes t=0.9 m=1 d<=4 cert,=,=
thyroid_recurrence,Yes,0.9,1,5,4,certified,rules_pure,2,0.0,0.0,,0,,0.0,0.0,,0.0,0.0,0.0,0.0,0.0,0.0,,0.603,thyroid_recurrence Yes t=0.9 m=1 d<=4 cert,=,=
thyroid_recurrence,Yes,0.9,1,5,4,certified,rules_pure,4,0.0,0.0,,0,,0.0,0.0,,0.0,0.0,0.0,0.0,0.0,0.0,,0.603,thyroid_recurrence Yes t=0.9 m=1 d<=4 cert,=,=
thyroid_recurrence,Yes,0.9,1,5,4,certified,rules_pure,8,0.0,0.0,,0,,0.0,0.0,,0.0,0.0,0.0,0.0,0.0,0.0,,0.603,thyroid_recurrence Yes t=0.9 m=1 d<=4 cert,=,=
thyroid_recurrence,Yes,0.9,1,5,4,certified,rules_pure,16,0.0,0.0,,0,,0.0,0.0,,0.0,0.0,0.0,0.0,0.0,0.0,,0.603,thyroid_recurrence Yes t=0.9 m=1 d<=4 cert,=,=
thyroid_recurrence,Yes,0.9,1,5,4,certified,rules_pure,32,0.0,0.0,,0,,0.0,0.0,,0.0,0.0,0.0,0.0,0.0,0.0,,0.603,thyroid_recurrence Yes t=0.9 m=1 d<=4 cert,=,=
thyroid_recurrence,Yes,0.9,1,5,4,certified,rules_disjoint,1,0.0,0.0,,0,,0.0,0.0,,0.0,0.0,0.0,0.0,0.0,0.0,,0.603,thyroid_recurrence Yes t=0.9 m=1 d<=4 cert,=,=
thyroid_recurrence,Yes,0.9,1,5,4,certified,rules_disjoint,2,0.0,0.0,,0,,0.0,0.0,,0.0,0.0,0.0,0.0,0.0,0.0,,0.603,thyroid_recurrence Yes t=0.9 m=1 d<=4 cert,=,=
thyroid_recurrence,Yes,0.9,1,5,4,certified,rules_disjoint,4,0.0,0.0,,0,,0.0,0.0,,0.0,0.0,0.0,0.0,0.0,0.0,,0.603,thyroid_recurrence Yes t=0.9 m=1 d<=4 cert,=,=
thyroid_recurrence,Yes,0.9,1,5,4,certified,rules_disjoint,8,0.0,0.0,,0,,0.0,0.0,,0.0,0.0,0.0,0.0,0.0,0.0,,0.603,thyroid_recurrence Yes t=0.9 m=1 d<=4 cert,=,=
thyroid_recurrence,Yes,0.9,1,5,4,certified,rules_disjoint,16,0.0,0.0,,0,,0.0,0.0,,0.0,0.0,0.0,0.0,0.0,0.0,,0.603,thyroid_recurrence Yes t=0.9 m=1 d<=4 cert,=,=
thyroid_recurrence,Yes,0.9,1,5,4,certified,rules_disjoint,32,0.0,0.0,,0,,0.0,0.0,,0.0,0.0,0.0,0.0,0.0,0.0,,0.603,thyroid_recurrence Yes t=0.9 m=1 d<=4 cert,=,=
thyroid_recurrence,Yes,0.9,1,5,4,certified,tree,1,0.0,0.0,,0,,0.0,0.0,,0.0,0.0,0.0,0.0,0.0,0.0,,0.522,thyroid_recurrence Yes t=0.9 m=1 d<=4 cert,=,=
thyroid_recurrence,Yes,0.9,1,5,4,certified,tree,2,0.0,0.0,,0,,0.0,0.0,,0.0,0.0,0.0,0.0,0.0,0.0,,0.522,thyroid_recurrence Yes t=0.9 m=1 d<=4 cert,=,=
thyroid_recurrence,Yes,0.9,1,5,4,certified,tree,4,0.0,0.0,,0,,0.0,0.0,,0.0,0.0,0.0,0.0,0.0,0.0,,0.522,thyroid_recurrence Yes t=0.9 m=1 d<=4 cert,=,=
thyroid_recurrence,Yes,0.9,1,5,4,certified,tree,8,0.0,0.0,,0,,0.0,0.0,,0.0,0.0,0.0,0.0,0.0,0.0,,0.522,thyroid_recurrence Yes t=0.9 m=1 d<=4 cert,=,=
thyroid_recurrence,Yes,0.9,1,5,4,certified,tree,16,0.0,0.0,,0,,0.0,0.0,,0.0,0.0,0.0,0.0,0.0,0.0,,0.522,thyroid_recurrence Yes t=0.9 m=1 d<=4 cert,=,=
thyroid_recurrence,Yes,0.9,1,5,4,certified,tree,32,0.0,0.0,,0,,0.0,0.0,,0.0,0.0,0.0,0.0,0.0,0.0,,0.522,thyroid_recurrence Yes t=0.9 m=1 d<=4 cert,=,=
titanic,survived,0.9,1,5,4,purity,vsf,1,0.0,0.0,0.0,1,0.0,-0.0106,0.0285,0.47,1.0,0.006,0.0,0.0,0.0,0.0,X_3#5,0.012,titanic survived t=0.9 m=1 d<=4 puri,=,=
titanic,survived,0.9,1,5,4,purity,vsf,2,0.2673,0.0248,0.9618,25,0.96,0.1514,0.111,0.978,2.0,0.2667,0.0,0.0,0.0,0.0,X_1+X_2#0,0.012,titanic survived t=0.9 m=1 d<=4 puri,=,=
titanic,survived,0.9,1,5,4,purity,vsf,4,0.4708,0.0233,0.949,25,0.96,0.2343,0.0801,1.0,4.0,0.4708,0.0,0.0,0.0,0.0,X_1+X_2#0 | X_1+X_2#2,0.012,titanic survived t=0.9 m=1 d<=4 puri,=,=
titanic,survived,0.9,1,5,4,purity,vsf,8,0.4708,0.0233,0.949,25,0.96,0.2343,0.0801,1.0,4.0,0.4708,0.0,0.0,0.0,0.0,X_1+X_2#0 | X_1+X_2#2,0.012,titanic survived t=0.9 m=1 d<=4 puri,=,=
titanic,survived,0.9,1,5,4,purity,vsf,16,0.4831,0.024,0.9505,25,0.96,0.2466,0.0776,0.957,9.44,0.4858,0.0,0.0,0.0,0.0,X_1+X_3#1 | X_1+X_3#3 | X_1+X_3#8 | X_1+X_3#10 | X_1+X_3#7 | X_1+X_3#0 | X_1+X_3#5,0.012,titanic survived t=0.9 m=1 d<=4 puri,=,=
titanic,survived,0.9,1,5,4,purity,vsf,32,0.4831,0.0235,0.9517,25,0.96,0.2518,0.074,0.96,18.36,0.494,0.0,0.0,0.0,0.0,X_1+X_2+X_3#0 | X_1+X_2+X_3#1 | X_1+X_2+X_3#9 | X_1+X_2+X_3#10 | X_1+X_2+X_3#11 | X_1+X_2+X_3#2 | X_1+X_2+X_3#3 | X_1+X_2+X_3#4 | X_1+X_2+X_3#5,0.012,titanic survived t=0.9 m=1 d<=4 puri,=,=
titanic,survived,0.9,1,5,4,purity,vsf_partial,1,0.0,0.0,0.0,1,0.0,-0.0106,0.0285,0.47,1.0,0.006,0.0,0.0,0.0,0.0,X_3#5,0.093,titanic survived t=0.9 m=1 d<=4 puri,=,=
titanic,survived,0.9,1,5,4,purity,vsf_partial,2,0.2673,0.0248,0.9618,25,0.96,0.1514,0.111,0.978,2.0,0.2667,0.0,0.0,0.0,0.0,X_1+X_2#0,0.093,titanic survived t=0.9 m=1 d<=4 puri,=,=
titanic,survived,0.9,1,5,4,purity,vsf_partial,4,0.4708,0.0233,0.949,25,0.96,0.2343,0.0801,1.0,4.0,0.4708,0.0,0.0,0.0,0.0,X_1+X_2#0 | X_1+X_2#2,0.093,titanic survived t=0.9 m=1 d<=4 puri,=,=
titanic,survived,0.9,1,5,4,purity,vsf_partial,8,0.524,0.0251,0.954,25,0.96,0.2875,0.078,0.995,6.64,0.5251,0.0532,0.0132,0.0532,0.0132,X_1+X_2#0 | X_1+X_2#2 | X_3+X_5#1 | X_1+X_3#0,0.093,titanic survived t=0.9 m=1 d<=4 puri,+,+
titanic,survived,0.9,1,5,4,purity,vsf_partial,16,0.5299,0.0281,0.9398,25,0.88,0.2089,0.1058,0.961,14.2,0.5386,0.0468,0.0139,-0.0377,0.0976,X_1+X_2#0 | X_1+X_2#2 | X_2+X_4+X_5#19 | X_1+X_2+X_4+X_5#45 | X_1+X_4#1 | X_1+X_2+X_4#7,0.093,titanic survived t=0.9 m=1 d<=4 puri,+,=
titanic,survived,0.9,1,5,4,purity,vsf_partial,32,0.5281,0.0272,0.9151,25,0.6,0.0647,0.142,0.913,28.52,0.5529,0.0451,0.0149,-0.1871,0.1259,X_1+X_2#0 | X_1+X_2#2 | X_2+X_4+X_5#19 | X_1+X_2+X_4+X_5#45 | X_1+X_4#1 | X_1+X_2+X_4#7 | X_1+X_2+X_4#20 | X_2+X_4+X_5#3 | X_1+X_2+X_4+X_5#30,0.093,titanic survived t=0.9 m=1 d<=4 puri,+,=
titanic,survived,0.9,1,5,4,purity,vsf_greedy,1,0.0,0.0,0.0,1,0.0,-0.0106,0.0285,0.47,1.0,0.006,0.0,0.0,0.0,0.0,X_3#5,0.004,titanic survived t=0.9 m=1 d<=4 puri,=,=
titanic,survived,0.9,1,5,4,purity,vsf_greedy,2,0.0813,0.0324,0.8547,22,0.5,-0.0347,0.0711,0.233,2.0,0.0871,-0.186,0.0371,-0.1862,0.097,X_1+X_3#1,0.004,titanic survived t=0.9 m=1 d<=4 puri,-,=
titanic,survived,0.9,1,5,4,purity,vsf_greedy,4,0.1545,0.0495,0.8709,25,0.44,-0.0088,0.0974,0.25,3.92,0.1544,-0.3163,0.0498,-0.2431,0.1106,X_1+X_3#1 | X_1+X_3#3,0.004,titanic survived t=0.9 m=1 d<=4 puri,-,-
titanic,survived,0.9,1,5,4,purity,vsf_greedy,8,0.2411,0.0821,0.927,24,0.708,0.0779,0.0868,0.364,7.36,0.2494,-0.2297,0.0792,-0.1565,0.066,X_1+X_3#1 | X_1+X_3#3 | X_1+X_3#8 | X_1+X_3#10,0.004,titanic survived t=0.9 m=1 d<=4 puri,-,-
titanic,survived,0.9,1,5,4,purity,vsf_greedy,16,0.3188,0.07,0.9441,25,0.8,0.1453,0.0786,0.542,14.52,0.3259,-0.1642,0.07,-0.1013,0.0395,X_1+X_3#1 | X_1+X_3#3 | X_1+X_3#8 | X_1+X_3#10 | X_1+X_3#7 | X_1+X_3#0 | X_1+X_3#5,0.004,titanic survived t=0.9 m=1 d<=4 puri,-,-
titanic,survived,0.9,1,5,4,purity,vsf_greedy,32,0.3534,0.059,0.9481,25,0.84,0.164,0.0718,0.616,27.16,0.375,-0.1297,0.0566,-0.0878,0.046,X_1+X_3#1 | X_1+X_3#3 | X_1+X_3#8 | X_1+X_3#10 | X_1+X_3#7 | X_1+X_3#0 | X_1+X_3#5,0.004,titanic survived t=0.9 m=1 d<=4 puri,-,=
titanic,survived,0.9,1,5,4,purity,rules,1,0.0,0.0,0.0,1,0.0,-0.0106,0.0285,0.47,1.0,0.006,0.0,0.0,0.0,0.0,X_3=5,0.025,titanic survived t=0.9 m=1 d<=4 puri,=,=
titanic,survived,0.9,1,5,4,purity,rules,2,0.2673,0.0248,0.9618,25,0.96,0.1514,0.111,0.978,2.0,0.2667,0.0,0.0,0.0,0.0,X_1=0 & X_2=0,0.025,titanic survived t=0.9 m=1 d<=4 puri,=,=
titanic,survived,0.9,1,5,4,purity,rules,4,0.4702,0.023,0.9428,25,0.92,0.1967,0.1278,0.99,4.0,0.4703,-0.0006,0.0016,-0.0376,0.1014,X_1=0 & X_2=0 | X_1=1 & X_2=0,0.025,titanic survived t=0.9 m=1 d<=4 puri,=,=
titanic,survived,0.9,1,5,4,purity,rules,8,0.534,0.0261,0.9031,25,0.6,-0.0031,0.1631,0.904,8.0,0.548,0.0632,0.0124,-0.2374,0.1572,X_1=0 & X_2=0 | X_1=1 & X_2=0 | X_3=0 & X_5=2 | X_3=3 & X_8=0,0.025,titanic survived t=0.9 m=1 d<=4 puri,+,=
titanic,survived,0.9,1,5,4,purity,rules,16,0.5539,0.0259,0.8666,25,0.12,-0.2257,0.1493,0.844,15.68,0.5896,0.0708,0.0165,-0.4723,0.1666,X_1=0 & X_2=0 | X_1=1 & X_2=0 | X_3=0 & X_5=2 | X_3=3 & X_8=0 | X_3=1 & X_7=2 & X_8=1 | X_1=0 & X_3=4 & X_4=0 & X_7=0,0.025,titanic survived t=0.9 m=1 d<=4 puri,+,-
titanic,survived,0.9,1,5,4,purity,rules,32,0.5855,0.0251,0.8423,25,0.04,-0.4153,0.1658,0.842,31.48,0.6373,0.1024,0.0177,-0.6672,0.1777,X_1=0 & X_2=0 | X_1=1 & X_2=0 | X_3=0 & X_5=2 | X_3=3 & X_8=0 | X_3=1 & X_7=2 & X_8=1 | X_1=0 & X_3=4 & X_4=0 & X_7=0 | X_1=2 & X_5=1 & X_8=0 | X_3=3 & X_4=4 & X_5=2 | X_5=2 & X_6=1 & X_8=0 | X_1=2 & X_6=4 | X_4=3 & X_8=1 | X_5=1 & X_6=1 | X_1=1 & X_3=0,0.025,titanic survived t=0.9 m=1 d<=4 puri,+,-
titanic,survived,0.9,1,5,4,purity,rules_pure,1,0.0,0.0,0.0,1,0.0,-0.0106,0.0285,0.47,1.0,0.006,0.0,0.0,0.0,0.0,X_3=5,0.025,titanic survived t=0.9 m=1 d<=4 puri,=,=
titanic,survived,0.9,1,5,4,purity,rules_pure,2,0.2673,0.0248,0.9618,25,0.96,0.1514,0.111,0.978,2.0,0.2667,0.0,0.0,0.0,0.0,X_1=0 & X_2=0,0.025,titanic survived t=0.9 m=1 d<=4 puri,=,=
titanic,survived,0.9,1,5,4,purity,rules_pure,4,0.4702,0.023,0.9428,25,0.92,0.1967,0.1278,0.99,4.0,0.4703,-0.0006,0.0016,-0.0376,0.1014,X_1=0 & X_2=0 | X_1=1 & X_2=0,0.025,titanic survived t=0.9 m=1 d<=4 puri,=,=
titanic,survived,0.9,1,5,4,purity,rules_pure,8,0.534,0.0261,0.9042,25,0.6,0.0075,0.1421,0.908,8.0,0.5478,0.0632,0.0124,-0.2269,0.1349,X_1=0 & X_2=0 | X_1=1 & X_2=0 | X_3=0 & X_5=2 | X_3=3 & X_8=0,0.025,titanic survived t=0.9 m=1 d<=4 puri,+,=
titanic,survived,0.9,1,5,4,purity,rules_pure,16,0.5539,0.0259,0.8677,25,0.12,-0.2151,0.1286,0.846,15.64,0.5889,0.0708,0.0165,-0.4617,0.1483,X_1=0 & X_2=0 | X_1=1 & X_2=0 | X_3=0 & X_5=2 | X_3=3 & X_8=0 | X_3=1 & X_7=2 & X_8=1 | X_1=0 & X_3=4 & X_4=0 & X_7=0,0.025,titanic survived t=0.9 m=1 d<=4 puri,+,-
titanic,survived,0.9,1,5,4,purity,rules_pure,32,0.5867,0.0258,0.8427,25,0.04,-0.4142,0.1638,0.843,31.52,0.637,0.1036,0.018,-0.666,0.1758,X_1=0 & X_2=0 | X_1=1 & X_2=0 | X_3=0 & X_5=2 | X_3=3 & X_8=0 | X_3=1 & X_7=2 & X_8=1 | X_1=0 & X_3=4 & X_4=0 & X_7=0 | X_1=2 & X_5=1 & X_8=0 | X_3=3 & X_4=4 & X_5=2 | X_5=2 & X_6=1 & X_8=0 | X_1=2 & X_6=4 | X_4=3 & X_8=1 | X_5=1 & X_6=1 | X_1=1 & X_3=0,0.025,titanic survived t=0.9 m=1 d<=4 puri,+,-
titanic,survived,0.9,1,5,4,purity,rules_disjoint,1,0.0,0.0,0.0,1,0.0,-0.0106,0.0285,0.47,1.0,0.006,0.0,0.0,0.0,0.0,X_3=5,0.026,titanic survived t=0.9 m=1 d<=4 puri,=,=
titanic,survived,0.9,1,5,4,purity,rules_disjoint,2,0.2673,0.0248,0.9618,25,0.96,0.1514,0.111,0.978,2.0,0.2667,0.0,0.0,0.0,0.0,X_1=0 & X_2=0,0.026,titanic survived t=0.9 m=1 d<=4 puri,=,=
titanic,survived,0.9,1,5,4,purity,rules_disjoint,4,0.4643,0.026,0.9412,25,0.92,0.1961,0.1291,0.958,4.0,0.4657,-0.0065,0.0174,-0.0382,0.103,X_1=0 & X_2=0 | X_1=1 & X_2=0,0.026,titanic survived t=0.9 m=1 d<=4 puri,=,=
titanic,survived,0.9,1,5,4,purity,rules_disjoint,8,0.5269,0.0242,0.9443,25,0.92,0.2322,0.1273,0.978,7.92,0.5317,0.0561,0.0128,-0.0021,0.1091,X_1=0 & X_2=0 | X_1=1 & X_2=0 | X_3=0 & X_5=2 | X_4=3 & X_8=1,0.026,titanic survived t=0.9 m=1 d<=4 puri,+,=
titanic,survived,0.9,1,5,4,purity,rules_disjoint,16,0.5439,0.0263,0.9132,25,0.64,0.054,0.1631,0.906,15.72,0.569,0.0608,0.0136,-0.1926,0.161,X_1=0 & X_2=0 | X_1=1 & X_2=0 | X_3=0 & X_5=2 | X_1=2 & X_5=1 & X_8=0 | X_2=0 & X_7=1 & X_8=0 | X_1=0 & X_3=4 & X_4=0 & X_7=0,0.026,titanic survived t=0.9 m=1 d<=4 puri,+,=
titanic,survived,0.9,1,5,4,purity,rules_disjoint,32,0.5715,0.0254,0.8726,25,0.32,-0.2032,0.1766,0.885,31.44,0.6094,0.0884,0.0166,-0.4551,0.1779,X_1=0 & X_2=0 | X_1=1 & X_2=0 | X_3=0 & X_5=2 | X_1=2 & X_5=1 & X_8=0 | X_2=0 & X_7=1 & X_8=0 | X_1=0 & X_3=4 & X_4=0 & X_7=0 | X_1=2 & X_3=1 & X_7=2 & X_8=1 | X_4=3 & X_8=1 | X_1=2 & X_4=0 & X_6=4 | X_2=1 & X_5=1 & X_6=1 | X_1=2 & X_2=0 & X_4=3 & X_5=2,0.026,titanic survived t=0.9 m=1 d<=4 puri,+,-
titanic,survived,0.9,1,5,4,purity,tree,1,0.0,0.0,,0,,0.0,0.0,,0.0,0.0,0.0,0.0,0.0106,0.0285,,0.06,titanic survived t=0.9 m=1 d<=4 puri,=,=
titanic,survived,0.9,1,5,4,purity,tree,2,0.155,0.1247,0.9335,8,0.875,0.0448,0.1105,0.164,0.64,0.152,-0.1123,0.123,-0.1066,0.1614,,0.06,titanic survived t=0.9 m=1 d<=4 puri,=,=
titanic,survived,0.9,1,5,4,purity,tree,4,0.5048,0.0271,0.9378,25,0.88,0.1896,0.1339,0.986,2.92,0.5051,0.034,0.0115,-0.0448,0.0847,entropy-None-depth3-leaf3,0.06,titanic survived t=0.9 m=1 d<=4 puri,+,=
titanic,survived,0.9,1,5,4,purity,tree,8,0.5106,0.0265,0.9379,25,0.88,0.1901,0.1329,0.959,7.04,0.5156,0.0398,0.0126,-0.0443,0.0867,gini-None-depth4-leaf4 | gini-None-depth4-leaf15,0.06,titanic survived t=0.9 m=1 d<=4 puri,+,=
titanic,survived,0.9,1,5,4,purity,tree,16,0.5118,0.0249,0.9363,25,0.8,0.1859,0.114,0.946,10.72,0.5218,0.0287,0.0115,-0.0607,0.0614,gini-None-depth4-leaf4 | gini-None-depth4-leaf15 | gini-None-depth4-leaf21,0.06,titanic survived t=0.9 m=1 d<=4 puri,+,=
titanic,survived,0.9,1,5,4,purity,tree,32,0.5141,0.0269,0.9374,25,0.8,0.1936,0.1126,0.938,11.96,0.5233,0.031,0.0132,-0.0583,0.0631,gini-None-depth4-leaf4 | gini-None-depth4-leaf15 | gini-None-depth4-leaf21,0.06,titanic survived t=0.9 m=1 d<=4 puri,+,=
titanic,survived,0.7,1,5,4,purity,vsf,1,0.6813,0.0246,0.7437,25,0.88,0.1284,0.0563,1.0,1.0,0.6813,0.0,0.0,0.0,0.0,X_2#0,0.012,titanic survived t=0.7 m=1 d<=4 puri,=,=
titanic,survived,0.7,1,5,4,purity,vsf,2,0.6813,0.0246,0.7437,25,0.88,0.1284,0.0563,1.0,1.0,0.6813,0.0,0.0,0.0,0.0,X_2#0,0.012,titanic survived t=0.7 m=1 d<=4 puri,=,=
titanic,survived,0.7,1,5,4,purity,vsf,4,0.6807,0.0245,0.7431,25,0.88,0.1264,0.058,0.999,1.12,0.6814,0.0,0.0,0.0,0.0,X_2#0,0.012,titanic survived t=0.7 m=1 d<=4 puri,=,=
titanic,survived,0.7,1,5,4,purity,vsf,8,0.6807,0.0245,0.7431,25,0.88,0.1264,0.058,0.999,1.12,0.6814,0.0,0.0,0.0,0.0,X_2#0,0.012,titanic survived t=0.7 m=1 d<=4 puri,=,=
titanic,survived,0.7,1,5,4,purity,vsf,16,0.6755,0.0239,0.7437,25,0.88,0.1266,0.058,0.981,1.64,0.6816,0.0,0.0,0.0,0.0,X_2#0,0.012,titanic survived t=0.7 m=1 d<=4 puri,=,=
titanic,survived,0.7,1,5,4,purity,vsf,32,0.6672,0.0258,0.7529,25,0.92,0.1513,0.0595,0.93,7.72,0.6836,0.0,0.0,0.0,0.0,X_2#0,0.012,titanic survived t=0.7 m=1 d<=4 puri,=,=
titanic,survived,0.7,1,5,4,purity,vsf_partial,1,0.6813,0.0246,0.7437,25,0.88,0.1284,0.0563,1.0,1.0,0.6813,0.0,0.0,0.0,0.0,X_2#0,0.135,titanic survived t=0.7 m=1 d<=4 puri,=,=
titanic,survived,0.7,1,5,4,purity,vsf_partial,2,0.6813,0.0246,0.7437,25,0.88,0.1284,0.0563,1.0,1.0,0.6813,0.0,0.0,0.0,0.0,X_2#0,0.135,titanic survived t=0.7 m=1 d<=4 puri,=,=
titanic,survived,0.7,1,5,4,purity,vsf_partial,4,0.7339,0.0223,0.7574,25,1.0,0.181,0.0603,1.0,3.0,0.7339,0.0532,0.0126,0.0545,0.0128,X_2#0 | X_3+X_5#1,0.135,titanic survived t=0.7 m=1 d<=4 puri,+,+
titanic,survived,0.7,1,5,4,purity,vsf_partial,8,0.7356,0.0204,0.7424,25,0.96,0.1349,0.0625,0.956,7.68,0.7519,0.055,0.0129,0.0085,0.0252,X_2#0 | X_3+X_5#1 | X_2+X_5+X_6#21 | X_3+X_6#0,0.135,titanic survived t=0.7 m=1 d<=4 puri,+,=
titanic,survived,0.7,1,5,4,purity,vsf_partial,16,0.7386,0.0209,0.7363,25,0.92,0.116,0.0685,0.943,15.04,0.7671,0.0631,0.0181,-0.0107,0.0309,X_2#0 | X_3+X_5#1 | X_2+X_5+X_6#21 | X_2+X_5+X_6#24 | X_3+X_6#25 | X_3+X_6#27 | X_2+X_5+X_6#26,0.135,titanic survived t=0.7 m=1 d<=4 puri,+,=
titanic,survived,0.7,1,5,4,purity,vsf_partial,32,0.7339,0.0182,0.7273,25,0.72,0.0839,0.0773,0.93,24.04,0.7776,0.0667,0.0203,-0.0673,0.0474,X_2#0 | X_3+X_5#1 | X_2+X_5+X_6#21 | X_2+X_5+X_6#24 | X_3+X_6#25 | X_3+X_6#27 | X_2+X_5+X_6#26,0.135,titanic survived t=0.7 m=1 d<=4 puri,+,=
titanic,survived,0.7,1,5,4,purity,vsf_greedy,1,0.6702,0.0373,0.7422,25,0.88,0.1255,0.059,0.967,1.0,0.669,-0.011,0.0297,-0.0029,0.0078,X_2#0,0.003,titanic survived t=0.7 m=1 d<=4 puri,=,=
titanic,survived,0.7,1,5,4,purity,vsf_greedy,2,0.6807,0.0245,0.7435,25,0.88,0.1278,0.0567,0.999,1.04,0.6808,-0.0006,0.0016,-0.0006,0.0016,X_2#0,0.003,titanic survived t=0.7 m=1 d<=4 puri,=,=
titanic,survived,0.7,1,5,4,purity,vsf_greedy,4,0.6807,0.0245,0.7431,25,0.88,0.1264,0.058,0.999,1.12,0.6814,0.0,0.0,0.0,0.0,X_2#0,0.003,titanic survived t=0.7 m=1 d<=4 puri,=,=
titanic,survived,0.7,1,5,4,purity,vsf_greedy,8,0.6807,0.0245,0.7431,25,0.88,0.1264,0.058,0.999,1.12,0.6814,0.0,0.0,0.0,0.0,X_2#0,0.003,titanic survived t=0.7 m=1 d<=4 puri,=,=
titanic,survived,0.7,1,5,4,purity,vsf_greedy,16,0.6807,0.0245,0.7431,25,0.88,0.1264,0.058,0.999,1.12,0.6814,0.0052,0.014,-0.0002,0.0005,X_2#0,0.003,titanic survived t=0.7 m=1 d<=4 puri,=,=
titanic,survived,0.7,1,5,4,purity,vsf_greedy,32,0.6813,0.0241,0.7461,25,0.88,0.1338,0.0634,0.978,3.44,0.6825,0.014,0.0224,-0.0175,0.0287,X_2#0,0.003,titanic survived t=0.7 m=1 d<=4 puri,=,=
titanic,survived,0.7,1,5,4,purity,rules,1,0.6813,0.0246,0.7437,25,0.88,0.1284,0.0563,1.0,1.0,0.6813,0.0,0.0,0.0,0.0,X_2=0,0.033,titanic survived t=0.7 m=1 d<=4 puri,=,=
titanic,survived,0.7,1,5,4,purity,rules,2,0.6976,0.0252,0.725,25,0.72,0.075,0.0677,0.946,2.0,0.7105,0.0164,0.0062,-0.0533,0.0274,X_2=0 | X_6=4,0.033,titanic survived t=0.7 m=1 d<=4 puri,+,=
titanic,survived,0.7,1,5,4,purity,rules,4,0.738,0.0246,0.7031,25,0.56,0.0018,0.0896,0.877,4.0,0.7648,0.0573,0.0138,-0.1246,0.0753,X_2=0 | X_6=4 | X_6=1 | X_6=3,0.033,titanic survived t=0.7 m=1 d<=4 puri,+,=
titanic,survived,0.7,1,5,4,purity,rules,8,0.8199,0.0222,0.6848,25,0.32,-0.0677,0.0839,0.938,7.92,0.825,0.1392,0.0174,-0.1941,0.0605,X_2=0 | X_6=4 | X_6=1 | X_3=0 & X_5=2 | X_6=3 | X_1=0 & X_8=0,0.033,titanic survived t=0.7 m=1 d<=4 puri,+,-
titanic,survived,0.7,1,5,4,purity,rules,16,0.838,0.0188,0.6668,25,0.28,-0.1464,0.0924,0.931,15.56,0.8576,0.1625,0.0219,-0.273,0.0633,X_2=0 | X_6=4 | X_6=1 | X_3=0 & X_5=2 | X_6=3 | X_1=0 & X_8=0 | X_1=0 & X_4=0 & X_7=0 | X_1=1 & X_3=0 | X_4=2 & X_6=0,0.033,titanic survived t=0.7 m=1 d<=4 puri,+,-
titanic,survived,0.7,1,5,4,purity,rules,32,0.8491,0.0186,0.6463,25,0.12,-0.2431,0.0944,0.92,28.96,0.8806,0.1819,0.0264,-0.3944,0.0839,X_2=0 | X_6=4 | X_6=1 | X_3=0 & X_5=2 | X_6=3 | X_1=0 & X_8=0 | X_1=0 & X_4=0 & X_7=0 | X_1=1 & X_3=0 | X_4=2 & X_6=0 | X_3=0 & X_7=2 & X_8=2 | X_4=4 & X_5=2 & X_7=2 & X_8=1,0.033,titanic survived t=0.7 m=1 d<=4 puri,+,-
titanic,survived,0.7,1,5,4,purity,rules_pure,1,0.6813,0.0246,0.7437,25,0.88,0.1284,0.0563,1.0,1.0,0.6813,0.0,0.0,0.0,0.0,X_2=0,0.035,titanic survived t=0.7 m=1 d<=4 puri,=,=
titanic,survived,0.7,1,5,4,purity,rules_pure,2,0.6976,0.0252,0.725,25,0.72,0.075,0.0677,0.946,2.0,0.7105,0.0164,0.0062,-0.0533,0.0274,X_2=0 | X_6=4,0.035,titanic survived t=0.7 m=1 d<=4 puri,+,=
titanic,survived,0.7,1,5,4,purity,rules_pure,4,0.7391,0.0249,0.7211,25,0.64,0.063,0.0989,0.903,4.0,0.763,0.0584,0.0136,-0.0634,0.0608,X_2=0 | X_6=4 | X_6=1 | X_6=3,0.035,titanic survived t=0.7 m=1 d<=4 puri,+,=
titanic,survived,0.7,1,5,4,purity,rules_pure,8,0.8116,0.0234,0.6957,25,0.36,-0.0254,0.0948,0.926,7.76,0.8159,0.131,0.0182,-0.1519,0.0583,X_2=0 | X_6=4 | X_6=1 | X_3=0 & X_5=2 | X_6=3 | X_1=0 & X_5=2,0.035,titanic survived t=0.7 m=1 d<=4 puri,+,-
titanic,survived,0.7,1,5,4,purity,rules_pure,16,0.8145,0.0205,0.6818,25,0.36,-0.0812,0.0993,0.909,15.52,0.8458,0.1391,0.0204,-0.2078,0.0613,X_2=0 | X_6=4 | X_6=1 | X_3=0 & X_5=2 | X_6=3 | X_1=0 & X_5=2 | X_1=0 & X_3=4 & X_4=0 | X_1=1 & X_3=0 | X_4=2 & X_6=0,0.035,titanic survived t=0.7 m=1 d<=4 puri,+,-
titanic,survived,0.7,1,5,4,purity,rules_pure,32,0.8263,0.0203,0.6691,25,0.24,-0.1363,0.0999,0.908,29.24,0.868,0.1591,0.0264,-0.2876,0.0745,X_2=0 | X_6=4 | X_6=1 | X_3=0 & X_5=2 | X_6=3 | X_1=0 & X_5=2 | X_1=0 & X_3=4 & X_4=0 | X_1=1 & X_3=0 | X_4=2 & X_6=0 | X_3=0 & X_7=2 & X_8=2,0.035,titanic survived t=0.7 m=1 d<=4 puri,+,-
titanic,survived,0.7,1,5,4,purity,rules_disjoint,1,0.6813,0.0246,0.7437,25,0.88,0.1284,0.0563,1.0,1.0,0.6813,0.0,0.0,0.0,0.0,X_2=0,0.033,titanic survived t=0.7 m=1 d<=4 puri,=,=
titanic,survived,0.7,1,5,4,purity,rules_disjoint,2,0.6813,0.0246,0.7437,25,0.88,0.1284,0.0563,1.0,1.0,0.6813,0.0,0.0,0.0,0.0,X_2=0,0.033,titanic survived t=0.7 m=1 d<=4 puri,=,=
titanic,survived,0.7,1,5,4,purity,rules_disjoint,4,0.7339,0.0223,0.7574,25,1.0,0.181,0.0603,1.0,3.0,0.7339,0.0532,0.0126,0.0545,0.0128,X_2=0 | X_3=0 & X_5=2,0.033,titanic survived t=0.7 m=1 d<=4 puri,+,+
titanic,survived,0.7,1,5,4,purity,rules_disjoint,8,0.7397,0.0209,0.7447,25,0.88,0.143,0.0678,0.961,7.96,0.7591,0.059,0.0133,0.0166,0.0225,X_2=0 | X_3=0 & X_5=2 | X_2=1 & X_5=0 & X_6=4 | X_1=0 & X_3=0,0.033,titanic survived t=0.7 m=1 d<=4 puri,+,=
titanic,survived,0.7,1,5,4,purity,rules_disjoint,16,0.7608,0.0211,0.7324,25,0.8,0.1082,0.0668,0.947,15.6,0.7876,0.0853,0.0171,-0.0184,0.0346,X_2=0 | X_3=0 & X_5=2 | X_2=1 & X_5=0 & X_6=4 | X_3=4 & X_4=0 & X_7=0 | X_2=1 & X_5=2 & X_6=1 & X_8=0 | X_2=1 & X_5=1 & X_6=1,0.033,titanic survived t=0.7 m=1 d<=4 puri,+,=
titanic,survived,0.7,1,5,4,purity,rules_disjoint,32,0.7654,0.0213,0.7223,25,0.72,0.0748,0.0676,0.935,30.96,0.8118,0.0982,0.0226,-0.0765,0.0428,X_2=0 | X_3=0 & X_5=2 | X_2=1 & X_5=0 & X_6=4 | X_3=4 & X_4=0 & X_7=0 | X_2=1 & X_5=2 & X_6=1 & X_8=0 | X_2=1 & X_5=1 & X_6=1 | X_4=2 & X_6=0 | X_4=3 & X_6=2 | X_1=1 & X_3=0 & X_5=1 | X_2=1 & X_4=4 & X_6=3 | X_1=1 & X_2=1 & X_6=3 & X_8=2,0.033,titanic survived t=0.7 m=1 d<=4 puri,+,=
titanic,survived,0.7,1,5,4,purity,tree,1,0.4683,0.1943,0.6998,16,0.375,-0.016,0.0806,0.418,0.64,0.4689,-0.213,0.1903,-0.1444,0.0581,,0.03,titanic survived t=0.7 m=1 d<=4 puri,=,-
titanic,survived,0.7,1,5,4,purity,tree,2,0.6506,0.0649,0.7612,25,0.6,0.1024,0.1257,0.738,1.36,0.6575,-0.0306,0.0608,-0.0259,0.0971,entropy-None-depth2-leaf2,0.03,titanic survived t=0.7 m=1 d<=4 puri,=,=
titanic,survived,0.7,1,5,4,purity,tree,4,0.6506,0.0649,0.7612,25,0.6,0.1024,0.1257,0.738,1.36,0.6575,-0.0301,0.0611,-0.024,0.0966,entropy-None-depth2-leaf2,0.03,titanic survived t=0.7 m=1 d<=4 puri,=,=
titanic,survived,0.7,1,5,4,purity,tree,8,0.6756,0.0516,0.768,25,0.6,0.1316,0.1437,0.753,2.8,0.6827,-0.005,0.0479,0.0051,0.1151,gini-None-depth4-leaf4 | gini-None-depth4-leaf11,0.03,titanic survived t=0.7 m=1 d<=4 puri,=,=
titanic,survived,0.7,1,5,4,purity,tree,16,0.6984,0.0373,0.763,25,0.6,0.1365,0.1457,0.79,6.36,0.7054,0.023,0.0321,0.0098,0.1153,entropy-None-depth4-leaf5 | entropy-None-depth4-leaf4 | entropy-None-depth4-leaf11 | entropy-None-depth4-leaf15,0.03,titanic survived t=0.7 m=1 d<=4 puri,=,=
titanic,survived,0.7,1,5,4,purity,tree,32,0.6996,0.0362,0.7618,25,0.6,0.1349,0.1451,0.791,8.28,0.7076,0.0324,0.0367,-0.0164,0.1158,entropy-None-depth4-leaf5 | entropy-None-depth4-leaf4 | entropy-None-depth4-leaf11 | entropy-None-depth4-leaf15 | entropy-None-depth4-leaf21,0.03,titanic survived t=0.7 m=1 d<=4 puri,=,=
titanic,survived,0.9,20,5,4,purity,vsf,1,0.0,0.0,,0,,0.0,0.0,,0.0,0.0,0.0,0.0,0.0,0.0,,0.011,titanic survived t=0.9 m=20 d<=4 puri,=,=
titanic,survived,0.9,20,5,4,purity,vsf,2,0.2673,0.0248,0.9618,25,0.96,0.1514,0.111,0.978,2.0,0.2667,0.0,0.0,0.0,0.0,X_1+X_2#0,0.011,titanic survived t=0.9 m=20 d<=4 puri,=,=
titanic,survived,0.9,20,5,4,purity,vsf,4,0.4708,0.0233,0.949,25,0.96,0.2343,0.0801,1.0,4.0,0.4708,0.0,0.0,0.0,0.0,X_1+X_2#0 | X_1+X_2#2,0.011,titanic survived t=0.9 m=20 d<=4 puri,=,=
titanic,survived,0.9,20,5,4,purity,vsf,8,0.4708,0.0233,0.949,25,0.96,0.2343,0.0801,1.0,4.0,0.4708,0.0,0.0,0.0,0.0,X_1+X_2#0 | X_1+X_2#2,0.011,titanic survived t=0.9 m=20 d<=4 puri,=,=
titanic,survived,0.9,20,5,4,purity,vsf,16,0.4708,0.0233,0.949,25,0.96,0.2343,0.0801,1.0,4.0,0.4708,0.0,0.0,0.0,0.0,X_1+X_2#0 | X_1+X_2#2,0.011,titanic survived t=0.9 m=20 d<=4 puri,=,=
titanic,survived,0.9,20,5,4,purity,vsf,32,0.4708,0.0233,0.949,25,0.96,0.2343,0.0801,1.0,4.0,0.4708,0.0,0.0,0.0,0.0,X_1+X_2#0 | X_1+X_2#2,0.011,titanic survived t=0.9 m=20 d<=4 puri,=,=
titanic,survived,0.9,20,5,4,purity,vsf_partial,1,0.0,0.0,,0,,0.0,0.0,,0.0,0.0,0.0,0.0,0.0,0.0,,0.025,titanic survived t=0.9 m=20 d<=4 puri,=,=
titanic,survived,0.9,20,5,4,purity,vsf_partial,2,0.2673,0.0248,0.9618,25,0.96,0.1514,0.111,0.978,2.0,0.2667,0.0,0.0,0.0,0.0,X_1+X_2#0,0.025,titanic survived t=0.9 m=20 d<=4 puri,=,=
titanic,survived,0.9,20,5,4,purity,vsf_partial,4,0.4708,0.0233,0.949,25,0.96,0.2343,0.0801,1.0,4.0,0.4708,0.0,0.0,0.0,0.0,X_1+X_2#0 | X_1+X_2#2,0.025,titanic survived t=0.9 m=20 d<=4 puri,=,=
titanic,survived,0.9,20,5,4,purity,vsf_partial,8,0.4644,0.0218,0.948,25,0.96,0.228,0.0834,0.976,4.16,0.4709,-0.0064,0.0172,-0.0064,0.0172,X_1+X_2#0 | X_1+X_2#2,0.025,titanic survived t=0.9 m=20 d<=4 puri,=,=
titanic,survived,0.9,20,5,4,purity,vsf_partial,16,0.4644,0.0218,0.948,25,0.96,0.228,0.0834,0.976,4.16,0.4709,-0.0064,0.0172,-0.0064,0.0172,X_1+X_2#0 | X_1+X_2#2,0.025,titanic survived t=0.9 m=20 d<=4 puri,=,=
titanic,survived,0.9,20,5,4,purity,vsf_partial,32,0.4644,0.0218,0.948,25,0.96,0.228,0.0834,0.976,4.16,0.4709,-0.0064,0.0172,-0.0064,0.0172,X_1+X_2#0 | X_1+X_2#2,0.025,titanic survived t=0.9 m=20 d<=4 puri,=,=
titanic,survived,0.9,20,5,4,purity,vsf_greedy,1,0.0,0.0,,0,,0.0,0.0,,0.0,0.0,0.0,0.0,0.0,0.0,,0.003,titanic survived t=0.9 m=20 d<=4 puri,=,=
titanic,survived,0.9,20,5,4,purity,vsf_greedy,2,0.2029,0.044,0.9677,25,0.96,0.1347,0.046,0.696,2.0,0.2146,-0.0644,0.0441,-0.0168,0.1099,X_1+X_3#1,0.003,titanic survived t=0.9 m=20 d<=4 puri,=,=
titanic,survived,0.9,20,5,4,purity,vsf_greedy,4,0.3861,0.0601,0.9524,25,0.96,0.197,0.0806,0.745,4.0,0.3832,-0.0847,0.0601,-0.0374,0.0368,X_1+X_3#1 | X_1+X_3#3,0.003,titanic survived t=0.9 m=20 d<=4 puri,=,=
titanic,survived,0.9,20,5,4,purity,vsf_greedy,8,0.4532,0.0291,0.9479,25,0.96,0.2168,0.0755,0.92,5.28,0.4477,-0.0176,0.0192,-0.0176,0.0192,X_1+X_3#1 | X_1+X_3#3 | X_1+X_3#8 | X_1+X_3#10,0.003,titanic survived t=0.9 m=20 d<=4 puri,=,=
titanic,survived,0.9,20,5,4,purity,vsf_greedy,16,0.4532,0.0291,0.9479,25,0.96,0.2168,0.0755,0.92,5.28,0.4477,-0.0176,0.0192,-0.0176,0.0192,X_1+X_3#1 | X_1+X_3#3 | X_1+X_3#8 | X_1+X_3#10,0.003,titanic survived t=0.9 m=20 d<=4 puri,=,=
titanic,survived,0.9,20,5,4,purity,vsf_greedy,32,0.4532,0.0291,0.9479,25,0.96,0.2168,0.0755,0.92,5.28,0.4477,-0.0176,0.0192,-0.0176,0.0192,X_1+X_3#1 | X_1+X_3#3 | X_1+X_3#8 | X_1+X_3#10,0.003,titanic survived t=0.9 m=20 d<=4 puri,=,=
titanic,survived,0.9,20,5,4,purity,rules,1,0.0,0.0,,0,,0.0,0.0,,0.0,0.0,0.0,0.0,0.0,0.0,,0.013,titanic survived t=0.9 m=20 d<=4 puri,=,=
titanic,survived,0.9,20,5,4,purity,rules,2,0.2673,0.0248,0.9618,25,0.96,0.1514,0.111,0.978,2.0,0.2667,0.0,0.0,0.0,0.0,X_1=0 & X_2=0,0.013,titanic survived t=0.9 m=20 d<=4 puri,=,=
titanic,survived,0.9,20,5,4,purity,rules,4,0.4702,0.023,0.9428,25,0.92,0.1967,0.1278,0.99,4.0,0.4703,-0.0006,0.0016,-0.0376,0.1014,X_1=0 & X_2=0 | X_1=1 & X_2=0,0.013,titanic survived t=0.9 m=20 d<=4 puri,=,=
titanic,survived,0.9,20,5,4,purity,rules,8,0.5141,0.0284,0.9123,25,0.72,0.0455,0.1616,0.893,6.96,0.525,0.0433,0.016,-0.1888,0.1644,X_1=0 & X_2=0 | X_1=1 & X_2=0 | X_3=3 & X_8=0,0.013,titanic survived t=0.9 m=20 d<=4 puri,+,=
titanic,survived,0.9,20,5,4,purity,rules,16,0.5299,0.0266,0.8842,25,0.4,-0.1126,0.1505,0.885,13.08,0.5446,0.0591,0.0158,-0.3469,0.1611,X_1=0 & X_2=0 | X_1=1 & X_2=0 | X_3=3 & X_8=0 | X_2=0 & X_5=0 & X_8=0 | X_2=0 & X_4=0 & X_7=0,0.013,titanic survived t=0.9 m=20 d<=4 puri,+,-
titanic,survived,0.9,20,5,4,purity,rules,32,0.5328,0.0271,0.883,25,0.36,-0.1202,0.1478,0.89,14.2,0.5459,0.062,0.0168,-0.3545,0.1607,X_1=0 & X_2=0 | X_1=1 & X_2=0 | X_3=3 & X_8=0 | X_2=0 & X_5=0 & X_8=0 | X_2=0 & X_4=0 & X_7=0,0.013,titanic survived t=0.9 m=20 d<=4 puri,+,-
titanic,survived,0.9,20,5,4,purity,rules_pure,1,0.0,0.0,,0,,0.0,0.0,,0.0,0.0,0.0,0.0,0.0,0.0,,0.013,titanic survived t=0.9 m=20 d<=4 puri,=,=
titanic,survived,0.9,20,5,4,purity,rules_pure,2,0.2673,0.0248,0.9618,25,0.96,0.1514,0.111,0.978,2.0,0.2667,0.0,0.0,0.0,0.0,X_1=0 & X_2=0,0.013,titanic survived t=0.9 m=20 d<=4 puri,=,=
titanic,survived,0.9,20,5,4,purity,rules_pure,4,0.4702,0.023,0.9428,25,0.92,0.1967,0.1278,0.99,4.0,0.4703,-0.0006,0.0016,-0.0376,0.1014,X_1=0 & X_2=0 | X_1=1 & X_2=0,0.013,titanic survived t=0.9 m=20 d<=4 puri,=,=
titanic,survived,0.9,20,5,4,purity,rules_pure,8,0.5141,0.0284,0.9134,25,0.72,0.0561,0.1393,0.898,6.96,0.5249,0.0433,0.016,-0.1782,0.1422,X_1=0 & X_2=0 | X_1=1 & X_2=0 | X_3=3 & X_8=0,0.013,titanic survived t=0.9 m=20 d<=4 puri,+,=
titanic,survived,0.9,20,5,4,purity,rules_pure,16,0.5311,0.0269,0.8859,25,0.44,-0.1008,0.139,0.887,12.88,0.5436,0.0603,0.0166,-0.3352,0.1477,X_1=0 & X_2=0 | X_1=1 & X_2=0 | X_3=3 & X_8=0 | X_2=0 & X_5=0 & X_8=0 | X_2=0 & X_4=0 & X_7=0,0.013,titanic survived t=0.9 m=20 d<=4 puri,+,-
titanic,survived,0.9,20,5,4,purity,rules_pure,32,0.5328,0.0273,0.8854,25,0.44,-0.1043,0.137,0.887,13.52,0.5443,0.062,0.0169,-0.3387,0.1454,X_1=0 & X_2=0 | X_1=1 & X_2=0 | X_3=3 & X_8=0 | X_2=0 & X_5=0 & X_8=0 | X_2=0 & X_4=0 & X_7=0,0.013,titanic survived t=0.9 m=20 d<=4 puri,+,-
titanic,survived,0.9,20,5,4,purity,rules_disjoint,1,0.0,0.0,,0,,0.0,0.0,,0.0,0.0,0.0,0.0,0.0,0.0,,0.012,titanic survived t=0.9 m=20 d<=4 puri,=,=
titanic,survived,0.9,20,5,4,purity,rules_disjoint,2,0.2673,0.0248,0.9618,25,0.96,0.1514,0.111,0.978,2.0,0.2667,0.0,0.0,0.0,0.0,X_1=0 & X_2=0,0.012,titanic survived t=0.9 m=20 d<=4 puri,=,=
titanic,survived,0.9,20,5,4,purity,rules_disjoint,4,0.462,0.0295,0.9398,25,0.92,0.1938,0.1341,0.962,3.92,0.4636,-0.0088,0.0238,-0.0406,0.1093,X_1=0 & X_2=0 | X_1=1 & X_2=0,0.012,titanic survived t=0.9 m=20 d<=4 puri,=,=
titanic,survived,0.9,20,5,4,purity,rules_disjoint,8,0.4702,0.023,0.9428,25,0.92,0.1967,0.1278,0.99,4.04,0.4703,-0.0006,0.0016,-0.0376,0.1014,X_1=0 & X_2=0 | X_1=1 & X_2=0,0.012,titanic survived t=0.9 m=20 d<=4 puri,=,=
titanic,survived,0.9,20,5,4,purity,rules_disjoint,16,0.4702,0.023,0.9428,25,0.92,0.1967,0.1278,0.99,4.04,0.4703,-0.0006,0.0016,-0.0376,0.1014,X_1=0 & X_2=0 | X_1=1 & X_2=0,0.012,titanic survived t=0.9 m=20 d<=4 puri,=,=
titanic,survived,0.9,20,5,4,purity,rules_disjoint,32,0.4702,0.023,0.9428,25,0.92,0.1967,0.1278,0.99,4.04,0.4703,-0.0006,0.0016,-0.0376,0.1014,X_1=0 & X_2=0 | X_1=1 & X_2=0,0.012,titanic survived t=0.9 m=20 d<=4 puri,=,=
titanic,survived,0.9,20,5,4,purity,tree,1,0.0,0.0,,0,,0.0,0.0,,0.0,0.0,0.0,0.0,0.0,0.0,,0.03,titanic survived t=0.9 m=20 d<=4 puri,=,=
titanic,survived,0.9,20,5,4,purity,tree,2,0.155,0.1247,0.9335,8,0.875,0.0448,0.1105,0.164,0.64,0.152,-0.1123,0.123,-0.1066,0.1614,,0.03,titanic survived t=0.9 m=20 d<=4 puri,=,=
titanic,survived,0.9,20,5,4,purity,tree,4,0.4731,0.023,0.9443,25,0.92,0.2054,0.1259,0.987,2.8,0.4727,0.0023,0.0062,-0.029,0.078,entropy-None-depth3-leaf3,0.03,titanic survived t=0.9 m=20 d<=4 puri,=,=
titanic,survived,0.9,20,5,4,purity,tree,8,0.4731,0.023,0.9443,25,0.92,0.2054,0.1259,0.987,2.8,0.4727,0.0023,0.0062,-0.029,0.078,entropy-None-depth3-leaf3,0.03,titanic survived t=0.9 m=20 d<=4 puri,=,=
titanic,survived,0.9,20,5,4,purity,tree,16,0.4731,0.023,0.9443,25,0.92,0.2054,0.1259,0.987,2.8,0.4727,0.0023,0.0062,-0.029,0.078,entropy-None-depth3-leaf3,0.03,titanic survived t=0.9 m=20 d<=4 puri,=,=
titanic,survived,0.9,20,5,4,purity,tree,32,0.4731,0.023,0.9443,25,0.92,0.2054,0.1259,0.987,2.8,0.4727,0.0023,0.0062,-0.029,0.078,entropy-None-depth3-leaf3,0.03,titanic survived t=0.9 m=20 d<=4 puri,=,=
titanic,survived,0.7,1,5,4,certified,vsf,1,0.0,0.0,,0,,0.0,0.0,,0.0,0.0,0.0,0.0,0.0,0.0,,0.051,titanic survived t=0.7 m=1 d<=4 cert,=,=
titanic,survived,0.7,1,5,4,certified,vsf,2,0.2673,0.0248,0.9618,25,1.0,0.2373,0.032,0.978,2.0,0.2667,0.0,0.0,0.0,0.0,X_1+X_2#0,0.051,titanic survived t=0.7 m=1 d<=4 cert,=,=
titanic,survived,0.7,1,5,4,certified,vsf,4,0.3415,0.059,0.9456,25,1.0,0.2856,0.0501,0.763,2.8,0.3505,0.0,0.0,0.0,0.0,X_1+X_2#0,0.051,titanic survived t=0.7 m=1 d<=4 cert,=,=
titanic,survived,0.7,1,5,4,certified,vsf,8,0.3415,0.059,0.9456,25,1.0,0.2856,0.0501,0.763,2.8,0.3505,0.0,0.0,0.0,0.0,X_1+X_2#0,0.051,titanic survived t=0.7 m=1 d<=4 cert,=,=
titanic,survived,0.7,1,5,4,certified,vsf,16,0.3415,0.059,0.9456,25,1.0,0.2856,0.0501,0.763,2.8,0.3505,0.0,0.0,0.0,0.0,X_1+X_2#0,0.051,titanic survived t=0.7 m=1 d<=4 cert,=,=
titanic,survived,0.7,1,5,4,certified,vsf,32,0.3415,0.059,0.9456,25,1.0,0.2856,0.0501,0.763,2.8,0.3505,0.0,0.0,0.0,0.0,X_1+X_2#0,0.051,titanic survived t=0.7 m=1 d<=4 cert,=,=
titanic,survived,0.7,1,5,4,certified,vsf_partial,1,0.0,0.0,,0,,0.0,0.0,,0.0,0.0,0.0,0.0,0.0,0.0,,0.054,titanic survived t=0.7 m=1 d<=4 cert,=,=
titanic,survived,0.7,1,5,4,certified,vsf_partial,2,0.2673,0.0248,0.9618,25,1.0,0.2373,0.032,0.978,2.0,0.2667,0.0,0.0,0.0,0.0,X_1+X_2#0,0.054,titanic survived t=0.7 m=1 d<=4 cert,=,=
titanic,survived,0.7,1,5,4,certified,vsf_partial,4,0.3415,0.059,0.9456,25,1.0,0.2856,0.0501,0.763,2.8,0.3505,0.0,0.0,0.0,0.0,X_1+X_2#0,0.054,titanic survived t=0.7 m=1 d<=4 cert,=,=
titanic,survived,0.7,1,5,4,certified,vsf_partial,8,0.3415,0.059,0.9456,25,1.0,0.2856,0.0501,0.763,2.8,0.3505,0.0,0.0,0.0,0.0,X_1+X_2#0,0.054,titanic survived t=0.7 m=1 d<=4 cert,=,=
titanic,survived,0.7,1,5,4,certified,vsf_partial,16,0.3415,0.059,0.9456,25,1.0,0.2856,0.0501,0.763,2.8,0.3505,0.0,0.0,0.0,0.0,X_1+X_2#0,0.054,titanic survived t=0.7 m=1 d<=4 cert,=,=
titanic,survived,0.7,1,5,4,certified,vsf_partial,32,0.3415,0.059,0.9456,25,1.0,0.2856,0.0501,0.763,2.8,0.3505,0.0,0.0,0.0,0.0,X_1+X_2#0,0.054,titanic survived t=0.7 m=1 d<=4 cert,=,=
titanic,survived,0.7,1,5,4,certified,vsf_greedy,1,0.0,0.0,,0,,0.0,0.0,,0.0,0.0,0.0,0.0,0.0,0.0,,0.045,titanic survived t=0.7 m=1 d<=4 cert,=,=
titanic,survived,0.7,1,5,4,certified,vsf_greedy,2,0.2549,0.0376,0.9602,24,1.0,0.2249,0.04,0.899,1.92,0.2564,-0.0124,0.0333,-0.0124,0.0333,X_1+X_2#0,0.045,titanic survived t=0.7 m=1 d<=4 cert,=,=
titanic,survived,0.7,1,5,4,certified,vsf_greedy,4,0.3291,0.0695,0.9434,24,1.0,0.2732,0.0587,0.698,2.72,0.3403,-0.0124,0.0333,-0.0124,0.0333,X_1+X_2#0,0.045,titanic survived t=0.7 m=1 d<=4 cert,=,=
titanic,survived,0.7,1,5,4,certified,vsf_greedy,8,0.3291,0.0695,0.9434,24,1.0,0.2732,0.0587,0.698,2.72,0.3403,-0.0124,0.0333,-0.0124,0.0333,X_1+X_2#0,0.045,titanic survived t=0.7 m=1 d<=4 cert,=,=
titanic,survived,0.7,1,5,4,certified,vsf_greedy,16,0.3291,0.0695,0.9434,24,1.0,0.2732,0.0587,0.698,2.72,0.3403,-0.0124,0.0333,-0.0124,0.0333,X_1+X_2#0,0.045,titanic survived t=0.7 m=1 d<=4 cert,=,=
titanic,survived,0.7,1,5,4,certified,vsf_greedy,32,0.3291,0.0695,0.9434,24,1.0,0.2732,0.0587,0.698,2.72,0.3403,-0.0124,0.0333,-0.0124,0.0333,X_1+X_2#0,0.045,titanic survived t=0.7 m=1 d<=4 cert,=,=
titanic,survived,0.7,1,5,4,certified,rules,1,0.0,0.0,,0,,0.0,0.0,,0.0,0.0,0.0,0.0,0.0,0.0,,0.05,titanic survived t=0.7 m=1 d<=4 cert,=,=
titanic,survived,0.7,1,5,4,certified,rules,2,0.2673,0.0248,0.9618,25,1.0,0.2373,0.032,0.978,2.0,0.2667,0.0,0.0,0.0,0.0,X_1=0 & X_2=0,0.05,titanic survived t=0.7 m=1 d<=4 cert,=,=
titanic,survived,0.7,1,5,4,certified,rules,4,0.3421,0.0589,0.946,25,1.0,0.2861,0.0492,0.767,2.88,0.3512,0.0006,0.0016,0.0006,0.0016,X_1=0 & X_2=0,0.05,titanic survived t=0.7 m=1 d<=4 cert,=,=
titanic,survived,0.7,1,5,4,certified,rules,8,0.3543,0.0534,0.9269,25,1.0,0.2834,0.0489,0.767,6.36,0.3625,0.0129,0.0073,-0.0022,0.0134,X_1=0 & X_2=0 | X_2=0 & X_5=2 & X_7=0 | X_2=0 & X_7=0 & X_8=0,0.05,titanic survived t=0.7 m=1 d<=4 cert,=,=
titanic,survived,0.7,1,5,4,certified,rules,16,0.3543,0.0534,0.9269,25,1.0,0.2834,0.0489,0.769,6.84,0.363,0.0129,0.0073,-0.0022,0.0134,X_1=0 & X_2=0 | X_2=0 & X_5=2 & X_7=0 | X_2=0 & X_7=0 & X_8=0,0.05,titanic survived t=0.7 m=1 d<=4 cert,=,=
titanic,survived,0.7,1,5,4,certified,rules,32,0.3543,0.0534,0.9269,25,1.0,0.2834,0.0489,0.769,6.84,0.363,0.0129,0.0073,-0.0022,0.0134,X_1=0 & X_2=0 | X_2=0 & X_5=2 & X_7=0 | X_2=0 & X_7=0 & X_8=0,0.05,titanic survived t=0.7 m=1 d<=4 cert,=,=
titanic,survived,0.7,1,5,4,certified,rules_pure,1,0.0,0.0,,0,,0.0,0.0,,0.0,0.0,0.0,0.0,0.0,0.0,,0.05,titanic survived t=0.7 m=1 d<=4 cert,=,=
titanic,survived,0.7,1,5,4,certified,rules_pure,2,0.2673,0.0248,0.9618,25,1.0,0.2373,0.032,0.978,2.0,0.2667,0.0,0.0,0.0,0.0,X_1=0 & X_2=0,0.05,titanic survived t=0.7 m=1 d<=4 cert,=,=
titanic,survived,0.7,1,5,4,certified,rules_pure,4,0.3421,0.0589,0.946,25,1.0,0.2861,0.0492,0.767,2.88,0.3512,0.0006,0.0016,0.0006,0.0016,X_1=0 & X_2=0,0.05,titanic survived t=0.7 m=1 d<=4 cert,=,=
titanic,survived,0.7,1,5,4,certified,rules_pure,8,0.3543,0.0534,0.9269,25,1.0,0.2834,0.0489,0.767,6.36,0.3625,0.0129,0.0073,-0.0022,0.0134,X_1=0 & X_2=0 | X_2=0 & X_5=2 & X_7=0 | X_2=0 & X_7=0 & X_8=0,0.05,titanic survived t=0.7 m=1 d<=4 cert,=,=
titanic,survived,0.7,1,5,4,certified,rules_pure,16,0.3543,0.0534,0.9269,25,1.0,0.2834,0.0489,0.769,6.84,0.363,0.0129,0.0073,-0.0022,0.0134,X_1=0 & X_2=0 | X_2=0 & X_5=2 & X_7=0 | X_2=0 & X_7=0 & X_8=0,0.05,titanic survived t=0.7 m=1 d<=4 cert,=,=
titanic,survived,0.7,1,5,4,certified,rules_pure,32,0.3543,0.0534,0.9269,25,1.0,0.2834,0.0489,0.769,6.84,0.363,0.0129,0.0073,-0.0022,0.0134,X_1=0 & X_2=0 | X_2=0 & X_5=2 & X_7=0 | X_2=0 & X_7=0 & X_8=0,0.05,titanic survived t=0.7 m=1 d<=4 cert,=,=
titanic,survived,0.7,1,5,4,certified,rules_disjoint,1,0.0,0.0,,0,,0.0,0.0,,0.0,0.0,0.0,0.0,0.0,0.0,,0.05,titanic survived t=0.7 m=1 d<=4 cert,=,=
titanic,survived,0.7,1,5,4,certified,rules_disjoint,2,0.2673,0.0248,0.9618,25,1.0,0.2373,0.032,0.978,2.0,0.2667,0.0,0.0,0.0,0.0,X_1=0 & X_2=0,0.05,titanic survived t=0.7 m=1 d<=4 cert,=,=
titanic,survived,0.7,1,5,4,certified,rules_disjoint,4,0.3415,0.059,0.9456,25,1.0,0.2856,0.0501,0.763,2.8,0.3505,0.0,0.0,0.0,0.0,X_1=0 & X_2=0,0.05,titanic survived t=0.7 m=1 d<=4 cert,=,=
titanic,survived,0.7,1,5,4,certified,rules_disjoint,8,0.3415,0.059,0.9456,25,1.0,0.2856,0.0501,0.763,2.8,0.3505,0.0,0.0,0.0,0.0,X_1=0 & X_2=0,0.05,titanic survived t=0.7 m=1 d<=4 cert,=,=
titanic,survived,0.7,1,5,4,certified,rules_disjoint,16,0.3415,0.059,0.9456,25,1.0,0.2856,0.0501,0.763,2.8,0.3505,0.0,0.0,0.0,0.0,X_1=0 & X_2=0,0.05,titanic survived t=0.7 m=1 d<=4 cert,=,=
titanic,survived,0.7,1,5,4,certified,rules_disjoint,32,0.3415,0.059,0.9456,25,1.0,0.2856,0.0501,0.763,2.8,0.3505,0.0,0.0,0.0,0.0,X_1=0 & X_2=0,0.05,titanic survived t=0.7 m=1 d<=4 cert,=,=
titanic,survived,0.7,1,5,4,certified,tree,1,0.0,0.0,,0,,0.0,0.0,,0.0,0.0,0.0,0.0,0.0,0.0,,0.071,titanic survived t=0.7 m=1 d<=4 cert,=,=
titanic,survived,0.7,1,5,4,certified,tree,2,0.517,0.0259,0.8854,25,1.0,0.3574,0.0403,0.987,2.0,0.5189,0.2497,0.0208,0.1202,0.0471,entropy-None-depth2-leaf2,0.071,titanic survived t=0.7 m=1 d<=4 cert,+,+
titanic,survived,0.7,1,5,4,certified,tree,4,0.517,0.0259,0.8854,25,1.0,0.3574,0.0403,0.987,2.0,0.5189,0.1756,0.0598,0.0719,0.0697,entropy-None-depth2-leaf2,0.071,titanic survived t=0.7 m=1 d<=4 cert,+,=
titanic,survived,0.7,1,5,4,certified,tree,8,0.517,0.0259,0.8854,25,1.0,0.3574,0.0403,0.987,2.0,0.5189,0.1756,0.0598,0.0719,0.0697,entropy-None-depth2-leaf2,0.071,titanic survived t=0.7 m=1 d<=4 cert,+,=
titanic,survived,0.7,1,5,4,certified,tree,16,0.517,0.0259,0.8854,25,1.0,0.3574,0.0403,0.987,2.0,0.5189,0.1756,0.0598,0.0719,0.0697,entropy-None-depth2-leaf2,0.071,titanic survived t=0.7 m=1 d<=4 cert,+,=
titanic,survived,0.7,1,5,4,certified,tree,32,0.517,0.0259,0.8854,25,1.0,0.3574,0.0403,0.987,2.0,0.5189,0.1756,0.0598,0.0719,0.0697,entropy-None-depth2-leaf2,0.071,titanic survived t=0.7 m=1 d<=4 cert,+,=
wa_churn,Yes,0.7,20,5,4,purity,vsf,1,0.0,0.0,,0,,0.0,0.0,,0.0,0.0,0.0,0.0,0.0,0.0,,0.25,wa_churn Yes t=0.7 m=20 d<=4 puri,=,=
wa_churn,Yes,0.7,20,5,4,purity,vsf,2,0.2996,0.0113,0.7111,25,0.72,0.015,0.0133,1.0,2.0,0.2996,0.0,0.0,0.0,0.0,X_7+X_17#4,0.25,wa_churn Yes t=0.7 m=20 d<=4 puri,=,=
wa_churn,Yes,0.7,20,5,4,purity,vsf,4,0.2996,0.0113,0.7111,25,0.72,0.015,0.0133,1.0,2.0,0.2996,0.0,0.0,0.0,0.0,X_7+X_17#4,0.25,wa_churn Yes t=0.7 m=20 d<=4 puri,=,=
wa_churn,Yes,0.7,20,5,4,purity,vsf,8,0.2996,0.0113,0.7111,25,0.72,0.015,0.0133,1.0,2.0,0.2996,0.0,0.0,0.0,0.0,X_7+X_17#4,0.25,wa_churn Yes t=0.7 m=20 d<=4 puri,=,=
wa_churn,Yes,0.7,20,5,4,purity,vsf,16,0.3013,0.0119,0.7201,25,0.84,0.0269,0.0167,0.82,9.76,0.3073,0.0,0.0,0.0,0.0,X_7+X_12+X_19#10 | X_7+X_12+X_19#15 | X_7+X_12+X_19#14,0.25,wa_churn Yes t=0.7 m=20 d<=4 puri,=,=
wa_churn,Yes,0.7,20,5,4,purity,vsf,32,0.3047,0.0127,0.7187,25,0.76,0.0248,0.0178,0.815,11.8,0.3099,0.0,0.0,0.0,0.0,X_7+X_12+X_19#10 | X_7+X_12+X_19#15 | X_7+X_12+X_19#14,0.25,wa_churn Yes t=0.7 m=20 d<=4 puri,=,=
wa_churn,Yes,0.7,20,5,4,purity,vsf_partial,1,0.0,0.0,,0,,0.0,0.0,,0.0,0.0,0.0,0.0,0.0,0.0,,0.757,wa_churn Yes t=0.7 m=20 d<=4 puri,=,=
wa_churn,Yes,0.7,20,5,4,purity,vsf_partial,2,0.2996,0.0113,0.7111,25,0.72,0.015,0.0133,1.0,2.0,0.2996,0.0,0.0,0.0,0.0,X_7+X_17#4,0.757,wa_churn Yes t=0.7 m=20 d<=4 puri,=,=
wa_churn,Yes,0.7,20,5,4,purity,vsf_partial,4,0.2996,0.0113,0.7111,25,0.72,0.015,0.0133,1.0,2.0,0.2996,0.0,0.0,0.0,0.0,X_7+X_17#4,0.757,wa_churn Yes t=0.7 m=20 d<=4 puri,=,=
wa_churn,Yes,0.7,20,5,4,purity,vsf_partial,8,0.3331,0.0123,0.6985,25,0.48,-0.0037,0.0203,0.872,5.72,0.3435,0.0335,0.005,-0.0187,0.0139,X_7+X_17#4 | X_7+X_12+X_17+X_19#31,0.757,wa_churn Yes t=0.7 m=20 d<=4 puri,+,=
wa_churn,Yes,0.7,20,5,4,purity,vsf_partial,16,0.334,0.0122,0.6983,25,0.48,-0.0041,0.0204,0.87,5.96,0.3444,0.0326,0.0072,-0.031,0.0192,X_7+X_17#4 | X_7+X_12+X_17+X_19#31,0.757,wa_churn Yes t=0.7 m=20 d<=4 puri,+,=
wa_churn,Yes,0.7,20,5,4,purity,vsf_partial,32,0.334,0.0122,0.6983,25,0.48,-0.0041,0.0204,0.87,5.96,0.3444,0.0293,0.0089,-0.0289,0.0201,X_7+X_17#4 | X_7+X_12+X_17+X_19#31,0.757,wa_churn Yes t=0.7 m=20 d<=4 puri,+,=
wa_churn,Yes,0.7,20,5,4,purity,vsf_greedy,1,0.0,0.0,,0,,0.0,0.0,,0.0,0.0,0.0,0.0,0.0,0.0,,0.009,wa_churn Yes t=0.7 m=20 d<=4 puri,=,=
wa_churn,Yes,0.7,20,5,4,purity,vsf_greedy,2,0.2996,0.0113,0.7111,25,0.72,0.015,0.0133,1.0,2.0,0.2996,0.0,0.0,0.0,0.0,X_7+X_17#4,0.009,wa_churn Yes t=0.7 m=20 d<=4 puri,=,=
wa_churn,Yes,0.7,20,5,4,purity,vsf_greedy,4,0.2996,0.0113,0.7111,25,0.72,0.015,0.0133,1.0,2.0,0.2996,0.0,0.0,0.0,0.0,X_7+X_17#4,0.009,wa_churn Yes t=0.7 m=20 d<=4 puri,=,=
wa_churn,Yes,0.7,20,5,4,purity,vsf_greedy,8,0.2996,0.0113,0.7111,25,0.72,0.015,0.0133,1.0,2.0,0.2996,0.0,0.0,0.0,0.0,X_7+X_17#4,0.009,wa_churn Yes t=0.7 m=20 d<=4 puri,=,=
wa_churn,Yes,0.7,20,5,4,purity,vsf_greedy,16,0.3032,0.0116,0.7113,25,0.72,0.0153,0.0134,0.983,5.2,0.3035,0.0018,0.005,-0.0117,0.0104,X_7+X_17#4,0.009,wa_churn Yes t=0.7 m=20 d<=4 puri,=,=
wa_churn,Yes,0.7,20,5,4,purity,vsf_greedy,32,0.3032,0.0116,0.7113,25,0.72,0.0153,0.0134,0.983,5.2,0.3035,-0.0015,0.0068,-0.0095,0.012,X_7+X_17#4,0.009,wa_churn Yes t=0.7 m=20 d<=4 puri,=,=
wa_churn,Yes,0.7,20,5,4,purity,rules,1,0.0,0.0,,0,,0.0,0.0,,0.0,0.0,0.0,0.0,0.0,0.0,,0.869,wa_churn Yes t=0.7 m=20 d<=4 puri,=,=
wa_churn,Yes,0.7,20,5,4,purity,rules,2,0.2996,0.0113,0.7111,25,0.72,0.015,0.0133,1.0,2.0,0.2996,0.0,0.0,0.0,0.0,X_7=1 & X_17=0,0.869,wa_churn Yes t=0.7 m=20 d<=4 puri,=,=
wa_churn,Yes,0.7,20,5,4,purity,rules,4,0.3317,0.0103,0.7139,25,0.68,0.0209,0.0175,1.0,4.0,0.3317,0.0321,0.0052,0.0059,0.0086,X_7=1 & X_17=0 | X_18=3 & X_19=2,0.869,wa_churn Yes t=0.7 m=20 d<=4 puri,+,=
wa_churn,Yes,0.7,20,5,4,purity,rules,8,0.391,0.011,0.6739,25,0.2,-0.0522,0.029,0.846,7.48,0.3984,0.0914,0.0098,-0.0672,0.0221,X_7=1 & X_17=0 | X_8=0 & X_16=2 & X_19=1 | X_18=3 & X_19=2,0.869,wa_churn Yes t=0.7 m=20 d<=4 puri,+,-
wa_churn,Yes,0.7,20,5,4,purity,rules,16,0.4449,0.0132,0.6503,25,0.04,-0.1161,0.0371,0.83,15.44,0.4569,0.1436,0.0114,-0.143,0.0339,X_7=1 & X_17=0 | X_8=0 & X_16=2 & X_19=1 | X_18=3 & X_19=2 | X_3=0 & X_11=0 & X_15=1 & X_19=1 | X_1=1 & X_16=2 & X_17=1 & X_18=3,0.869,wa_churn Yes t=0.7 m=20 d<=4 puri,+,-
wa_churn,Yes,0.7,20,5,4,purity,rules,32,0.4885,0.0146,0.6266,25,0.0,-0.1937,0.0398,0.803,31.28,0.5072,0.1838,0.0166,-0.2184,0.0384,X_7=1 & X_17=0 | X_8=0 & X_16=2 & X_19=1 | X_18=3 & X_19=2 | X_3=0 & X_11=0 & X_15=1 & X_19=1 | X_1=1 & X_16=2 & X_17=1 & X_18=3 | X_7=1 & X_13=2 & X_19=2 | X_2=1 & X_17=0 | X_7=1 & X_12=2 & X_19=2 | X_2=1 & X_10=0 & X_13=2 & X_18=2 | X_7=1 & X_9=2 & X_15=1 & X_19=2,0.869,wa_churn Yes t=0.7 m=20 d<=4 puri,+,-
wa_churn,Yes,0.7,20,5,4,purity,rules_pure,1,0.0,0.0,,0,,0.0,0.0,,0.0,0.0,0.0,0.0,0.0,0.0,,0.874,wa_churn Yes t=0.7 m=20 d<=4 puri,=,=
wa_churn,Yes,0.7,20,5,4,purity,rules_pure,2,0.2996,0.0113,0.7111,25,0.72,0.015,0.0133,1.0,2.0,0.2996,0.0,0.0,0.0,0.0,X_7=1 & X_17=0,0.874,wa_churn Yes t=0.7 m=20 d<=4 puri,=,=
wa_churn,Yes,0.7,20,5,4,purity,rules_pure,4,0.3317,0.0103,0.7139,25,0.68,0.0209,0.0175,1.0,4.0,0.3317,0.0321,0.0052,0.0059,0.0086,X_7=1 & X_17=0 | X_18=3 & X_19=2,0.874,wa_churn Yes t=0.7 m=20 d<=4 puri,+,=
wa_churn,Yes,0.7,20,5,4,purity,rules_pure,8,0.3644,0.0123,0.6875,25,0.32,-0.0249,0.0281,0.85,7.68,0.3751,0.0647,0.0068,-0.0399,0.0191,X_7=1 & X_17=0 | X_18=3 & X_19=2 | X_8=0 & X_9=0 & X_16=2 & X_17=0,0.874,wa_churn Yes t=0.7 m=20 d<=4 puri,+,-
wa_churn,Yes,0.7,20,5,4,purity,rules_pure,16,0.3981,0.0141,0.6706,25,0.16,-0.0614,0.0313,0.797,15.24,0.4149,0.0967,0.0113,-0.0883,0.0284,X_7=1 & X_17=0 | X_18=3 & X_19=2 | X_8=0 & X_9=0 & X_16=2 & X_17=0 | X_2=1 & X_4=0 & X_7=1 & X_19=2 | X_1=0 & X_5=0 & X_15=1 & X_17=0,0.874,wa_churn Yes t=0.7 m=20 d<=4 puri,+,-
wa_churn,Yes,0.7,20,5,4,purity,rules_pure,32,0.4194,0.0154,0.6523,25,0.04,-0.1052,0.0302,0.781,31.12,0.4451,0.1147,0.0143,-0.13,0.0307,X_7=1 & X_17=0 | X_18=3 & X_19=2 | X_8=0 & X_9=0 & X_16=2 & X_17=0 | X_2=1 & X_4=0 & X_7=1 & X_19=2 | X_1=0 & X_5=0 & X_15=1 & X_17=0 | X_6=2 & X_9=0 & X_11=0 & X_19=1 | X_8=0 & X_10=2 & X_13=0 & X_19=1 | X_7=1 & X_13=2 & X_16=3 & X_17=1 | X_3=1 & X_7=1 & X_12=2 & X_19=2,0.874,wa_churn Yes t=0.7 m=20 d<=4 puri,+,-
wa_churn,Yes,0.7,20,5,4,purity,rules_disjoint,1,0.0,0.0,,0,,0.0,0.0,,0.0,0.0,0.0,0.0,0.0,0.0,,0.87,wa_churn Yes t=0.7 m=20 d<=4 puri,=,=
wa_churn,Yes,0.7,20,5,4,purity,rules_disjoint,2,0.2996,0.0113,0.7111,25,0.72,0.015,0.0133,1.0,2.0,0.2996,0.0,0.0,0.0,0.0,X_7=1 & X_17=0,0.87,wa_churn Yes t=0.7 m=20 d<=4 puri,=,=
wa_churn,Yes,0.7,20,5,4,purity,rules_disjoint,4,0.2996,0.0113,0.7111,25,0.72,0.015,0.0133,1.0,2.0,0.2996,0.0,0.0,0.0,0.0,X_7=1 & X_17=0,0.87,wa_churn Yes t=0.7 m=20 d<=4 puri,=,=
wa_churn,Yes,0.7,20,5,4,purity,rules_disjoint,8,0.3448,0.0137,0.7001,25,0.52,-0.001,0.0202,0.858,6.48,0.3508,0.0452,0.0079,-0.016,0.0146,X_7=1 & X_17=0 | X_7=1 & X_12=2 & X_17=1 & X_19=2,0.87,wa_churn Yes t=0.7 m=20 d<=4 puri,+,=
wa_churn,Yes,0.7,20,5,4,purity,rules_disjoint,16,0.372,0.0128,0.6949,25,0.48,-0.0111,0.0256,0.863,10.92,0.3808,0.0706,0.0103,-0.038,0.0234,X_7=1 & X_17=0 | X_7=1 & X_12=2 & X_17=1 & X_19=2 | X_5=0 & X_16=2 & X_17=0,0.87,wa_churn Yes t=0.7 m=20 d<=4 puri,+,=
wa_churn,Yes,0.7,20,5,4,purity,rules_disjoint,32,0.3724,0.0131,0.6949,25,0.48,-0.0111,0.0256,0.863,11.08,0.3812,0.0677,0.0113,-0.0359,0.0241,X_7=1 & X_17=0 | X_7=1 & X_12=2 & X_17=1 & X_19=2 | X_5=0 & X_16=2 & X_17=0,0.87,wa_churn Yes t=0.7 m=20 d<=4 puri,+,=
wa_churn,Yes,0.7,20,5,4,purity,tree,1,0.0,0.0,,0,,0.0,0.0,,0.0,0.0,0.0,0.0,0.0,0.0,,0.165,wa_churn Yes t=0.7 m=20 d<=4 puri,=,=
wa_churn,Yes,0.7,20,5,4,purity,tree,2,0.0,0.0,,0,,0.0,0.0,,0.0,0.0,-0.2996,0.0113,-0.015,0.0133,,0.165,wa_churn Yes t=0.7 m=20 d<=4 puri,-,=
wa_churn,Yes,0.7,20,5,4,purity,tree,4,0.2966,0.0087,0.7131,25,0.76,0.0175,0.0135,0.988,3.08,0.298,-0.003,0.0048,0.0025,0.0022,entropy-None-depth3-leaf14,0.165,wa_churn Yes t=0.7 m=20 d<=4 puri,=,=
wa_churn,Yes,0.7,20,5,4,purity,tree,8,0.2973,0.0093,0.7124,25,0.76,0.0164,0.0132,0.983,3.24,0.299,-0.0024,0.0038,0.0014,0.0028,entropy-None-depth3-leaf14,0.165,wa_churn Yes t=0.7 m=20 d<=4 puri,=,=
wa_churn,Yes,0.7,20,5,4,purity,tree,16,0.2973,0.0093,0.7124,25,0.76,0.0164,0.0132,0.983,3.24,0.299,-0.0041,0.0075,-0.0106,0.0121,entropy-None-depth3-leaf14,0.165,wa_churn Yes t=0.7 m=20 d<=4 puri,=,=
wa_churn,Yes,0.7,20,5,4,purity,tree,32,0.2973,0.0093,0.7124,25,0.76,0.0164,0.0132,0.983,3.24,0.299,-0.0074,0.0087,-0.0084,0.0137,entropy-None-depth3-leaf14,0.165,wa_churn Yes t=0.7 m=20 d<=4 puri,=,=
wa_churn,Yes,0.7,20,5,4,certified,vsf,1,0.0,0.0,,0,,0.0,0.0,,0.0,0.0,0.0,0.0,0.0,0.0,,2.097,wa_churn Yes t=0.7 m=20 d<=4 cert,=,=
wa_churn,Yes,0.7,20,5,4,certified,vsf,2,0.0,0.0,,0,,0.0,0.0,,0.0,0.0,0.0,0.0,0.0,0.0,,2.097,wa_churn Yes t=0.7 m=20 d<=4 cert,=,=
wa_churn,Yes,0.7,20,5,4,certified,vsf,4,0.0,0.0,,0,,0.0,0.0,,0.0,0.0,0.0,0.0,0.0,0.0,,2.097,wa_churn Yes t=0.7 m=20 d<=4 cert,=,=
wa_churn,Yes,0.7,20,5,4,certified,vsf,8,0.0,0.0,,0,,0.0,0.0,,0.0,0.0,0.0,0.0,0.0,0.0,,2.097,wa_churn Yes t=0.7 m=20 d<=4 cert,=,=
wa_churn,Yes,0.7,20,5,4,certified,vsf,16,0.0,0.0,,0,,0.0,0.0,,0.0,0.0,0.0,0.0,0.0,0.0,,2.097,wa_churn Yes t=0.7 m=20 d<=4 cert,=,=
wa_churn,Yes,0.7,20,5,4,certified,vsf,32,0.0,0.0,,0,,0.0,0.0,,0.0,0.0,0.0,0.0,0.0,0.0,,2.097,wa_churn Yes t=0.7 m=20 d<=4 cert,=,=
wa_churn,Yes,0.7,20,5,4,certified,vsf_partial,1,0.0,0.0,,0,,0.0,0.0,,0.0,0.0,0.0,0.0,0.0,0.0,,2.111,wa_churn Yes t=0.7 m=20 d<=4 cert,=,=
wa_churn,Yes,0.7,20,5,4,certified,vsf_partial,2,0.0,0.0,,0,,0.0,0.0,,0.0,0.0,0.0,0.0,0.0,0.0,,2.111,wa_churn Yes t=0.7 m=20 d<=4 cert,=,=
wa_churn,Yes,0.7,20,5,4,certified,vsf_partial,4,0.0,0.0,,0,,0.0,0.0,,0.0,0.0,0.0,0.0,0.0,0.0,,2.111,wa_churn Yes t=0.7 m=20 d<=4 cert,=,=
wa_churn,Yes,0.7,20,5,4,certified,vsf_partial,8,0.0,0.0,,0,,0.0,0.0,,0.0,0.0,0.0,0.0,0.0,0.0,,2.111,wa_churn Yes t=0.7 m=20 d<=4 cert,=,=
wa_churn,Yes,0.7,20,5,4,certified,vsf_partial,16,0.0,0.0,,0,,0.0,0.0,,0.0,0.0,0.0,0.0,0.0,0.0,,2.111,wa_churn Yes t=0.7 m=20 d<=4 cert,=,=
wa_churn,Yes,0.7,20,5,4,certified,vsf_partial,32,0.0,0.0,,0,,0.0,0.0,,0.0,0.0,0.0,0.0,0.0,0.0,,2.111,wa_churn Yes t=0.7 m=20 d<=4 cert,=,=
wa_churn,Yes,0.7,20,5,4,certified,vsf_greedy,1,0.0,0.0,,0,,0.0,0.0,,0.0,0.0,0.0,0.0,0.0,0.0,,1.872,wa_churn Yes t=0.7 m=20 d<=4 cert,=,=
wa_churn,Yes,0.7,20,5,4,certified,vsf_greedy,2,0.0,0.0,,0,,0.0,0.0,,0.0,0.0,0.0,0.0,0.0,0.0,,1.872,wa_churn Yes t=0.7 m=20 d<=4 cert,=,=
wa_churn,Yes,0.7,20,5,4,certified,vsf_greedy,4,0.0,0.0,,0,,0.0,0.0,,0.0,0.0,0.0,0.0,0.0,0.0,,1.872,wa_churn Yes t=0.7 m=20 d<=4 cert,=,=
wa_churn,Yes,0.7,20,5,4,certified,vsf_greedy,8,0.0,0.0,,0,,0.0,0.0,,0.0,0.0,0.0,0.0,0.0,0.0,,1.872,wa_churn Yes t=0.7 m=20 d<=4 cert,=,=
wa_churn,Yes,0.7,20,5,4,certified,vsf_greedy,16,0.0,0.0,,0,,0.0,0.0,,0.0,0.0,0.0,0.0,0.0,0.0,,1.872,wa_churn Yes t=0.7 m=20 d<=4 cert,=,=
wa_churn,Yes,0.7,20,5,4,certified,vsf_greedy,32,0.0,0.0,,0,,0.0,0.0,,0.0,0.0,0.0,0.0,0.0,0.0,,1.872,wa_churn Yes t=0.7 m=20 d<=4 cert,=,=
wa_churn,Yes,0.7,20,5,4,certified,rules,1,0.0,0.0,,0,,0.0,0.0,,0.0,0.0,0.0,0.0,0.0,0.0,,2.341,wa_churn Yes t=0.7 m=20 d<=4 cert,=,=
wa_churn,Yes,0.7,20,5,4,certified,rules,2,0.0,0.0,,0,,0.0,0.0,,0.0,0.0,0.0,0.0,0.0,0.0,,2.341,wa_churn Yes t=0.7 m=20 d<=4 cert,=,=
wa_churn,Yes,0.7,20,5,4,certified,rules,4,0.0,0.0,,0,,0.0,0.0,,0.0,0.0,0.0,0.0,0.0,0.0,,2.341,wa_churn Yes t=0.7 m=20 d<=4 cert,=,=
wa_churn,Yes,0.7,20,5,4,certified,rules,8,0.0,0.0,,0,,0.0,0.0,,0.0,0.0,0.0,0.0,0.0,0.0,,2.341,wa_churn Yes t=0.7 m=20 d<=4 cert,=,=
wa_churn,Yes,0.7,20,5,4,certified,rules,16,0.0,0.0,,0,,0.0,0.0,,0.0,0.0,0.0,0.0,0.0,0.0,,2.341,wa_churn Yes t=0.7 m=20 d<=4 cert,=,=
wa_churn,Yes,0.7,20,5,4,certified,rules,32,0.0,0.0,,0,,0.0,0.0,,0.0,0.0,0.0,0.0,0.0,0.0,,2.341,wa_churn Yes t=0.7 m=20 d<=4 cert,=,=
wa_churn,Yes,0.7,20,5,4,certified,rules_pure,1,0.0,0.0,,0,,0.0,0.0,,0.0,0.0,0.0,0.0,0.0,0.0,,2.341,wa_churn Yes t=0.7 m=20 d<=4 cert,=,=
wa_churn,Yes,0.7,20,5,4,certified,rules_pure,2,0.0,0.0,,0,,0.0,0.0,,0.0,0.0,0.0,0.0,0.0,0.0,,2.341,wa_churn Yes t=0.7 m=20 d<=4 cert,=,=
wa_churn,Yes,0.7,20,5,4,certified,rules_pure,4,0.0,0.0,,0,,0.0,0.0,,0.0,0.0,0.0,0.0,0.0,0.0,,2.341,wa_churn Yes t=0.7 m=20 d<=4 cert,=,=
wa_churn,Yes,0.7,20,5,4,certified,rules_pure,8,0.0,0.0,,0,,0.0,0.0,,0.0,0.0,0.0,0.0,0.0,0.0,,2.341,wa_churn Yes t=0.7 m=20 d<=4 cert,=,=
wa_churn,Yes,0.7,20,5,4,certified,rules_pure,16,0.0,0.0,,0,,0.0,0.0,,0.0,0.0,0.0,0.0,0.0,0.0,,2.341,wa_churn Yes t=0.7 m=20 d<=4 cert,=,=
wa_churn,Yes,0.7,20,5,4,certified,rules_pure,32,0.0,0.0,,0,,0.0,0.0,,0.0,0.0,0.0,0.0,0.0,0.0,,2.341,wa_churn Yes t=0.7 m=20 d<=4 cert,=,=
wa_churn,Yes,0.7,20,5,4,certified,rules_disjoint,1,0.0,0.0,,0,,0.0,0.0,,0.0,0.0,0.0,0.0,0.0,0.0,,2.341,wa_churn Yes t=0.7 m=20 d<=4 cert,=,=
wa_churn,Yes,0.7,20,5,4,certified,rules_disjoint,2,0.0,0.0,,0,,0.0,0.0,,0.0,0.0,0.0,0.0,0.0,0.0,,2.341,wa_churn Yes t=0.7 m=20 d<=4 cert,=,=
wa_churn,Yes,0.7,20,5,4,certified,rules_disjoint,4,0.0,0.0,,0,,0.0,0.0,,0.0,0.0,0.0,0.0,0.0,0.0,,2.341,wa_churn Yes t=0.7 m=20 d<=4 cert,=,=
wa_churn,Yes,0.7,20,5,4,certified,rules_disjoint,8,0.0,0.0,,0,,0.0,0.0,,0.0,0.0,0.0,0.0,0.0,0.0,,2.341,wa_churn Yes t=0.7 m=20 d<=4 cert,=,=
wa_churn,Yes,0.7,20,5,4,certified,rules_disjoint,16,0.0,0.0,,0,,0.0,0.0,,0.0,0.0,0.0,0.0,0.0,0.0,,2.341,wa_churn Yes t=0.7 m=20 d<=4 cert,=,=
wa_churn,Yes,0.7,20,5,4,certified,rules_disjoint,32,0.0,0.0,,0,,0.0,0.0,,0.0,0.0,0.0,0.0,0.0,0.0,,2.341,wa_churn Yes t=0.7 m=20 d<=4 cert,=,=
wa_churn,Yes,0.7,20,5,4,certified,tree,1,0.0,0.0,,0,,0.0,0.0,,0.0,0.0,0.0,0.0,0.0,0.0,,2.016,wa_churn Yes t=0.7 m=20 d<=4 cert,=,=
wa_churn,Yes,0.7,20,5,4,certified,tree,2,0.0,0.0,,0,,0.0,0.0,,0.0,0.0,0.0,0.0,0.0,0.0,,2.016,wa_churn Yes t=0.7 m=20 d<=4 cert,=,=
wa_churn,Yes,0.7,20,5,4,certified,tree,4,0.0,0.0,,0,,0.0,0.0,,0.0,0.0,0.0,0.0,0.0,0.0,,2.016,wa_churn Yes t=0.7 m=20 d<=4 cert,=,=
wa_churn,Yes,0.7,20,5,4,certified,tree,8,0.0,0.0,,0,,0.0,0.0,,0.0,0.0,0.0,0.0,0.0,0.0,,2.016,wa_churn Yes t=0.7 m=20 d<=4 cert,=,=
wa_churn,Yes,0.7,20,5,4,certified,tree,16,0.0,0.0,,0,,0.0,0.0,,0.0,0.0,0.0,0.0,0.0,0.0,,2.016,wa_churn Yes t=0.7 m=20 d<=4 cert,=,=
wa_churn,Yes,0.7,20,5,4,certified,tree,32,0.0,0.0,,0,,0.0,0.0,,0.0,0.0,0.0,0.0,0.0,0.0,,2.016,wa_churn Yes t=0.7 m=20 d<=4 cert,=,=
