attrition,businesstravel,department,education,educationfield,environmentsatisfaction,gender,jobinvolvement,joblevel,jobrole,jobsatisfaction,maritalstatus,overtime,stockoptionlevel,worklifebalance,age,monthlyincome,totalworkingyears,yearsatcompany,distancefromhome
Yes,Travel_Rarely,Sales,College,Life_Sciences,Medium,Female,High,2,Sales_Executive,Very_High,Single,Yes,0,Bad,Age_q2,MonthlyIncome_q2,TotalWorkingYears_q1,YearsAtCompany_q2,DistanceFromHome_q0
No,Travel_Frequently,Research_Development,Below_College,Life_Sciences,High,Male,Medium,2,Research_Scientist,Medium,Married,No,1,Better,Age_q3,MonthlyIncome_q2,TotalWorkingYears_q1,YearsAtCompany_q3,DistanceFromHome_q1
Yes,Travel_Rarely,Research_Development,College,Other,Very_High,Male,Medium,1,Laboratory_Technician,High,Single,Yes,0,Better,Age_q2,MonthlyIncome_q0,TotalWorkingYears_q1,YearsAtCompany_q0,DistanceFromHome_q0
No,Travel_Frequently,Research_Development,Master,Life_Sciences,Very_High,Female,High,1,Research_Scientist,High,Married,Yes,0,Better,Age_q1,MonthlyIncome_q0,TotalWorkingYears_q1,YearsAtCompany_q2,DistanceFromHome_q0
No,Travel_Rarely,Research_Development,Below_College,Medical,Low,Male,High,1,Laboratory_Technician,Medium,Married,No,1,Better,Age_q0,MonthlyIncome_q1,TotalWorkingYears_q0,YearsAtCompany_q0,DistanceFromHome_q0
No,Travel_Frequently,Research_Development,College,Life_Sciences,Very_High,Male,High,1,Laboratory_Technician,Very_High,Single,No,0,Good,Age_q1,MonthlyIncome_q1,TotalWorkingYears_q1,YearsAtCompany_q2,DistanceFromHome_q0
No,Travel_Rarely,Research_Development,Bachelor,Medical,High,Female,Very_High,1,Laboratory_Technician,Low,Married,Yes,3,Good,Age_q3,MonthlyIncome_q0,TotalWorkingYears_q2,YearsAtCompany_q0,DistanceFromHome_q0
No,Travel_Rarely,Research_Development,Below_College,Life_Sciences,Very_High,Male,High,1,Laboratory_Technician,High,Divorced,No,1,Better,Age_q0,MonthlyIncome_q0,TotalWorkingYears_q0,YearsAtCompany_q0,DistanceFromHome_q2
No,Travel_Frequently,Research_Development,Bachelor,Life_Sciences,Very_High,Male,Medium,3,Manufacturing_Director,High,Single,No,0,Better,Age_q2,MonthlyIncome_q3,TotalWorkingYears_q1,YearsAtCompany_q2,DistanceFromHome_q2
No,Travel_Rarely,Research_Development,Bachelor,Medical,High,Male,High,2,Healthcare_Representative,High,Married,No,2,Good,Age_q1,MonthlyIncome_q2,TotalWorkingYears_q3,YearsAtCompany_q2,DistanceFromHome_q2
No,Travel_Rarely,Research_Development,Bachelor,Medical,Low,Male,Very_High,1,Laboratory_Technician,Medium,Married,No,1,Better,Age_q1,MonthlyIncome_q0,TotalWorkingYears_q0,YearsAtCompany_q1,DistanceFromHome_q2
No,Travel_Rarely,Research_Development,College,Life_Sciences,Very_High,Female,Medium,2,Laboratory_Technician,High,Single,Yes,0,Better,Age_q0,MonthlyIncome_q1,TotalWorkingYears_q1,YearsAtCompany_q2,DistanceFromHome_q2
No,Travel_Rarely,Research_Development,Below_College,Life_Sciences,Low,Male,High,1,Research_Scientist,High,Divorced,No,1,Good,Age_q1,MonthlyIncome_q0,TotalWorkingYears_q0,YearsAtCompany_q1,DistanceFromHome_q2
No,Travel_Rarely,Research_Development,College,Medical,Medium,Male,High,1,Laboratory_Technician,Very_High,Divorced,No,1,Better,Age_q1,MonthlyIncome_q0,TotalWorkingYears_q0,YearsAtCompany_q0,DistanceFromHome_q2
Yes,Travel_Rarely,Research_Development,Bachelor,Life_Sciences,High,Male,Medium,1,Laboratory_Technician,High,Single,Yes,0,Better,Age_q0,MonthlyIncome_q0,TotalWorkingYears_q0,YearsAtCompany_q1,DistanceFromHome_q2
No,Travel_Rarely,Research_Development,Master,Life_Sciences,Medium,Female,Very_High,3,Manufacturing_Director,Low,Divorced,No,1,Better,Age_q0,MonthlyIncome_q3,TotalWorkingYears_q1,YearsAtCompany_q3,DistanceFromHome_q2
No,Travel_Rarely,Research_Development,College,Life_Sciences,Low,Male,Very_High,1,Research_Scientist,Medium,Divorced,Yes,2,Good,Age_q1,MonthlyIncome_q1,TotalWorkingYears_q1,YearsAtCompany_q2,DistanceFromHome_q1
No,Non-Travel,Research_Development,College,Medical,Very_High,Male,Very_High,1,Laboratory_Technician,Very_High,Divorced,Yes,2,Good,Age_q0,MonthlyIncome_q1,TotalWorkingYears_q0,YearsAtCompany_q0,DistanceFromHome_q2
No,Travel_Rarely,Sales,Master,Life_Sciences,Low,Female,Medium,4,Manager,Very_High,Married,No,0,Better,Age_q3,MonthlyIncome_q3,TotalWorkingYears_q3,YearsAtCompany_q3,DistanceFromHome_q0
No,Travel_Rarely,Research_Development,Bachelor,Life_Sciences,Very_High,Male,High,1,Research_Scientist,Very_High,Single,Yes,0,Better,Age_q2,MonthlyIncome_q1,TotalWorkingYears_q0,YearsAtCompany_q0,DistanceFromHome_q0
No,Non-Travel,Research_Development,College,Other,Low,Female,Very_High,2,Manufacturing_Director,High,Divorced,No,1,Good,Age_q0,MonthlyIncome_q1,TotalWorkingYears_q0,YearsAtCompany_q1,DistanceFromHome_q2
Yes,Travel_Rarely,Sales,Master,Life_Sciences,High,Male,Medium,1,Sales_Representative,Low,Single,No,0,Better,Age_q1,MonthlyIncome_q1,TotalWorkingYears_q1,YearsAtCompany_q1,DistanceFromHome_q1
No,Travel_Rarely,Research_Development,Master,Life_Sciences,Low,Female,High,3,Research_Director,Medium,Single,No,0,Better,Age_q1,MonthlyIncome_q3,TotalWorkingYears_q2,YearsAtCompany_q3,DistanceFromHome_q1
No,Travel_Rarely,Research_Development,College,Life_Sciences,High,Male,High,1,Research_Scientist,Very_High,Single,No,0,Better,Age_q0,MonthlyIncome_q0,TotalWorkingYears_q0,YearsAtCompany_q0,DistanceFromHome_q2
Yes,Travel_Rarely,Research_Development,Below_College,Medical,Medium,Male,High,1,Research_Scientist,Low,Single,No,0,Better,Age_q1,MonthlyIncome_q1,TotalWorkingYears_q1,YearsAtCompany_q1,DistanceFromHome_q1
No,Travel_Rarely,Research_Development,Bachelor,Other,High,Female,High,5,Manager,High,Divorced,No,1,Good,Age_q3,MonthlyIncome_q3,TotalWorkingYears_q3,YearsAtCompany_q3,DistanceFromHome_q1
Yes,Travel_Frequently,Research_Development,Below_College,Life_Sciences,Medium,Female,Low,1,Research_Scientist,Low,Single,Yes,0,Better,Age_q1,MonthlyIncome_q1,TotalWorkingYears_q1,YearsAtCompany_q3,DistanceFromHome_q2
No,Travel_Rarely,Sales,Master,Marketing,High,Male,High,2,Sales_Executive,Medium,Married,No,1,Better,Age_q2,MonthlyIncome_q2,TotalWorkingYears_q1,YearsAtCompany_q2,DistanceFromHome_q1
No,Travel_Rarely,Research_Development,Master,Medical,Low,Female,Medium,3,Healthcare_Representative,Very_High,Married,No,1,Better,Age_q3,MonthlyIncome_q3,TotalWorkingYears_q3,YearsAtCompany_q3,DistanceFromHome_q1
No,Travel_Rarely,Sales,Master,Marketing,Medium,Female,High,5,Manager,Low,Single,No,0,Good,Age_q3,MonthlyIncome_q3,TotalWorkingYears_q3,YearsAtCompany_q0,DistanceFromHome_q0
No,Travel_Rarely,Research_Development,Bachelor,Medical,High,Male,High,1,Laboratory_Technician,Very_High,Single,No,0,Better,Age_q1,MonthlyIncome_q0,TotalWorkingYears_q1,YearsAtCompany_q0,DistanceFromHome_q0
No,Travel_Rarely,Research_Development,Master,Other,Very_High,Male,High,2,Healthcare_Representative,Very_High,Married,Yes,0,Best,Age_q3,MonthlyIncome_q2,TotalWorkingYears_q1,YearsAtCompany_q1,DistanceFromHome_q1
No,Travel_Rarely,Research_Development,College,Medical,Very_High,Male,Medium,1,Laboratory_Technician,High,Single,No,0,Better,Age_q0,MonthlyIncome_q0,TotalWorkingYears_q1,YearsAtCompany_q3,DistanceFromHome_q1
Yes,Travel_Rarely,Sales,Bachelor,Technical_Degree,Very_High,Male,High,2,Sales_Representative,Very_High,Married,No,1,Best,Age_q2,MonthlyIncome_q0,TotalWorkingYears_q3,YearsAtCompany_q0,DistanceFromHome_q1
Yes,Travel_Rarely,Research_Development,Bachelor,Medical,Medium,Male,High,1,Research_Scientist,Very_High,Married,Yes,1,Good,Age_q0,MonthlyIncome_q0,TotalWorkingYears_q0,YearsAtCompany_q0,DistanceFromHome_q0
No,Travel_Rarely,Research_Development,College,Medical,Very_High,Female,Very_High,1,Research_Scientist,High,Divorced,No,2,Good,Age_q2,MonthlyIncome_q0,TotalWorkingYears_q0,YearsAtCompany_q1,DistanceFromHome_q0
Yes,Travel_Rarely,Sales,College,Marketing,Low,Male,Medium,1,Sales_Representative,High,Married,Yes,0,Better,Age_q3,MonthlyIncome_q0,TotalWorkingYears_q0,YearsAtCompany_q0,DistanceFromHome_q0
No,Travel_Rarely,Sales,Bachelor,Marketing,Very_High,Female,High,1,Sales_Representative,Very_High,Married,No,0,Better,Age_q1,MonthlyIncome_q0,TotalWorkingYears_q0,YearsAtCompany_q0,DistanceFromHome_q0
No,Travel_Rarely,Research_Development,Master,Life_Sciences,Medium,Female,Medium,1,Research_Scientist,Low,Married,Yes,1,Best,Age_q1,MonthlyIncome_q1,TotalWorkingYears_q0,YearsAtCompany_q0,DistanceFromHome_q1
No,Travel_Frequently,Sales,Bachelor,Life_Sciences,High,Female,Very_High,2,Sales_Executive,Low,Married,No,2,Better,Age_q1,MonthlyIncome_q2,TotalWorkingYears_q1,YearsAtCompany_q1,DistanceFromHome_q0
No,Travel_Rarely,Research_Development,College,Other,High,Male,High,1,Laboratory_Technician,Very_High,Divorced,No,1,Better,Age_q1,MonthlyIncome_q0,TotalWorkingYears_q0,YearsAtCompany_q0,DistanceFromHome_q1
No,Travel_Rarely,Research_Development,Master,Life_Sciences,Very_High,Female,High,1,Laboratory_Technician,Low,Divorced,No,1,Better,Age_q0,MonthlyIncome_q0,TotalWorkingYears_q0,YearsAtCompany_q0,DistanceFromHome_q0
Yes,Travel_Rarely,Research_Development,Bachelor,Life_Sciences,Low,Male,Low,1,Laboratory_Technician,High,Single,No,0,Good,Age_q0,MonthlyIncome_q0,TotalWorkingYears_q0,YearsAtCompany_q0,DistanceFromHome_q2
No,Travel_Frequently,Sales,Bachelor,Life_Sciences,Very_High,Male,High,3,Sales_Executive,High,Single,No,0,Better,Age_q0,MonthlyIncome_q3,TotalWorkingYears_q1,YearsAtCompany_q2,DistanceFromHome_q1
No,Travel_Frequently,Research_Development,College,Medical,High,Female,High,2,Laboratory_Technician,Very_High,Single,No,0,Better,Age_q0,MonthlyIncome_q1,TotalWorkingYears_q2,YearsAtCompany_q3,DistanceFromHome_q0
Yes,Travel_Rarely,Research_Development,Bachelor,Technical_Degree,Medium,Female,High,5,Research_Director,High,Married,No,0,Better,Age_q2,MonthlyIncome_q3,TotalWorkingYears_q3,YearsAtCompany_q3,DistanceFromHome_q2
No,Non-Travel,Sales,Master,Marketing,Medium,Male,High,2,Sales_Executive,High,Single,No,0,Better,Age_q1,MonthlyIncome_q1,TotalWorkingYears_q1,YearsAtCompany_q2,DistanceFromHome_q2
No,Travel_Rarely,Research_Development,College,Life_Sciences,Medium,Male,High,1,Research_Scientist,Medium,Married,No,0,Better,Age_q2,MonthlyIncome_q1,TotalWorkingYears_q1,YearsAtCompany_q0,DistanceFromHome_q2
No,Travel_Frequently,Sales,Master,Marketing,Low,Male,High,2,Sales_Executive,Very_High,Single,Yes,0,Better,Age_q3,MonthlyIncome_q2,TotalWorkingYears_q2,YearsAtCompany_q2,DistanceFromHome_q1
No,Travel_Rarely,Research_Development,Below_College,Life_Sciences,Very_High,Male,Very_High,1,Laboratory_Technician,Very_High,Married,No,0,Better,Age_q1,MonthlyIncome_q0,TotalWorkingYears_q0,YearsAtCompany_q0,DistanceFromHome_q1
Yes,Travel_Rarely,Research_Development,College,Life_Sciences,Low,Male,Medium,3,Laboratory_Technician,High,Single,Yes,0,Better,Age_q3,MonthlyIncome_q2,TotalWorkingYears_q3,YearsAtCompany_q0,DistanceFromHome_q0
Yes,Travel_Rarely,Research_Development,Master,Technical_Degree,High,Male,High,1,Laboratory_Technician,High,Single,Yes,0,Good,Age_q0,MonthlyIncome_q1,TotalWorkingYears_q0,YearsAtCompany_q0,DistanceFromHome_q1
No,Travel_Rarely,Sales,Doctor,Marketing,Medium,Female,High,2,Sales_Executive,Low,Divorced,Yes,1,Good,Age_q3,MonthlyIncome_q2,TotalWorkingYears_q1,YearsAtCompany_q1,DistanceFromHome_q0
No,Non-Travel,Research_Development,College,Medical,High,Male,Medium,3,Healthcare_Representative,Low,Married,Yes,1,Better,Age_q1,MonthlyIncome_q3,TotalWorkingYears_q1,YearsAtCompany_q1,DistanceFromHome_q2
No,Travel_Rarely,Sales,Bachelor,Marketing,High,Female,Medium,2,Sales_Executive,Very_High,Married,Yes,1,Good,Age_q0,MonthlyIncome_q1,TotalWorkingYears_q0,YearsAtCompany_q0,DistanceFromHome_q2
No,Travel_Frequently,Research_Development,College,Life_Sciences,Low,Female,High,3,Research_Director,Very_High,Single,Yes,0,Better,Age_q1,MonthlyIncome_q3,TotalWorkingYears_q2,YearsAtCompany_q3,DistanceFromHome_q0
No,Travel_Frequently,Sales,Doctor,Life_Sciences,Medium,Male,High,3,Sales_Executive,Low,Married,No,1,Good,Age_q1,MonthlyIncome_q3,TotalWorkingYears_q1,YearsAtCompany_q2,DistanceFromHome_q2
No,Travel_Rarely,Research_Development,Master,Medical,High,Female,High,1,Laboratory_Technician,Low,Married,Yes,1,Better,Age_q1,MonthlyIncome_q1,TotalWorkingYears_q0,YearsAtCompany_q0,DistanceFromHome_q2
No,Travel_Rarely,Research_Development,Master,Life_Sciences,Very_High,Male,High,2,Laboratory_Technician,Very_High,Divorced,No,1,Good,Age_q1,MonthlyIncome_q2,TotalWorkingYears_q1,YearsAtCompany_q2,DistanceFromHome_q1
No,Travel_Rarely,Research_Development,Master,Life_Sciences,Low,Male,Medium,2,Manufacturing_Director,High,Divorced,No,1,Best,Age_q2,MonthlyIncome_q2,TotalWorkingYears_q1,YearsAtCompany_q2,DistanceFromHome_q0
No,Travel_Rarely,Research_Development,Bachelor,Medical,Low,Male,High,2,Manufacturing_Director,Very_High,Married,Yes,1,Better,Age_q1,MonthlyIncome_q2,TotalWorkingYears_q1,YearsAtCompany_q2,DistanceFromHome_q0
No,Travel_Frequently,Research_Development,Doctor,Life_Sciences,Very_High,Female,High,2,Laboratory_Technician,Very_High,Single,No,0,Better,Age_q2,MonthlyIncome_q0,TotalWorkingYears_q1,YearsAtCompany_q3,DistanceFromHome_q2
No,Travel_Rarely,Research_Development,College,Medical,Medium,Female,Medium,5,Research_Director,High,Divorced,Yes,1,Good,Age_q3,MonthlyIncome_q3,TotalWorkingYears_q3,YearsAtCompany_q3,DistanceFromHome_q1
No,Travel_Rarely,Sales,Bachelor,Life_Sciences,Low,Female,High,3,Sales_Executive,Low,Single,No,0,Good,Age_q3,MonthlyIncome_q2,TotalWorkingYears_q3,YearsAtCompany_q3,DistanceFromHome_q2
No,Travel_Rarely,Research_Development,Bachelor,Technical_Degree,High,Female,High,3,Healthcare_Representative,High,Divorced,No,3,Better,Age_q1,MonthlyIncome_q3,TotalWorkingYears_q3,YearsAtCompany_q3,DistanceFromHome_q1
No,Travel_Rarely,Research_Development,Bachelor,Medical,Very_High,Female,High,4,Manager,High,Divorced,Yes,3,Better,Age_q3,MonthlyIncome_q3,TotalWorkingYears_q3,YearsAtCompany_q1,DistanceFromHome_q1
No,Travel_Frequently,Research_Development,Bachelor,Life_Sciences,Medium,Male,Medium,2,Manufacturing_Director,Medium,Single,No,0,Better,Age_q1,MonthlyIncome_q2,TotalWorkingYears_q0,YearsAtCompany_q2,DistanceFromHome_q2
No,Travel_Rarely,Research_Development,Bachelor,Life_Sciences,Medium,Male,High,3,Research_Scientist,Low,Divorced,No,1,Better,Age_q3,MonthlyIncome_q3,TotalWorkingYears_q3,YearsAtCompany_q0,DistanceFromHome_q1
No,Travel_Frequently,Research_Development,Bachelor,Medical,Medium,Male,High,1,Research_Scientist,Low,Married,No,1,Good,Age_q1,MonthlyIncome_q0,TotalWorkingYears_q0,YearsAtCompany_q0,DistanceFromHome_q0
Yes,Travel_Rarely,Research_Development,Bachelor,Medical,Very_High,Male,Medium,1,Research_Scientist,High,Married,Yes,1,Good,Age_q1,MonthlyIncome_q1,TotalWorkingYears_q0,YearsAtCompany_q0,DistanceFromHome_q1
No,Travel_Frequently,Sales,Below_College,Life_Sciences,Low,Female,Medium,2,Sales_Executive,High,Single,No,0,Good,Age_q3,MonthlyIncome_q2,TotalWorkingYears_q3,YearsAtCompany_q1,DistanceFromHome_q0
No,Travel_Rarely,Research_Development,Bachelor,Life_Sciences,High,Male,High,1,Research_Scientist,Medium,Married,No,1,Better,Age_q0,MonthlyIncome_q0,TotalWorkingYears_q0,YearsAtCompany_q1,DistanceFromHome_q0
No,Travel_Rarely,Research_Development,Master,Medical,High,Male,High,1,Research_Scientist,Medium,Single,No,0,Better,Age_q1,MonthlyIncome_q0,TotalWorkingYears_q0,YearsAtCompany_q0,DistanceFromHome_q0
No,Travel_Rarely,Research_Development,Bachelor,Life_Sciences,Medium,Male,High,2,Research_Scientist,Medium,Married,No,2,Better,Age_q1,MonthlyIncome_q2,TotalWorkingYears_q1,YearsAtCompany_q3,DistanceFromHome_q0
No,Travel_Rarely,Research_Development,Bachelor,Life_Sciences,Medium,Female,Very_High,1,Laboratory_Technician,Very_High,Married,No,0,Better,Age_q1,MonthlyIncome_q1,TotalWorkingYears_q0,YearsAtCompany_q0,DistanceFromHome_q1
No,Travel_Rarely,Research_Development,Master,Life_Sciences,High,Female,High,2,Manufacturing_Director,Very_High,Single,No,0,Better,Age_q1,MonthlyIncome_q1,TotalWorkingYears_q2,YearsAtCompany_q3,DistanceFromHome_q1
No,Travel_Rarely,Sales,Master,Marketing,High,Male,Medium,2,Sales_Executive,Low,Single,No,0,Better,Age_q1,MonthlyIncome_q1,TotalWorkingYears_q3,YearsAtCompany_q3,DistanceFromHome_q0
No,Travel_Rarely,Research_Development,Master,Other,Very_High,Male,High,3,Research_Director,Low,Married,Yes,0,Best,Age_q3,MonthlyIncome_q3,TotalWorkingYears_q3,YearsAtCompany_q0,DistanceFromHome_q1
No,Travel_Rarely,Research_Development,Master,Medical,Low,Male,High,3,Research_Director,High,Single,No,0,Best,Age_q2,MonthlyIncome_q3,TotalWorkingYears_q3,YearsAtCompany_q1,DistanceFromHome_q1
No,Travel_Rarely,Human_Resources,College,Medical,Medium,Male,High,2,Human_Resources,Medium,Divorced,Yes,1,Better,Age_q3,MonthlyIncome_q2,TotalWorkingYears_q3,YearsAtCompany_q1,DistanceFromHome_q1
No,Travel_Rarely,Research_Development,Below_College,Life_Sciences,Very_High,Male,Medium,2,Laboratory_Technician,Very_High,Married,Yes,2,Good,Age_q0,MonthlyIncome_q2,TotalWorkingYears_q1,YearsAtCompany_q3,DistanceFromHome_q0
No,Travel_Rarely,Research_Development,Bachelor,Medical,Medium,Male,Medium,1,Research_Scientist,High,Single,No,0,Better,Age_q1,MonthlyIncome_q0,TotalWorkingYears_q0,YearsAtCompany_q2,DistanceFromHome_q0
No,Travel_Rarely,Sales,College,Life_Sciences,Low,Male,High,3,Sales_Executive,Very_High,Married,No,1,Better,Age_q3,MonthlyIncome_q3,TotalWorkingYears_q3,YearsAtCompany_q0,DistanceFromHome_q0
No,Non-Travel,Research_Development,Bachelor,Medical,Medium,Female,Low,2,Research_Scientist,Very_High,Divorced,Yes,3,Better,Age_q2,MonthlyIncome_q2,TotalWorkingYears_q3,YearsAtCompany_q3,DistanceFromHome_q1
No,Travel_Rarely,Research_Development,College,Medical,Low,Male,High,2,Manufacturing_Director,Medium,Married,No,0,Better,Age_q1,MonthlyIncome_q1,TotalWorkingYears_q0,YearsAtCompany_q1,DistanceFromHome_q0
No,Travel_Rarely,Research_Development,Bachelor,Life_Sciences,Very_High,Male,Low,3,Manufacturing_Director,Very_High,Single,No,0,Good,Age_q3,MonthlyIncome_q2,TotalWorkingYears_q3,YearsAtCompany_q2,DistanceFromHome_q1
No,Travel_Rarely,Sales,Below_College,Technical_Degree,High,Male,High,1,Sales_Representative,Low,Divorced,No,1,Better,Age_q0,MonthlyIncome_q0,TotalWorkingYears_q0,YearsAtCompany_q0,DistanceFromHome_q0
No,Travel_Rarely,Research_Development,Master,Life_Sciences,Very_High,Male,High,1,Laboratory_Technician,Very_High,Married,No,2,Better,Age_q3,MonthlyIncome_q0,TotalWorkingYears_q1,YearsAtCompany_q1,DistanceFromHome_q1
No,Travel_Rarely,Research_Development,Bachelor,Life_Sciences,High,Male,Medium,2,Healthcare_Representative,Very_High,Married,No,3,Better,Age_q0,MonthlyIncome_q1,TotalWorkingYears_q2,YearsAtCompany_q3,DistanceFromHome_q0
Yes,Travel_Rarely,Sales,College,Medical,High,Male,Medium,3,Sales_Executive,Very_High,Single,No,0,Better,Age_q3,MonthlyIncome_q3,TotalWorkingYears_q1,YearsAtCompany_q2,DistanceFromHome_q1
No,Travel_Frequently,Research_Development,Master,Life_Sciences,High,Male,Medium,4,Healthcare_Representative,Medium,Married,No,1,Good,Age_q2,MonthlyIncome_q3,TotalWorkingYears_q3,YearsAtCompany_q3,DistanceFromHome_q0
No,Travel_Rarely,Sales,Master,Marketing,High,Male,High,2,Sales_Executive,Very_High,Single,Yes,0,Bad,Age_q3,MonthlyIncome_q2,TotalWorkingYears_q2,YearsAtCompany_q3,DistanceFromHome_q2
No,Travel_Rarely,Sales,College,Medical,High,Female,Medium,2,Sales_Executive,Medium,Divorced,Yes,3,Good,Age_q0,MonthlyIncome_q2,TotalWorkingYears_q2,YearsAtCompany_q3,DistanceFromHome_q1
No,Travel_Frequently,Research_Development,Bachelor,Medical,High,Male,Medium,3,Healthcare_Representative,Low,Married,Yes,1,Good,Age_q3,MonthlyIncome_q3,TotalWorkingYears_q3,YearsAtCompany_q3,DistanceFromHome_q0
No,Travel_Rarely,Sales,Master,Medical,Medium,Male,High,2,Sales_Executive,High,Single,No,0,Better,Age_q1,MonthlyIncome_q2,TotalWorkingYears_q2,YearsAtCompany_q3,DistanceFromHome_q1
No,Travel_Rarely,Research_Development,Master,Technical_Degree,Low,Female,High,3,Research_Director,High,Married,No,1,Bad,Age_q3,MonthlyIncome_q3,TotalWorkingYears_q3,YearsAtCompany_q1,DistanceFromHome_q0
No,Travel_Rarely,Sales,College,Other,Low,Female,High,2,Sales_Executive,High,Married,No,1,Good,Age_q0,MonthlyIncome_q2,TotalWorkingYears_q0,YearsAtCompany_q0,DistanceFromHome_q0
No,Non-Travel,Sales,Bachelor,Medical,Medium,Male,High,2,Sales_Executive,High,Married,No,0,Best,Age_q0,MonthlyIncome_q1,TotalWorkingYears_q0,YearsAtCompany_q1,DistanceFromHome_q1
No,Travel_Rarely,Sales,Master,Medical,Very_High,Male,High,4,Sales_Executive,High,Single,No,0,Good,Age_q3,MonthlyIncome_q3,TotalWorkingYears_q3,YearsAtCompany_q3,DistanceFromHome_q1
No,Non-Travel,Research_Development,Bachelor,Medical,Medium,Male,High,2,Laboratory_Technician,Medium,Married,No,1,Best,Age_q3,MonthlyIncome_q0,TotalWorkingYears_q3,YearsAtCompany_q0,DistanceFromHome_q2
Yes,Travel_Rarely,Human_Resources,Master,Human_Resources,High,Male,High,1,Human_Resources,Low,Divorced,Yes,0,Better,Age_q2,MonthlyIncome_q0,TotalWorkingYears_q1,YearsAtCompany_q0,DistanceFromHome_q1
No,Travel_Rarely,Research_Development,Below_College,Life_Sciences,Very_High,Male,High,1,Research_Scientist,Low,Single,No,0,Better,Age_q1,MonthlyIncome_q1,TotalWorkingYears_q0,YearsAtCompany_q0,DistanceFromHome_q0
Yes,Travel_Frequently,Research_Development,Bachelor,Life_Sciences,Very_High,Female,Medium,1,Laboratory_Technician,Very_High,Single,Yes,0,Better,Age_q0,MonthlyIncome_q1,TotalWorkingYears_q0,YearsAtCompany_q0,DistanceFromHome_q1
No,Travel_Rarely,Research_Development,Master,Other,Low,Female,High,2,Research_Scientist,High,Single,No,0,Better,Age_q1,MonthlyIncome_q1,TotalWorkingYears_q3,YearsAtCompany_q3,DistanceFromHome_q1
No,Non-Travel,Research_Development,College,Life_Sciences,High,Male,Medium,2,Healthcare_Representative,Very_High,Divorced,No,1,Best,Age_q2,MonthlyIncome_q2,TotalWorkingYears_q3,YearsAtCompany_q0,DistanceFromHome_q0
No,Non-Travel,Human_Resources,Master,Human_Resources,High,Female,Medium,5,Manager,Very_High,Married,No,1,Better,Age_q3,MonthlyIncome_q3,TotalWorkingYears_q3,YearsAtCompany_q0,DistanceFromHome_q0
No,Travel_Frequently,Research_Development,Bachelor,Life_Sciences,Low,Female,High,5,Research_Director,Medium,Married,Yes,0,Good,Age_q3,MonthlyIncome_q3,TotalWorkingYears_q3,YearsAtCompany_q2,DistanceFromHome_q0
Yes,Travel_Rarely,Sales,Bachelor,Marketing,High,Male,Medium,2,Sales_Executive,High,Single,Yes,0,Better,Age_q0,MonthlyIncome_q2,TotalWorkingYears_q0,YearsAtCompany_q2,DistanceFromHome_q1
No,Travel_Rarely,Research_Development,Below_College,Medical,Very_High,Male,Medium,1,Research_Scientist,Very_High,Married,No,2,Better,Age_q0,MonthlyIncome_q0,TotalWorkingYears_q0,YearsAtCompany_q0,DistanceFromHome_q1
No,Travel_Rarely,Research_Development,Bachelor,Medical,Medium,Female,High,1,Laboratory_Technician,Very_High,Single,No,0,Better,Age_q0,MonthlyIncome_q0,TotalWorkingYears_q0,YearsAtCompany_q0,DistanceFromHome_q2
No,Travel_Frequently,Research_Development,Master,Medical,Low,Female,Medium,3,Healthcare_Representative,Low,Single,No,0,Good,Age_q3,MonthlyIncome_q2,TotalWorkingYears_q3,YearsAtCompany_q3,DistanceFromHome_q0
Yes,Travel_Frequently,Research_Development,Bachelor,Life_Sciences,Low,Male,Low,2,Laboratory_Technician,High,Single,Yes,0,Better,Age_q1,MonthlyIncome_q2,TotalWorkingYears_q1,YearsAtCompany_q2,DistanceFromHome_q1
No,Non-Travel,Human_Resources,Bachelor,Human_Resources,Very_High,Female,Very_High,4,Manager,Very_High,Single,Yes,0,Better,Age_q3,MonthlyIncome_q3,TotalWorkingYears_q3,YearsAtCompany_q1,DistanceFromHome_q2
No,Travel_Rarely,Research_Development,Below_College,Life_Sciences,Medium,Male,High,1,Laboratory_Technician,High,Married,No,1,Better,Age_q0,MonthlyIncome_q0,TotalWorkingYears_q0,YearsAtCompany_q1,DistanceFromHome_q2
No,Travel_Rarely,Research_Development,Master,Life_Sciences,High,Female,Medium,2,Research_Scientist,Medium,Divorced,No,1,Better,Age_q1,MonthlyIncome_q1,TotalWorkingYears_q2,YearsAtCompany_q0,DistanceFromHome_q1
No,Travel_Rarely,Sales,Bachelor,Life_Sciences,High,Male,High,3,Sales_Executive,Very_High,Single,No,0,Better,Age_q2,MonthlyIncome_q2,TotalWorkingYears_q2,YearsAtCompany_q1,DistanceFromHome_q0
No,Travel_Rarely,Research_Development,Bachelor,Medical,High,Female,Medium,3,Manager,Low,Single,No,0,Better,Age_q1,MonthlyIncome_q3,TotalWorkingYears_q2,YearsAtCompany_q3,DistanceFromHome_q1
No,Travel_Frequently,Sales,College,Technical_Degree,Medium,Female,High,3,Sales_Executive,Very_High,Married,No,1,Better,Age_q1,MonthlyIncome_q3,TotalWorkingYears_q1,YearsAtCompany_q2,DistanceFromHome_q2
No,Travel_Rarely,Research_Development,College,Life_Sciences,Low,Female,High,1,Laboratory_Technician,Very_High,Divorced,No,1,Better,Age_q1,MonthlyIncome_q0,TotalWorkingYears_q1,YearsAtCompany_q0,DistanceFromHome_q0
No,Travel_Frequently,Sales,College,Life_Sciences,High,Male,High,4,Manager,Very_High,Married,Yes,2,Best,Age_q2,MonthlyIncome_q3,TotalWorkingYears_q3,YearsAtCompany_q3,DistanceFromHome_q2
No,Travel_Frequently,Research_Development,Bachelor,Life_Sciences,Low,Male,Low,1,Research_Scientist,High,Divorced,No,3,Good,Age_q0,MonthlyIncome_q0,TotalWorkingYears_q1,YearsAtCompany_q3,DistanceFromHome_q2
No,Non-Travel,Sales,College,Marketing,High,Male,High,2,Sales_Executive,Medium,Married,No,1,Best,Age_q1,MonthlyIncome_q2,TotalWorkingYears_q1,YearsAtCompany_q2,DistanceFromHome_q2
Yes,Travel_Rarely,Research_Development,Master,Life_Sciences,Medium,Female,High,1,Research_Scientist,Medium,Married,Yes,3,Better,Age_q3,MonthlyIncome_q2,TotalWorkingYears_q1,YearsAtCompany_q1,DistanceFromHome_q2
No,Travel_Rarely,Research_Development,Bachelor,Life_Sciences,Low,Male,High,5,Research_Director,High,Single,No,0,Better,Age_q3,MonthlyIncome_q3,TotalWorkingYears_q3,YearsAtCompany_q3,DistanceFromHome_q1
Yes,Travel_Rarely,Sales,Master,Life_Sciences,Medium,Male,Low,2,Sales_Executive,High,Married,Yes,0,Good,Age_q1,MonthlyIncome_q2,TotalWorkingYears_q2,YearsAtCompany_q2,DistanceFromHome_q1
No,Travel_Rarely,Research_Development,Bachelor,Other,High,Female,Medium,1,Research_Scientist,Medium,Married,No,0,Good,Age_q0,MonthlyIncome_q0,TotalWorkingYears_q0,YearsAtCompany_q1,DistanceFromHome_q1
Yes,Travel_Rarely,Research_Development,Master,Medical,Very_High,Female,High,3,Healthcare_Representative,Very_High,Married,No,1,Good,Age_q3,MonthlyIncome_q3,TotalWorkingYears_q3,YearsAtCompany_q3,DistanceFromHome_q2
Yes,Travel_Rarely,Sales,Below_College,Marketing,Very_High,Male,High,1,Sales_Representative,High,Single,Yes,0,Good,Age_q0,MonthlyIncome_q0,TotalWorkingYears_q0,YearsAtCompany_q0,DistanceFromHome_q2
No,Travel_Rarely,Research_Development,Below_College,Technical_Degree,High,Male,High,1,Laboratory_Technician,Very_High,Married,No,1,Better,Age_q0,MonthlyIncome_q0,TotalWorkingYears_q0,YearsAtCompany_q0,DistanceFromHome_q0
No,Travel_Rarely,Research_Development,Master,Medical,High,Female,High,2,Manufacturing_Director,Low,Married,No,0,Good,Age_q3,MonthlyIncome_q2,TotalWorkingYears_q3,YearsAtCompany_q3,DistanceFromHome_q2
No,Travel_Frequently,Research_Development,Bachelor,Medical,Medium,Female,Very_High,1,Research_Scientist,High,Single,No,0,Better,Age_q2,MonthlyIncome_q1,TotalWorkingYears_q3,YearsAtCompany_q0,DistanceFromHome_q2
No,Travel_Frequently,Sales,Bachelor,Marketing,High,Female,High,3,Sales_Executive,Very_High,Single,No,0,Better,Age_q3,MonthlyIncome_q3,TotalWorkingYears_q3,YearsAtCompany_q0,DistanceFromHome_q2
Yes,Travel_Rarely,Sales,Bachelor,Life_Sciences,Medium,Female,Low,2,Sales_Executive,High,Married,Yes,1,Better,Age_q1,MonthlyIncome_q1,TotalWorkingYears_q0,YearsAtCompany_q0,DistanceFromHome_q2
No,Travel_Rarely,Sales,Below_College,Life_Sciences,High,Male,High,3,Sales_Executive,High,Divorced,Yes,1,Better,Age_q2,MonthlyIncome_q2,TotalWorkingYears_q2,YearsAtCompany_q2,DistanceFromHome_q1
No,Travel_Rarely,Human_Resources,Below_College,Life_Sciences,High,Female,High,1,Human_Resources,High,Married,No,1,Better,Age_q0,MonthlyIncome_q1,TotalWorkingYears_q1,YearsAtCompany_q2,DistanceFromHome_q2
No,Travel_Rarely,Research_Development,College,Medical,Medium,Male,High,2,Manufacturing_Director,Medium,Divorced,No,2,Better,Age_q1,MonthlyIncome_q2,TotalWorkingYears_q1,YearsAtCompany_q0,DistanceFromHome_q1
Yes,Travel_Frequently,Research_Development,Master,Life_Sciences,Low,Male,Low,3,Manufacturing_Director,Very_High,Single,No,0,Better,Age_q3,MonthlyIncome_q3,TotalWorkingYears_q3,YearsAtCompany_q1,DistanceFromHome_q1
No,Travel_Rarely,Sales,Master,Life_Sciences,Very_High,Female,Medium,2,Sales_Executive,High,Married,No,1,Best,Age_q2,MonthlyIncome_q2,TotalWorkingYears_q3,YearsAtCompany_q3,DistanceFromHome_q1
No,Travel_Rarely,Sales,Bachelor,Life_Sciences,Low,Male,Medium,2,Sales_Executive,High,Married,No,0,Better,Age_q0,MonthlyIncome_q3,TotalWorkingYears_q0,YearsAtCompany_q0,DistanceFromHome_q2
No,Travel_Rarely,Human_Resources,Bachelor,Human_Resources,High,Male,High,2,Human_Resources,Very_High,Married,Yes,0,Bad,Age_q0,MonthlyIncome_q2,TotalWorkingYears_q2,YearsAtCompany_q3,DistanceFromHome_q1
Yes,Travel_Rarely,Research_Development,Bachelor,Medical,Low,Female,High,1,Laboratory_Technician,Low,Single,No,0,Best,Age_q1,MonthlyIncome_q1,TotalWorkingYears_q1,YearsAtCompany_q1,DistanceFromHome_q1
No,Travel_Rarely,Research_Development,Bachelor,Medical,High,Male,High,1,Research_Scientist,Very_High,Single,No,0,Good,Age_q3,MonthlyIncome_q1,TotalWorkingYears_q1,YearsAtCompany_q2,DistanceFromHome_q2
No,Travel_Rarely,Research_Development,Doctor,Technical_Degree,Very_High,Female,High,2,Research_Scientist,High,Single,Yes,0,Better,Age_q2,MonthlyIncome_q1,TotalWorkingYears_q3,YearsAtCompany_q0,DistanceFromHome_q0
No,Travel_Rarely,Research_Development,Bachelor,Life_Sciences,Low,Female,High,1,Research_Scientist,High,Single,No,0,Good,Age_q0,MonthlyIncome_q0,TotalWorkingYears_q0,YearsAtCompany_q1,DistanceFromHome_q2
No,Travel_Frequently,Sales,College,Medical,Very_High,Male,Low,2,Sales_Executive,Very_High,Divorced,No,3,Best,Age_q1,MonthlyIncome_q1,TotalWorkingYears_q1,YearsAtCompany_q2,DistanceFromHome_q1
No,Travel_Rarely,Research_Development,Bachelor,Technical_Degree,Very_High,Female,High,1,Research_Scientist,Low,Divorced,No,1,Better,Age_q0,MonthlyIncome_q1,TotalWorkingYears_q1,YearsAtCompany_q0,DistanceFromHome_q1
No,Travel_Rarely,Research_Development,Below_College,Medical,Medium,Male,Medium,1,Laboratory_Technician,Very_High,Single,No,0,Better,Age_q0,MonthlyIncome_q0,TotalWorkingYears_q0,YearsAtCompany_q1,DistanceFromHome_q0
No,Travel_Frequently,Research_Development,Bachelor,Life_Sciences,Very_High,Male,Medium,4,Manager,Low,Divorced,No,1,Good,Age_q2,MonthlyIncome_q3,TotalWorkingYears_q3,YearsAtCompany_q2,DistanceFromHome_q1
No,Travel_Rarely,Research_Development,Master,Life_Sciences,High,Male,High,1,Laboratory_Technician,Low,Married,No,1,Better,Age_q2,MonthlyIncome_q0,TotalWorkingYears_q1,YearsAtCompany_q1,DistanceFromHome_q1
No,Travel_Rarely,Research_Development,Below_College,Medical,Medium,Female,High,1,Laboratory_Technician,Medium,Single,No,0,Better,Age_q0,MonthlyIncome_q0,TotalWorkingYears_q0,YearsAtCompany_q0,DistanceFromHome_q0
No,Travel_Frequently,Research_Development,Bachelor,Medical,Medium,Female,High,2,Research_Scientist,Medium,Divorced,No,1,Better,Age_q2,MonthlyIncome_q2,TotalWorkingYears_q3,YearsAtCompany_q3,DistanceFromHome_q2
No,Travel_Rarely,Sales,Doctor,Marketing,High,Male,High,3,Sales_Executive,Medium,Married,No,2,Better,Age_q1,MonthlyIncome_q2,TotalWorkingYears_q1,YearsAtCompany_q3,DistanceFromHome_q0
No,Travel_Rarely,Sales,College,Marketing,Medium,Male,High,2,Sales_Representative,High,Married,Yes,1,Bad,Age_q3,MonthlyIncome_q0,TotalWorkingYears_q2,YearsAtCompany_q2,DistanceFromHome_q1
No,Travel_Rarely,Research_Development,Bachelor,Life_Sciences,Medium,Male,High,2,Laboratory_Technician,Medium,Divorced,No,1,Bad,Age_q3,MonthlyIncome_q0,TotalWorkingYears_q3,YearsAtCompany_q3,DistanceFromHome_q1
No,Travel_Frequently,Sales,Bachelor,Marketing,Medium,Female,High,3,Sales_Executive,Very_High,Single,No,0,Better,Age_q1,MonthlyIncome_q3,TotalWorkingYears_q1,YearsAtCompany_q2,DistanceFromHome_q1
No,Non-Travel,Research_Development,Below_College,Technical_Degree,Very_High,Male,High,2,Manufacturing_Director,High,Married,No,1,Better,Age_q0,MonthlyIncome_q1,TotalWorkingYears_q1,YearsAtCompany_q3,DistanceFromHome_q0
No,Travel_Rarely,Research_Development,Master,Medical,Medium,Male,Medium,2,Manufacturing_Director,High,Married,No,0,Better,Age_q3,MonthlyIncome_q2,TotalWorkingYears_q1,YearsAtCompany_q0,DistanceFromHome_q1
No,Travel_Rarely,Research_Development,Bachelor,Medical,Medium,Female,Medium,1,Research_Scientist,Medium,Married,Yes,1,Good,Age_q3,MonthlyIncome_q1,TotalWorkingYears_q1,YearsAtCompany_q0,DistanceFromHome_q1
No,Travel_Rarely,Sales,Master,Marketing,High,Male,Medium,3,Sales_Executive,Very_High,Married,No,1,Good,Age_q2,MonthlyIncome_q3,TotalWorkingYears_q2,YearsAtCompany_q3,DistanceFromHome_q1
No,Travel_Frequently,Sales,Master,Marketing,High,Female,High,1,Sales_Representative,High,Married,No,1,Better,Age_q1,MonthlyIncome_q0,TotalWorkingYears_q0,YearsAtCompany_q1,DistanceFromHome_q0
No,Travel_Rarely,Research_Development,Below_College,Medical,High,Male,High,1,Research_Scientist,Very_High,Married,No,2,Better,Age_q0,MonthlyIncome_q0,TotalWorkingYears_q0,YearsAtCompany_q0,DistanceFromHome_q2
No,Non-Travel,Research_Development,Bachelor,Medical,Very_High,Male,High,1,Research_Scientist,Medium,Divorced,No,1,Bad,Age_q0,MonthlyIncome_q0,TotalWorkingYears_q0,YearsAtCompany_q0,DistanceFromHome_q1
No,Travel_Rarely,Research_Development,Bachelor,Medical,High,Male,High,1,Research_Scientist,Very_High,Married,No,1,Bad,Age_q0,MonthlyIncome_q0,TotalWorkingYears_q0,YearsAtCompany_q1,DistanceFromHome_q2
No,Travel_Rarely,Research_Development,College,Life_Sciences,High,Male,Very_High,3,Healthcare_Representative,Very_High,Divorced,Yes,1,Bad,Age_q3,MonthlyIncome_q3,TotalWorkingYears_q2,YearsAtCompany_q1,DistanceFromHome_q2
No,Non-Travel,Research_Development,Bachelor,Medical,High,Male,Medium,1,Research_Scientist,High,Divorced,Yes,1,Good,Age_q0,MonthlyIncome_q0,TotalWorkingYears_q0,YearsAtCompany_q0,DistanceFromHome_q0
No,Travel_Rarely,Research_Development,Bachelor,Life_Sciences,High,Female,High,5,Manager,Medium,Single,No,0,Better,Age_q3,MonthlyIncome_q3,TotalWorkingYears_q3,YearsAtCompany_q1,DistanceFromHome_q2
No,Travel_Rarely,Research_Development,Bachelor,Life_Sciences,Low,Male,High,1,Research_Scientist,High,Divorced,No,1,Better,Age_q2,MonthlyIncome_q0,TotalWorkingYears_q2,YearsAtCompany_q2,DistanceFromHome_q2
No,Travel_Rarely,Sales,Bachelor,Life_Sciences,Medium,Female,High,3,Sales_Executive,Very_High,Married,No,1,Better,Age_q0,MonthlyIncome_q3,TotalWorkingYears_q2,YearsAtCompany_q3,DistanceFromHome_q1
No,Travel_Rarely,Sales,Master,Life_Sciences,Low,Female,Medium,2,Sales_Executive,Very_High,Single,No,0,Best,Age_q2,MonthlyIncome_q3,TotalWorkingYears_q2,YearsAtCompany_q2,DistanceFromHome_q0
No,Travel_Rarely,Research_Development,Doctor,Life_Sciences,High,Male,High,1,Research_Scientist,High,Single,No,0,Better,Age_q1,MonthlyIncome_q1,TotalWorkingYears_q1,YearsAtCompany_q1,DistanceFromHome_q1
No,Travel_Rarely,Research_Development,Bachelor,Technical_Degree,High,Male,High,1,Research_Scientist,Medium,Married,Yes,1,Good,Age_q0,MonthlyIncome_q1,TotalWorkingYears_q0,YearsAtCompany_q1,DistanceFromHome_q2
Yes,Travel_Frequently,Sales,Below_College,Technical_Degree,High,Female,Low,1,Sales_Representative,Low,Single,No,0,Best,Age_q0,MonthlyIncome_q0,TotalWorkingYears_q0,YearsAtCompany_q0,DistanceFromHome_q0
No,Travel_Frequently,Research_Development,College,Medical,Very_High,Male,High,1,Laboratory_Technician,Medium,Single,No,0,Good,Age_q1,MonthlyIncome_q0,TotalWorkingYears_q2,YearsAtCompany_q2,DistanceFromHome_q0
No,Non-Travel,Research_Development,Bachelor,Medical,High,Male,High,2,Laboratory_Technician,Low,Divorced,No,2,Better,Age_q0,MonthlyIncome_q1,TotalWorkingYears_q2,YearsAtCompany_q3,DistanceFromHome_q1
No,Travel_Rarely,Sales,College,Life_Sciences,High,Female,High,2,Sales_Executive,Low,Divorced,Yes,1,Best,Age_q3,MonthlyIncome_q2,TotalWorkingYears_q1,YearsAtCompany_q1,DistanceFromHome_q1
No,Travel_Rarely,Research_Development,Bachelor,Life_Sciences,High,Female,High,1,Research_Scientist,Low,Divorced,Yes,1,Better,Age_q3,MonthlyIncome_q1,TotalWorkingYears_q3,YearsAtCompany_q0,DistanceFromHome_q1
No,Travel_Rarely,Research_Development,Bachelor,Life_Sciences,High,Male,High,1,Research_Scientist,Very_High,Single,No,0,Best,Age_q1,MonthlyIncome_q0,TotalWorkingYears_q0,YearsAtCompany_q0,DistanceFromHome_q0
Yes,Travel_Rarely,Research_Development,Bachelor,Life_Sciences,Medium,Male,Medium,1,Laboratory_Technician,Very_High,Single,No,0,Good,Age_q0,MonthlyIncome_q0,TotalWorkingYears_q0,YearsAtCompany_q0,DistanceFromHome_q0
No,Travel_Rarely,Sales,College,Marketing,Medium,Female,High,3,Sales_Executive,Low,Divorced,No,3,Better,Age_q3,MonthlyIncome_q3,TotalWorkingYears_q3,YearsAtCompany_q3,DistanceFromHome_q0
No,Travel_Rarely,Research_Development,College,Life_Sciences,High,Female,High,1,Laboratory_Technician,Very_High,Single,No,0,Better,Age_q2,MonthlyIncome_q0,TotalWorkingYears_q0,YearsAtCompany_q0,DistanceFromHome_q1
No,Travel_Rarely,Research_Development,Below_College,Medical,High,Female,High,1,Research_Scientist,Very_High,Married,Yes,1,Better,Age_q1,MonthlyIncome_q1,TotalWorkingYears_q1,YearsAtCompany_q1,DistanceFromHome_q2
No,Travel_Rarely,Research_Development,College,Medical,Very_High,Female,High,1,Research_Scientist,Medium,Single,No,0,Better,Age_q1,MonthlyIncome_q0,TotalWorkingYears_q1,YearsAtCompany_q0,DistanceFromHome_q2
Yes,Travel_Rarely,Sales,College,Marketing,Medium,Female,High,1,Sales_Representative,Medium,Single,Yes,0,Good,Age_q2,MonthlyIncome_q1,TotalWorkingYears_q0,YearsAtCompany_q1,DistanceFromHome_q2
No,Travel_Rarely,Research_Development,Bachelor,Medical,High,Male,Medium,1,Laboratory_Technician,High,Married,No,1,Good,Age_q3,MonthlyIncome_q1,TotalWorkingYears_q0,YearsAtCompany_q0,DistanceFromHome_q0
No,Travel_Rarely,Research_Development,College,Medical,Very_High,Female,Very_High,2,Manufacturing_Director,Low,Divorced,No,2,Better,Age_q3,MonthlyIncome_q1,TotalWorkingYears_q0,YearsAtCompany_q1,DistanceFromHome_q2
No,Travel_Rarely,Research_Development,Bachelor,Medical,Very_High,Female,High,1,Research_Scientist,Medium,Married,No,1,Better,Age_q1,MonthlyIncome_q0,TotalWorkingYears_q1,YearsAtCompany_q2,DistanceFromHome_q2
No,Travel_Rarely,Research_Development,Below_College,Medical,Very_High,Female,High,5,Manager,High,Married,No,1,Better,Age_q2,MonthlyIncome_q3,TotalWorkingYears_q3,YearsAtCompany_q3,DistanceFromHome_q1
No,Travel_Rarely,Research_Development,Master,Medical,High,Male,Very_High,5,Research_Director,Medium,Single,No,0,Better,Age_q3,MonthlyIncome_q3,TotalWorkingYears_q3,YearsAtCompany_q3,DistanceFromHome_q2
No,Travel_Frequently,Research_Development,Below_College,Life_Sciences,Very_High,Male,Medium,2,Manufacturing_Director,High,Married,No,0,Good,Age_q1,MonthlyIncome_q3,TotalWorkingYears_q1,YearsAtCompany_q3,DistanceFromHome_q0
No,Travel_Rarely,Research_Development,Bachelor,Medical,Very_High,Female,High,4,Healthcare_Representative,Medium,Single,No,0,Better,Age_q3,MonthlyIncome_q3,TotalWorkingYears_q3,YearsAtCompany_q2,DistanceFromHome_q0
No,Travel_Rarely,Research_Development,Master,Life_Sciences,High,Male,Medium,5,Manager,High,Married,No,1,Better,Age_q3,MonthlyIncome_q3,TotalWorkingYears_q3,YearsAtCompany_q3,DistanceFromHome_q0
No,Travel_Rarely,Research_Development,Bachelor,Medical,Very_High,Female,High,1,Research_Scientist,Medium,Single,No,0,Good,Age_q0,MonthlyIncome_q0,TotalWorkingYears_q1,YearsAtCompany_q2,DistanceFromHome_q1
Yes,Travel_Rarely,Research_Development,College,Life_Sciences,Medium,Male,Medium,2,Manufacturing_Director,High,Married,Yes,0,Better,Age_q1,MonthlyIncome_q2,TotalWorkingYears_q1,YearsAtCompany_q0,DistanceFromHome_q2
No,Non-Travel,Research_Development,Bachelor,Medical,Very_High,Male,Very_High,1,Research_Scientist,Very_High,Divorced,No,3,Best,Age_q2,MonthlyIncome_q0,TotalWorkingYears_q1,YearsAtCompany_q1,DistanceFromHome_q1
No,Non-Travel,Research_Development,College,Medical,Low,Male,Medium,4,Manager,Very_High,Married,No,1,Better,Age_q3,MonthlyIncome_q3,TotalWorkingYears_q3,YearsAtCompany_q3,DistanceFromHome_q0
No,Travel_Rarely,Research_Development,Bachelor,Life_Sciences,Medium,Male,Very_High,1,Research_Scientist,Low,Married,Yes,1,Good,Age_q2,MonthlyIncome_q1,TotalWorkingYears_q1,YearsAtCompany_q2,DistanceFromHome_q2
No,Travel_Frequently,Research_Development,Bachelor,Medical,Medium,Female,High,2,Laboratory_Technician,Medium,Single,No,0,Better,Age_q1,MonthlyIncome_q1,TotalWorkingYears_q1,YearsAtCompany_q2,DistanceFromHome_q0
No,Non-Travel,Research_Development,College,Medical,High,Female,High,2,Manufacturing_Director,High,Divorced,No,1,Better,Age_q2,MonthlyIncome_q2,TotalWorkingYears_q2,YearsAtCompany_q1,DistanceFromHome_q2
No,Travel_Rarely,Research_Development,Master,Life_Sciences,Very_High,Male,High,2,Manufacturing_Director,High,Married,No,0,Better,Age_q2,MonthlyIncome_q2,TotalWorkingYears_q2,YearsAtCompany_q0,DistanceFromHome_q0
No,Travel_Rarely,Research_Development,Bachelor,Technical_Degree,Very_High,Male,High,2,Manufacturing_Director,Very_High,Married,No,1,Bad,Age_q2,MonthlyIncome_q2,TotalWorkingYears_q1,YearsAtCompany_q2,DistanceFromHome_q2
No,Travel_Frequently,Research_Development,Below_College,Technical_Degree,High,Male,Medium,2,Manufacturing_Director,Low,Married,No,1,Better,Age_q0,MonthlyIncome_q1,TotalWorkingYears_q0,YearsAtCompany_q0,DistanceFromHome_q0
No,Non-Travel,Research_Development,Master,Life_Sciences,Very_High,Male,High,2,Manufacturing_Director,Very_High,Divorced,Yes,2,Better,Age_q3,MonthlyIncome_q2,TotalWorkingYears_q1,YearsAtCompany_q2,DistanceFromHome_q2
No,Travel_Frequently,Research_Development,Master,Medical,Very_High,Male,High,1,Research_Scientist,High,Divorced,Yes,1,Best,Age_q1,MonthlyIncome_q1,TotalWorkingYears_q0,YearsAtCompany_q1,DistanceFromHome_q1
No,Travel_Rarely,Research_Development,College,Medical,High,Male,High,2,Laboratory_Technician,Very_High,Married,Yes,1,Best,Age_q2,MonthlyIncome_q0,TotalWorkingYears_q2,YearsAtCompany_q2,DistanceFromHome_q2
Yes,Travel_Rarely,Research_Development,Below_College,Medical,Medium,Male,High,2,Healthcare_Representative,Low,Married,Yes,0,Better,Age_q2,MonthlyIncome_q2,TotalWorkingYears_q3,YearsAtCompany_q0,DistanceFromHome_q2
Yes,Travel_Rarely,Sales,Bachelor,Marketing,Medium,Female,High,3,Sales_Executive,Very_High,Married,No,3,Good,Age_q0,MonthlyIncome_q2,TotalWorkingYears_q1,YearsAtCompany_q3,DistanceFromHome_q2
No,Travel_Rarely,Research_Development,Bachelor,Life_Sciences,Very_High,Male,Very_High,1,Research_Scientist,Medium,Divorced,Yes,1,Good,Age_q0,MonthlyIncome_q0,TotalWorkingYears_q0,YearsAtCompany_q1,DistanceFromHome_q1
No,Travel_Frequently,Research_Development,Below_College,Medical,Medium,Female,High,1,Laboratory_Technician,Very_High,Single,No,0,Better,Age_q1,MonthlyIncome_q0,TotalWorkingYears_q1,YearsAtCompany_q2,DistanceFromHome_q2
No,Non-Travel,Research_Development,Doctor,Life_Sciences,Very_High,Male,Medium,2,Healthcare_Representative,Very_High,Married,No,1,Bad,Age_q2,MonthlyIncome_q1,TotalWorkingYears_q0,YearsAtCompany_q0,DistanceFromHome_q1
No,Travel_Rarely,Research_Development,Master,Medical,Very_High,Male,High,3,Healthcare_Representative,Low,Divorced,No,1,Better,Age_q3,MonthlyIncome_q3,TotalWorkingYears_q3,YearsAtCompany_q1,DistanceFromHome_q0
Yes,Travel_Rarely,Sales,Master,Medical,Very_High,Male,Low,3,Sales_Executive,Very_High,Married,No,0,Good,Age_q1,MonthlyIncome_q3,TotalWorkingYears_q2,YearsAtCompany_q3,DistanceFromHome_q1
No,Non-Travel,Research_Development,Below_College,Life_Sciences,High,Male,Medium,3,Manufacturing_Director,High,Single,No,0,Better,Age_q0,MonthlyIncome_q3,TotalWorkingYears_q2,YearsAtCompany_q3,DistanceFromHome_q0
No,Travel_Frequently,Sales,Bachelor,Life_Sciences,Very_High,Female,High,2,Sales_Executive,High,Single,No,0,Better,Age_q0,MonthlyIncome_q3,TotalWorkingYears_q1,YearsAtCompany_q2,DistanceFromHome_q2
No,Travel_Rarely,Research_Development,Master,Life_Sciences,Medium,Male,Medium,3,Research_Director,Medium,Married,No,2,Bad,Age_q3,MonthlyIncome_q3,TotalWorkingYears_q3,YearsAtCompany_q3,DistanceFromHome_q1
Yes,Travel_Rarely,Research_Development,Bachelor,Technical_Degree,Very_High,Female,High,1,Research_Scientist,Low,Single,Yes,0,Better,Age_q0,MonthlyIncome_q0,TotalWorkingYears_q1,YearsAtCompany_q1,DistanceFromHome_q0
No,Travel_Rarely,Sales,Bachelor,Life_Sciences,Very_High,Female,High,3,Manager,Very_High,Single,Yes,0,Better,Age_q2,MonthlyIncome_q3,TotalWorkingYears_q3,YearsAtCompany_q0,DistanceFromHome_q1
Yes,Travel_Frequently,Sales,Master,Marketing,High,Female,Medium,2,Sales_Executive,Low,Single,No,0,Good,Age_q0,MonthlyIncome_q2,TotalWorkingYears_q1,YearsAtCompany_q2,DistanceFromHome_q2
Yes,Travel_Rarely,Research_Development,Bachelor,Technical_Degree,High,Male,High,1,Research_Scientist,High,Single,No,0,Good,Age_q0,MonthlyIncome_q0,TotalWorkingYears_q1,YearsAtCompany_q2,DistanceFromHome_q0
No,Non-Travel,Sales,Bachelor,Medical,Very_High,Female,Medium,3,Sales_Executive,Very_High,Single,No,0,Better,Age_q3,MonthlyIncome_q3,TotalWorkingYears_q3,YearsAtCompany_q3,DistanceFromHome_q1
No,Travel_Rarely,Sales,Bachelor,Marketing,Very_High,Female,High,2,Sales_Executive,Low,Married,No,1,Better,Age_q3,MonthlyIncome_q2,TotalWorkingYears_q3,YearsAtCompany_q2,DistanceFromHome_q0
No,Travel_Rarely,Research_Development,College,Life_Sciences,Very_High,Male,High,2,Laboratory_Technician,Medium,Single,No,0,Best,Age_q1,MonthlyIncome_q2,TotalWorkingYears_q3,YearsAtCompany_q3,DistanceFromHome_q1
No,Travel_Rarely,Research_Development,Master,Medical,High,Female,Medium,1,Research_Scientist,Medium,Married,No,0,Better,Age_q1,MonthlyIncome_q0,TotalWorkingYears_q1,YearsAtCompany_q0,DistanceFromHome_q1
No,Travel_Frequently,Research_Development,Bachelor,Other,Medium,Male,High,3,Research_Director,Very_High,Divorced,Yes,3,Better,Age_q2,MonthlyIncome_q3,TotalWorkingYears_q1,YearsAtCompany_q3,DistanceFromHome_q2
No,Travel_Rarely,Sales,Bachelor,Life_Sciences,Low,Male,High,3,Sales_Executive,High,Divorced,No,2,Good,Age_q2,MonthlyIncome_q3,TotalWorkingYears_q3,YearsAtCompany_q3,DistanceFromHome_q0
No,Non-Travel,Research_Development,Master,Medical,High,Male,Low,2,Manufacturing_Director,High,Married,No,1,Better,Age_q1,MonthlyIncome_q1,TotalWorkingYears_q0,YearsAtCompany_q1,DistanceFromHome_q0
No,Travel_Rarely,Research_Development,Bachelor,Life_Sciences,High,Male,Medium,1,Research_Scientist,Very_High,Married,No,1,Better,Age_q3,MonthlyIncome_q0,TotalWorkingYears_q1,YearsAtCompany_q0,DistanceFromHome_q0
No,Travel_Frequently,Sales,Master,Marketing,Low,Male,High,1,Sales_Representative,Very_High,Divorced,No,1,Better,Age_q2,MonthlyIncome_q0,TotalWorkingYears_q2,YearsAtCompany_q2,DistanceFromHome_q1
No,Travel_Frequently,Sales,Below_College,Medical,Medium,Female,High,3,Sales_Executive,Very_High,Married,No,1,Better,Age_q0,MonthlyIncome_q2,TotalWorkingYears_q2,YearsAtCompany_q3,DistanceFromHome_q0
No,Travel_Frequently,Sales,Bachelor,Marketing,High,Female,High,3,Sales_Executive,High,Single,No,0,Best,Age_q1,MonthlyIncome_q3,TotalWorkingYears_q1,YearsAtCompany_q3,DistanceFromHome_q0
Yes,Travel_Rarely,Research_Development,Below_College,Medical,High,Male,Medium,1,Research_Scientist,Very_High,Single,Yes,0,Good,Age_q0,MonthlyIncome_q0,TotalWorkingYears_q0,YearsAtCompany_q1,DistanceFromHome_q2
No,Travel_Rarely,Research_Development,Bachelor,Life_Sciences,High,Female,Medium,1,Laboratory_Technician,Very_High,Single,No,0,Good,Age_q3,MonthlyIncome_q1,TotalWorkingYears_q0,YearsAtCompany_q0,DistanceFromHome_q0
No,Travel_Rarely,Research_Development,College,Technical_Degree,High,Male,High,5,Manager,Very_High,Married,No,0,Better,Age_q2,MonthlyIncome_q3,TotalWorkingYears_q3,YearsAtCompany_q3,DistanceFromHome_q1
No,Travel_Rarely,Human_Resources,College,Medical,Medium,Male,High,1,Human_Resources,High,Married,No,0,Good,Age_q3,MonthlyIncome_q0,TotalWorkingYears_q1,YearsAtCompany_q0,DistanceFromHome_q1
No,Travel_Rarely,Sales,Master,Medical,Very_High,Female,High,5,Manager,Very_High,Divorced,No,1,Good,Age_q3,MonthlyIncome_q3,TotalWorkingYears_q3,YearsAtCompany_q2,DistanceFromHome_q0
Yes,Travel_Rarely,Research_Development,Bachelor,Medical,High,Male,High,1,Laboratory_Technician,Very_High,Married,Yes,1,Bad,Age_q1,MonthlyIncome_q0,TotalWorkingYears_q1,YearsAtCompany_q1,DistanceFromHome_q2
No,Travel_Rarely,Sales,Bachelor,Marketing,Very_High,Female,High,4,Manager,Very_High,Married,Yes,1,Better,Age_q2,MonthlyIncome_q3,TotalWorkingYears_q3,YearsAtCompany_q3,DistanceFromHome_q2
Yes,Travel_Rarely,Research_Development,College,Life_Sciences,Low,Female,High,1,Laboratory_Technician,Low,Married,No,0,Best,Age_q1,MonthlyIncome_q0,TotalWorkingYears_q2,YearsAtCompany_q2,DistanceFromHome_q0
No,Non-Travel,Sales,Master,Life_Sciences,Low,Male,Medium,5,Manager,High,Single,Yes,0,Best,Age_q3,MonthlyIncome_q3,TotalWorkingYears_q3,YearsAtCompany_q3,DistanceFromHome_q0
No,Travel_Rarely,Sales,College,Life_Sciences,High,Female,High,1,Sales_Representative,Medium,Married,No,1,Better,Age_q1,MonthlyIncome_q1,TotalWorkingYears_q0,YearsAtCompany_q1,DistanceFromHome_q1
Yes,Travel_Rarely,Research_Development,Bachelor,Life_Sciences,Very_High,Male,Medium,1,Laboratory_Technician,High,Single,Yes,0,Bad,Age_q1,MonthlyIncome_q1,TotalWorkingYears_q0,YearsAtCompany_q0,DistanceFromHome_q0
No,Travel_Rarely,Research_Development,Master,Medical,High,Female,High,1,Laboratory_Technician,High,Divorced,No,3,Better,Age_q2,MonthlyIncome_q0,TotalWorkingYears_q1,YearsAtCompany_q0,DistanceFromHome_q0
No,Non-Travel,Sales,Master,Marketing,High,Male,High,2,Sales_Executive,Very_High,Married,No,0,Better,Age_q1,MonthlyIncome_q1,TotalWorkingYears_q0,YearsAtCompany_q0,DistanceFromHome_q2
No,Travel_Rarely,Research_Development,College,Life_Sciences,High,Male,High,2,Research_Scientist,Low,Divorced,No,2,Good,Age_q2,MonthlyIncome_q1,TotalWorkingYears_q3,YearsAtCompany_q0,DistanceFromHome_q2
No,Travel_Rarely,Research_Development,College,Technical_Degree,Low,Male,High,2,Research_Scientist,Very_High,Divorced,No,2,Better,Age_q2,MonthlyIncome_q1,TotalWorkingYears_q1,YearsAtCompany_q2,DistanceFromHome_q2
No,Travel_Rarely,Research_Development,Bachelor,Other,High,Male,Very_High,5,Manager,Very_High,Married,No,1,Better,Age_q3,MonthlyIncome_q3,TotalWorkingYears_q3,YearsAtCompany_q3,DistanceFromHome_q0
No,Travel_Frequently,Research_Development,Master,Medical,Medium,Male,High,3,Research_Director,High,Divorced,No,1,Better,Age_q1,MonthlyIncome_q3,TotalWorkingYears_q1,YearsAtCompany_q0,DistanceFromHome_q0
No,Travel_Rarely,Research_Development,Master,Life_Sciences,High,Female,Medium,1,Research_Scientist,Very_High,Married,No,1,Good,Age_q1,MonthlyIncome_q0,TotalWorkingYears_q0,YearsAtCompany_q0,DistanceFromHome_q1
No,Travel_Rarely,Research_Development,Master,Life_Sciences,Very_High,Male,Medium,2,Manufacturing_Director,Low,Married,No,1,Better,Age_q1,MonthlyIncome_q2,TotalWorkingYears_q2,YearsAtCompany_q3,DistanceFromHome_q0
No,Travel_Rarely,Research_Development,College,Medical,High,Female,Medium,1,Research_Scientist,Low,Married,No,1,Good,Age_q2,MonthlyIncome_q1,TotalWorkingYears_q3,YearsAtCompany_q0,DistanceFromHome_q0
No,Travel_Frequently,Research_Development,Master,Life_Sciences,Low,Male,Very_High,2,Manufacturing_Director,High,Married,No,1,Better,Age_q3,MonthlyIncome_q2,TotalWorkingYears_q1,YearsAtCompany_q0,DistanceFromHome_q1
Yes,Travel_Frequently,Research_Development,Bachelor,Medical,Low,Male,High,3,Manufacturing_Director,High,Divorced,No,2,Better,Age_q2,MonthlyIncome_q3,TotalWorkingYears_q3,YearsAtCompany_q0,DistanceFromHome_q1
No,Travel_Frequently,Research_Development,Master,Technical_Degree,High,Female,High,3,Healthcare_Representative,High,Single,No,0,Better,Age_q2,MonthlyIncome_q3,TotalWorkingYears_q3,YearsAtCompany_q3,DistanceFromHome_q0
No,Travel_Rarely,Research_Development,Bachelor,Life_Sciences,High,Male,High,1,Research_Scientist,Very_High,Single,No,0,Better,Age_q0,MonthlyIncome_q0,TotalWorkingYears_q0,YearsAtCompany_q2,DistanceFromHome_q2
No,Travel_Rarely,Research_Development,College,Life_Sciences,Very_High,Female,Very_High,2,Research_Scientist,Low,Single,Yes,0,Better,Age_q2,MonthlyIncome_q2,TotalWorkingYears_q1,YearsAtCompany_q0,DistanceFromHome_q2
No,Travel_Rarely,Sales,College,Marketing,Very_High,Male,High,2,Sales_Executive,Very_High,Divorced,No,1,Better,Age_q0,MonthlyIncome_q2,TotalWorkingYears_q1,YearsAtCompany_q0,DistanceFromHome_q2
No,Travel_Rarely,Research_Development,Bachelor,Life_Sciences,Low,Female,High,2,Manufacturing_Director,High,Married,No,2,Better,Age_q0,MonthlyIncome_q1,TotalWorkingYears_q0,YearsAtCompany_q1,DistanceFromHome_q0
No,Travel_Rarely,Research_Development,Bachelor,Medical,Very_High,Female,Medium,1,Laboratory_Technician,Low,Divorced,Yes,1,Better,Age_q2,MonthlyIncome_q0,TotalWorkingYears_q1,YearsAtCompany_q2,DistanceFromHome_q0
No,Travel_Rarely,Research_Development,College,Medical,Low,Male,High,5,Research_Director,High,Divorced,No,1,Better,Age_q2,MonthlyIncome_q3,TotalWorkingYears_q3,YearsAtCompany_q3,DistanceFromHome_q0
No,Travel_Rarely,Research_Development,Bachelor,Life_Sciences,High,Male,High,1,Research_Scientist,Very_High,Married,No,0,Good,Age_q3,MonthlyIncome_q0,TotalWorkingYears_q0,YearsAtCompany_q0,DistanceFromHome_q0
Yes,Travel_Frequently,Research_Development,College,Medical,High,Male,Medium,1,Laboratory_Technician,Medium,Single,No,0,Best,Age_q1,MonthlyIncome_q1,TotalWorkingYears_q0,YearsAtCompany_q1,DistanceFromHome_q2
No,Travel_Frequently,Research_Development,Bachelor,Life_Sciences,Medium,Male,Very_High,1,Laboratory_Technician,Medium,Married,No,0,Bad,Age_q1,MonthlyIncome_q0,TotalWorkingYears_q0,YearsAtCompany_q1,DistanceFromHome_q1
No,Non-Travel,Sales,College,Life_Sciences,Very_High,Male,Medium,2,Sales_Executive,Very_High,Married,No,1,Better,Age_q2,MonthlyIncome_q2,TotalWorkingYears_q2,YearsAtCompany_q2,DistanceFromHome_q0
No,Travel_Rarely,Research_Development,Below_College,Technical_Degree,Very_High,Male,Medium,2,Laboratory_Technician,Low,Single,No,0,Better,Age_q1,MonthlyIncome_q0,TotalWorkingYears_q1,YearsAtCompany_q2,DistanceFromHome_q0
No,Travel_Rarely,Sales,Bachelor,Technical_Degree,High,Female,Low,4,Manager,Medium,Married,Yes,1,Good,Age_q3,MonthlyIncome_q3,TotalWorkingYears_q3,YearsAtCompany_q2,DistanceFromHome_q0
Yes,Travel_Rarely,Research_Development,Master,Life_Sciences,Low,Male,High,1,Laboratory_Technician,High,Single,No,0,Bad,Age_q0,MonthlyIncome_q1,TotalWorkingYears_q0,YearsAtCompany_q0,DistanceFromHome_q0
No,Travel_Rarely,Sales,Bachelor,Medical,Low,Male,Medium,2,Sales_Executive,Medium,Married,No,2,Better,Age_q0,MonthlyIncome_q2,TotalWorkingYears_q1,YearsAtCompany_q0,DistanceFromHome_q0
No,Travel_Rarely,Research_Development,Bachelor,Medical,Medium,Male,Medium,2,Healthcare_Representative,Very_High,Married,No,1,Better,Age_q1,MonthlyIncome_q2,TotalWorkingYears_q1,YearsAtCompany_q2,DistanceFromHome_q2
No,Non-Travel,Research_Development,College,Life_Sciences,Medium,Male,Very_High,2,Healthcare_Representative,Low,Divorced,No,2,Better,Age_q0,MonthlyIncome_q1,TotalWorkingYears_q0,YearsAtCompany_q2,DistanceFromHome_q1
No,Travel_Rarely,Research_Development,College,Medical,High,Male,High,4,Healthcare_Representative,Very_High,Married,Yes,0,Better,Age_q3,MonthlyIncome_q3,TotalWorkingYears_q3,YearsAtCompany_q3,DistanceFromHome_q2
No,Travel_Rarely,Research_Development,Bachelor,Life_Sciences,Very_High,Male,High,1,Laboratory_Technician,Very_High,Married,No,1,Better,Age_q1,MonthlyIncome_q1,TotalWorkingYears_q3,YearsAtCompany_q3,DistanceFromHome_q1
No,Travel_Rarely,Research_Development,Bachelor,Medical,Very_High,Male,High,5,Manager,Low,Single,Yes,0,Better,Age_q3,MonthlyIncome_q3,TotalWorkingYears_q3,YearsAtCompany_q3,DistanceFromHome_q0
Yes,Non-Travel,Research_Development,Master,Life_Sciences,Low,Male,High,3,Manager,Medium,Married,Yes,1,Good,Age_q3,MonthlyIncome_q3,TotalWorkingYears_q1,YearsAtCompany_q3,DistanceFromHome_q2
No,Travel_Rarely,Research_Development,Bachelor,Medical,Very_High,Male,High,1,Research_Scientist,Very_High,Married,No,1,Good,Age_q0,MonthlyIncome_q0,TotalWorkingYears_q0,YearsAtCompany_q1,DistanceFromHome_q1
No,Travel_Rarely,Sales,Master,Medical,High,Male,High,2,Sales_Executive,Very_High,Married,No,1,Best,Age_q2,MonthlyIncome_q2,TotalWorkingYears_q1,YearsAtCompany_q1,DistanceFromHome_q1
No,Travel_Rarely,Research_Development,College,Medical,Very_High,Male,Medium,1,Research_Scientist,High,Single,No,0,Best,Age_q0,MonthlyIncome_q1,TotalWorkingYears_q0,YearsAtCompany_q0,DistanceFromHome_q0
No,Non-Travel,Research_Development,Master,Medical,Low,Female,High,3,Research_Director,Very_High,Divorced,Yes,2,Better,Age_q2,MonthlyIncome_q3,TotalWorkingYears_q2,YearsAtCompany_q1,DistanceFromHome_q0
No,Travel_Rarely,Research_Development,Bachelor,Life_Sciences,Medium,Female,Very_High,3,Manager,Medium,Divorced,No,1,Good,Age_q1,MonthlyIncome_q3,TotalWorkingYears_q1,YearsAtCompany_q2,DistanceFromHome_q2
No,Travel_Rarely,Sales,College,Medical,Low,Female,Very_High,2,Sales_Executive,Low,Divorced,Yes,1,Better,Age_q2,MonthlyIncome_q2,TotalWorkingYears_q1,YearsAtCompany_q2,DistanceFromHome_q1
No,Travel_Frequently,Research_Development,Bachelor,Life_Sciences,High,Female,High,2,Manufacturing_Director,Medium,Divorced,No,1,Bad,Age_q0,MonthlyIncome_q2,TotalWorkingYears_q0,YearsAtCompany_q2,DistanceFromHome_q0
No,Travel_Rarely,Research_Development,Below_College,Life_Sciences,Low,Male,High,5,Research_Director,Medium,Divorced,No,2,Good,Age_q3,MonthlyIncome_q3,TotalWorkingYears_q3,YearsAtCompany_q3,DistanceFromHome_q1
No,Travel_Rarely,Research_Development,Master,Medical,High,Male,High,4,Research_Director,High,Married,Yes,3,Good,Age_q3,MonthlyIncome_q3,TotalWorkingYears_q3,YearsAtCompany_q1,DistanceFromHome_q0
No,Travel_Rarely,Sales,Below_College,Life_Sciences,Medium,Male,High,2,Sales_Executive,High,Married,No,0,Better,Age_q2,MonthlyIncome_q1,TotalWorkingYears_q3,YearsAtCompany_q3,DistanceFromHome_q0
No,Travel_Frequently,Sales,College,Life_Sciences,Medium,Male,High,2,Sales_Executive,Very_High,Single,No,0,Good,Age_q0,MonthlyIncome_q1,TotalWorkingYears_q1,YearsAtCompany_q3,DistanceFromHome_q0
No,Travel_Rarely,Research_Development,College,Technical_Degree,Medium,Male,High,2,Laboratory_Technician,Very_High,Married,Yes,1,Better,Age_q3,MonthlyIncome_q2,TotalWorkingYears_q2,YearsAtCompany_q3,DistanceFromHome_q2
No,Travel_Frequently,Research_Development,College,Medical,Low,Male,High,2,Healthcare_Representative,Low,Married,Yes,1,Better,Age_q0,MonthlyIncome_q1,TotalWorkingYears_q0,YearsAtCompany_q1,DistanceFromHome_q2
No,Travel_Rarely,Research_Development,Bachelor,Life_Sciences,Very_High,Female,High,1,Research_Scientist,Very_High,Single,No,0,Better,Age_q2,MonthlyIncome_q0,TotalWorkingYears_q3,YearsAtCompany_q3,DistanceFromHome_q0
Yes,Travel_Frequently,Research_Development,Bachelor,Life_Sciences,Very_High,Male,High,1,Laboratory_Technician,High,Divorced,Yes,1,Bad,Age_q3,MonthlyIncome_q1,TotalWorkingYears_q3,YearsAtCompany_q0,DistanceFromHome_q2
No,Travel_Rarely,Research_Development,Master,Life_Sciences,Very_High,Male,High,2,Healthcare_Representative,Very_High,Divorced,No,1,Better,Age_q2,MonthlyIncome_q2,TotalWorkingYears_q1,YearsAtCompany_q0,DistanceFromHome_q2
Yes,Travel_Rarely,Research_Development,Master,Medical,Low,Male,High,1,Laboratory_Technician,Medium,Divorced,Yes,1,Better,Age_q0,MonthlyIncome_q0,TotalWorkingYears_q0,YearsAtCompany_q0,DistanceFromHome_q2
No,Travel_Rarely,Research_Development,College,Life_Sciences,Very_High,Female,High,1,Research_Scientist,Very_High,Single,No,0,Better,Age_q0,MonthlyIncome_q1,TotalWorkingYears_q0,YearsAtCompany_q1,DistanceFromHome_q1
No,Travel_Frequently,Research_Development,Master,Life_Sciences,High,Female,High,5,Research_Director,Low,Single,Yes,0,Better,Age_q3,MonthlyIncome_q3,TotalWorkingYears_q3,YearsAtCompany_q0,DistanceFromHome_q1
No,Travel_Rarely,Research_Development,Bachelor,Technical_Degree,High,Male,High,2,Research_Scientist,Medium,Single,No,0,Better,Age_q1,MonthlyIncome_q1,TotalWorkingYears_q1,YearsAtCompany_q2,DistanceFromHome_q0
No,Travel_Frequently,Sales,Bachelor,Marketing,Very_High,Female,High,1,Sales_Representative,Medium,Divorced,No,1,Good,Age_q1,MonthlyIncome_q0,TotalWorkingYears_q0,YearsAtCompany_q0,DistanceFromHome_q1
Yes,Travel_Rarely,Sales,Master,Marketing,Very_High,Male,Medium,2,Sales_Executive,Very_High,Single,Yes,0,Better,Age_q0,MonthlyIncome_q2,TotalWorkingYears_q1,YearsAtCompany_q2,DistanceFromHome_q1
No,Travel_Frequently,Research_Development,Bachelor,Medical,Medium,Male,High,1,Research_Scientist,Very_High,Married,Yes,3,Good,Age_q2,MonthlyIncome_q0,TotalWorkingYears_q0,YearsAtCompany_q1,DistanceFromHome_q1
No,Travel_Frequently,Sales,Bachelor,Marketing,High,Female,High,4,Sales_Executive,Medium,Married,No,1,Best,Age_q2,MonthlyIncome_q3,TotalWorkingYears_q3,YearsAtCompany_q3,DistanceFromHome_q2
Yes,Travel_Rarely,Research_Development,Bachelor,Life_Sciences,High,Male,High,1,Laboratory_Technician,High,Single,No,0,Better,Age_q0,MonthlyIncome_q0,TotalWorkingYears_q0,YearsAtCompany_q0,DistanceFromHome_q0
No,Travel_Rarely,Sales,Bachelor,Marketing,High,Male,High,3,Sales_Executive,Medium,Married,No,2,Good,Age_q1,MonthlyIncome_q2,TotalWorkingYears_q2,YearsAtCompany_q3,DistanceFromHome_q2
No,Travel_Frequently,Research_Development,Master,Life_Sciences,High,Male,Very_High,1,Laboratory_Technician,Very_High,Married,No,2,Better,Age_q1,MonthlyIncome_q1,TotalWorkingYears_q0,YearsAtCompany_q0,DistanceFromHome_q2
No,Travel_Rarely,Research_Development,Bachelor,Medical,Very_High,Male,Low,2,Manufacturing_Director,Medium,Divorced,No,1,Better,Age_q3,MonthlyIncome_q2,TotalWorkingYears_q2,YearsAtCompany_q1,DistanceFromHome_q0
No,Travel_Rarely,Sales,Master,Life_Sciences,Very_High,Male,High,4,Manager,Medium,Single,No,0,Better,Age_q2,MonthlyIncome_q3,TotalWorkingYears_q3,YearsAtCompany_q3,DistanceFromHome_q0
No,Travel_Rarely,Sales,Bachelor,Medical,Very_High,Female,Medium,1,Sales_Representative,High,Single,No,0,Better,Age_q0,MonthlyIncome_q0,TotalWorkingYears_q0,YearsAtCompany_q0,DistanceFromHome_q1
No,Travel_Rarely,Research_Development,College,Medical,Medium,Male,Very_High,2,Healthcare_Representative,Low,Single,No,0,Better,Age_q0,MonthlyIncome_q2,TotalWorkingYears_q1,YearsAtCompany_q2,DistanceFromHome_q2
No,Travel_Rarely,Sales,Bachelor,Technical_Degree,Medium,Male,Very_High,2,Sales_Executive,Very_High,Married,No,1,Good,Age_q1,MonthlyIncome_q2,TotalWorkingYears_q1,YearsAtCompany_q2,DistanceFromHome_q1
No,Travel_Rarely,Research_Development,Bachelor,Medical,High,Male,Very_High,3,Healthcare_Representative,Very_High,Divorced,No,3,Good,Age_q2,MonthlyIncome_q3,TotalWorkingYears_q3,YearsAtCompany_q3,DistanceFromHome_q0
No,Non-Travel,Research_Development,Master,Life_Sciences,Medium,Female,High,2,Laboratory_Technician,Medium,Married,No,1,Better,Age_q1,MonthlyIncome_q2,TotalWorkingYears_q2,YearsAtCompany_q2,DistanceFromHome_q2
No,Travel_Rarely,Sales,Bachelor,Life_Sciences,Very_High,Male,Medium,2,Sales_Executive,High,Married,No,1,Good,Age_q1,MonthlyIncome_q2,TotalWorkingYears_q2,YearsAtCompany_q3,DistanceFromHome_q1
No,Travel_Rarely,Research_Development,College,Life_Sciences,Low,Female,Medium,3,Research_Director,Medium,Married,No,1,Better,Age_q2,MonthlyIncome_q3,TotalWorkingYears_q3,YearsAtCompany_q3,DistanceFromHome_q2
No,Non-Travel,Research_Development,Master,Life_Sciences,Very_High,Male,Low,2,Healthcare_Representative,High,Divorced,Yes,1,Better,Age_q3,MonthlyIncome_q2,TotalWorkingYears_q2,YearsAtCompany_q1,DistanceFromHome_q0
No,Travel_Rarely,Research_Development,Master,Technical_Degree,High,Male,High,1,Research_Scientist,Very_High,Married,Yes,1,Better,Age_q1,MonthlyIncome_q1,TotalWorkingYears_q0,YearsAtCompany_q1,DistanceFromHome_q1
No,Travel_Rarely,Human_Resources,Bachelor,Human_Resources,Low,Male,Medium,2,Human_Resources,Low,Married,No,0,Better,Age_q1,MonthlyIncome_q2,TotalWorkingYears_q1,YearsAtCompany_q0,DistanceFromHome_q0
No,Travel_Frequently,Research_Development,Bachelor,Life_Sciences,Low,Male,High,3,Laboratory_Technician,Low,Divorced,No,1,Better,Age_q3,MonthlyIncome_q2,TotalWorkingYears_q3,YearsAtCompany_q3,DistanceFromHome_q1
No,Travel_Rarely,Research_Development,Master,Life_Sciences,High,Male,High,1,Research_Scientist,Very_High,Divorced,Yes,1,Bad,Age_q1,MonthlyIncome_q0,TotalWorkingYears_q0,YearsAtCompany_q0,DistanceFromHome_q0
No,Travel_Frequently,Research_Development,Master,Life_Sciences,Very_High,Female,High,3,Manager,Medium,Married,No,2,Better,Age_q1,MonthlyIncome_q3,TotalWorkingYears_q2,YearsAtCompany_q3,DistanceFromHome_q1
No,Travel_Rarely,Research_Development,Below_College,Medical,High,Male,High,4,Manager,Low,Married,Yes,0,Better,Age_q2,MonthlyIncome_q3,TotalWorkingYears_q3,YearsAtCompany_q3,DistanceFromHome_q1
No,Travel_Frequently,Research_Development,Master,Life_Sciences,High,Female,High,1,Laboratory_Technician,Very_High,Single,No,0,Better,Age_q2,MonthlyIncome_q0,TotalWorkingYears_q1,YearsAtCompany_q2,DistanceFromHome_q1
No,Travel_Rarely,Research_Development,College,Technical_Degree,High,Female,Medium,4,Healthcare_Representative,High,Single,Yes,0,Better,Age_q3,MonthlyIncome_q3,TotalWorkingYears_q3,YearsAtCompany_q2,DistanceFromHome_q0
Yes,Travel_Rarely,Research_Development,Master,Medical,High,Male,Medium,2,Research_Scientist,Medium,Married,No,0,Good,Age_q3,MonthlyIncome_q2,TotalWorkingYears_q2,YearsAtCompany_q2,DistanceFromHome_q1
No,Travel_Rarely,Research_Development,Bachelor,Life_Sciences,High,Female,High,1,Research_Scientist,Medium,Single,Yes,0,Good,Age_q0,MonthlyIncome_q0,TotalWorkingYears_q0,YearsAtCompany_q1,DistanceFromHome_q1
No,Travel_Rarely,Sales,College,Technical_Degree,High,Female,Medium,2,Sales_Executive,Medium,Married,Yes,0,Better,Age_q1,MonthlyIncome_q2,TotalWorkingYears_q2,YearsAtCompany_q3,DistanceFromHome_q1
No,Travel_Rarely,Sales,Bachelor,Life_Sciences,Very_High,Male,High,2,Sales_Executive,High,Single,Yes,0,Better,Age_q0,MonthlyIncome_q1,TotalWorkingYears_q0,YearsAtCompany_q1,DistanceFromHome_q0
No,Travel_Rarely,Sales,Bachelor,Marketing,Very_High,Male,High,2,Sales_Executive,Very_High,Divorced,No,3,Better,Age_q1,MonthlyIncome_q2,TotalWorkingYears_q2,YearsAtCompany_q2,DistanceFromHome_q1
No,Travel_Rarely,Research_Development,Master,Medical,Low,Female,Very_High,2,Research_Scientist,Very_High,Single,No,0,Good,Age_q1,MonthlyIncome_q2,TotalWorkingYears_q1,YearsAtCompany_q2,DistanceFromHome_q0
Yes,Travel_Rarely,Research_Development,Master,Medical,Low,Male,Low,1,Research_Scientist,Very_High,Married,Yes,0,Good,Age_q0,MonthlyIncome_q1,TotalWorkingYears_q0,YearsAtCompany_q0,DistanceFromHome_q0
No,Travel_Rarely,Research_Development,College,Medical,Very_High,Female,High,2,Research_Scientist,Very_High,Married,No,2,Better,Age_q0,MonthlyIncome_q2,TotalWorkingYears_q2,YearsAtCompany_q3,DistanceFromHome_q2
No,Travel_Frequently,Research_Development,College,Life_Sciences,High,Female,Medium,3,Manufacturing_Director,High,Married,No,1,Better,Age_q1,MonthlyIncome_q3,TotalWorkingYears_q1,YearsAtCompany_q3,DistanceFromHome_q1
No,Travel_Frequently,Research_Development,College,Medical,High,Male,Medium,5,Manager,Very_High,Married,No,1,Better,Age_q2,MonthlyIncome_q3,TotalWorkingYears_q3,YearsAtCompany_q3,DistanceFromHome_q1
Yes,Travel_Rarely,Sales,College,Medical,Very_High,Female,High,2,Sales_Executive,High,Married,Yes,0,Good,Age_q2,MonthlyIncome_q2,TotalWorkingYears_q2,YearsAtCompany_q0,DistanceFromHome_q0
No,Travel_Frequently,Sales,Bachelor,Marketing,Medium,Male,Medium,2,Sales_Executive,Very_High,Single,No,0,Good,Age_q1,MonthlyIncome_q1,TotalWorkingYears_q1,YearsAtCompany_q2,DistanceFromHome_q1
No,Travel_Rarely,Research_Development,Doctor,Life_Sciences,Very_High,Male,High,5,Research_Director,High,Married,No,1,Better,Age_q3,MonthlyIncome_q3,TotalWorkingYears_q3,YearsAtCompany_q0,DistanceFromHome_q1
No,Travel_Frequently,Research_Development,Master,Life_Sciences,High,Female,Medium,2,Laboratory_Technician,High,Divorced,No,1,Best,Age_q2,MonthlyIncome_q2,TotalWorkingYears_q1,YearsAtCompany_q2,DistanceFromHome_q1
No,Non-Travel,Sales,Below_College,Marketing,High,Male,High,2,Sales_Executive,Medium,Married,Yes,1,Better,Age_q0,MonthlyIncome_q2,TotalWorkingYears_q0,YearsAtCompany_q1,DistanceFromHome_q0
No,Travel_Frequently,Research_Development,Master,Life_Sciences,Very_High,Female,High,2,Research_Scientist,High,Single,No,0,Good,Age_q3,MonthlyIncome_q1,TotalWorkingYears_q3,YearsAtCompany_q1,DistanceFromHome_q2
No,Travel_Rarely,Research_Development,Bachelor,Life_Sciences,High,Female,High,3,Healthcare_Representative,Low,Married,No,1,Good,Age_q2,MonthlyIncome_q3,TotalWorkingYears_q1,YearsAtCompany_q0,DistanceFromHome_q1
No,Travel_Rarely,Research_Development,Master,Other,Very_High,Male,High,2,Research_Scientist,Very_High,Married,No,2,Better,Age_q3,MonthlyIncome_q1,TotalWorkingYears_q2,YearsAtCompany_q3,DistanceFromHome_q1
No,Travel_Rarely,Sales,College,Medical,Medium,Male,Low,2,Sales_Executive,Very_High,Married,Yes,3,Good,Age_q2,MonthlyIncome_q2,TotalWorkingYears_q0,YearsAtCompany_q1,DistanceFromHome_q0
Yes,Travel_Rarely,Research_Development,Master,Other,Medium,Male,Low,1,Laboratory_Technician,Low,Married,Yes,0,Good,Age_q0,MonthlyIncome_q0,TotalWorkingYears_q1,YearsAtCompany_q2,DistanceFromHome_q1
No,Travel_Rarely,Research_Development,Doctor,Other,Medium,Male,Medium,1,Laboratory_Technician,Very_High,Single,No,0,Better,Age_q0,MonthlyIncome_q1,TotalWorkingYears_q0,YearsAtCompany_q0,DistanceFromHome_q1
No,Travel_Rarely,Sales,Bachelor,Marketing,Very_High,Female,Medium,2,Sales_Executive,High,Divorced,No,3,Better,Age_q0,MonthlyIncome_q2,TotalWorkingYears_q1,YearsAtCompany_q3,DistanceFromHome_q1
No,Travel_Rarely,Sales,Master,Marketing,Medium,Female,High,2,Sales_Executive,Medium,Married,No,1,Better,Age_q0,MonthlyIncome_q2,TotalWorkingYears_q1,YearsAtCompany_q2,DistanceFromHome_q1
No,Travel_Rarely,Research_Development,College,Medical,Very_High,Male,High,2,Manufacturing_Director,Very_High,Divorced,No,2,Good,Age_q2,MonthlyIncome_q2,TotalWorkingYears_q1,YearsAtCompany_q2,DistanceFromHome_q1
No,Travel_Rarely,Research_Development,College,Life_Sciences,High,Male,Medium,3,Research_Director,Very_High,Divorced,Yes,1,Better,Age_q2,MonthlyIncome_q3,TotalWorkingYears_q2,YearsAtCompany_q3,DistanceFromHome_q2
No,Travel_Rarely,Research_Development,Master,Medical,High,Female,High,3,Manufacturing_Director,Very_High,Single,Yes,0,Good,Age_q1,MonthlyIncome_q2,TotalWorkingYears_q2,YearsAtCompany_q3,DistanceFromHome_q1
No,Travel_Rarely,Sales,Below_College,Marketing,Very_High,Female,Medium,2,Sales_Executive,Medium,Divorced,Yes,2,Better,Age_q0,MonthlyIncome_q2,TotalWorkingYears_q1,YearsAtCompany_q2,DistanceFromHome_q1
No,Travel_Rarely,Research_Development,Master,Technical_Degree,High,Male,High,3,Manufacturing_Director,Medium,Single,No,0,Better,Age_q1,MonthlyIncome_q2,TotalWorkingYears_q3,YearsAtCompany_q3,DistanceFromHome_q1
No,Travel_Rarely,Research_Development,Below_College,Life_Sciences,High,Male,High,1,Research_Scientist,Very_High,Divorced,No,2,Good,Age_q0,MonthlyIncome_q0,TotalWorkingYears_q0,YearsAtCompany_q1,DistanceFromHome_q2
No,Travel_Rarely,Research_Development,Bachelor,Medical,Very_High,Male,Medium,2,Manufacturing_Director,Medium,Single,Yes,0,Better,Age_q2,MonthlyIncome_q2,TotalWorkingYears_q1,YearsAtCompany_q1,DistanceFromHome_q1
No,Travel_Frequently,Sales,Below_College,Medical,Medium,Male,High,2,Sales_Representative,High,Single,No,0,Better,Age_q3,MonthlyIncome_q1,TotalWorkingYears_q0,YearsAtCompany_q0,DistanceFromHome_q1
No,Travel_Rarely,Research_Development,Doctor,Life_Sciences,Low,Female,High,4,Research_Director,Very_High,Single,No,0,Better,Age_q2,MonthlyIncome_q3,TotalWorkingYears_q3,YearsAtCompany_q0,DistanceFromHome_q2
No,Non-Travel,Sales,Bachelor,Life_Sciences,Very_High,Male,High,2,Sales_Executive,High,Married,No,1,Good,Age_q0,MonthlyIncome_q1,TotalWorkingYears_q0,YearsAtCompany_q1,DistanceFromHome_q0
No,Travel_Rarely,Human_Resources,Below_College,Technical_Degree,High,Male,High,1,Human_Resources,High,Divorced,Yes,1,Better,Age_q2,MonthlyIncome_q0,TotalWorkingYears_q0,YearsAtCompany_q0,DistanceFromHome_q0
No,Travel_Rarely,Research_Development,Bachelor,Medical,High,Female,High,1,Laboratory_Technician,Medium,Married,No,1,Better,Age_q1,MonthlyIncome_q0,TotalWorkingYears_q1,YearsAtCompany_q2,DistanceFromHome_q0
No,Travel_Rarely,Sales,Below_College,Medical,Low,Female,High,3,Manager,High,Married,No,1,Bad,Age_q3,MonthlyIncome_q3,TotalWorkingYears_q2,YearsAtCompany_q0,DistanceFromHome_q2
No,Travel_Rarely,Research_Development,Bachelor,Medical,High,Male,Very_High,2,Research_Scientist,Low,Divorced,Yes,2,Better,Age_q2,MonthlyIncome_q2,TotalWorkingYears_q2,YearsAtCompany_q2,DistanceFromHome_q1
No,Non-Travel,Sales,College,Technical_Degree,Very_High,Female,High,2,Sales_Executive,High,Married,Yes,1,Best,Age_q0,MonthlyIncome_q1,TotalWorkingYears_q0,YearsAtCompany_q0,DistanceFromHome_q2
No,Travel_Rarely,Sales,Bachelor,Life_Sciences,High,Male,High,2,Sales_Executive,High,Married,No,1,Better,Age_q0,MonthlyIncome_q2,TotalWorkingYears_q1,YearsAtCompany_q2,DistanceFromHome_q0
No,Travel_Rarely,Research_Development,Master,Other,Low,Male,Medium,2,Healthcare_Representative,Very_High,Single,No,0,Better,Age_q2,MonthlyIncome_q2,TotalWorkingYears_q2,YearsAtCompany_q0,DistanceFromHome_q0
Yes,Travel_Frequently,Sales,Below_College,Technical_Degree,Low,Female,Medium,1,Sales_Representative,Medium,Single,Yes,0,Better,Age_q0,MonthlyIncome_q0,TotalWorkingYears_q0,YearsAtCompany_q0,DistanceFromHome_q0
No,Non-Travel,Sales,Doctor,Medical,Very_High,Female,High,2,Sales_Executive,Very_High,Single,No,0,Better,Age_q1,MonthlyIncome_q2,TotalWorkingYears_q1,YearsAtCompany_q0,DistanceFromHome_q0
No,Travel_Frequently,Sales,Master,Medical,Low,Male,Medium,3,Sales_Executive,Very_High,Married,No,1,Better,Age_q1,MonthlyIncome_q3,TotalWorkingYears_q3,YearsAtCompany_q3,DistanceFromHome_q0
No,Travel_Rarely,Research_Development,Master,Medical,Very_High,Male,High,2,Healthcare_Representative,High,Married,No,0,Better,Age_q3,MonthlyIncome_q2,TotalWorkingYears_q2,YearsAtCompany_q0,DistanceFromHome_q0
No,Travel_Rarely,Research_Development,Master,Life_Sciences,Very_High,Female,Very_High,1,Laboratory_Technician,High,Married,Yes,1,Better,Age_q2,MonthlyIncome_q0,TotalWorkingYears_q1,YearsAtCompany_q2,DistanceFromHome_q1
No,Non-Travel,Sales,College,Medical,Low,Male,High,1,Sales_Representative,Very_High,Single,No,0,Good,Age_q0,MonthlyIncome_q0,TotalWorkingYears_q0,YearsAtCompany_q0,DistanceFromHome_q1
Yes,Travel_Rarely,Sales,Bachelor,Marketing,Very_High,Female,High,1,Sales_Representative,High,Single,Yes,0,Better,Age_q1,MonthlyIncome_q0,TotalWorkingYears_q0,YearsAtCompany_q0,DistanceFromHome_q1
No,Travel_Rarely,Research_Development,Bachelor,Medical,High,Female,High,1,Laboratory_Technician,Low,Married,No,1,Better,Age_q2,MonthlyIncome_q1,TotalWorkingYears_q3,YearsAtCompany_q1,DistanceFromHome_q1
No,Non-Travel,Research_Development,Master,Medical,High,Female,High,2,Manufacturing_Director,High,Married,No,0,Best,Age_q3,MonthlyIncome_q2,TotalWorkingYears_q1,YearsAtCompany_q0,DistanceFromHome_q1
Yes,Travel_Frequently,Sales,Bachelor,Marketing,Low,Male,High,2,Sales_Executive,Medium,Single,No,0,Better,Age_q2,MonthlyIncome_q3,TotalWorkingYears_q1,YearsAtCompany_q2,DistanceFromHome_q1
No,Travel_Rarely,Research_Development,Bachelor,Technical_Degree,Very_High,Male,Medium,3,Healthcare_Representative,Very_High,Single,No,0,Better,Age_q3,MonthlyIncome_q3,TotalWorkingYears_q3,YearsAtCompany_q1,DistanceFromHome_q1
Yes,Travel_Rarely,Sales,College,Marketing,High,Male,Medium,2,Sales_Executive,High,Married,Yes,2,Better,Age_q2,MonthlyIncome_q2,TotalWorkingYears_q1,YearsAtCompany_q2,DistanceFromHome_q2
No,Travel_Rarely,Research_Development,Master,Life_Sciences,High,Male,Medium,1,Research_Scientist,Medium,Single,Yes,0,Better,Age_q1,MonthlyIncome_q0,TotalWorkingYears_q0,YearsAtCompany_q0,DistanceFromHome_q1
Yes,Travel_Rarely,Sales,Bachelor,Life_Sciences,High,Female,Very_High,1,Sales_Representative,Medium,Single,No,0,Better,Age_q0,MonthlyIncome_q0,TotalWorkingYears_q0,YearsAtCompany_q0,DistanceFromHome_q2
No,Travel_Rarely,Research_Development,Bachelor,Life_Sciences,Very_High,Male,High,1,Research_Scientist,Very_High,Single,No,0,Better,Age_q0,MonthlyIncome_q0,TotalWorkingYears_q0,YearsAtCompany_q0,DistanceFromHome_q2
No,Travel_Rarely,Research_Development,Master,Life_Sciences,High,Male,Medium,2,Healthcare_Representative,Medium,Single,No,0,Better,Age_q1,MonthlyIncome_q2,TotalWorkingYears_q1,YearsAtCompany_q0,DistanceFromHome_q1
No,Travel_Rarely,Research_Development,College,Medical,Very_High,Male,High,1,Laboratory_Technician,Medium,Divorced,No,1,Better,Age_q0,MonthlyIncome_q1,TotalWorkingYears_q0,YearsAtCompany_q1,DistanceFromHome_q0
No,Travel_Rarely,Sales,Master,Life_Sciences,Medium,Male,High,2,Sales_Executive,Very_High,Single,No,0,Better,Age_q0,MonthlyIncome_q2,TotalWorkingYears_q1,YearsAtCompany_q2,DistanceFromHome_q1
No,Travel_Rarely,Research_Development,Bachelor,Other,Medium,Male,Medium,3,Healthcare_Representative,High,Single,No,0,Better,Age_q3,MonthlyIncome_q3,TotalWorkingYears_q3,YearsAtCompany_q1,DistanceFromHome_q1
No,Travel_Rarely,Sales,College,Life_Sciences,High,Female,High,2,Sales_Executive,Very_High,Married,No,1,Good,Age_q3,MonthlyIncome_q2,TotalWorkingYears_q3,YearsAtCompany_q2,DistanceFromHome_q2
No,Travel_Rarely,Research_Development,Bachelor,Life_Sciences,Very_High,Female,High,1,Research_Scientist,High,Married,No,1,Better,Age_q1,MonthlyIncome_q0,TotalWorkingYears_q0,YearsAtCompany_q0,DistanceFromHome_q0
Yes,Non-Travel,Sales,Bachelor,Marketing,Low,Male,Very_High,2,Sales_Executive,Very_High,Single,Yes,0,Good,Age_q1,MonthlyIncome_q2,TotalWorkingYears_q1,YearsAtCompany_q1,DistanceFromHome_q2
No,Travel_Rarely,Research_Development,Bachelor,Life_Sciences,High,Female,High,4,Manager,Very_High,Single,Yes,0,Better,Age_q3,MonthlyIncome_q3,TotalWorkingYears_q3,YearsAtCompany_q1,DistanceFromHome_q0
No,Travel_Rarely,Sales,Master,Marketing,Very_High,Female,High,2,Sales_Executive,High,Divorced,Yes,1,Best,Age_q0,MonthlyIncome_q1,TotalWorkingYears_q0,YearsAtCompany_q1,DistanceFromHome_q1
No,Travel_Rarely,Sales,Below_College,Technical_Degree,High,Male,High,1,Sales_Representative,Medium,Married,No,1,Better,Age_q0,MonthlyIncome_q0,TotalWorkingYears_q0,YearsAtCompany_q0,DistanceFromHome_q0
Yes,Travel_Frequently,Research_Development,Below_College,Technical_Degree,High,Male,High,1,Research_Scientist,Low,Single,No,0,Better,Age_q0,MonthlyIncome_q1,TotalWorkingYears_q1,YearsAtCompany_q2,DistanceFromHome_q0
No,Travel_Rarely,Research_Development,Bachelor,Medical,Low,Female,High,1,Research_Scientist,Medium,Married,No,1,Better,Age_q0,MonthlyIncome_q0,TotalWorkingYears_q0,YearsAtCompany_q0,DistanceFromHome_q2
No,Travel_Rarely,Sales,College,Medical,Medium,Male,Medium,3,Sales_Executive,High,Married,No,2,Better,Age_q1,MonthlyIncome_q2,TotalWorkingYears_q1,YearsAtCompany_q3,DistanceFromHome_q0
Yes,Travel_Frequently,Research_Development,Bachelor,Technical_Degree,High,Male,High,1,Research_Scientist,Very_High,Single,Yes,0,Better,Age_q0,MonthlyIncome_q0,TotalWorkingYears_q0,YearsAtCompany_q0,DistanceFromHome_q1
No,Travel_Rarely,Research_Development,Bachelor,Life_Sciences,Very_High,Female,High,1,Laboratory_Technician,Low,Divorced,No,1,Good,Age_q2,MonthlyIncome_q1,TotalWorkingYears_q3,YearsAtCompany_q3,DistanceFromHome_q2
No,Travel_Rarely,Sales,College,Marketing,Very_High,Female,High,2,Sales_Executive,Medium,Divorced,No,2,Better,Age_q2,MonthlyIncome_q2,TotalWorkingYears_q1,YearsAtCompany_q1,DistanceFromHome_q0
No,Travel_Rarely,Research_Development,Master,Life_Sciences,Medium,Female,High,1,Laboratory_Technician,Low,Divorced,No,1,Better,Age_q2,MonthlyIncome_q0,TotalWorkingYears_q1,YearsAtCompany_q1,DistanceFromHome_q0
No,Travel_Rarely,Research_Development,Master,Life_Sciences,High,Male,High,2,Manufacturing_Director,Medium,Single,Yes,0,Good,Age_q2,MonthlyIncome_q1,TotalWorkingYears_q3,YearsAtCompany_q0,DistanceFromHome_q1
No,Travel_Rarely,Research_Development,Bachelor,Life_Sciences,Low,Male,Medium,4,Research_Director,Medium,Divorced,No,1,Better,Age_q2,MonthlyIncome_q3,TotalWorkingYears_q3,YearsAtCompany_q3,DistanceFromHome_q2
No,Travel_Rarely,Research_Development,Bachelor,Medical,Medium,Female,Medium,2,Laboratory_Technician,High,Married,No,1,Better,Age_q2,MonthlyIncome_q1,TotalWorkingYears_q3,YearsAtCompany_q0,DistanceFromHome_q0
No,Travel_Rarely,Research_Development,College,Medical,Low,Male,High,5,Research_Director,Low,Married,No,1,Good,Age_q3,MonthlyIncome_q3,TotalWorkingYears_q3,YearsAtCompany_q1,DistanceFromHome_q1
No,Non-Travel,Sales,Master,Marketing,High,Female,High,2,Sales_Executive,High,Married,No,1,Better,Age_q1,MonthlyIncome_q2,TotalWorkingYears_q0,YearsAtCompany_q0,DistanceFromHome_q1
No,Travel_Rarely,Research_Development,College,Medical,Medium,Female,High,2,Manufacturing_Director,Low,Married,No,1,Bad,Age_q1,MonthlyIncome_q1,TotalWorkingYears_q2,YearsAtCompany_q3,DistanceFromHome_q1
No,Travel_Frequently,Research_Development,Bachelor,Medical,Very_High,Male,High,1,Laboratory_Technician,Very_High,Married,No,1,Better,Age_q2,MonthlyIncome_q0,TotalWorkingYears_q1,YearsAtCompany_q0,DistanceFromHome_q2
No,Travel_Rarely,Research_Development,Master,Other,High,Female,High,2,Healthcare_Representative,High,Divorced,Yes,0,Better,Age_q2,MonthlyIncome_q1,TotalWorkingYears_q1,YearsAtCompany_q1,DistanceFromHome_q1
No,Travel_Rarely,Sales,College,Life_Sciences,Medium,Female,Medium,2,Sales_Executive,Very_High,Single,Yes,0,Better,Age_q0,MonthlyIncome_q1,TotalWorkingYears_q0,YearsAtCompany_q1,DistanceFromHome_q1
No,Non-Travel,Research_Development,Doctor,Medical,Medium,Female,High,2,Research_Scientist,High,Married,Yes,2,Better,Age_q2,MonthlyIncome_q1,TotalWorkingYears_q2,YearsAtCompany_q3,DistanceFromHome_q2
No,Travel_Rarely,Research_Development,College,Life_Sciences,Very_High,Male,Medium,1,Laboratory_Technician,Low,Married,No,1,Better,Age_q1,MonthlyIncome_q0,TotalWorkingYears_q0,YearsAtCompany_q1,DistanceFromHome_q0
No,Travel_Frequently,Research_Development,Below_College,Life_Sciences,Medium,Male,High,5,Manager,High,Divorced,Yes,1,Better,Age_q2,MonthlyIncome_q3,TotalWorkingYears_q3,YearsAtCompany_q3,DistanceFromHome_q0
No,Travel_Frequently,Sales,Bachelor,Life_Sciences,High,Female,Very_High,4,Sales_Executive,Low,Married,No,3,Good,Age_q3,MonthlyIncome_q3,TotalWorkingYears_q3,YearsAtCompany_q2,DistanceFromHome_q1
No,Travel_Rarely,Sales,Bachelor,Technical_Degree,Medium,Female,High,2,Sales_Executive,High,Single,No,0,Better,Age_q0,MonthlyIncome_q2,TotalWorkingYears_q0,YearsAtCompany_q1,DistanceFromHome_q2
No,Travel_Rarely,Sales,Bachelor,Marketing,Medium,Male,Very_High,3,Sales_Executive,Low,Married,No,1,Better,Age_q2,MonthlyIncome_q3,TotalWorkingYears_q1,YearsAtCompany_q3,DistanceFromHome_q0
No,Travel_Rarely,Research_Development,College,Medical,High,Male,High,2,Laboratory_Technician,Low,Divorced,No,1,Better,Age_q0,MonthlyIncome_q1,TotalWorkingYears_q1,YearsAtCompany_q3,DistanceFromHome_q2
Yes,Travel_Rarely,Research_Development,Bachelor,Medical,Low,Male,High,1,Laboratory_Technician,Low,Married,No,1,Better,Age_q0,MonthlyIncome_q1,TotalWorkingYears_q0,YearsAtCompany_q0,DistanceFromHome_q0
No,Travel_Rarely,Research_Development,Bachelor,Medical,Very_High,Male,Medium,3,Manufacturing_Director,High,Married,Yes,0,Better,Age_q3,MonthlyIncome_q2,TotalWorkingYears_q3,YearsAtCompany_q1,DistanceFromHome_q0
No,Travel_Rarely,Research_Development,College,Life_Sciences,Low,Male,High,1,Research_Scientist,Very_High,Married,No,2,Good,Age_q3,MonthlyIncome_q0,TotalWorkingYears_q1,YearsAtCompany_q0,DistanceFromHome_q1
No,Travel_Rarely,Research_Development,College,Life_Sciences,Very_High,Female,High,4,Manager,Very_High,Married,No,0,Bad,Age_q3,MonthlyIncome_q3,TotalWorkingYears_q3,YearsAtCompany_q1,DistanceFromHome_q1
No,Travel_Frequently,Research_Development,College,Life_Sciences,Low,Female,High,2,Research_Scientist,High,Divorced,No,1,Better,Age_q2,MonthlyIncome_q1,TotalWorkingYears_q3,YearsAtCompany_q1,DistanceFromHome_q2
No,Travel_Rarely,Research_Development,Bachelor,Life_Sciences,High,Female,Low,2,Manufacturing_Director,Very_High,Single,No,0,Better,Age_q0,MonthlyIncome_q2,TotalWorkingYears_q2,YearsAtCompany_q1,DistanceFromHome_q0
No,Travel_Rarely,Research_Development,Bachelor,Life_Sciences,Low,Female,High,5,Manager,Low,Married,No,0,Bad,Age_q3,MonthlyIncome_q3,TotalWorkingYears_q3,YearsAtCompany_q3,DistanceFromHome_q1
No,Travel_Rarely,Research_Development,Bachelor,Medical,High,Female,High,2,Manufacturing_Director,High,Divorced,No,1,Good,Age_q3,MonthlyIncome_q1,TotalWorkingYears_q3,YearsAtCompany_q3,DistanceFromHome_q2
No,Travel_Frequently,Research_Development,Master,Technical_Degree,Very_High,Female,Medium,2,Healthcare_Representative,Very_High,Married,No,3,Best,Age_q2,MonthlyIncome_q1,TotalWorkingYears_q1,YearsAtCompany_q2,DistanceFromHome_q2
Yes,Travel_Rarely,Sales,Below_College,Technical_Degree,Low,Female,High,1,Sales_Representative,Medium,Single,Yes,0,Better,Age_q0,MonthlyIncome_q1,TotalWorkingYears_q0,YearsAtCompany_q1,DistanceFromHome_q0
Yes,Travel_Frequently,Sales,College,Marketing,Very_High,Female,Low,1,Sales_Representative,High,Divorced,No,1,Good,Age_q1,MonthlyIncome_q0,TotalWorkingYears_q0,YearsAtCompany_q0,DistanceFromHome_q1
No,Travel_Frequently,Research_Development,College,Life_Sciences,Very_High,Male,High,1,Laboratory_Technician,Very_High,Married,Yes,1,Better,Age_q2,MonthlyIncome_q0,TotalWorkingYears_q0,YearsAtCompany_q0,DistanceFromHome_q0
No,Travel_Rarely,Sales,Master,Life_Sciences,High,Female,High,5,Manager,High,Married,No,0,Better,Age_q2,MonthlyIncome_q3,TotalWorkingYears_q3,YearsAtCompany_q3,DistanceFromHome_q0
No,Travel_Rarely,Research_Development,Bachelor,Life_Sciences,Low,Female,High,1,Research_Scientist,Very_High,Divorced,No,2,Bad,Age_q0,MonthlyIncome_q0,TotalWorkingYears_q0,YearsAtCompany_q0,DistanceFromHome_q2
No,Non-Travel,Research_Development,Bachelor,Life_Sciences,High,Male,High,1,Laboratory_Technician,Very_High,Married,No,1,Bad,Age_q0,MonthlyIncome_q0,TotalWorkingYears_q1,YearsAtCompany_q1,DistanceFromHome_q0
No,Travel_Rarely,Research_Development,Master,Medical,Medium,Male,Medium,3,Research_Director,High,Married,No,0,Better,Age_q0,MonthlyIncome_q3,TotalWorkingYears_q1,YearsAtCompany_q3,DistanceFromHome_q0
Yes,Travel_Rarely,Research_Development,Doctor,Technical_Degree,High,Female,Medium,1,Research_Scientist,Medium,Married,No,0,Best,Age_q0,MonthlyIncome_q0,TotalWorkingYears_q0,YearsAtCompany_q0,DistanceFromHome_q2
Yes,Travel_Rarely,Human_Resources,College,Technical_Degree,Low,Male,Medium,1,Human_Resources,Very_High,Single,No,0,Best,Age_q0,MonthlyIncome_q0,TotalWorkingYears_q0,YearsAtCompany_q0,DistanceFromHome_q0
No,Non-Travel,Sales,Master,Other,High,Female,High,3,Sales_Executive,Low,Married,No,0,Better,Age_q0,MonthlyIncome_q3,TotalWorkingYears_q1,YearsAtCompany_q2,DistanceFromHome_q2
No,Travel_Rarely,Sales,Bachelor,Marketing,Low,Male,Medium,4,Manager,Very_High,Divorced,No,1,Good,Age_q3,MonthlyIncome_q3,TotalWorkingYears_q3,YearsAtCompany_q0,DistanceFromHome_q2
No,Travel_Rarely,Research_Development,Master,Life_Sciences,Medium,Male,Medium,4,Manager,High,Married,No,1,Better,Age_q3,MonthlyIncome_q3,TotalWorkingYears_q3,YearsAtCompany_q3,DistanceFromHome_q2
No,Non-Travel,Research_Development,Bachelor,Medical,High,Female,High,1,Laboratory_Technician,Very_High,Single,No,0,Good,Age_q0,MonthlyIncome_q0,TotalWorkingYears_q2,YearsAtCompany_q3,DistanceFromHome_q0
No,Travel_Frequently,Sales,Bachelor,Marketing,High,Female,Medium,3,Sales_Executive,Low,Married,No,0,Best,Age_q3,MonthlyIncome_q3,TotalWorkingYears_q3,YearsAtCompany_q3,DistanceFromHome_q2
No,Travel_Rarely,Research_Development,College,Medical,Low,Female,High,2,Manufacturing_Director,Very_High,Divorced,No,3,Better,Age_q3,MonthlyIncome_q2,TotalWorkingYears_q3,YearsAtCompany_q1,DistanceFromHome_q0
No,Travel_Rarely,Research_Development,Bachelor,Life_Sciences,Low,Male,High,4,Research_Director,High,Married,No,0,Bad,Age_q3,MonthlyIncome_q3,TotalWorkingYears_q3,YearsAtCompany_q0,DistanceFromHome_q0
No,Travel_Rarely,Research_Development,Bachelor,Life_Sciences,Very_High,Male,Low,1,Laboratory_Technician,High,Single,No,0,Better,Age_q1,MonthlyIncome_q1,TotalWorkingYears_q0,YearsAtCompany_q1,DistanceFromHome_q2
No,Travel_Rarely,Research_Development,Master,Life_Sciences,High,Female,High,2,Laboratory_Technician,High,Single,No,0,Better,Age_q3,MonthlyIncome_q1,TotalWorkingYears_q3,YearsAtCompany_q0,DistanceFromHome_q1
No,Travel_Rarely,Research_Development,Master,Life_Sciences,Very_High,Male,Medium,1,Research_Scientist,High,Divorced,No,1,Better,Age_q1,MonthlyIncome_q0,TotalWorkingYears_q2,YearsAtCompany_q2,DistanceFromHome_q0
No,Travel_Rarely,Sales,Bachelor,Marketing,High,Female,Medium,3,Sales_Executive,Very_High,Married,Yes,1,Better,Age_q3,MonthlyIncome_q3,TotalWorkingYears_q2,YearsAtCompany_q0,DistanceFromHome_q1
No,Travel_Rarely,Research_Development,Below_College,Life_Sciences,High,Male,High,3,Manufacturing_Director,Medium,Divorced,No,1,Best,Age_q1,MonthlyIncome_q3,TotalWorkingYears_q2,YearsAtCompany_q3,DistanceFromHome_q1
Yes,Travel_Rarely,Research_Development,Below_College,Medical,Medium,Male,High,3,Manager,High,Married,Yes,0,Best,Age_q1,MonthlyIncome_q3,TotalWorkingYears_q2,YearsAtCompany_q2,DistanceFromHome_q2
Yes,Travel_Rarely,Research_Development,Below_College,Medical,Low,Male,Low,1,Laboratory_Technician,Very_High,Divorced,No,3,Better,Age_q1,MonthlyIncome_q1,TotalWorkingYears_q1,YearsAtCompany_q1,DistanceFromHome_q1
No,Travel_Rarely,Sales,Below_College,Marketing,Very_High,Male,High,1,Sales_Representative,Medium,Single,No,0,Better,Age_q0,MonthlyIncome_q1,TotalWorkingYears_q0,YearsAtCompany_q0,DistanceFromHome_q1
No,Travel_Rarely,Research_Development,Bachelor,Life_Sciences,Very_High,Male,High,3,Healthcare_Representative,High,Married,Yes,0,Better,Age_q1,MonthlyIncome_q2,TotalWorkingYears_q1,YearsAtCompany_q2,DistanceFromHome_q2
Yes,Travel_Frequently,Research_Development,Bachelor,Life_Sciences,Low,Male,High,3,Healthcare_Representative,High,Married,No,0,Better,Age_q1,MonthlyIncome_q3,TotalWorkingYears_q2,YearsAtCompany_q0,DistanceFromHome_q2
Yes,Travel_Frequently,Human_Resources,Bachelor,Human_Resources,Medium,Female,High,3,Human_Resources,Low,Divorced,Yes,3,Better,Age_q1,MonthlyIncome_q3,TotalWorkingYears_q2,YearsAtCompany_q0,DistanceFromHome_q2
No,Travel_Frequently,Research_Development,College,Other,Medium,Male,High,1,Laboratory_Technician,High,Married,No,1,Better,Age_q2,MonthlyIncome_q0,TotalWorkingYears_q1,YearsAtCompany_q0,DistanceFromHome_q1
No,Non-Travel,Sales,Master,Medical,Medium,Male,High,3,Sales_Executive,Very_High,Single,No,0,Good,Age_q1,MonthlyIncome_q3,TotalWorkingYears_q1,YearsAtCompany_q3,DistanceFromHome_q1
Yes,Travel_Frequently,Research_Development,Below_College,Technical_Degree,High,Male,Medium,1,Laboratory_Technician,High,Single,No,0,Better,Age_q0,MonthlyIncome_q1,TotalWorkingYears_q0,YearsAtCompany_q0,DistanceFromHome_q1
No,Travel_Rarely,Sales,Doctor,Marketing,Medium,Female,High,2,Sales_Executive,Very_High,Married,No,1,Better,Age_q3,MonthlyIncome_q1,TotalWorkingYears_q2,YearsAtCompany_q2,DistanceFromHome_q0
No,Travel_Rarely,Sales,Doctor,Life_Sciences,Low,Female,High,4,Manager,Medium,Single,No,0,Better,Age_q3,MonthlyIncome_q3,TotalWorkingYears_q3,YearsAtCompany_q3,DistanceFromHome_q2
No,Non-Travel,Sales,College,Life_Sciences,Very_High,Male,High,2,Sales_Executive,Very_High,Single,No,0,Better,Age_q2,MonthlyIncome_q2,TotalWorkingYears_q3,YearsAtCompany_q3,DistanceFromHome_q1
No,Travel_Rarely,Sales,Bachelor,Marketing,Medium,Male,High,2,Sales_Executive,High,Married,No,0,Better,Age_q1,MonthlyIncome_q1,TotalWorkingYears_q2,YearsAtCompany_q3,DistanceFromHome_q0
No,Travel_Rarely,Research_Development,Bachelor,Life_Sciences,Medium,Female,High,4,Manufacturing_Director,High,Single,No,0,Better,Age_q2,MonthlyIncome_q3,TotalWorkingYears_q3,YearsAtCompany_q3,DistanceFromHome_q1
No,Travel_Frequently,Research_Development,Below_College,Life_Sciences,High,Female,High,1,Laboratory_Technician,High,Married,No,1,Better,Age_q2,MonthlyIncome_q1,TotalWorkingYears_q1,YearsAtCompany_q2,DistanceFromHome_q1
No,Travel_Rarely,Sales,Below_College,Life_Sciences,Medium,Male,High,2,Sales_Executive,Very_High,Single,Yes,0,Best,Age_q1,MonthlyIncome_q2,TotalWorkingYears_q1,YearsAtCompany_q2,DistanceFromHome_q0
No,Travel_Rarely,Research_Development,Bachelor,Medical,Very_High,Male,High,3,Manufacturing_Director,Low,Married,Yes,1,Good,Age_q2,MonthlyIncome_q2,TotalWorkingYears_q1,YearsAtCompany_q3,DistanceFromHome_q2
No,Travel_Rarely,Sales,Bachelor,Other,Very_High,Male,High,2,Sales_Executive,Medium,Married,No,1,Best,Age_q3,MonthlyIncome_q1,TotalWorkingYears_q1,YearsAtCompany_q2,DistanceFromHome_q0
Yes,Travel_Frequently,Human_Resources,Master,Life_Sciences,Medium,Female,High,1,Human_Resources,High,Divorced,Yes,1,Good,Age_q0,MonthlyIncome_q0,TotalWorkingYears_q1,YearsAtCompany_q2,DistanceFromHome_q2
No,Travel_Rarely,Research_Development,Bachelor,Technical_Degree,Very_High,Male,High,2,Manufacturing_Director,Very_High,Divorced,No,2,Best,Age_q0,MonthlyIncome_q1,TotalWorkingYears_q1,YearsAtCompany_q0,DistanceFromHome_q2
No,Travel_Rarely,Research_Development,Doctor,Medical,Low,Female,Very_High,4,Research_Director,High,Divorced,No,1,Better,Age_q1,MonthlyIncome_q3,TotalWorkingYears_q1,YearsAtCompany_q2,DistanceFromHome_q0
No,Travel_Rarely,Sales,Bachelor,Life_Sciences,High,Male,Medium,3,Manager,Very_High,Divorced,No,1,Good,Age_q1,MonthlyIncome_q3,TotalWorkingYears_q1,YearsAtCompany_q1,DistanceFromHome_q1
Yes,Travel_Frequently,Sales,Bachelor,Marketing,Medium,Male,High,1,Sales_Representative,Medium,Single,Yes,0,Better,Age_q0,MonthlyIncome_q0,TotalWorkingYears_q0,YearsAtCompany_q0,DistanceFromHome_q1
No,Non-Travel,Sales,Bachelor,Other,High,Male,Low,3,Sales_Executive,Low,Divorced,No,1,Better,Age_q2,MonthlyIncome_q3,TotalWorkingYears_q3,YearsAtCompany_q0,DistanceFromHome_q2
No,Non-Travel,Research_Development,Master,Other,Low,Female,Medium,2,Healthcare_Representative,High,Single,Yes,0,Better,Age_q2,MonthlyIncome_q2,TotalWorkingYears_q1,YearsAtCompany_q2,DistanceFromHome_q0
No,Travel_Rarely,Sales,College,Medical,Low,Male,High,2,Sales_Executive,High,Divorced,No,2,Better,Age_q0,MonthlyIncome_q1,TotalWorkingYears_q1,YearsAtCompany_q0,DistanceFromHome_q2
No,Travel_Rarely,Sales,Bachelor,Medical,Low,Female,High,2,Sales_Executive,High,Single,No,0,Better,Age_q1,MonthlyIncome_q1,TotalWorkingYears_q0,YearsAtCompany_q1,DistanceFromHome_q0
No,Travel_Rarely,Sales,Master,Life_Sciences,Very_High,Male,Very_High,2,Sales_Executive,Very_High,Single,No,0,Better,Age_q1,MonthlyIncome_q2,TotalWorkingYears_q1,YearsAtCompany_q3,DistanceFromHome_q2
Yes,Travel_Rarely,Research_Development,Bachelor,Technical_Degree,High,Male,Low,1,Laboratory_Technician,Very_High,Single,Yes,0,Bad,Age_q0,MonthlyIncome_q0,TotalWorkingYears_q0,YearsAtCompany_q0,DistanceFromHome_q2
No,Travel_Rarely,Research_Development,Bachelor,Technical_Degree,Medium,Female,High,3,Manufacturing_Director,Very_High,Single,No,0,Best,Age_q2,MonthlyIncome_q2,TotalWorkingYears_q2,YearsAtCompany_q2,DistanceFromHome_q0
No,Travel_Frequently,Research_Development,Below_College,Medical,Low,Female,High,3,Healthcare_Representative,High,Married,No,0,Good,Age_q3,MonthlyIncome_q3,TotalWorkingYears_q3,YearsAtCompany_q0,DistanceFromHome_q2
No,Travel_Rarely,Sales,Doctor,Life_Sciences,Medium,Female,High,4,Manager,Low,Married,No,1,Better,Age_q2,MonthlyIncome_q3,TotalWorkingYears_q3,YearsAtCompany_q3,DistanceFromHome_q0
No,Non-Travel,Sales,Master,Medical,Low,Male,High,3,Sales_Executive,Medium,Divorced,No,1,Better,Age_q2,MonthlyIncome_q3,TotalWorkingYears_q1,YearsAtCompany_q2,DistanceFromHome_q1
No,Travel_Rarely,Research_Development,College,Technical_Degree,Very_High,Male,High,2,Research_Scientist,Low,Divorced,Yes,2,Better,Age_q3,MonthlyIncome_q2,TotalWorkingYears_q3,YearsAtCompany_q3,DistanceFromHome_q1
Yes,Non-Travel,Sales,Master,Other,Very_High,Male,Very_High,2,Sales_Executive,High,Married,No,0,Better,Age_q1,MonthlyIncome_q1,TotalWorkingYears_q0,YearsAtCompany_q1,DistanceFromHome_q2
No,Travel_Frequently,Sales,Bachelor,Medical,Very_High,Male,High,1,Sales_Representative,Very_High,Married,No,2,Better,Age_q0,MonthlyIncome_q0,TotalWorkingYears_q0,YearsAtCompany_q0,DistanceFromHome_q2
No,Travel_Rarely,Research_Development,Bachelor,Medical,High,Female,High,2,Healthcare_Representative,High,Married,No,1,Better,Age_q2,MonthlyIncome_q3,TotalWorkingYears_q3,YearsAtCompany_q0,DistanceFromHome_q1
No,Travel_Rarely,Research_Development,Master,Life_Sciences,Medium,Female,High,2,Manufacturing_Director,Medium,Married,No,1,Good,Age_q2,MonthlyIncome_q2,TotalWorkingYears_q1,YearsAtCompany_q2,DistanceFromHome_q0
No,Travel_Rarely,Research_Development,Master,Life_Sciences,Very_High,Male,Medium,5,Research_Director,High,Divorced,Yes,1,Better,Age_q3,MonthlyIncome_q3,TotalWorkingYears_q3,YearsAtCompany_q3,DistanceFromHome_q2
No,Travel_Rarely,Research_Development,Bachelor,Medical,Medium,Male,Very_High,1,Research_Scientist,Very_High,Married,Yes,2,Better,Age_q0,MonthlyIncome_q0,TotalWorkingYears_q0,YearsAtCompany_q2,DistanceFromHome_q2
No,Travel_Rarely,Sales,College,Marketing,Low,Male,High,2,Sales_Executive,Medium,Married,No,2,Best,Age_q0,MonthlyIncome_q2,TotalWorkingYears_q0,YearsAtCompany_q1,DistanceFromHome_q2
No,Travel_Rarely,Research_Development,College,Other,Very_High,Male,Medium,1,Laboratory_Technician,Medium,Married,No,1,Better,Age_q0,MonthlyIncome_q0,TotalWorkingYears_q0,YearsAtCompany_q0,DistanceFromHome_q2
No,Travel_Frequently,Human_Resources,Bachelor,Medical,Low,Male,High,5,Manager,Medium,Married,No,1,Better,Age_q3,MonthlyIncome_q3,TotalWorkingYears_q3,YearsAtCompany_q3,DistanceFromHome_q0
No,Travel_Rarely,Sales,Below_College,Medical,Medium,Male,High,1,Sales_Representative,High,Married,No,0,Better,Age_q0,MonthlyIncome_q0,TotalWorkingYears_q1,YearsAtCompany_q2,DistanceFromHome_q2
Yes,Travel_Frequently,Research_Development,Bachelor,Life_Sciences,Low,Female,High,1,Laboratory_Technician,High,Married,Yes,1,Better,Age_q0,MonthlyIncome_q0,TotalWorkingYears_q0,YearsAtCompany_q2,DistanceFromHome_q1
Yes,Travel_Frequently,Sales,Master,Life_Sciences,Medium,Male,Medium,1,Sales_Representative,Low,Married,No,1,Best,Age_q0,MonthlyIncome_q0,TotalWorkingYears_q0,YearsAtCompany_q0,DistanceFromHome_q2
No,Travel_Rarely,Research_Development,College,Life_Sciences,Medium,Male,Medium,1,Research_Scientist,Very_High,Married,Yes,1,Better,Age_q1,MonthlyIncome_q1,TotalWorkingYears_q0,YearsAtCompany_q2,DistanceFromHome_q0
Yes,Travel_Rarely,Sales,Master,Medical,Medium,Male,High,2,Sales_Executive,Low,Divorced,No,0,Bad,Age_q1,MonthlyIncome_q1,TotalWorkingYears_q1,YearsAtCompany_q0,DistanceFromHome_q2
No,Travel_Rarely,Research_Development,College,Other,Low,Male,Medium,2,Laboratory_Technician,Very_High,Single,No,0,Better,Age_q1,MonthlyIncome_q1,TotalWorkingYears_q1,YearsAtCompany_q0,DistanceFromHome_q2
No,Travel_Rarely,Sales,Master,Medical,Low,Male,Very_High,2,Sales_Executive,Very_High,Divorced,No,2,Best,Age_q1,MonthlyIncome_q2,TotalWorkingYears_q2,YearsAtCompany_q2,DistanceFromHome_q1
No,Travel_Rarely,Research_Development,Master,Medical,Low,Female,Medium,1,Research_Scientist,High,Divorced,No,2,Good,Age_q0,MonthlyIncome_q0,TotalWorkingYears_q0,YearsAtCompany_q1,DistanceFromHome_q1
No,Travel_Rarely,Sales,Bachelor,Marketing,Very_High,Male,High,2,Sales_Executive,High,Married,Yes,1,Good,Age_q2,MonthlyIncome_q3,TotalWorkingYears_q3,YearsAtCompany_q0,DistanceFromHome_q0
No,Travel_Rarely,Research_Development,Bachelor,Life_Sciences,Very_High,Female,Medium,1,Research_Scientist,Medium,Single,No,0,Best,Age_q0,MonthlyIncome_q0,TotalWorkingYears_q0,YearsAtCompany_q0,DistanceFromHome_q0
No,Travel_Rarely,Research_Development,Master,Life_Sciences,High,Female,High,2,Healthcare_Representative,Very_High,Married,No,2,Better,Age_q2,MonthlyIncome_q1,TotalWorkingYears_q1,YearsAtCompany_q3,DistanceFromHome_q0
No,Travel_Rarely,Research_Development,Master,Other,Medium,Male,Medium,4,Research_Director,Very_High,Divorced,Yes,1,Good,Age_q2,MonthlyIncome_q3,TotalWorkingYears_q3,YearsAtCompany_q0,DistanceFromHome_q1
No,Travel_Rarely,Research_Development,Below_College,Life_Sciences,High,Female,High,1,Research_Scientist,Low,Single,No,0,Good,Age_q2,MonthlyIncome_q0,TotalWorkingYears_q1,YearsAtCompany_q0,DistanceFromHome_q0
No,Travel_Frequently,Research_Development,Doctor,Medical,Very_High,Male,High,2,Laboratory_Technician,High,Divorced,Yes,1,Better,Age_q2,MonthlyIncome_q2,TotalWorkingYears_q1,YearsAtCompany_q2,DistanceFromHome_q1
No,Travel_Rarely,Research_Development,Master,Life_Sciences,Very_High,Female,Medium,4,Manager,Low,Married,No,1,Bad,Age_q3,MonthlyIncome_q3,TotalWorkingYears_q3,YearsAtCompany_q0,DistanceFromHome_q0
No,Travel_Rarely,Human_Resources,Master,Life_Sciences,Low,Female,Medium,2,Human_Resources,High,Single,No,0,Best,Age_q3,MonthlyIncome_q2,TotalWorkingYears_q1,YearsAtCompany_q0,DistanceFromHome_q0
No,Travel_Rarely,Sales,Bachelor,Technical_Degree,High,Female,High,1,Sales_Representative,High,Divorced,Yes,2,Better,Age_q1,MonthlyIncome_q0,TotalWorkingYears_q1,YearsAtCompany_q2,DistanceFromHome_q2
Yes,Travel_Rarely,Sales,Below_College,Marketing,High,Male,High,1,Sales_Representative,Low,Divorced,No,1,Better,Age_q0,MonthlyIncome_q1,TotalWorkingYears_q0,YearsAtCompany_q1,DistanceFromHome_q0
No,Travel_Rarely,Sales,Below_College,Technical_Degree,High,Male,High,1,Sales_Representative,High,Single,No,0,Better,Age_q0,MonthlyIncome_q1,TotalWorkingYears_q0,YearsAtCompany_q0,DistanceFromHome_q2
No,Travel_Rarely,Research_Development,Master,Other,Very_High,Male,High,5,Manager,Very_High,Married,Yes,1,Best,Age_q3,MonthlyIncome_q3,TotalWorkingYears_q3,YearsAtCompany_q0,DistanceFromHome_q0
No,Travel_Rarely,Research_Development,Below_College,Medical,Low,Male,High,1,Research_Scientist,High,Married,No,0,Better,Age_q0,MonthlyIncome_q0,TotalWorkingYears_q0,YearsAtCompany_q0,DistanceFromHome_q1
No,Travel_Rarely,Sales,Master,Marketing,High,Male,High,2,Sales_Executive,High,Divorced,No,0,Better,Age_q1,MonthlyIncome_q2,TotalWorkingYears_q0,YearsAtCompany_q1,DistanceFromHome_q1
No,Travel_Rarely,Research_Development,Master,Life_Sciences,Low,Female,High,2,Research_Scientist,Very_High,Married,Yes,1,Good,Age_q1,MonthlyIncome_q2,TotalWorkingYears_q0,YearsAtCompany_q2,DistanceFromHome_q1
No,Travel_Frequently,Research_Development,Bachelor,Medical,High,Female,High,1,Research_Scientist,High,Divorced,No,1,Better,Age_q0,MonthlyIncome_q0,TotalWorkingYears_q0,YearsAtCompany_q0,DistanceFromHome_q0
No,Travel_Rarely,Sales,Below_College,Medical,Very_High,Female,High,2,Sales_Executive,Low,Single,No,0,Best,Age_q3,MonthlyIncome_q3,TotalWorkingYears_q3,YearsAtCompany_q3,DistanceFromHome_q0
No,Travel_Rarely,Research_Development,Doctor,Life_Sciences,Medium,Male,High,1,Research_Scientist,Very_High,Married,No,1,Good,Age_q1,MonthlyIncome_q0,TotalWorkingYears_q1,YearsAtCompany_q3,DistanceFromHome_q0
Yes,Travel_Frequently,Sales,Master,Life_Sciences,Low,Female,High,2,Sales_Executive,Low,Married,No,2,Better,Age_q3,MonthlyIncome_q1,TotalWorkingYears_q0,YearsAtCompany_q0,DistanceFromHome_q2
No,Travel_Rarely,Research_Development,Bachelor,Life_Sciences,High,Female,High,1,Laboratory_Technician,Very_High,Married,Yes,1,Better,Age_q0,MonthlyIncome_q0,TotalWorkingYears_q0,YearsAtCompany_q0,DistanceFromHome_q1
No,Travel_Rarely,Research_Development,Bachelor,Other,High,Male,High,3,Manufacturing_Director,High,Married,No,1,Better,Age_q2,MonthlyIncome_q3,TotalWorkingYears_q1,YearsAtCompany_q3,DistanceFromHome_q0
No,Travel_Rarely,Sales,College,Medical,Medium,Female,High,2,Sales_Executive,High,Married,No,1,Good,Age_q0,MonthlyIncome_q2,TotalWorkingYears_q0,YearsAtCompany_q2,DistanceFromHome_q0
No,Travel_Rarely,Research_Development,Master,Life_Sciences,Medium,Male,Low,2,Research_Scientist,Very_High,Single,No,0,Better,Age_q1,MonthlyIncome_q2,TotalWorkingYears_q3,YearsAtCompany_q3,DistanceFromHome_q1
No,Travel_Frequently,Research_Development,Bachelor,Life_Sciences,High,Male,High,2,Healthcare_Representative,Very_High,Divorced,No,1,Bad,Age_q1,MonthlyIncome_q2,TotalWorkingYears_q2,YearsAtCompany_q3,DistanceFromHome_q1
No,Travel_Rarely,Human_Resources,Master,Medical,High,Male,High,3,Human_Resources,Medium,Married,No,1,Best,Age_q3,MonthlyIncome_q3,TotalWorkingYears_q3,YearsAtCompany_q2,DistanceFromHome_q2
No,Travel_Rarely,Research_Development,College,Medical,Medium,Male,Medium,2,Manufacturing_Director,Medium,Divorced,Yes,1,Better,Age_q1,MonthlyIncome_q3,TotalWorkingYears_q2,YearsAtCompany_q0,DistanceFromHome_q1
No,Travel_Rarely,Research_Development,Master,Medical,Low,Male,Medium,1,Research_Scientist,Very_High,Single,No,0,Better,Age_q0,MonthlyIncome_q0,TotalWorkingYears_q0,YearsAtCompany_q1,DistanceFromHome_q0
Yes,Travel_Rarely,Research_Development,Below_College,Medical,Very_High,Male,High,1,Research_Scientist,High,Single,Yes,0,Better,Age_q0,MonthlyIncome_q0,TotalWorkingYears_q0,YearsAtCompany_q0,DistanceFromHome_q1
Yes,Travel_Frequently,Research_Development,Bachelor,Life_Sciences,Low,Male,High,1,Research_Scientist,Low,Single,Yes,0,Better,Age_q1,MonthlyIncome_q1,TotalWorkingYears_q1,YearsAtCompany_q3,DistanceFromHome_q0
No,Non-Travel,Research_Development,Bachelor,Life_Sciences,High,Male,Medium,1,Laboratory_Technician,High,Married,No,2,Better,Age_q1,MonthlyIncome_q0,TotalWorkingYears_q0,YearsAtCompany_q0,DistanceFromHome_q0
No,Travel_Rarely,Research_Development,Bachelor,Medical,Low,Male,Very_High,1,Research_Scientist,Low,Married,No,1,Best,Age_q0,MonthlyIncome_q0,TotalWorkingYears_q0,YearsAtCompany_q0,DistanceFromHome_q1
No,Travel_Rarely,Sales,Bachelor,Life_Sciences,Very_High,Male,Very_High,2,Sales_Executive,Medium,Married,No,1,Better,Age_q0,MonthlyIncome_q1,TotalWorkingYears_q0,YearsAtCompany_q0,DistanceFromHome_q1
No,Travel_Rarely,Sales,Master,Marketing,Very_High,Female,Medium,2,Sales_Executive,Very_High,Single,No,0,Better,Age_q2,MonthlyIncome_q1,TotalWorkingYears_q1,YearsAtCompany_q2,DistanceFromHome_q1
No,Travel_Frequently,Research_Development,Master,Life_Sciences,Medium,Male,Low,1,Research_Scientist,Very_High,Divorced,No,1,Better,Age_q0,MonthlyIncome_q0,TotalWorkingYears_q1,YearsAtCompany_q3,DistanceFromHome_q0
No,Travel_Rarely,Sales,Below_College,Marketing,Medium,Male,Very_High,2,Sales_Executive,Medium,Married,No,0,Better,Age_q3,MonthlyIncome_q2,TotalWorkingYears_q2,YearsAtCompany_q0,DistanceFromHome_q0
No,Travel_Frequently,Sales,Below_College,Medical,Very_High,Female,Very_High,2,Sales_Executive,Very_High,Divorced,Yes,2,Better,Age_q0,MonthlyIncome_q1,TotalWorkingYears_q0,YearsAtCompany_q2,DistanceFromHome_q0
No,Travel_Rarely,Research_Development,College,Life_Sciences,Very_High,Male,Very_High,1,Research_Scientist,Very_High,Single,No,0,Better,Age_q2,MonthlyIncome_q1,TotalWorkingYears_q0,YearsAtCompany_q0,DistanceFromHome_q1
No,Travel_Rarely,Research_Development,Below_College,Medical,Very_High,Male,Very_High,1,Laboratory_Technician,High,Married,Yes,3,Better,Age_q3,MonthlyIncome_q1,TotalWorkingYears_q3,YearsAtCompany_q3,DistanceFromHome_q2
No,Travel_Rarely,Research_Development,Bachelor,Medical,Very_High,Female,Medium,3,Healthcare_Representative,Medium,Single,No,0,Best,Age_q1,MonthlyIncome_q3,TotalWorkingYears_q1,YearsAtCompany_q2,DistanceFromHome_q1
Yes,Travel_Rarely,Sales,College,Life_Sciences,Low,Female,High,2,Sales_Executive,High,Single,No,0,Better,Age_q0,MonthlyIncome_q1,TotalWorkingYears_q0,YearsAtCompany_q0,DistanceFromHome_q0
No,Travel_Rarely,Research_Development,Master,Technical_Degree,Very_High,Female,Medium,2,Healthcare_Representative,High,Single,No,0,Better,Age_q2,MonthlyIncome_q1,TotalWorkingYears_q3,YearsAtCompany_q3,DistanceFromHome_q0
No,Travel_Rarely,Sales,Bachelor,Marketing,Very_High,Male,High,2,Sales_Executive,Very_High,Single,No,0,Good,Age_q1,MonthlyIncome_q2,TotalWorkingYears_q1,YearsAtCompany_q3,DistanceFromHome_q1
Yes,Travel_Frequently,Sales,College,Technical_Degree,Medium,Male,High,2,Sales_Executive,High,Married,Yes,1,Better,Age_q3,MonthlyIncome_q2,TotalWorkingYears_q3,YearsAtCompany_q1,DistanceFromHome_q1
No,Travel_Rarely,Research_Development,Master,Life_Sciences,Medium,Female,Very_High,2,Healthcare_Representative,Very_High,Single,No,0,Good,Age_q2,MonthlyIncome_q2,TotalWorkingYears_q1,YearsAtCompany_q2,DistanceFromHome_q0
No,Travel_Rarely,Research_Development,College,Life_Sciences,High,Female,High,3,Manufacturing_Director,Low,Married,No,0,Better,Age_q0,MonthlyIncome_q2,TotalWorkingYears_q1,YearsAtCompany_q2,DistanceFromHome_q0
No,Travel_Rarely,Research_Development,College,Life_Sciences,High,Female,High,3,Research_Director,Very_High,Single,No,0,Better,Age_q1,MonthlyIncome_q3,TotalWorkingYears_q1,YearsAtCompany_q2,DistanceFromHome_q0
No,Travel_Rarely,Sales,Master,Marketing,Very_High,Male,High,2,Sales_Executive,Low,Single,No,0,Better,Age_q3,MonthlyIncome_q2,TotalWorkingYears_q3,YearsAtCompany_q2,DistanceFromHome_q2
No,Travel_Frequently,Sales,Master,Life_Sciences,Very_High,Male,Medium,3,Sales_Executive,Low,Married,Yes,1,Better,Age_q2,MonthlyIncome_q3,TotalWorkingYears_q3,YearsAtCompany_q3,DistanceFromHome_q1
No,Travel_Rarely,Research_Development,Bachelor,Life_Sciences,High,Male,Very_High,4,Research_Director,High,Married,No,0,Better,Age_q3,MonthlyIncome_q3,TotalWorkingYears_q3,YearsAtCompany_q1,DistanceFromHome_q1
No,Travel_Rarely,Human_Resources,Master,Human_Resources,Medium,Male,Medium,5,Manager,Very_High,Divorced,No,3,Good,Age_q2,MonthlyIncome_q3,TotalWorkingYears_q3,YearsAtCompany_q3,DistanceFromHome_q1
No,Travel_Rarely,Sales,Master,Marketing,Low,Male,High,2,Sales_Executive,Low,Single,No,0,Better,Age_q3,MonthlyIncome_q2,TotalWorkingYears_q1,YearsAtCompany_q0,DistanceFromHome_q2
No,Travel_Frequently,Research_Development,College,Life_Sciences,Very_High,Male,High,3,Manufacturing_Director,Low,Divorced,No,2,Good,Age_q0,MonthlyIncome_q3,TotalWorkingYears_q1,YearsAtCompany_q2,DistanceFromHome_q1
No,Travel_Rarely,Human_Resources,Bachelor,Human_Resources,Very_High,Male,Medium,5,Manager,High,Married,No,1,Better,Age_q2,MonthlyIncome_q3,TotalWorkingYears_q3,YearsAtCompany_q3,DistanceFromHome_q0
No,Travel_Rarely,Sales,Master,Marketing,Very_High,Male,High,1,Sales_Representative,Medium,Married,No,1,Better,Age_q3,MonthlyIncome_q1,TotalWorkingYears_q0,YearsAtCompany_q0,DistanceFromHome_q1
Yes,Travel_Rarely,Research_Development,College,Life_Sciences,Low,Female,Low,1,Research_Scientist,Medium,Single,Yes,0,Better,Age_q0,MonthlyIncome_q0,TotalWorkingYears_q1,YearsAtCompany_q2,DistanceFromHome_q0
No,Non-Travel,Research_Development,Bachelor,Life_Sciences,Low,Female,Very_High,3,Research_Director,Low,Married,No,1,Better,Age_q1,MonthlyIncome_q3,TotalWorkingYears_q1,YearsAtCompany_q2,DistanceFromHome_q1
No,Travel_Rarely,Research_Development,Bachelor,Life_Sciences,High,Female,High,3,Manufacturing_Director,High,Single,Yes,0,Best,Age_q2,MonthlyIncome_q2,TotalWorkingYears_q1,YearsAtCompany_q0,DistanceFromHome_q0
No,Non-Travel,Research_Development,Bachelor,Medical,Low,Male,Low,1,Laboratory_Technician,High,Single,No,0,Better,Age_q3,MonthlyIncome_q1,TotalWorkingYears_q1,YearsAtCompany_q1,DistanceFromHome_q2
No,Travel_Frequently,Sales,Bachelor,Medical,Very_High,Female,High,4,Sales_Executive,High,Divorced,Yes,2,Good,Age_q3,MonthlyIncome_q3,TotalWorkingYears_q3,YearsAtCompany_q3,DistanceFromHome_q0
No,Travel_Rarely,Sales,Doctor,Marketing,High,Male,High,2,Sales_Executive,Very_High,Divorced,No,1,Good,Age_q0,MonthlyIncome_q2,TotalWorkingYears_q1,YearsAtCompany_q2,DistanceFromHome_q2
No,Travel_Rarely,Sales,Bachelor,Life_Sciences,High,Male,High,1,Sales_Representative,High,Single,No,0,Better,Age_q0,MonthlyIncome_q0,TotalWorkingYears_q0,YearsAtCompany_q0,DistanceFromHome_q1
Yes,Travel_Frequently,Research_Development,Bachelor,Medical,High,Male,Very_High,1,Research_Scientist,High,Divorced,Yes,0,Better,Age_q2,MonthlyIncome_q0,TotalWorkingYears_q1,YearsAtCompany_q0,DistanceFromHome_q2
No,Travel_Frequently,Sales,Bachelor,Life_Sciences,Very_High,Male,Medium,2,Sales_Executive,Very_High,Married,No,1,Better,Age_q2,MonthlyIncome_q2,TotalWorkingYears_q1,YearsAtCompany_q0,DistanceFromHome_q2
No,Travel_Rarely,Research_Development,College,Medical,Medium,Female,High,2,Healthcare_Representative,High,Single,No,0,Better,Age_q1,MonthlyIncome_q2,TotalWorkingYears_q1,YearsAtCompany_q1,DistanceFromHome_q1
No,Travel_Rarely,Research_Development,Below_College,Medical,Medium,Male,High,1,Laboratory_Technician,Low,Married,No,1,Best,Age_q0,MonthlyIncome_q0,TotalWorkingYears_q0,YearsAtCompany_q1,DistanceFromHome_q1
No,Travel_Rarely,Human_Resources,Bachelor,Human_Resources,High,Female,Very_High,2,Human_Resources,Medium,Married,No,1,Bad,Age_q2,MonthlyIncome_q2,TotalWorkingYears_q2,YearsAtCompany_q2,DistanceFromHome_q0
No,Travel_Rarely,Research_Development,Bachelor,Medical,High,Male,High,4,Healthcare_Representative,Very_High,Married,No,0,Good,Age_q3,MonthlyIncome_q3,TotalWorkingYears_q3,YearsAtCompany_q3,DistanceFromHome_q1
No,Travel_Rarely,Research_Development,Below_College,Medical,Very_High,Female,Medium,1,Research_Scientist,Very_High,Single,Yes,0,Good,Age_q2,MonthlyIncome_q0,TotalWorkingYears_q0,YearsAtCompany_q1,DistanceFromHome_q0
No,Travel_Rarely,Research_Development,Bachelor,Medical,Very_High,Female,Medium,2,Healthcare_Representative,Low,Single,No,0,Bad,Age_q0,MonthlyIncome_q2,TotalWorkingYears_q1,YearsAtCompany_q2,DistanceFromHome_q1
No,Travel_Rarely,Sales,Bachelor,Marketing,Very_High,Male,High,1,Sales_Representative,Medium,Divorced,No,2,Better,Age_q0,MonthlyIncome_q0,TotalWorkingYears_q0,YearsAtCompany_q0,DistanceFromHome_q1
No,Travel_Rarely,Research_Development,Bachelor,Life_Sciences,Very_High,Male,High,2,Laboratory_Technician,Very_High,Single,No,0,Better,Age_q3,MonthlyIncome_q0,TotalWorkingYears_q3,YearsAtCompany_q0,DistanceFromHome_q1
No,Non-Travel,Research_Development,Master,Life_Sciences,Very_High,Female,High,2,Healthcare_Representative,Low,Divorced,No,1,Best,Age_q1,MonthlyIncome_q2,TotalWorkingYears_q3,YearsAtCompany_q0,DistanceFromHome_q0
No,Travel_Frequently,Research_Development,Master,Life_Sciences,Low,Male,High,2,Laboratory_Technician,Very_High,Married,No,2,Better,Age_q1,MonthlyIncome_q2,TotalWorkingYears_q1,YearsAtCompany_q3,DistanceFromHome_q2
No,Travel_Rarely,Research_Development,Doctor,Medical,Very_High,Male,High,1,Research_Scientist,High,Married,Yes,1,Bad,Age_q2,MonthlyIncome_q1,TotalWorkingYears_q0,YearsAtCompany_q0,DistanceFromHome_q0
No,Travel_Rarely,Research_Development,Doctor,Life_Sciences,Medium,Female,High,2,Manufacturing_Director,Low,Divorced,No,1,Better,Age_q1,MonthlyIncome_q2,TotalWorkingYears_q1,YearsAtCompany_q0,DistanceFromHome_q1
No,Travel_Rarely,Sales,Master,Marketing,High,Male,Medium,4,Manager,Low,Married,No,0,Best,Age_q3,MonthlyIncome_q3,TotalWorkingYears_q3,YearsAtCompany_q3,DistanceFromHome_q0
Yes,Travel_Rarely,Research_Development,Master,Other,Very_High,Male,High,1,Research_Scientist,Very_High,Single,Yes,0,Good,Age_q1,MonthlyIncome_q0,TotalWorkingYears_q1,YearsAtCompany_q3,DistanceFromHome_q0
No,Travel_Rarely,Sales,Below_College,Medical,High,Female,High,2,Sales_Executive,Very_High,Single,No,0,Good,Age_q0,MonthlyIncome_q2,TotalWorkingYears_q0,YearsAtCompany_q2,DistanceFromHome_q2
No,Travel_Rarely,Sales,College,Technical_Degree,Medium,Male,Low,2,Sales_Representative,High,Single,No,0,Better,Age_q3,MonthlyIncome_q2,TotalWorkingYears_q1,YearsAtCompany_q2,DistanceFromHome_q0
No,Travel_Rarely,Research_Development,Below_College,Medical,Low,Male,Very_High,1,Research_Scientist,High,Single,No,0,Better,Age_q0,MonthlyIncome_q1,TotalWorkingYears_q0,YearsAtCompany_q0,DistanceFromHome_q1
Yes,Travel_Frequently,Sales,College,Life_Sciences,Medium,Female,Very_High,2,Sales_Executive,High,Single,Yes,0,Better,Age_q3,MonthlyIncome_q2,TotalWorkingYears_q1,YearsAtCompany_q1,DistanceFromHome_q2
No,Travel_Rarely,Sales,Bachelor,Other,Very_High,Male,High,2,Sales_Executive,Very_High,Single,No,0,Better,Age_q1,MonthlyIncome_q2,TotalWorkingYears_q0,YearsAtCompany_q2,DistanceFromHome_q0
Yes,Travel_Rarely,Research_Development,Bachelor,Medical,Very_High,Male,High,5,Manager,Low,Married,Yes,1,Better,Age_q3,MonthlyIncome_q3,TotalWorkingYears_q3,YearsAtCompany_q1,DistanceFromHome_q0
No,Non-Travel,Sales,Master,Life_Sciences,Low,Male,Medium,3,Sales_Executive,Low,Single,No,0,Better,Age_q1,MonthlyIncome_q2,TotalWorkingYears_q1,YearsAtCompany_q3,DistanceFromHome_q1
No,Non-Travel,Research_Development,Master,Medical,Very_High,Male,High,1,Research_Scientist,Very_High,Married,No,1,Better,Age_q3,MonthlyIncome_q1,TotalWorkingYears_q0,YearsAtCompany_q1,DistanceFromHome_q2
No,Travel_Frequently,Research_Development,College,Life_Sciences,Low,Female,Low,1,Laboratory_Technician,Very_High,Divorced,No,1,Better,Age_q0,MonthlyIncome_q1,TotalWorkingYears_q0,YearsAtCompany_q0,DistanceFromHome_q0
No,Travel_Rarely,Research_Development,Bachelor,Medical,Medium,Female,High,2,Healthcare_Representative,High,Married,No,1,Good,Age_q0,MonthlyIncome_q1,TotalWorkingYears_q2,YearsAtCompany_q2,DistanceFromHome_q2
Yes,Travel_Rarely,Sales,Bachelor,Technical_Degree,Very_High,Male,Medium,2,Sales_Executive,Low,Single,No,0,Good,Age_q0,MonthlyIncome_q2,TotalWorkingYears_q0,YearsAtCompany_q1,DistanceFromHome_q1
No,Travel_Rarely,Research_Development,Master,Life_Sciences,Medium,Female,Very_High,1,Research_Scientist,Very_High,Single,No,0,Better,Age_q1,MonthlyIncome_q1,TotalWorkingYears_q1,YearsAtCompany_q1,DistanceFromHome_q0
No,Travel_Rarely,Research_Development,Master,Medical,Very_High,Female,High,2,Manufacturing_Director,Low,Divorced,Yes,2,Better,Age_q3,MonthlyIncome_q2,TotalWorkingYears_q1,YearsAtCompany_q1,DistanceFromHome_q2
No,Travel_Frequently,Sales,Below_College,Marketing,High,Male,High,2,Sales_Executive,Very_High,Married,No,1,Better,Age_q0,MonthlyIncome_q1,TotalWorkingYears_q0,YearsAtCompany_q1,DistanceFromHome_q1
No,Travel_Rarely,Research_Development,Below_College,Life_Sciences,Very_High,Female,High,1,Research_Scientist,Low,Divorced,Yes,2,Good,Age_q2,MonthlyIncome_q0,TotalWorkingYears_q0,YearsAtCompany_q1,DistanceFromHome_q1
No,Travel_Frequently,Research_Development,Master,Life_Sciences,Low,Female,Very_High,2,Manufacturing_Director,Low,Single,Yes,0,Better,Age_q2,MonthlyIncome_q2,TotalWorkingYears_q3,YearsAtCompany_q3,DistanceFromHome_q0
No,Travel_Rarely,Research_Development,Master,Medical,High,Female,Medium,1,Research_Scientist,Low,Single,No,0,Better,Age_q1,MonthlyIncome_q1,TotalWorkingYears_q0,YearsAtCompany_q2,DistanceFromHome_q0
No,Travel_Rarely,Sales,Master,Life_Sciences,Low,Female,High,1,Sales_Representative,Very_High,Married,No,1,Good,Age_q1,MonthlyIncome_q0,TotalWorkingYears_q0,YearsAtCompany_q0,DistanceFromHome_q1
No,Travel_Rarely,Research_Development,Bachelor,Life_Sciences,Very_High,Male,Low,1,Laboratory_Technician,High,Married,No,2,Better,Age_q0,MonthlyIncome_q1,TotalWorkingYears_q1,YearsAtCompany_q0,DistanceFromHome_q0
No,Travel_Frequently,Research_Development,College,Medical,High,Female,Very_High,2,Healthcare_Representative,Medium,Married,No,1,Better,Age_q2,MonthlyIncome_q1,TotalWorkingYears_q1,YearsAtCompany_q2,DistanceFromHome_q0
No,Travel_Rarely,Sales,College,Life_Sciences,High,Female,High,2,Sales_Executive,Low,Married,No,1,Better,Age_q1,MonthlyIncome_q2,TotalWorkingYears_q0,YearsAtCompany_q0,DistanceFromHome_q1
No,Travel_Frequently,Research_Development,Bachelor,Life_Sciences,Medium,Male,High,5,Manager,Very_High,Divorced,No,1,Good,Age_q2,MonthlyIncome_q3,TotalWorkingYears_q3,YearsAtCompany_q3,DistanceFromHome_q1
Yes,Travel_Rarely,Research_Development,Bachelor,Life_Sciences,High,Male,Very_High,1,Laboratory_Technician,Low,Married,Yes,2,Better,Age_q0,MonthlyIncome_q0,TotalWorkingYears_q0,YearsAtCompany_q0,DistanceFromHome_q1
No,Non-Travel,Research_Development,Bachelor,Life_Sciences,High,Male,Medium,1,Laboratory_Technician,Medium,Divorced,No,3,Better,Age_q0,MonthlyIncome_q0,TotalWorkingYears_q0,YearsAtCompany_q0,DistanceFromHome_q1
No,Travel_Rarely,Research_Development,Master,Life_Sciences,Very_High,Female,High,2,Laboratory_Technician,High,Married,No,1,Better,Age_q3,MonthlyIncome_q1,TotalWorkingYears_q1,YearsAtCompany_q1,DistanceFromHome_q2
No,Travel_Rarely,Research_Development,Bachelor,Medical,High,Male,High,4,Research_Director,High,Married,No,0,Better,Age_q3,MonthlyIncome_q3,TotalWorkingYears_q3,YearsAtCompany_q1,DistanceFromHome_q0
Yes,Travel_Rarely,Research_Development,College,Life_Sciences,Medium,Female,Medium,1,Laboratory_Technician,Low,Married,Yes,1,Better,Age_q0,MonthlyIncome_q0,TotalWorkingYears_q0,YearsAtCompany_q0,DistanceFromHome_q0
No,Travel_Rarely,Research_Development,Bachelor,Medical,High,Male,High,3,Research_Director,High,Married,No,0,Best,Age_q1,MonthlyIncome_q3,TotalWorkingYears_q2,YearsAtCompany_q3,DistanceFromHome_q1
Yes,Travel_Rarely,Sales,Bachelor,Marketing,Low,Female,High,2,Sales_Executive,Low,Single,No,0,Better,Age_q1,MonthlyIncome_q2,TotalWorkingYears_q0,YearsAtCompany_q0,DistanceFromHome_q2
No,Travel_Rarely,Research_Development,College,Other,High,Female,High,4,Manager,Very_High,Married,Yes,1,Good,Age_q3,MonthlyIncome_q3,TotalWorkingYears_q3,YearsAtCompany_q3,DistanceFromHome_q0
No,Travel_Rarely,Research_Development,Bachelor,Other,High,Female,High,2,Manufacturing_Director,Medium,Married,No,1,Better,Age_q1,MonthlyIncome_q2,TotalWorkingYears_q1,YearsAtCompany_q2,DistanceFromHome_q0
No,Travel_Rarely,Research_Development,College,Life_Sciences,High,Male,Very_High,1,Research_Scientist,High,Married,No,1,Better,Age_q0,MonthlyIncome_q0,TotalWorkingYears_q1,YearsAtCompany_q3,DistanceFromHome_q2
Yes,Travel_Rarely,Research_Development,Master,Life_Sciences,Very_High,Male,High,5,Research_Director,Medium,Single,Yes,0,Better,Age_q3,MonthlyIncome_q3,TotalWorkingYears_q3,YearsAtCompany_q3,DistanceFromHome_q0
No,Travel_Rarely,Research_Development,Master,Life_Sciences,Very_High,Female,Very_High,1,Research_Scientist,High,Single,No,0,Better,Age_q1,MonthlyIncome_q0,TotalWorkingYears_q1,YearsAtCompany_q0,DistanceFromHome_q0
No,Travel_Rarely,Research_Development,College,Life_Sciences,Very_High,Female,Medium,2,Manufacturing_Director,Very_High,Married,Yes,1,Better,Age_q2,MonthlyIncome_q2,TotalWorkingYears_q1,YearsAtCompany_q1,DistanceFromHome_q0
Yes,Travel_Rarely,Research_Development,Master,Medical,High,Male,High,1,Research_Scientist,High,Single,No,0,Good,Age_q0,MonthlyIncome_q1,TotalWorkingYears_q0,YearsAtCompany_q0,DistanceFromHome_q0
No,Travel_Rarely,Human_Resources,Bachelor,Human_Resources,High,Male,High,1,Human_Resources,Medium,Married,No,1,Better,Age_q1,MonthlyIncome_q0,TotalWorkingYears_q1,YearsAtCompany_q1,DistanceFromHome_q2
No,Travel_Rarely,Research_Development,Bachelor,Life_Sciences,High,Female,Medium,2,Manufacturing_Director,High,Married,No,1,Better,Age_q1,MonthlyIncome_q2,TotalWorkingYears_q2,YearsAtCompany_q3,DistanceFromHome_q1
No,Travel_Frequently,Research_Development,Master,Medical,Low,Male,Medium,2,Laboratory_Technician,High,Single,No,0,Better,Age_q2,MonthlyIncome_q2,TotalWorkingYears_q1,YearsAtCompany_q0,DistanceFromHome_q2
No,Travel_Rarely,Research_Development,Bachelor,Medical,High,Female,Medium,2,Manufacturing_Director,Very_High,Single,Yes,0,Good,Age_q0,MonthlyIncome_q2,TotalWorkingYears_q2,YearsAtCompany_q0,DistanceFromHome_q0
No,Travel_Rarely,Research_Development,Bachelor,Life_Sciences,Medium,Female,Medium,1,Research_Scientist,High,Single,No,0,Better,Age_q3,MonthlyIncome_q0,TotalWorkingYears_q0,YearsAtCompany_q0,DistanceFromHome_q0
No,Travel_Rarely,Research_Development,Bachelor,Life_Sciences,Medium,Male,High,2,Manufacturing_Director,Medium,Married,No,1,Good,Age_q2,MonthlyIncome_q1,TotalWorkingYears_q1,YearsAtCompany_q2,DistanceFromHome_q2
No,Travel_Frequently,Research_Development,Bachelor,Life_Sciences,Low,Male,Medium,2,Healthcare_Representative,Low,Divorced,No,1,Good,Age_q2,MonthlyIncome_q2,TotalWorkingYears_q2,YearsAtCompany_q1,DistanceFromHome_q2
No,Travel_Frequently,Research_Development,Master,Life_Sciences,High,Female,Medium,1,Research_Scientist,Very_High,Single,No,0,Better,Age_q1,MonthlyIncome_q0,TotalWorkingYears_q0,YearsAtCompany_q1,DistanceFromHome_q2
Yes,Travel_Rarely,Sales,Bachelor,Marketing,High,Female,High,3,Sales_Executive,Very_High,Married,No,2,Best,Age_q3,MonthlyIncome_q2,TotalWorkingYears_q1,YearsAtCompany_q2,DistanceFromHome_q2
Yes,Travel_Rarely,Sales,Below_College,Medical,High,Male,High,2,Sales_Executive,Very_High,Single,No,0,Good,Age_q3,MonthlyIncome_q2,TotalWorkingYears_q2,YearsAtCompany_q2,DistanceFromHome_q0
No,Travel_Rarely,Research_Development,College,Life_Sciences,Medium,Male,High,4,Research_Director,Low,Married,No,1,Better,Age_q2,MonthlyIncome_q3,TotalWorkingYears_q3,YearsAtCompany_q1,DistanceFromHome_q2
No,Travel_Rarely,Research_Development,Below_College,Technical_Degree,High,Male,Medium,3,Research_Director,Very_High,Divorced,Yes,1,Better,Age_q0,MonthlyIncome_q3,TotalWorkingYears_q1,YearsAtCompany_q2,DistanceFromHome_q1
No,Travel_Rarely,Research_Development,Bachelor,Other,High,Male,High,3,Manufacturing_Director,High,Single,No,0,Best,Age_q1,MonthlyIncome_q3,TotalWorkingYears_q3,YearsAtCompany_q2,DistanceFromHome_q1
No,Travel_Rarely,Sales,Master,Marketing,Medium,Female,High,2,Sales_Executive,Medium,Married,Yes,0,Better,Age_q0,MonthlyIncome_q1,TotalWorkingYears_q1,YearsAtCompany_q2,DistanceFromHome_q0
No,Travel_Rarely,Human_Resources,College,Human_Resources,High,Male,High,1,Human_Resources,Very_High,Married,No,1,Bad,Age_q1,MonthlyIncome_q1,TotalWorkingYears_q0,YearsAtCompany_q0,DistanceFromHome_q0
Yes,Travel_Frequently,Research_Development,College,Medical,High,Female,Medium,1,Research_Scientist,High,Married,Yes,1,Better,Age_q0,MonthlyIncome_q0,TotalWorkingYears_q1,YearsAtCompany_q2,DistanceFromHome_q1
No,Non-Travel,Research_Development,Bachelor,Medical,Very_High,Male,High,1,Research_Scientist,Very_High,Married,No,3,Good,Age_q0,MonthlyIncome_q0,TotalWorkingYears_q0,YearsAtCompany_q0,DistanceFromHome_q0
No,Travel_Rarely,Sales,Master,Marketing,Low,Female,High,4,Manager,High,Married,No,1,Good,Age_q3,MonthlyIncome_q3,TotalWorkingYears_q3,YearsAtCompany_q3,DistanceFromHome_q2
No,Travel_Rarely,Research_Development,Bachelor,Medical,Very_High,Male,High,2,Healthcare_Representative,Medium,Single,No,0,Good,Age_q3,MonthlyIncome_q2,TotalWorkingYears_q1,YearsAtCompany_q1,DistanceFromHome_q1
No,Travel_Rarely,Research_Development,Below_College,Medical,Low,Male,Very_High,1,Research_Scientist,Low,Single,No,0,Good,Age_q0,MonthlyIncome_q1,TotalWorkingYears_q0,YearsAtCompany_q1,DistanceFromHome_q0
No,Travel_Rarely,Sales,Bachelor,Medical,Low,Male,Very_High,2,Sales_Executive,Low,Divorced,No,1,Better,Age_q1,MonthlyIncome_q1,TotalWorkingYears_q1,YearsAtCompany_q2,DistanceFromHome_q0
No,Travel_Rarely,Research_Development,Below_College,Medical,High,Female,Medium,1,Research_Scientist,Low,Single,No,0,Good,Age_q1,MonthlyIncome_q0,TotalWorkingYears_q0,YearsAtCompany_q2,DistanceFromHome_q2
No,Travel_Rarely,Sales,College,Life_Sciences,Medium,Male,High,2,Sales_Executive,Very_High,Married,Yes,1,Good,Age_q1,MonthlyIncome_q2,TotalWorkingYears_q3,YearsAtCompany_q3,DistanceFromHome_q0
No,Travel_Rarely,Sales,Master,Life_Sciences,Medium,Male,High,2,Sales_Executive,Very_High,Divorced,No,1,Good,Age_q1,MonthlyIncome_q1,TotalWorkingYears_q1,YearsAtCompany_q1,DistanceFromHome_q2
No,Travel_Frequently,Research_Development,Master,Life_Sciences,Medium,Male,Medium,1,Research_Scientist,Very_High,Divorced,No,1,Good,Age_q0,MonthlyIncome_q1,TotalWorkingYears_q1,YearsAtCompany_q1,DistanceFromHome_q1
No,Travel_Rarely,Sales,College,Marketing,Low,Female,Medium,3,Sales_Executive,Very_High,Married,Yes,1,Better,Age_q3,MonthlyIncome_q3,TotalWorkingYears_q3,YearsAtCompany_q1,DistanceFromHome_q1
No,Travel_Rarely,Sales,Bachelor,Marketing,Very_High,Male,High,3,Sales_Executive,Low,Divorced,Yes,1,Better,Age_q3,MonthlyIncome_q3,TotalWorkingYears_q3,YearsAtCompany_q1,DistanceFromHome_q1
No,Travel_Rarely,Research_Development,College,Medical,High,Female,Very_High,2,Research_Scientist,High,Married,No,1,Good,Age_q1,MonthlyIncome_q2,TotalWorkingYears_q1,YearsAtCompany_q1,DistanceFromHome_q1
No,Travel_Frequently,Research_Development,Master,Medical,High,Female,Medium,4,Manufacturing_Director,Very_High,Married,No,0,Better,Age_q3,MonthlyIncome_q3,TotalWorkingYears_q3,YearsAtCompany_q2,DistanceFromHome_q2
No,Travel_Rarely,Sales,Master,Marketing,Very_High,Male,Medium,2,Sales_Executive,High,Divorced,No,2,Better,Age_q2,MonthlyIncome_q2,TotalWorkingYears_q1,YearsAtCompany_q0,DistanceFromHome_q2
No,Travel_Rarely,Human_Resources,College,Medical,Medium,Male,Medium,1,Human_Resources,Very_High,Divorced,No,1,Better,Age_q0,MonthlyIncome_q2,TotalWorkingYears_q0,YearsAtCompany_q1,DistanceFromHome_q1
No,Travel_Rarely,Research_Development,College,Life_Sciences,Very_High,Male,Medium,2,Manufacturing_Director,Very_High,Married,No,2,Bad,Age_q0,MonthlyIncome_q1,TotalWorkingYears_q0,YearsAtCompany_q0,DistanceFromHome_q0
No,Travel_Rarely,Research_Development,Master,Life_Sciences,Low,Male,Very_High,1,Laboratory_Technician,Very_High,Married,Yes,1,Good,Age_q3,MonthlyIncome_q0,TotalWorkingYears_q1,YearsAtCompany_q0,DistanceFromHome_q1
No,Travel_Frequently,Research_Development,Below_College,Medical,Medium,Male,High,1,Research_Scientist,Very_High,Single,Yes,0,Better,Age_q2,MonthlyIncome_q0,TotalWorkingYears_q1,YearsAtCompany_q0,DistanceFromHome_q0
No,Travel_Rarely,Human_Resources,Bachelor,Life_Sciences,Low,Male,Medium,1,Human_Resources,Low,Married,No,0,Better,Age_q1,MonthlyIncome_q0,TotalWorkingYears_q0,YearsAtCompany_q1,DistanceFromHome_q1
No,Travel_Rarely,Sales,Below_College,Other,High,Male,High,2,Sales_Executive,Low,Married,Yes,0,Better,Age_q0,MonthlyIncome_q1,TotalWorkingYears_q0,YearsAtCompany_q1,DistanceFromHome_q0
No,Travel_Rarely,Research_Development,Bachelor,Life_Sciences,Very_High,Female,Medium,3,Manufacturing_Director,High,Married,Yes,1,Better,Age_q1,MonthlyIncome_q3,TotalWorkingYears_q3,YearsAtCompany_q3,DistanceFromHome_q1
Yes,Travel_Frequently,Research_Development,Master,Life_Sciences,Very_High,Female,High,1,Research_Scientist,Medium,Divorced,Yes,1,Good,Age_q1,MonthlyIncome_q0,TotalWorkingYears_q1,YearsAtCompany_q3,DistanceFromHome_q2
No,Non-Travel,Research_Development,Bachelor,Life_Sciences,Very_High,Male,High,1,Laboratory_Technician,Very_High,Divorced,No,1,Better,Age_q1,MonthlyIncome_q0,TotalWorkingYears_q0,YearsAtCompany_q0,DistanceFromHome_q0
No,Travel_Rarely,Sales,Below_College,Marketing,High,Male,Medium,2,Sales_Executive,Low,Married,No,0,Best,Age_q0,MonthlyIncome_q1,TotalWorkingYears_q0,YearsAtCompany_q1,DistanceFromHome_q1
No,Travel_Rarely,Research_Development,Bachelor,Technical_Degree,High,Female,High,1,Research_Scientist,Low,Married,No,1,Better,Age_q3,MonthlyIncome_q1,TotalWorkingYears_q1,YearsAtCompany_q1,DistanceFromHome_q0
No,Non-Travel,Research_Development,Below_College,Life_Sciences,Low,Male,Medium,1,Laboratory_Technician,Very_High,Married,No,0,Good,Age_q0,MonthlyIncome_q1,TotalWorkingYears_q0,YearsAtCompany_q1,DistanceFromHome_q1
No,Travel_Frequently,Sales,College,Life_Sciences,Medium,Male,High,2,Sales_Executive,Medium,Married,No,1,Better,Age_q1,MonthlyIncome_q2,TotalWorkingYears_q1,YearsAtCompany_q3,DistanceFromHome_q1
No,Travel_Rarely,Sales,Bachelor,Marketing,Medium,Male,Medium,1,Sales_Representative,Medium,Married,No,1,Better,Age_q2,MonthlyIncome_q0,TotalWorkingYears_q0,YearsAtCompany_q0,DistanceFromHome_q1
No,Travel_Rarely,Research_Development,Bachelor,Life_Sciences,High,Female,Very_High,2,Laboratory_Technician,Very_High,Married,Yes,1,Good,Age_q2,MonthlyIncome_q2,TotalWorkingYears_q3,YearsAtCompany_q1,DistanceFromHome_q0
No,Travel_Rarely,Research_Development,Master,Life_Sciences,Very_High,Male,High,1,Research_Scientist,Very_High,Married,Yes,1,Better,Age_q1,MonthlyIncome_q0,TotalWorkingYears_q1,YearsAtCompany_q2,DistanceFromHome_q2
Yes,Travel_Rarely,Sales,Bachelor,Medical,Medium,Female,Medium,1,Sales_Representative,High,Divorced,Yes,3,Better,Age_q0,MonthlyIncome_q0,TotalWorkingYears_q0,YearsAtCompany_q0,DistanceFromHome_q0
No,Travel_Rarely,Sales,Bachelor,Marketing,Low,Male,High,4,Sales_Executive,Very_High,Married,No,1,Better,Age_q3,MonthlyIncome_q3,TotalWorkingYears_q3,YearsAtCompany_q0,DistanceFromHome_q1
No,Travel_Rarely,Research_Development,Bachelor,Technical_Degree,Very_High,Male,Medium,3,Manufacturing_Director,Medium,Married,No,0,Better,Age_q1,MonthlyIncome_q3,TotalWorkingYears_q3,YearsAtCompany_q3,DistanceFromHome_q2
No,Travel_Frequently,Sales,College,Medical,High,Female,High,1,Sales_Representative,Very_High,Married,No,1,Better,Age_q2,MonthlyIncome_q1,TotalWorkingYears_q1,YearsAtCompany_q1,DistanceFromHome_q2
No,Travel_Rarely,Research_Development,Master,Life_Sciences,Very_High,Female,High,4,Research_Director,Very_High,Single,No,0,Better,Age_q3,MonthlyIncome_q3,TotalWorkingYears_q3,YearsAtCompany_q3,DistanceFromHome_q2
No,Travel_Frequently,Research_Development,Bachelor,Life_Sciences,Very_High,Female,High,2,Healthcare_Representative,Very_High,Married,No,1,Good,Age_q2,MonthlyIncome_q2,TotalWorkingYears_q2,YearsAtCompany_q1,DistanceFromHome_q0
No,Travel_Rarely,Sales,College,Marketing,High,Female,High,2,Sales_Executive,Very_High,Married,Yes,1,Better,Age_q3,MonthlyIncome_q1,TotalWorkingYears_q1,YearsAtCompany_q2,DistanceFromHome_q0
No,Non-Travel,Sales,College,Medical,Low,Male,High,3,Sales_Executive,Medium,Single,Yes,0,Better,Age_q2,MonthlyIncome_q2,TotalWorkingYears_q1,YearsAtCompany_q3,DistanceFromHome_q2
No,Non-Travel,Research_Development,Master,Life_Sciences,Low,Male,High,4,Manager,Low,Divorced,No,1,Better,Age_q3,MonthlyIncome_q3,TotalWorkingYears_q3,YearsAtCompany_q3,DistanceFromHome_q0
No,Travel_Rarely,Human_Resources,Bachelor,Life_Sciences,Very_High,Female,Medium,2,Human_Resources,Very_High,Married,No,2,Better,Age_q2,MonthlyIncome_q2,TotalWorkingYears_q2,YearsAtCompany_q1,DistanceFromHome_q0
No,Travel_Rarely,Human_Resources,College,Human_Resources,Very_High,Male,High,1,Human_Resources,Medium,Divorced,Yes,1,Best,Age_q1,MonthlyIncome_q0,TotalWorkingYears_q1,YearsAtCompany_q1,DistanceFromHome_q0
Yes,Travel_Rarely,Research_Development,Master,Life_Sciences,Low,Male,High,1,Laboratory_Technician,Very_High,Single,Yes,0,Bad,Age_q1,MonthlyIncome_q0,TotalWorkingYears_q0,YearsAtCompany_q0,DistanceFromHome_q2
No,Travel_Rarely,Research_Development,Below_College,Medical,Low,Female,Medium,1,Laboratory_Technician,Very_High,Divorced,No,3,Better,Age_q0,MonthlyIncome_q0,TotalWorkingYears_q1,YearsAtCompany_q1,DistanceFromHome_q1
No,Travel_Rarely,Research_Development,College,Life_Sciences,Medium,Male,High,1,Research_Scientist,Low,Married,Yes,0,Better,Age_q3,MonthlyIncome_q0,TotalWorkingYears_q1,YearsAtCompany_q2,DistanceFromHome_q1
No,Travel_Rarely,Sales,Master,Medical,Low,Male,High,2,Sales_Executive,Very_High,Single,No,0,Better,Age_q0,MonthlyIncome_q1,TotalWorkingYears_q0,YearsAtCompany_q1,DistanceFromHome_q1
Yes,Travel_Frequently,Research_Development,Below_College,Life_Sciences,Very_High,Male,Medium,1,Laboratory_Technician,Very_High,Divorced,Yes,1,Good,Age_q3,MonthlyIncome_q0,TotalWorkingYears_q0,YearsAtCompany_q0,DistanceFromHome_q0
No,Travel_Rarely,Research_Development,Bachelor,Life_Sciences,Low,Female,High,2,Manufacturing_Director,Medium,Divorced,No,1,Best,Age_q2,MonthlyIncome_q1,TotalWorkingYears_q0,YearsAtCompany_q0,DistanceFromHome_q1
Yes,Travel_Rarely,Sales,Bachelor,Medical,High,Female,Medium,1,Sales_Representative,High,Single,No,0,Good,Age_q0,MonthlyIncome_q0,TotalWorkingYears_q0,YearsAtCompany_q0,DistanceFromHome_q0
Yes,Travel_Rarely,Research_Development,Below_College,Other,Very_High,Female,High,1,Research_Scientist,Very_High,Single,No,0,Good,Age_q0,MonthlyIncome_q0,TotalWorkingYears_q0,YearsAtCompany_q0,DistanceFromHome_q2
No,Travel_Rarely,Research_Development,Below_College,Life_Sciences,High,Male,High,2,Healthcare_Representative,Very_High,Married,Yes,1,Good,Age_q1,MonthlyIncome_q2,TotalWorkingYears_q3,YearsAtCompany_q3,DistanceFromHome_q2
No,Travel_Rarely,Sales,Master,Life_Sciences,Very_High,Female,Medium,1,Sales_Representative,Very_High,Single,Yes,0,Good,Age_q3,MonthlyIncome_q1,TotalWorkingYears_q0,YearsAtCompany_q0,DistanceFromHome_q0
Yes,Travel_Rarely,Research_Development,Below_College,Life_Sciences,Medium,Female,High,2,Manufacturing_Director,High,Married,Yes,1,Best,Age_q0,MonthlyIncome_q1,TotalWorkingYears_q0,YearsAtCompany_q0,DistanceFromHome_q0
Yes,Travel_Rarely,Research_Development,Master,Life_Sciences,Medium,Female,Low,1,Laboratory_Technician,Very_High,Divorced,Yes,1,Good,Age_q2,MonthlyIncome_q0,TotalWorkingYears_q1,YearsAtCompany_q2,DistanceFromHome_q0
No,Travel_Rarely,Research_Development,Bachelor,Medical,High,Female,High,1,Research_Scientist,High,Divorced,No,1,Better,Age_q0,MonthlyIncome_q0,TotalWorkingYears_q0,YearsAtCompany_q0,DistanceFromHome_q1
Yes,Travel_Rarely,Research_Development,Bachelor,Medical,Very_High,Male,High,1,Laboratory_Technician,Low,Married,Yes,0,Bad,Age_q2,MonthlyIncome_q0,TotalWorkingYears_q1,YearsAtCompany_q0,DistanceFromHome_q1
No,Travel_Rarely,Research_Development,Bachelor,Life_Sciences,Medium,Female,High,1,Research_Scientist,High,Single,No,0,Better,Age_q0,MonthlyIncome_q0,TotalWorkingYears_q0,YearsAtCompany_q0,DistanceFromHome_q1
No,Travel_Rarely,Research_Development,Bachelor,Life_Sciences,Medium,Male,High,1,Laboratory_Technician,Medium,Divorced,No,2,Better,Age_q1,MonthlyIncome_q0,TotalWorkingYears_q0,YearsAtCompany_q0,DistanceFromHome_q1
No,Travel_Rarely,Sales,College,Medical,High,Female,Medium,2,Sales_Executive,High,Single,No,0,Better,Age_q2,MonthlyIncome_q2,TotalWorkingYears_q1,YearsAtCompany_q1,DistanceFromHome_q2
No,Travel_Rarely,Research_Development,Master,Other,High,Male,Medium,1,Research_Scientist,Low,Single,Yes,0,Better,Age_q1,MonthlyIncome_q0,TotalWorkingYears_q0,YearsAtCompany_q0,DistanceFromHome_q0
No,Travel_Rarely,Research_Development,Bachelor,Technical_Degree,High,Female,Medium,3,Healthcare_Representative,Medium,Divorced,Yes,1,Better,Age_q3,MonthlyIncome_q3,TotalWorkingYears_q3,YearsAtCompany_q2,DistanceFromHome_q1
No,Travel_Rarely,Sales,Master,Life_Sciences,Medium,Male,Medium,1,Sales_Representative,High,Married,No,0,Best,Age_q1,MonthlyIncome_q0,TotalWorkingYears_q2,YearsAtCompany_q2,DistanceFromHome_q1
No,Travel_Rarely,Research_Development,Below_College,Life_Sciences,Very_High,Female,High,2,Healthcare_Representative,Very_High,Married,Yes,1,Bad,Age_q1,MonthlyIncome_q1,TotalWorkingYears_q1,YearsAtCompany_q3,DistanceFromHome_q2
No,Travel_Rarely,Research_Development,College,Other,Low,Female,High,3,Laboratory_Technician,Medium,Married,No,1,Good,Age_q3,MonthlyIncome_q2,TotalWorkingYears_q3,YearsAtCompany_q3,DistanceFromHome_q1
No,Travel_Rarely,Research_Development,Master,Medical,Very_High,Male,High,1,Research_Scientist,High,Married,No,2,Good,Age_q3,MonthlyIncome_q0,TotalWorkingYears_q2,YearsAtCompany_q0,DistanceFromHome_q2
No,Non-Travel,Sales,College,Marketing,Very_High,Female,High,2,Sales_Executive,High,Married,No,1,Good,Age_q1,MonthlyIncome_q2,TotalWorkingYears_q1,YearsAtCompany_q2,DistanceFromHome_q2
No,Travel_Rarely,Research_Development,Master,Other,Medium,Male,High,1,Research_Scientist,Very_High,Single,No,0,Better,Age_q1,MonthlyIncome_q1,TotalWorkingYears_q1,YearsAtCompany_q2,DistanceFromHome_q1
No,Travel_Rarely,Research_Development,Bachelor,Technical_Degree,Very_High,Female,High,3,Research_Director,Low,Married,No,1,Better,Age_q2,MonthlyIncome_q3,TotalWorkingYears_q2,YearsAtCompany_q3,DistanceFromHome_q0
No,Non-Travel,Research_Development,Bachelor,Life_Sciences,High,Female,Medium,1,Laboratory_Technician,Medium,Married,No,0,Better,Age_q1,MonthlyIncome_q0,TotalWorkingYears_q0,YearsAtCompany_q0,DistanceFromHome_q0
Yes,Travel_Rarely,Sales,College,Marketing,High,Male,Medium,1,Sales_Representative,Medium,Married,Yes,3,Better,Age_q0,MonthlyIncome_q0,TotalWorkingYears_q0,YearsAtCompany_q0,DistanceFromHome_q2
No,Travel_Rarely,Sales,Master,Marketing,Low,Male,Medium,3,Sales_Executive,Medium,Divorced,No,1,Good,Age_q2,MonthlyIncome_q3,TotalWorkingYears_q2,YearsAtCompany_q0,DistanceFromHome_q1
No,Travel_Frequently,Sales,Bachelor,Medical,High,Male,Medium,2,Sales_Executive,Low,Single,No,0,Better,Age_q0,MonthlyIncome_q1,TotalWorkingYears_q1,YearsAtCompany_q2,DistanceFromHome_q0
No,Travel_Rarely,Research_Development,Bachelor,Medical,Very_High,Male,High,1,Laboratory_Technician,Low,Single,Yes,0,Better,Age_q2,MonthlyIncome_q1,TotalWorkingYears_q3,YearsAtCompany_q3,DistanceFromHome_q1
No,Travel_Rarely,Research_Development,Master,Medical,High,Male,High,1,Laboratory_Technician,High,Single,No,0,Better,Age_q1,MonthlyIncome_q0,TotalWorkingYears_q3,YearsAtCompany_q3,DistanceFromHome_q0
Yes,Travel_Rarely,Sales,Bachelor,Other,Very_High,Male,Medium,1,Sales_Representative,Medium,Single,Yes,0,Best,Age_q0,MonthlyIncome_q0,TotalWorkingYears_q0,YearsAtCompany_q0,DistanceFromHome_q2
Yes,Travel_Rarely,Research_Development,Bachelor,Technical_Degree,Low,Male,High,1,Laboratory_Technician,Low,Single,No,0,Better,Age_q0,MonthlyIncome_q1,TotalWorkingYears_q0,YearsAtCompany_q0,DistanceFromHome_q1
No,Travel_Rarely,Research_Development,Bachelor,Medical,Very_High,Female,High,2,Healthcare_Representative,Very_High,Married,Yes,2,Bad,Age_q1,MonthlyIncome_q2,TotalWorkingYears_q1,YearsAtCompany_q2,DistanceFromHome_q2
No,Travel_Frequently,Research_Development,Master,Medical,Very_High,Male,High,1,Research_Scientist,Medium,Divorced,Yes,1,Better,Age_q2,MonthlyIncome_q1,TotalWorkingYears_q0,YearsAtCompany_q0,DistanceFromHome_q1
No,Travel_Rarely,Research_Development,Master,Medical,High,Female,High,2,Manufacturing_Director,Low,Married,No,1,Best,Age_q1,MonthlyIncome_q2,TotalWorkingYears_q1,YearsAtCompany_q2,DistanceFromHome_q0
Yes,Travel_Rarely,Sales,Below_College,Life_Sciences,High,Male,Medium,3,Sales_Executive,Very_High,Married,Yes,1,Better,Age_q1,MonthlyIncome_q3,TotalWorkingYears_q3,YearsAtCompany_q3,DistanceFromHome_q0
No,Travel_Rarely,Research_Development,Bachelor,Life_Sciences,Medium,Female,Medium,2,Healthcare_Representative,Very_High,Single,No,0,Better,Age_q1,MonthlyIncome_q2,TotalWorkingYears_q0,YearsAtCompany_q1,DistanceFromHome_q0
Yes,Travel_Rarely,Sales,Master,Life_Sciences,Low,Male,Medium,3,Sales_Executive,High,Married,No,0,Bad,Age_q2,MonthlyIncome_q3,TotalWorkingYears_q3,YearsAtCompany_q3,DistanceFromHome_q0
No,Non-Travel,Research_Development,College,Life_Sciences,High,Male,High,2,Laboratory_Technician,Medium,Married,No,0,Good,Age_q3,MonthlyIncome_q1,TotalWorkingYears_q1,YearsAtCompany_q2,DistanceFromHome_q1
No,Travel_Frequently,Sales,Bachelor,Technical_Degree,High,Female,High,1,Sales_Representative,Very_High,Married,No,1,Better,Age_q0,MonthlyIncome_q0,TotalWorkingYears_q0,YearsAtCompany_q0,DistanceFromHome_q2
No,Travel_Rarely,Sales,Bachelor,Medical,High,Female,High,2,Sales_Executive,High,Married,No,0,Better,Age_q1,MonthlyIncome_q1,TotalWorkingYears_q0,YearsAtCompany_q1,DistanceFromHome_q2
No,Travel_Rarely,Research_Development,College,Life_Sciences,Very_High,Male,High,4,Manager,Very_High,Married,No,1,Good,Age_q3,MonthlyIncome_q3,TotalWorkingYears_q3,YearsAtCompany_q2,DistanceFromHome_q0
Yes,Travel_Rarely,Research_Development,Bachelor,Technical_Degree,Very_High,Male,High,1,Research_Scientist,High,Single,No,0,Better,Age_q3,MonthlyIncome_q0,TotalWorkingYears_q1,YearsAtCompany_q0,DistanceFromHome_q0
No,Travel_Rarely,Sales,College,Medical,High,Male,High,4,Manager,High,Divorced,No,1,Best,Age_q3,MonthlyIncome_q3,TotalWorkingYears_q3,YearsAtCompany_q3,DistanceFromHome_q0
No,Travel_Rarely,Sales,College,Other,High,Male,High,3,Sales_Executive,High,Divorced,No,1,Best,Age_q0,MonthlyIncome_q2,TotalWorkingYears_q1,YearsAtCompany_q2,DistanceFromHome_q1
No,Non-Travel,Sales,Bachelor,Technical_Degree,High,Female,High,2,Sales_Executive,Very_High,Single,Yes,0,Better,Age_q2,MonthlyIncome_q2,TotalWorkingYears_q0,YearsAtCompany_q1,DistanceFromHome_q1
No,Travel_Rarely,Sales,Master,Life_Sciences,Very_High,Male,High,3,Sales_Executive,Very_High,Divorced,No,1,Better,Age_q1,MonthlyIncome_q2,TotalWorkingYears_q2,YearsAtCompany_q3,DistanceFromHome_q0
No,Travel_Rarely,Sales,Doctor,Life_Sciences,Low,Male,Very_High,3,Sales_Executive,High,Single,No,0,Better,Age_q2,MonthlyIncome_q2,TotalWorkingYears_q1,YearsAtCompany_q2,DistanceFromHome_q0
Yes,Non-Travel,Sales,Bachelor,Life_Sciences,Medium,Female,Very_High,4,Sales_Executive,Medium,Single,Yes,0,Good,Age_q2,MonthlyIncome_q3,TotalWorkingYears_q3,YearsAtCompany_q0,DistanceFromHome_q2
No,Travel_Frequently,Research_Development,Master,Medical,High,Male,Very_High,2,Manufacturing_Director,High,Divorced,Yes,0,Best,Age_q3,MonthlyIncome_q2,TotalWorkingYears_q3,YearsAtCompany_q3,DistanceFromHome_q2
No,Non-Travel,Sales,Master,Technical_Degree,Low,Male,High,2,Sales_Executive,Very_High,Divorced,No,2,Better,Age_q1,MonthlyIncome_q2,TotalWorkingYears_q2,YearsAtCompany_q2,DistanceFromHome_q1
Yes,Non-Travel,Research_Development,College,Medical,High,Male,Medium,1,Research_Scientist,Low,Single,Yes,0,Better,Age_q1,MonthlyIncome_q0,TotalWorkingYears_q0,YearsAtCompany_q0,DistanceFromHome_q1
No,Non-Travel,Sales,Bachelor,Life_Sciences,Very_High,Male,High,4,Manager,High,Single,No,0,Better,Age_q1,MonthlyIncome_q3,TotalWorkingYears_q1,YearsAtCompany_q3,DistanceFromHome_q2
Yes,Travel_Rarely,Research_Development,Bachelor,Life_Sciences,Very_High,Female,Medium,1,Research_Scientist,Low,Single,Yes,0,Better,Age_q0,MonthlyIncome_q0,TotalWorkingYears_q0,YearsAtCompany_q0,DistanceFromHome_q1
No,Travel_Rarely,Research_Development,Below_College,Life_Sciences,Medium,Female,High,1,Research_Scientist,Very_High,Single,No,0,Better,Age_q1,MonthlyIncome_q1,TotalWorkingYears_q0,YearsAtCompany_q0,DistanceFromHome_q2
No,Travel_Rarely,Research_Development,Master,Medical,Very_High,Female,High,1,Laboratory_Technician,Very_High,Divorced,No,2,Better,Age_q3,MonthlyIncome_q0,TotalWorkingYears_q1,YearsAtCompany_q1,DistanceFromHome_q0
No,Travel_Rarely,Research_Development,College,Medical,Very_High,Male,High,4,Research_Director,Very_High,Divorced,No,1,Good,Age_q3,MonthlyIncome_q3,TotalWorkingYears_q3,YearsAtCompany_q1,DistanceFromHome_q0
No,Travel_Frequently,Research_Development,Master,Other,High,Female,Very_High,2,Healthcare_Representative,Medium,Married,Yes,1,Better,Age_q1,MonthlyIncome_q2,TotalWorkingYears_q0,YearsAtCompany_q2,DistanceFromHome_q0
No,Travel_Frequently,Research_Development,Bachelor,Medical,Low,Male,High,5,Research_Director,High,Divorced,No,1,Best,Age_q2,MonthlyIncome_q3,TotalWorkingYears_q3,YearsAtCompany_q3,DistanceFromHome_q1
No,Travel_Rarely,Research_Development,Master,Technical_Degree,High,Female,High,1,Laboratory_Technician,Medium,Married,No,1,Better,Age_q0,MonthlyIncome_q0,TotalWorkingYears_q0,YearsAtCompany_q0,DistanceFromHome_q2
No,Non-Travel,Research_Development,College,Life_Sciences,Very_High,Male,High,2,Laboratory_Technician,Low,Married,Yes,1,Better,Age_q3,MonthlyIncome_q1,TotalWorkingYears_q1,YearsAtCompany_q2,DistanceFromHome_q2
No,Travel_Rarely,Sales,College,Life_Sciences,Very_High,Female,High,2,Sales_Executive,Very_High,Single,Yes,0,Better,Age_q3,MonthlyIncome_q1,TotalWorkingYears_q1,YearsAtCompany_q2,DistanceFromHome_q1
Yes,Travel_Rarely,Research_Development,Bachelor,Life_Sciences,Low,Female,High,1,Research_Scientist,High,Married,Yes,0,Better,Age_q0,MonthlyIncome_q0,TotalWorkingYears_q1,YearsAtCompany_q1,DistanceFromHome_q2
No,Travel_Rarely,Research_Development,Bachelor,Life_Sciences,Very_High,Male,High,4,Manufacturing_Director,High,Married,Yes,1,Better,Age_q3,MonthlyIncome_q3,TotalWorkingYears_q3,YearsAtCompany_q3,DistanceFromHome_q2
No,Travel_Frequently,Research_Development,Below_College,Medical,High,Male,High,1,Research_Scientist,High,Married,No,1,Good,Age_q2,MonthlyIncome_q0,TotalWorkingYears_q0,YearsAtCompany_q0,DistanceFromHome_q1
No,Travel_Rarely,Research_Development,College,Medical,Very_High,Male,High,3,Manufacturing_Director,High,Divorced,No,1,Better,Age_q3,MonthlyIncome_q3,TotalWorkingYears_q2,YearsAtCompany_q2,DistanceFromHome_q1
No,Travel_Rarely,Research_Development,Below_College,Medical,Very_High,Female,Medium,2,Manufacturing_Director,High,Divorced,No,2,Better,Age_q0,MonthlyIncome_q1,TotalWorkingYears_q0,YearsAtCompany_q1,DistanceFromHome_q2
Yes,Travel_Rarely,Research_Development,Master,Other,High,Male,Medium,1,Laboratory_Technician,Medium,Divorced,Yes,1,Bad,Age_q1,MonthlyIncome_q1,TotalWorkingYears_q0,YearsAtCompany_q1,DistanceFromHome_q2
No,Travel_Frequently,Research_Development,Below_College,Life_Sciences,High,Female,High,2,Manufacturing_Director,Low,Married,No,1,Better,Age_q1,MonthlyIncome_q1,TotalWorkingYears_q0,YearsAtCompany_q1,DistanceFromHome_q0
No,Non-Travel,Research_Development,College,Life_Sciences,Medium,Male,High,1,Research_Scientist,Very_High,Single,No,0,Better,Age_q0,MonthlyIncome_q0,TotalWorkingYears_q0,YearsAtCompany_q0,DistanceFromHome_q1
No,Travel_Rarely,Research_Development,Bachelor,Technical_Degree,High,Female,High,3,Manufacturing_Director,High,Married,No,1,Better,Age_q3,MonthlyIncome_q3,TotalWorkingYears_q3,YearsAtCompany_q3,DistanceFromHome_q2
No,Travel_Rarely,Research_Development,Master,Medical,High,Female,High,3,Healthcare_Representative,High,Divorced,Yes,1,Good,Age_q1,MonthlyIncome_q3,TotalWorkingYears_q3,YearsAtCompany_q3,DistanceFromHome_q2
No,Travel_Rarely,Research_Development,College,Life_Sciences,Medium,Female,Very_High,3,Research_Director,Low,Married,Yes,3,Good,Age_q0,MonthlyIncome_q3,TotalWorkingYears_q1,YearsAtCompany_q2,DistanceFromHome_q1
Yes,Travel_Rarely,Research_Development,Bachelor,Medical,Very_High,Female,Medium,1,Research_Scientist,Low,Single,Yes,0,Better,Age_q0,MonthlyIncome_q0,TotalWorkingYears_q0,YearsAtCompany_q0,DistanceFromHome_q2
Yes,Travel_Frequently,Research_Development,Bachelor,Medical,Medium,Female,High,1,Laboratory_Technician,Medium,Single,No,0,Better,Age_q0,MonthlyIncome_q0,TotalWorkingYears_q0,YearsAtCompany_q0,DistanceFromHome_q1
No,Travel_Rarely,Research_Development,College,Medical,Very_High,Male,Very_High,2,Manufacturing_Director,Very_High,Married,No,0,Better,Age_q0,MonthlyIncome_q2,TotalWorkingYears_q1,YearsAtCompany_q2,DistanceFromHome_q0
No,Travel_Rarely,Research_Development,Below_College,Life_Sciences,Medium,Male,Low,1,Laboratory_Technician,Low,Married,No,1,Good,Age_q0,MonthlyIncome_q0,TotalWorkingYears_q0,YearsAtCompany_q1,DistanceFromHome_q1
No,Travel_Rarely,Research_Development,Bachelor,Life_Sciences,Low,Male,Medium,2,Healthcare_Representative,High,Single,No,0,Better,Age_q3,MonthlyIncome_q1,TotalWorkingYears_q3,YearsAtCompany_q0,DistanceFromHome_q1
No,Travel_Rarely,Research_Development,Master,Life_Sciences,High,Male,Medium,3,Healthcare_Representative,High,Single,No,0,Better,Age_q3,MonthlyIncome_q3,TotalWorkingYears_q3,YearsAtCompany_q3,DistanceFromHome_q1
No,Travel_Rarely,Research_Development,College,Medical,Very_High,Female,High,2,Manufacturing_Director,High,Single,No,0,Better,Age_q2,MonthlyIncome_q2,TotalWorkingYears_q1,YearsAtCompany_q0,DistanceFromHome_q1
No,Travel_Rarely,Research_Development,Below_College,Life_Sciences,Very_High,Female,Medium,4,Manufacturing_Director,Very_High,Married,No,1,Better,Age_q2,MonthlyIncome_q3,TotalWorkingYears_q3,YearsAtCompany_q3,DistanceFromHome_q0
No,Travel_Rarely,Research_Development,Master,Life_Sciences,Low,Female,High,2,Manufacturing_Director,Very_High,Married,No,1,Better,Age_q0,MonthlyIncome_q1,TotalWorkingYears_q0,YearsAtCompany_q0,DistanceFromHome_q0
No,Travel_Rarely,Research_Development,Bachelor,Other,Medium,Male,High,1,Laboratory_Technician,Very_High,Divorced,No,1,Good,Age_q1,MonthlyIncome_q1,TotalWorkingYears_q0,YearsAtCompany_q0,DistanceFromHome_q1
No,Travel_Rarely,Sales,College,Marketing,Very_High,Male,High,5,Manager,High,Married,No,0,Best,Age_q2,MonthlyIncome_q3,TotalWorkingYears_q3,YearsAtCompany_q0,DistanceFromHome_q1
No,Travel_Rarely,Research_Development,Bachelor,Life_Sciences,Low,Male,High,1,Laboratory_Technician,Very_High,Married,No,0,Better,Age_q3,MonthlyIncome_q0,TotalWorkingYears_q1,YearsAtCompany_q0,DistanceFromHome_q1
No,Travel_Rarely,Research_Development,Bachelor,Life_Sciences,High,Female,Medium,4,Manufacturing_Director,Very_High,Single,Yes,0,Better,Age_q3,MonthlyIncome_q3,TotalWorkingYears_q3,YearsAtCompany_q1,DistanceFromHome_q0
Yes,Travel_Rarely,Research_Development,College,Medical,Low,Female,Low,2,Healthcare_Representative,Medium,Married,No,0,Bad,Age_q2,MonthlyIncome_q1,TotalWorkingYears_q2,YearsAtCompany_q0,DistanceFromHome_q2
No,Travel_Frequently,Research_Development,Master,Medical,High,Male,High,2,Healthcare_Representative,Medium,Married,Yes,2,Better,Age_q3,MonthlyIncome_q2,TotalWorkingYears_q3,YearsAtCompany_q2,DistanceFromHome_q2
No,Non-Travel,Research_Development,Below_College,Life_Sciences,Medium,Female,Low,5,Research_Director,High,Divorced,No,2,Better,Age_q2,MonthlyIncome_q3,TotalWorkingYears_q3,YearsAtCompany_q3,DistanceFromHome_q1
No,Travel_Rarely,Sales,Master,Life_Sciences,Medium,Male,High,2,Sales_Executive,Very_High,Single,Yes,0,Better,Age_q2,MonthlyIncome_q2,TotalWorkingYears_q3,YearsAtCompany_q0,DistanceFromHome_q0
Yes,Non-Travel,Sales,College,Medical,Medium,Male,Low,2,Sales_Executive,Low,Single,No,0,Better,Age_q0,MonthlyIncome_q2,TotalWorkingYears_q1,YearsAtCompany_q0,DistanceFromHome_q2
Yes,Travel_Rarely,Sales,Below_College,Marketing,Low,Female,Low,5,Manager,Very_High,Married,No,1,Better,Age_q3,MonthlyIncome_q3,TotalWorkingYears_q3,YearsAtCompany_q3,DistanceFromHome_q0
No,Travel_Rarely,Sales,Bachelor,Medical,Very_High,Female,Very_High,4,Sales_Executive,Very_High,Married,Yes,1,Better,Age_q3,MonthlyIncome_q3,TotalWorkingYears_q3,YearsAtCompany_q3,DistanceFromHome_q2
No,Non-Travel,Sales,Bachelor,Life_Sciences,Very_High,Female,High,2,Sales_Executive,High,Married,No,1,Better,Age_q3,MonthlyIncome_q2,TotalWorkingYears_q3,YearsAtCompany_q3,DistanceFromHome_q0
Yes,Travel_Rarely,Research_Development,Master,Life_Sciences,High,Female,Very_High,1,Laboratory_Technician,Low,Single,No,0,Better,Age_q1,MonthlyIncome_q0,TotalWorkingYears_q3,YearsAtCompany_q3,DistanceFromHome_q2
No,Travel_Frequently,Research_Development,Bachelor,Medical,Very_High,Female,High,3,Manufacturing_Director,Low,Single,Yes,0,Better,Age_q2,MonthlyIncome_q3,TotalWorkingYears_q3,YearsAtCompany_q3,DistanceFromHome_q2
No,Non-Travel,Sales,Below_College,Life_Sciences,Medium,Female,Medium,1,Sales_Representative,Very_High,Single,No,0,Good,Age_q1,MonthlyIncome_q0,TotalWorkingYears_q0,YearsAtCompany_q0,DistanceFromHome_q1
No,Travel_Rarely,Sales,College,Life_Sciences,Very_High,Female,High,4,Manager,Very_High,Married,No,1,Best,Age_q3,MonthlyIncome_q3,TotalWorkingYears_q3,YearsAtCompany_q2,DistanceFromHome_q2
No,Non-Travel,Research_Development,Master,Medical,Very_High,Female,High,1,Laboratory_Technician,High,Single,No,0,Better,Age_q1,MonthlyIncome_q1,TotalWorkingYears_q1,YearsAtCompany_q2,DistanceFromHome_q2
No,Travel_Rarely,Sales,Master,Marketing,Medium,Male,Very_High,2,Sales_Executive,Very_High,Divorced,No,1,Good,Age_q1,MonthlyIncome_q3,TotalWorkingYears_q3,YearsAtCompany_q3,DistanceFromHome_q0
No,Travel_Rarely,Sales,College,Technical_Degree,Medium,Male,High,3,Manager,Very_High,Married,Yes,1,Bad,Age_q3,MonthlyIncome_q3,TotalWorkingYears_q2,YearsAtCompany_q2,DistanceFromHome_q0
No,Travel_Rarely,Human_Resources,Master,Medical,Medium,Male,High,1,Human_Resources,Medium,Single,No,0,Better,Age_q3,MonthlyIncome_q0,TotalWorkingYears_q0,YearsAtCompany_q2,DistanceFromHome_q2
No,Travel_Frequently,Sales,Bachelor,Marketing,High,Female,Medium,3,Sales_Executive,Medium,Married,No,1,Better,Age_q3,MonthlyIncome_q2,TotalWorkingYears_q3,YearsAtCompany_q3,DistanceFromHome_q0
Yes,Travel_Rarely,Research_Development,Bachelor,Other,Low,Male,High,2,Laboratory_Technician,High,Divorced,No,1,Good,Age_q1,MonthlyIncome_q1,TotalWorkingYears_q1,YearsAtCompany_q0,DistanceFromHome_q2
Yes,Travel_Frequently,Research_Development,Bachelor,Life_Sciences,Low,Male,High,1,Research_Scientist,Low,Married,Yes,1,Better,Age_q0,MonthlyIncome_q0,TotalWorkingYears_q0,YearsAtCompany_q0,DistanceFromHome_q0
No,Travel_Rarely,Sales,Master,Life_Sciences,High,Female,High,1,Sales_Representative,High,Married,Yes,1,Better,Age_q1,MonthlyIncome_q0,TotalWorkingYears_q0,YearsAtCompany_q0,DistanceFromHome_q1
No,Travel_Rarely,Sales,Below_College,Medical,Very_High,Male,High,1,Sales_Representative,Medium,Married,No,0,Better,Age_q0,MonthlyIncome_q0,TotalWorkingYears_q0,YearsAtCompany_q0,DistanceFromHome_q1
No,Travel_Frequently,Research_Development,Master,Other,High,Male,High,1,Research_Scientist,High,Married,No,1,Better,Age_q2,MonthlyIncome_q0,TotalWorkingYears_q1,YearsAtCompany_q0,DistanceFromHome_q0
No,Travel_Rarely,Research_Development,Master,Medical,Medium,Male,High,5,Research_Director,High,Married,Yes,1,Good,Age_q3,MonthlyIncome_q3,TotalWorkingYears_q3,YearsAtCompany_q2,DistanceFromHome_q0
No,Travel_Rarely,Research_Development,Bachelor,Other,Very_High,Female,High,2,Healthcare_Representative,Medium,Single,No,0,Good,Age_q2,MonthlyIncome_q1,TotalWorkingYears_q1,YearsAtCompany_q1,DistanceFromHome_q0
No,Travel_Rarely,Sales,Bachelor,Marketing,High,Male,High,2,Sales_Executive,Low,Married,No,1,Good,Age_q2,MonthlyIncome_q3,TotalWorkingYears_q1,YearsAtCompany_q2,DistanceFromHome_q2
No,Travel_Frequently,Research_Development,Below_College,Medical,Low,Female,Medium,1,Research_Scientist,High,Divorced,No,2,Better,Age_q0,MonthlyIncome_q0,TotalWorkingYears_q0,YearsAtCompany_q1,DistanceFromHome_q0
No,Travel_Rarely,Research_Development,Master,Medical,Very_High,Male,High,5,Research_Director,Very_High,Divorced,No,2,Better,Age_q3,MonthlyIncome_q3,TotalWorkingYears_q3,YearsAtCompany_q0,DistanceFromHome_q0
No,Travel_Rarely,Sales,Master,Life_Sciences,High,Female,Medium,3,Sales_Executive,High,Married,No,1,Better,Age_q3,MonthlyIncome_q3,TotalWorkingYears_q2,YearsAtCompany_q2,DistanceFromHome_q0
No,Travel_Frequently,Research_Development,Bachelor,Medical,Low,Female,High,1,Research_Scientist,High,Married,No,1,Better,Age_q3,MonthlyIncome_q1,TotalWorkingYears_q3,YearsAtCompany_q1,DistanceFromHome_q1
No,Travel_Rarely,Research_Development,Doctor,Medical,Very_High,Female,Medium,3,Manufacturing_Director,Very_High,Single,No,0,Good,Age_q1,MonthlyIncome_q3,TotalWorkingYears_q2,YearsAtCompany_q3,DistanceFromHome_q2
No,Non-Travel,Research_Development,Below_College,Medical,High,Male,Medium,4,Manager,Low,Single,No,0,Best,Age_q3,MonthlyIncome_q3,TotalWorkingYears_q3,YearsAtCompany_q2,DistanceFromHome_q0
No,Travel_Rarely,Sales,Bachelor,Medical,High,Male,Medium,3,Sales_Executive,Very_High,Divorced,No,1,Better,Age_q2,MonthlyIncome_q3,TotalWorkingYears_q3,YearsAtCompany_q0,DistanceFromHome_q2
Yes,Travel_Frequently,Sales,Bachelor,Marketing,Very_High,Female,High,1,Sales_Representative,Very_High,Single,Yes,0,Better,Age_q0,MonthlyIncome_q0,TotalWorkingYears_q0,YearsAtCompany_q0,DistanceFromHome_q1
Yes,Travel_Rarely,Research_Development,Bachelor,Life_Sciences,High,Female,Medium,1,Laboratory_Technician,Low,Single,No,0,Good,Age_q0,MonthlyIncome_q0,TotalWorkingYears_q0,YearsAtCompany_q0,DistanceFromHome_q1
No,Travel_Rarely,Research_Development,Master,Life_Sciences,Very_High,Female,Medium,2,Research_Scientist,Low,Divorced,Yes,3,Better,Age_q3,MonthlyIncome_q1,TotalWorkingYears_q3,YearsAtCompany_q3,DistanceFromHome_q1
Yes,Travel_Rarely,Research_Development,Master,Life_Sciences,Low,Male,High,1,Research_Scientist,High,Married,Yes,3,Best,Age_q3,MonthlyIncome_q0,TotalWorkingYears_q3,YearsAtCompany_q3,DistanceFromHome_q1
Yes,Non-Travel,Research_Development,College,Technical_Degree,Medium,Male,Medium,3,Healthcare_Representative,Low,Single,No,0,Good,Age_q0,MonthlyIncome_q3,TotalWorkingYears_q1,YearsAtCompany_q3,DistanceFromHome_q2
No,Travel_Rarely,Research_Development,College,Medical,Low,Male,Medium,1,Laboratory_Technician,Low,Married,No,2,Better,Age_q0,MonthlyIncome_q1,TotalWorkingYears_q0,YearsAtCompany_q1,DistanceFromHome_q0
No,Travel_Rarely,Research_Development,Bachelor,Other,High,Male,High,2,Manufacturing_Director,Low,Married,No,1,Good,Age_q0,MonthlyIncome_q3,TotalWorkingYears_q1,YearsAtCompany_q2,DistanceFromHome_q2
No,Travel_Rarely,Research_Development,College,Technical_Degree,Medium,Female,Very_High,1,Research_Scientist,High,Married,No,0,Better,Age_q2,MonthlyIncome_q1,TotalWorkingYears_q1,YearsAtCompany_q3,DistanceFromHome_q1
No,Travel_Rarely,Research_Development,Below_College,Life_Sciences,High,Female,Medium,3,Healthcare_Representative,High,Married,No,1,Good,Age_q2,MonthlyIncome_q3,TotalWorkingYears_q3,YearsAtCompany_q3,DistanceFromHome_q2
No,Travel_Rarely,Research_Development,Master,Technical_Degree,Low,Male,High,3,Healthcare_Representative,Very_High,Married,No,1,Better,Age_q2,MonthlyIncome_q3,TotalWorkingYears_q2,YearsAtCompany_q3,DistanceFromHome_q2
No,Non-Travel,Research_Development,Doctor,Life_Sciences,Low,Male,Low,1,Laboratory_Technician,High,Married,No,3,Better,Age_q0,MonthlyIncome_q1,TotalWorkingYears_q0,YearsAtCompany_q0,DistanceFromHome_q1
No,Travel_Frequently,Research_Development,Below_College,Life_Sciences,Very_High,Male,High,3,Manufacturing_Director,Medium,Married,No,1,Better,Age_q3,MonthlyIncome_q3,TotalWorkingYears_q3,YearsAtCompany_q0,DistanceFromHome_q0
No,Travel_Rarely,Research_Development,Bachelor,Other,High,Female,High,2,Research_Scientist,High,Single,No,0,Best,Age_q0,MonthlyIncome_q1,TotalWorkingYears_q1,YearsAtCompany_q2,DistanceFromHome_q1
Yes,Travel_Rarely,Human_Resources,College,Medical,Medium,Male,Medium,3,Human_Resources,Low,Married,No,1,Better,Age_q3,MonthlyIncome_q3,TotalWorkingYears_q3,YearsAtCompany_q3,DistanceFromHome_q0
No,Travel_Rarely,Research_Development,Bachelor,Life_Sciences,Very_High,Male,Medium,3,Healthcare_Representative,Very_High,Divorced,No,1,Better,Age_q1,MonthlyIncome_q2,TotalWorkingYears_q1,YearsAtCompany_q0,DistanceFromHome_q1
Yes,Travel_Rarely,Sales,Bachelor,Technical_Degree,Very_High,Male,High,3,Sales_Executive,Low,Single,Yes,0,Better,Age_q1,MonthlyIncome_q3,TotalWorkingYears_q1,YearsAtCompany_q2,DistanceFromHome_q1
Yes,Travel_Frequently,Research_Development,Master,Medical,Low,Female,Medium,2,Research_Scientist,High,Single,No,0,Better,Age_q1,MonthlyIncome_q1,TotalWorkingYears_q2,YearsAtCompany_q3,DistanceFromHome_q2
No,Travel_Rarely,Research_Development,College,Life_Sciences,Low,Male,High,1,Laboratory_Technician,High,Divorced,No,1,Good,Age_q0,MonthlyIncome_q0,TotalWorkingYears_q0,YearsAtCompany_q1,DistanceFromHome_q2
No,Travel_Frequently,Research_Development,Below_College,Life_Sciences,Low,Male,High,2,Healthcare_Representative,Very_High,Single,No,0,Good,Age_q1,MonthlyIncome_q2,TotalWorkingYears_q1,YearsAtCompany_q2,DistanceFromHome_q0
No,Travel_Rarely,Sales,Master,Life_Sciences,Very_High,Female,Medium,2,Sales_Executive,Very_High,Divorced,Yes,3,Better,Age_q2,MonthlyIncome_q2,TotalWorkingYears_q1,YearsAtCompany_q0,DistanceFromHome_q1
Yes,Travel_Rarely,Research_Development,Below_College,Technical_Degree,Very_High,Male,High,1,Laboratory_Technician,Very_High,Married,Yes,1,Best,Age_q0,MonthlyIncome_q1,TotalWorkingYears_q1,YearsAtCompany_q2,DistanceFromHome_q1
Yes,Travel_Rarely,Research_Development,Bachelor,Medical,Low,Male,High,1,Laboratory_Technician,High,Divorced,No,1,Good,Age_q0,MonthlyIncome_q0,TotalWorkingYears_q0,YearsAtCompany_q0,DistanceFromHome_q2
Yes,Travel_Rarely,Research_Development,Bachelor,Medical,Low,Male,Medium,1,Research_Scientist,Medium,Single,Yes,0,Better,Age_q1,MonthlyIncome_q0,TotalWorkingYears_q0,YearsAtCompany_q0,DistanceFromHome_q2
No,Travel_Rarely,Research_Development,College,Medical,Very_High,Male,High,4,Manager,Low,Married,No,1,Better,Age_q2,MonthlyIncome_q3,TotalWorkingYears_q3,YearsAtCompany_q3,DistanceFromHome_q0
Yes,Travel_Frequently,Research_Development,Bachelor,Medical,Low,Male,Medium,1,Laboratory_Technician,Medium,Divorced,No,2,Better,Age_q0,MonthlyIncome_q0,TotalWorkingYears_q0,YearsAtCompany_q0,DistanceFromHome_q0
Yes,Travel_Frequently,Sales,Master,Other,Very_High,Male,High,2,Sales_Executive,High,Single,Yes,0,Better,Age_q3,MonthlyIncome_q1,TotalWorkingYears_q0,YearsAtCompany_q0,DistanceFromHome_q0
No,Travel_Frequently,Sales,Bachelor,Life_Sciences,Very_High,Female,High,2,Sales_Executive,Medium,Married,No,1,Better,Age_q1,MonthlyIncome_q1,TotalWorkingYears_q0,YearsAtCompany_q0,DistanceFromHome_q1
No,Non-Travel,Research_Development,Master,Life_Sciences,High,Male,Medium,1,Research_Scientist,Very_High,Married,No,3,Better,Age_q1,MonthlyIncome_q1,TotalWorkingYears_q0,YearsAtCompany_q0,DistanceFromHome_q0
No,Non-Travel,Research_Development,Master,Medical,Low,Male,Very_High,4,Manager,Very_High,Single,No,0,Good,Age_q3,MonthlyIncome_q3,TotalWorkingYears_q3,YearsAtCompany_q1,DistanceFromHome_q0
No,Non-Travel,Sales,Master,Life_Sciences,Medium,Female,Medium,2,Sales_Executive,High,Married,No,1,Better,Age_q3,MonthlyIncome_q2,TotalWorkingYears_q2,YearsAtCompany_q3,DistanceFromHome_q1
No,Travel_Rarely,Research_Development,Master,Life_Sciences,Medium,Male,High,3,Healthcare_Representative,Medium,Single,No,0,Better,Age_q3,MonthlyIncome_q3,TotalWorkingYears_q3,YearsAtCompany_q2,DistanceFromHome_q1
No,Travel_Rarely,Sales,Master,Marketing,High,Male,Medium,3,Sales_Executive,High,Divorced,Yes,2,Better,Age_q2,MonthlyIncome_q3,TotalWorkingYears_q1,YearsAtCompany_q2,DistanceFromHome_q1
No,Travel_Rarely,Research_Development,Master,Life_Sciences,High,Female,High,1,Research_Scientist,Very_High,Divorced,No,1,Better,Age_q0,MonthlyIncome_q0,TotalWorkingYears_q2,YearsAtCompany_q2,DistanceFromHome_q2
No,Travel_Rarely,Research_Development,Bachelor,Medical,Very_High,Female,High,3,Manufacturing_Director,Medium,Divorced,No,3,Good,Age_q0,MonthlyIncome_q2,TotalWorkingYears_q1,YearsAtCompany_q2,DistanceFromHome_q0
No,Travel_Rarely,Sales,Below_College,Marketing,Low,Male,High,4,Manager,High,Married,No,1,Better,Age_q3,MonthlyIncome_q3,TotalWorkingYears_q3,YearsAtCompany_q3,DistanceFromHome_q0
No,Travel_Rarely,Sales,College,Marketing,Very_High,Male,High,3,Sales_Executive,Medium,Single,No,0,Better,Age_q2,MonthlyIncome_q2,TotalWorkingYears_q1,YearsAtCompany_q0,DistanceFromHome_q0
No,Travel_Frequently,Research_Development,Bachelor,Life_Sciences,High,Female,High,3,Manufacturing_Director,Low,Married,No,1,Better,Age_q2,MonthlyIncome_q3,TotalWorkingYears_q3,YearsAtCompany_q2,DistanceFromHome_q2
Yes,Travel_Frequently,Research_Development,Bachelor,Life_Sciences,Low,Male,High,4,Healthcare_Representative,Very_High,Divorced,No,3,Better,Age_q2,MonthlyIncome_q3,TotalWorkingYears_q3,YearsAtCompany_q3,DistanceFromHome_q0
No,Travel_Rarely,Research_Development,Bachelor,Medical,High,Male,Medium,5,Research_Director,High,Single,No,0,Best,Age_q2,MonthlyIncome_q3,TotalWorkingYears_q3,YearsAtCompany_q3,DistanceFromHome_q2
No,Travel_Rarely,Research_Development,Below_College,Technical_Degree,Very_High,Female,Medium,1,Research_Scientist,Medium,Single,Yes,0,Best,Age_q0,MonthlyIncome_q0,TotalWorkingYears_q0,YearsAtCompany_q0,DistanceFromHome_q0
No,Non-Travel,Research_Development,Bachelor,Life_Sciences,High,Male,High,2,Laboratory_Technician,Medium,Single,No,0,Good,Age_q2,MonthlyIncome_q2,TotalWorkingYears_q1,YearsAtCompany_q1,DistanceFromHome_q1
No,Non-Travel,Research_Development,Master,Life_Sciences,Low,Male,High,2,Manufacturing_Director,Very_High,Single,No,0,Better,Age_q1,MonthlyIncome_q2,TotalWorkingYears_q3,YearsAtCompany_q3,DistanceFromHome_q2
No,Travel_Frequently,Sales,Bachelor,Life_Sciences,High,Male,Very_High,1,Sales_Representative,Very_High,Married,No,1,Better,Age_q1,MonthlyIncome_q0,TotalWorkingYears_q0,YearsAtCompany_q0,DistanceFromHome_q2
No,Travel_Rarely,Research_Development,Below_College,Life_Sciences,Low,Male,Medium,1,Research_Scientist,Medium,Married,No,0,Bad,Age_q0,MonthlyIncome_q1,TotalWorkingYears_q0,YearsAtCompany_q1,DistanceFromHome_q0
No,Travel_Frequently,Sales,College,Marketing,Very_High,Male,High,2,Sales_Executive,Very_High,Divorced,No,1,Better,Age_q1,MonthlyIncome_q2,TotalWorkingYears_q0,YearsAtCompany_q1,DistanceFromHome_q2
No,Travel_Rarely,Sales,Master,Technical_Degree,Very_High,Male,Medium,4,Sales_Executive,Medium,Married,No,1,Better,Age_q3,MonthlyIncome_q3,TotalWorkingYears_q3,YearsAtCompany_q2,DistanceFromHome_q1
No,Travel_Frequently,Research_Development,College,Life_Sciences,Very_High,Male,High,2,Manufacturing_Director,High,Single,No,0,Good,Age_q1,MonthlyIncome_q1,TotalWorkingYears_q0,YearsAtCompany_q0,DistanceFromHome_q0
No,Travel_Frequently,Research_Development,Bachelor,Life_Sciences,Very_High,Female,High,1,Research_Scientist,Medium,Divorced,No,2,Good,Age_q0,MonthlyIncome_q1,TotalWorkingYears_q1,YearsAtCompany_q2,DistanceFromHome_q1
No,Travel_Rarely,Research_Development,Bachelor,Medical,Medium,Male,Low,2,Laboratory_Technician,Very_High,Single,No,0,Better,Age_q2,MonthlyIncome_q1,TotalWorkingYears_q3,YearsAtCompany_q0,DistanceFromHome_q2
No,Travel_Rarely,Research_Development,Below_College,Medical,Medium,Male,Medium,2,Manufacturing_Director,Very_High,Married,Yes,1,Good,Age_q0,MonthlyIncome_q2,TotalWorkingYears_q1,YearsAtCompany_q3,DistanceFromHome_q1
No,Travel_Rarely,Human_Resources,Bachelor,Human_Resources,High,Male,Very_High,1,Human_Resources,High,Married,No,1,Best,Age_q2,MonthlyIncome_q0,TotalWorkingYears_q1,YearsAtCompany_q2,DistanceFromHome_q0
No,Travel_Frequently,Research_Development,Bachelor,Life_Sciences,High,Male,Medium,1,Research_Scientist,High,Divorced,Yes,1,Better,Age_q0,MonthlyIncome_q0,TotalWorkingYears_q0,YearsAtCompany_q0,DistanceFromHome_q1
Yes,Non-Travel,Research_Development,Below_College,Medical,High,Male,High,1,Laboratory_Technician,High,Single,No,0,Better,Age_q0,MonthlyIncome_q0,TotalWorkingYears_q0,YearsAtCompany_q0,DistanceFromHome_q1
Yes,Travel_Rarely,Sales,Master,Marketing,Low,Female,High,2,Sales_Executive,Low,Single,Yes,0,Better,Age_q1,MonthlyIncome_q2,TotalWorkingYears_q0,YearsAtCompany_q1,DistanceFromHome_q1
No,Travel_Rarely,Research_Development,Master,Life_Sciences,Medium,Male,High,1,Laboratory_Technician,Very_High,Married,Yes,1,Better,Age_q2,MonthlyIncome_q1,TotalWorkingYears_q0,YearsAtCompany_q0,DistanceFromHome_q2
Yes,Travel_Frequently,Research_Development,Bachelor,Medical,High,Male,High,1,Laboratory_Technician,High,Married,No,1,Good,Age_q1,MonthlyIncome_q0,TotalWorkingYears_q0,YearsAtCompany_q0,DistanceFromHome_q2
No,Travel_Rarely,Research_Development,College,Medical,High,Female,Medium,2,Healthcare_Representative,Very_High,Divorced,No,2,Better,Age_q2,MonthlyIncome_q2,TotalWorkingYears_q1,YearsAtCompany_q2,DistanceFromHome_q2
No,Travel_Rarely,Research_Development,Bachelor,Life_Sciences,Very_High,Male,Medium,1,Research_Scientist,High,Married,No,1,Better,Age_q0,MonthlyIncome_q0,TotalWorkingYears_q0,YearsAtCompany_q1,DistanceFromHome_q1
No,Travel_Rarely,Sales,Below_College,Life_Sciences,Medium,Female,High,2,Sales_Executive,High,Married,No,0,Good,Age_q1,MonthlyIncome_q2,TotalWorkingYears_q0,YearsAtCompany_q2,DistanceFromHome_q1
No,Travel_Rarely,Human_Resources,Master,Technical_Degree,High,Male,High,1,Human_Resources,High,Single,No,0,Bad,Age_q1,MonthlyIncome_q1,TotalWorkingYears_q0,YearsAtCompany_q1,DistanceFromHome_q1
Yes,Travel_Rarely,Sales,Below_College,Life_Sciences,Very_High,Female,Medium,3,Sales_Executive,Low,Married,No,1,Bad,Age_q0,MonthlyIncome_q2,TotalWorkingYears_q2,YearsAtCompany_q3,DistanceFromHome_q2
No,Travel_Frequently,Research_Development,Master,Medical,Medium,Female,High,3,Research_Director,High,Single,No,0,Good,Age_q2,MonthlyIncome_q3,TotalWorkingYears_q3,YearsAtCompany_q3,DistanceFromHome_q1
Yes,Travel_Frequently,Sales,Bachelor,Life_Sciences,High,Male,High,4,Sales_Executive,Low,Single,Yes,0,Good,Age_q2,MonthlyIncome_q3,TotalWorkingYears_q3,YearsAtCompany_q3,DistanceFromHome_q2
No,Travel_Rarely,Sales,Master,Marketing,Medium,Male,High,2,Sales_Executive,Low,Single,No,0,Best,Age_q2,MonthlyIncome_q2,TotalWorkingYears_q1,YearsAtCompany_q2,DistanceFromHome_q1
No,Travel_Rarely,Research_Development,Master,Medical,Very_High,Male,Medium,1,Laboratory_Technician,High,Married,No,1,Better,Age_q1,MonthlyIncome_q0,TotalWorkingYears_q1,YearsAtCompany_q2,DistanceFromHome_q0
No,Travel_Rarely,Research_Development,Bachelor,Medical,Very_High,Male,High,1,Laboratory_Technician,Medium,Single,No,0,Better,Age_q0,MonthlyIncome_q1,TotalWorkingYears_q0,YearsAtCompany_q1,DistanceFromHome_q2
Yes,Travel_Rarely,Research_Development,Below_College,Life_Sciences,High,Female,High,1,Laboratory_Technician,Very_High,Married,Yes,0,Good,Age_q0,MonthlyIncome_q0,TotalWorkingYears_q0,YearsAtCompany_q0,DistanceFromHome_q2
No,Travel_Rarely,Research_Development,Master,Medical,Low,Male,Very_High,1,Laboratory_Technician,Very_High,Married,No,1,Better,Age_q0,MonthlyIncome_q1,TotalWorkingYears_q1,YearsAtCompany_q2,DistanceFromHome_q0
No,Travel_Rarely,Sales,Bachelor,Marketing,High,Male,Medium,2,Sales_Executive,High,Married,No,1,Better,Age_q0,MonthlyIncome_q2,TotalWorkingYears_q1,YearsAtCompany_q3,DistanceFromHome_q1
No,Travel_Frequently,Research_Development,College,Medical,High,Female,Medium,2,Research_Scientist,Very_High,Married,Yes,1,Bad,Age_q2,MonthlyIncome_q1,TotalWorkingYears_q3,YearsAtCompany_q0,DistanceFromHome_q2
No,Travel_Rarely,Research_Development,Bachelor,Life_Sciences,High,Male,Medium,3,Manufacturing_Director,Medium,Divorced,No,1,Best,Age_q1,MonthlyIncome_q3,TotalWorkingYears_q2,YearsAtCompany_q2,DistanceFromHome_q0
No,Travel_Frequently,Research_Development,Bachelor,Medical,Very_High,Male,Medium,2,Healthcare_Representative,Low,Single,No,0,Better,Age_q1,MonthlyIncome_q2,TotalWorkingYears_q2,YearsAtCompany_q3,DistanceFromHome_q0
No,Travel_Frequently,Research_Development,Master,Other,Very_High,Male,Medium,1,Laboratory_Technician,Very_High,Married,No,1,Best,Age_q1,MonthlyIncome_q0,TotalWorkingYears_q0,YearsAtCompany_q0,DistanceFromHome_q1
Yes,Travel_Rarely,Sales,Bachelor,Marketing,Low,Female,Low,2,Sales_Executive,High,Single,No,0,Good,Age_q2,MonthlyIncome_q2,TotalWorkingYears_q1,YearsAtCompany_q1,DistanceFromHome_q1
No,Non-Travel,Sales,Below_College,Life_Sciences,High,Female,High,1,Sales_Representative,Low,Divorced,No,3,Better,Age_q1,MonthlyIncome_q0,TotalWorkingYears_q0,YearsAtCompany_q0,DistanceFromHome_q0
No,Travel_Rarely,Research_Development,Master,Technical_Degree,Very_High,Female,High,5,Manager,Low,Divorced,No,1,Better,Age_q3,MonthlyIncome_q3,TotalWorkingYears_q3,YearsAtCompany_q1,DistanceFromHome_q1
No,Travel_Rarely,Research_Development,Below_College,Medical,Medium,Female,High,1,Laboratory_Technician,Very_High,Married,No,1,Better,Age_q0,MonthlyIncome_q1,TotalWorkingYears_q1,YearsAtCompany_q3,DistanceFromHome_q1
No,Travel_Rarely,Research_Development,College,Life_Sciences,High,Male,High,1,Research_Scientist,Low,Single,No,0,Better,Age_q0,MonthlyIncome_q0,TotalWorkingYears_q0,YearsAtCompany_q0,DistanceFromHome_q1
No,Travel_Rarely,Research_Development,Bachelor,Medical,Low,Female,High,1,Research_Scientist,High,Married,Yes,1,Good,Age_q3,MonthlyIncome_q1,TotalWorkingYears_q1,YearsAtCompany_q0,DistanceFromHome_q1
No,Travel_Rarely,Research_Development,Bachelor,Life_Sciences,Very_High,Female,Medium,2,Manufacturing_Director,Very_High,Married,No,1,Good,Age_q2,MonthlyIncome_q2,TotalWorkingYears_q2,YearsAtCompany_q3,DistanceFromHome_q0
No,Travel_Rarely,Research_Development,Bachelor,Life_Sciences,Low,Male,Medium,1,Laboratory_Technician,High,Single,No,0,Good,Age_q0,MonthlyIncome_q1,TotalWorkingYears_q0,YearsAtCompany_q0,DistanceFromHome_q0
Yes,Travel_Rarely,Research_Development,Master,Life_Sciences,High,Male,High,1,Research_Scientist,High,Single,Yes,0,Better,Age_q3,MonthlyIncome_q1,TotalWorkingYears_q0,YearsAtCompany_q2,DistanceFromHome_q1
No,Travel_Rarely,Research_Development,College,Medical,Very_High,Female,High,5,Manager,High,Divorced,No,1,Better,Age_q3,MonthlyIncome_q3,TotalWorkingYears_q3,YearsAtCompany_q2,DistanceFromHome_q1
No,Travel_Rarely,Research_Development,Below_College,Life_Sciences,Medium,Female,Low,1,Research_Scientist,Very_High,Married,Yes,1,Good,Age_q0,MonthlyIncome_q0,TotalWorkingYears_q0,YearsAtCompany_q1,DistanceFromHome_q2
Yes,Travel_Frequently,Research_Development,Master,Life_Sciences,High,Male,Medium,1,Research_Scientist,Very_High,Married,Yes,1,Better,Age_q0,MonthlyIncome_q0,TotalWorkingYears_q0,YearsAtCompany_q0,DistanceFromHome_q0
No,Travel_Rarely,Sales,Bachelor,Marketing,High,Female,High,4,Manager,Low,Married,No,0,Better,Age_q3,MonthlyIncome_q3,TotalWorkingYears_q3,YearsAtCompany_q3,DistanceFromHome_q0
No,Non-Travel,Research_Development,Bachelor,Life_Sciences,Very_High,Male,Low,1,Research_Scientist,High,Single,No,0,Better,Age_q3,MonthlyIncome_q0,TotalWorkingYears_q0,YearsAtCompany_q0,DistanceFromHome_q2
No,Travel_Rarely,Human_Resources,Bachelor,Human_Resources,Medium,Male,High,1,Human_Resources,High,Married,No,1,Better,Age_q1,MonthlyIncome_q1,TotalWorkingYears_q0,YearsAtCompany_q1,DistanceFromHome_q0
Yes,Non-Travel,Research_Development,College,Life_Sciences,Low,Male,Medium,1,Research_Scientist,Low,Divorced,No,1,Bad,Age_q2,MonthlyIncome_q0,TotalWorkingYears_q0,YearsAtCompany_q0,DistanceFromHome_q1
No,Travel_Rarely,Sales,Master,Life_Sciences,High,Male,High,2,Sales_Executive,Low,Divorced,No,3,Better,Age_q0,MonthlyIncome_q1,TotalWorkingYears_q1,YearsAtCompany_q1,DistanceFromHome_q2
No,Travel_Frequently,Sales,Master,Medical,Medium,Male,High,2,Sales_Executive,Medium,Married,No,3,Better,Age_q2,MonthlyIncome_q1,TotalWorkingYears_q0,YearsAtCompany_q0,DistanceFromHome_q0
No,Travel_Frequently,Research_Development,Bachelor,Medical,Very_High,Female,High,4,Manager,Low,Married,No,1,Better,Age_q3,MonthlyIncome_q3,TotalWorkingYears_q3,YearsAtCompany_q0,DistanceFromHome_q0
No,Travel_Rarely,Research_Development,Master,Medical,Very_High,Male,Medium,1,Laboratory_Technician,Low,Married,No,3,Better,Age_q0,MonthlyIncome_q1,TotalWorkingYears_q0,YearsAtCompany_q2,DistanceFromHome_q2
No,Travel_Rarely,Research_Development,College,Life_Sciences,Very_High,Male,High,5,Research_Director,Medium,Married,No,1,Better,Age_q3,MonthlyIncome_q3,TotalWorkingYears_q3,YearsAtCompany_q1,DistanceFromHome_q2
No,Travel_Rarely,Sales,Master,Life_Sciences,High,Male,High,2,Sales_Executive,Low,Married,Yes,3,Better,Age_q1,MonthlyIncome_q3,TotalWorkingYears_q2,YearsAtCompany_q2,DistanceFromHome_q2
Yes,Travel_Rarely,Research_Development,College,Life_Sciences,Very_High,Female,High,1,Laboratory_Technician,Medium,Married,No,1,Bad,Age_q0,MonthlyIncome_q0,TotalWorkingYears_q0,YearsAtCompany_q0,DistanceFromHome_q2
No,Travel_Frequently,Sales,Bachelor,Medical,Medium,Female,High,2,Sales_Executive,High,Married,No,1,Good,Age_q1,MonthlyIncome_q1,TotalWorkingYears_q1,YearsAtCompany_q3,DistanceFromHome_q2
No,Travel_Rarely,Research_Development,Master,Life_Sciences,High,Male,Low,1,Laboratory_Technician,High,Divorced,No,1,Better,Age_q1,MonthlyIncome_q0,TotalWorkingYears_q1,YearsAtCompany_q2,DistanceFromHome_q1
No,Travel_Rarely,Research_Development,Master,Life_Sciences,High,Male,High,2,Laboratory_Technician,High,Divorced,No,3,Good,Age_q0,MonthlyIncome_q1,TotalWorkingYears_q1,YearsAtCompany_q3,DistanceFromHome_q1
No,Travel_Rarely,Research_Development,Master,Other,Very_High,Male,High,2,Research_Scientist,Very_High,Single,No,0,Better,Age_q3,MonthlyIncome_q1,TotalWorkingYears_q3,YearsAtCompany_q3,DistanceFromHome_q2
No,Travel_Rarely,Sales,Bachelor,Marketing,High,Male,Very_High,1,Sales_Representative,Very_High,Single,No,0,Better,Age_q0,MonthlyIncome_q0,TotalWorkingYears_q0,YearsAtCompany_q0,DistanceFromHome_q2
No,Travel_Rarely,Research_Development,Master,Technical_Degree,Very_High,Male,High,2,Manufacturing_Director,Very_High,Divorced,No,1,Good,Age_q3,MonthlyIncome_q2,TotalWorkingYears_q2,YearsAtCompany_q2,DistanceFromHome_q0
No,Non-Travel,Human_Resources,Doctor,Medical,Very_High,Male,Very_High,2,Human_Resources,Low,Married,No,1,Best,Age_q2,MonthlyIncome_q2,TotalWorkingYears_q1,YearsAtCompany_q1,DistanceFromHome_q0
No,Travel_Rarely,Sales,Master,Marketing,Medium,Male,Very_High,2,Sales_Executive,Very_High,Divorced,Yes,1,Better,Age_q3,MonthlyIncome_q2,TotalWorkingYears_q2,YearsAtCompany_q3,DistanceFromHome_q1
No,Travel_Frequently,Research_Development,Bachelor,Other,High,Female,Medium,1,Laboratory_Technician,Medium,Married,No,1,Better,Age_q1,MonthlyIncome_q0,TotalWorkingYears_q0,YearsAtCompany_q0,DistanceFromHome_q2
No,Travel_Frequently,Research_Development,College,Life_Sciences,Very_High,Female,High,2,Research_Scientist,High,Single,Yes,0,Better,Age_q1,MonthlyIncome_q2,TotalWorkingYears_q1,YearsAtCompany_q2,DistanceFromHome_q0
No,Travel_Rarely,Research_Development,Bachelor,Technical_Degree,High,Female,Low,3,Manufacturing_Director,Low,Divorced,Yes,1,Better,Age_q1,MonthlyIncome_q3,TotalWorkingYears_q3,YearsAtCompany_q2,DistanceFromHome_q0
No,Travel_Rarely,Research_Development,Bachelor,Medical,Low,Male,High,1,Research_Scientist,Very_High,Married,No,1,Better,Age_q1,MonthlyIncome_q0,TotalWorkingYears_q2,YearsAtCompany_q3,DistanceFromHome_q1
No,Travel_Rarely,Sales,Bachelor,Technical_Degree,Medium,Female,Medium,2,Sales_Executive,Medium,Divorced,No,1,Best,Age_q2,MonthlyIncome_q2,TotalWorkingYears_q1,YearsAtCompany_q1,DistanceFromHome_q1
No,Travel_Rarely,Sales,Master,Life_Sciences,High,Male,High,2,Sales_Executive,Very_High,Single,No,0,Better,Age_q0,MonthlyIncome_q2,TotalWorkingYears_q0,YearsAtCompany_q1,DistanceFromHome_q1
No,Travel_Rarely,Research_Development,Bachelor,Medical,Very_High,Male,High,1,Research_Scientist,Medium,Married,Yes,1,Better,Age_q0,MonthlyIncome_q1,TotalWorkingYears_q2,YearsAtCompany_q3,DistanceFromHome_q0
No,Travel_Frequently,Research_Development,Doctor,Medical,Low,Female,High,3,Research_Director,Low,Married,Yes,0,Better,Age_q2,MonthlyIncome_q3,TotalWorkingYears_q3,YearsAtCompany_q0,DistanceFromHome_q2
No,Non-Travel,Sales,College,Marketing,High,Female,Medium,3,Sales_Executive,Very_High,Married,Yes,1,Good,Age_q1,MonthlyIncome_q3,TotalWorkingYears_q3,YearsAtCompany_q3,DistanceFromHome_q1
No,Travel_Rarely,Research_Development,Bachelor,Life_Sciences,Low,Male,High,1,Research_Scientist,Low,Married,Yes,2,Good,Age_q0,MonthlyIncome_q0,TotalWorkingYears_q1,YearsAtCompany_q2,DistanceFromHome_q2
No,Travel_Frequently,Research_Development,Master,Life_Sciences,Very_High,Female,High,3,Manufacturing_Director,High,Divorced,No,1,Bad,Age_q3,MonthlyIncome_q3,TotalWorkingYears_q3,YearsAtCompany_q1,DistanceFromHome_q0
No,Travel_Rarely,Research_Development,Below_College,Life_Sciences,Low,Female,Very_High,1,Research_Scientist,Very_High,Married,No,1,Better,Age_q3,MonthlyIncome_q0,TotalWorkingYears_q1,YearsAtCompany_q3,DistanceFromHome_q0
Yes,Non-Travel,Research_Development,Bachelor,Medical,Low,Female,Medium,1,Research_Scientist,Medium,Single,Yes,0,Best,Age_q0,MonthlyIncome_q0,TotalWorkingYears_q0,YearsAtCompany_q0,DistanceFromHome_q1
No,Travel_Rarely,Research_Development,Bachelor,Life_Sciences,Low,Female,High,1,Research_Scientist,Very_High,Divorced,No,3,Better,Age_q0,MonthlyIncome_q1,TotalWorkingYears_q0,YearsAtCompany_q0,DistanceFromHome_q0
No,Travel_Rarely,Research_Development,Bachelor,Life_Sciences,Very_High,Male,High,4,Research_Director,Very_High,Married,No,0,Better,Age_q3,MonthlyIncome_q3,TotalWorkingYears_q3,YearsAtCompany_q3,DistanceFromHome_q0
No,Travel_Rarely,Research_Development,College,Medical,High,Male,High,2,Healthcare_Representative,Low,Married,Yes,0,Good,Age_q1,MonthlyIncome_q2,TotalWorkingYears_q0,YearsAtCompany_q2,DistanceFromHome_q2
No,Travel_Rarely,Research_Development,Bachelor,Medical,High,Female,Medium,2,Healthcare_Representative,Low,Single,No,0,Better,Age_q1,MonthlyIncome_q2,TotalWorkingYears_q1,YearsAtCompany_q3,DistanceFromHome_q2
No,Travel_Rarely,Sales,Bachelor,Life_Sciences,High,Female,Medium,2,Sales_Executive,Very_High,Single,No,0,Better,Age_q3,MonthlyIncome_q2,TotalWorkingYears_q2,YearsAtCompany_q2,DistanceFromHome_q0
No,Travel_Rarely,Research_Development,Bachelor,Life_Sciences,High,Male,Low,5,Research_Director,Very_High,Married,No,1,Better,Age_q2,MonthlyIncome_q3,TotalWorkingYears_q3,YearsAtCompany_q2,DistanceFromHome_q0
No,Travel_Rarely,Research_Development,College,Medical,Low,Male,Medium,5,Manager,High,Married,No,1,Best,Age_q3,MonthlyIncome_q3,TotalWorkingYears_q3,YearsAtCompany_q0,DistanceFromHome_q1
No,Travel_Frequently,Research_Development,Bachelor,Technical_Degree,High,Male,High,1,Research_Scientist,Medium,Married,No,0,Good,Age_q1,MonthlyIncome_q1,TotalWorkingYears_q2,YearsAtCompany_q3,DistanceFromHome_q0
No,Travel_Rarely,Research_Development,College,Technical_Degree,Very_High,Male,Very_High,1,Laboratory_Technician,Medium,Single,No,0,Good,Age_q3,MonthlyIncome_q0,TotalWorkingYears_q1,YearsAtCompany_q0,DistanceFromHome_q0
No,Travel_Rarely,Research_Development,College,Life_Sciences,Low,Male,High,1,Research_Scientist,High,Divorced,No,3,Better,Age_q0,MonthlyIncome_q0,TotalWorkingYears_q0,YearsAtCompany_q1,DistanceFromHome_q1
No,Travel_Rarely,Research_Development,Bachelor,Life_Sciences,High,Male,High,2,Healthcare_Representative,Very_High,Divorced,Yes,2,Better,Age_q0,MonthlyIncome_q2,TotalWorkingYears_q0,YearsAtCompany_q2,DistanceFromHome_q1
No,Travel_Rarely,Research_Development,Bachelor,Life_Sciences,Very_High,Male,Medium,5,Research_Director,Very_High,Single,No,0,Best,Age_q3,MonthlyIncome_q3,TotalWorkingYears_q3,YearsAtCompany_q0,DistanceFromHome_q0
No,Travel_Rarely,Research_Development,Bachelor,Life_Sciences,Very_High,Female,Medium,4,Research_Director,Very_High,Divorced,No,2,Good,Age_q0,MonthlyIncome_q3,TotalWorkingYears_q1,YearsAtCompany_q2,DistanceFromHome_q0
No,Travel_Rarely,Research_Development,Bachelor,Technical_Degree,High,Female,Very_High,1,Research_Scientist,High,Married,No,0,Good,Age_q1,MonthlyIncome_q0,TotalWorkingYears_q0,YearsAtCompany_q0,DistanceFromHome_q2
No,Travel_Rarely,Sales,Bachelor,Marketing,Medium,Male,High,5,Manager,Medium,Married,No,1,Better,Age_q3,MonthlyIncome_q3,TotalWorkingYears_q3,YearsAtCompany_q3,DistanceFromHome_q1
No,Travel_Rarely,Sales,Doctor,Marketing,Very_High,Male,Very_High,3,Sales_Executive,High,Divorced,Yes,2,Better,Age_q1,MonthlyIncome_q3,TotalWorkingYears_q1,YearsAtCompany_q2,DistanceFromHome_q1
No,Travel_Rarely,Research_Development,Bachelor,Life_Sciences,Medium,Female,Very_High,1,Research_Scientist,Very_High,Single,Yes,0,Better,Age_q0,MonthlyIncome_q1,TotalWorkingYears_q0,YearsAtCompany_q0,DistanceFromHome_q2
No,Travel_Rarely,Research_Development,College,Life_Sciences,Very_High,Male,High,1,Research_Scientist,High,Married,No,1,Better,Age_q0,MonthlyIncome_q0,TotalWorkingYears_q0,YearsAtCompany_q0,DistanceFromHome_q0
Yes,Travel_Frequently,Sales,Below_College,Life_Sciences,High,Male,Low,1,Sales_Representative,Very_High,Single,Yes,0,Better,Age_q0,MonthlyIncome_q0,TotalWorkingYears_q0,YearsAtCompany_q0,DistanceFromHome_q2
No,Travel_Rarely,Research_Development,College,Life_Sciences,High,Male,High,1,Research_Scientist,Very_High,Single,Yes,0,Good,Age_q0,MonthlyIncome_q0,TotalWorkingYears_q1,YearsAtCompany_q2,DistanceFromHome_q1
Yes,Travel_Rarely,Sales,Bachelor,Marketing,Low,Female,Low,5,Manager,Medium,Single,Yes,0,Better,Age_q3,MonthlyIncome_q3,TotalWorkingYears_q3,YearsAtCompany_q3,DistanceFromHome_q0
No,Non-Travel,Research_Development,Below_College,Medical,Very_High,Male,Medium,4,Healthcare_Representative,Medium,Divorced,Yes,1,Better,Age_q3,MonthlyIncome_q3,TotalWorkingYears_q3,YearsAtCompany_q3,DistanceFromHome_q1
Yes,Travel_Frequently,Research_Development,College,Life_Sciences,Low,Female,Medium,1,Laboratory_Technician,High,Single,No,0,Bad,Age_q0,MonthlyIncome_q0,TotalWorkingYears_q0,YearsAtCompany_q0,DistanceFromHome_q1
No,Travel_Rarely,Sales,College,Marketing,Very_High,Female,Medium,5,Manager,Medium,Married,No,1,Better,Age_q3,MonthlyIncome_q3,TotalWorkingYears_q3,YearsAtCompany_q3,DistanceFromHome_q1
No,Travel_Rarely,Sales,Bachelor,Marketing,High,Female,High,2,Sales_Executive,Low,Single,Yes,0,Better,Age_q1,MonthlyIncome_q1,TotalWorkingYears_q0,YearsAtCompany_q0,DistanceFromHome_q0
No,Travel_Frequently,Sales,Bachelor,Life_Sciences,Very_High,Male,High,5,Manager,Medium,Divorced,Yes,1,Good,Age_q3,MonthlyIncome_q3,TotalWorkingYears_q3,YearsAtCompany_q3,DistanceFromHome_q1
No,Travel_Rarely,Research_Development,Master,Medical,Very_High,Male,High,3,Manufacturing_Director,Very_High,Single,No,0,Good,Age_q3,MonthlyIncome_q3,TotalWorkingYears_q3,YearsAtCompany_q2,DistanceFromHome_q2
No,Travel_Frequently,Research_Development,Bachelor,Medical,High,Female,High,2,Laboratory_Technician,Medium,Divorced,No,2,Best,Age_q1,MonthlyIncome_q1,TotalWorkingYears_q2,YearsAtCompany_q3,DistanceFromHome_q2
No,Travel_Frequently,Research_Development,Master,Medical,Very_High,Male,High,1,Laboratory_Technician,High,Single,Yes,0,Good,Age_q0,MonthlyIncome_q0,TotalWorkingYears_q0,YearsAtCompany_q1,DistanceFromHome_q0
No,Travel_Rarely,Research_Development,College,Life_Sciences,High,Male,Very_High,5,Manager,Low,Divorced,No,2,Good,Age_q3,MonthlyIncome_q3,TotalWorkingYears_q3,YearsAtCompany_q3,DistanceFromHome_q1
No,Travel_Frequently,Human_Resources,Bachelor,Life_Sciences,High,Male,Medium,2,Human_Resources,Medium,Married,No,2,Best,Age_q1,MonthlyIncome_q1,TotalWorkingYears_q2,YearsAtCompany_q3,DistanceFromHome_q2
No,Travel_Rarely,Research_Development,Below_College,Life_Sciences,High,Male,High,1,Research_Scientist,High,Married,Yes,0,Better,Age_q1,MonthlyIncome_q1,TotalWorkingYears_q0,YearsAtCompany_q0,DistanceFromHome_q1
No,Travel_Rarely,Research_Development,Master,Medical,Medium,Female,Very_High,2,Research_Scientist,Medium,Married,Yes,0,Better,Age_q2,MonthlyIncome_q0,TotalWorkingYears_q3,YearsAtCompany_q0,DistanceFromHome_q1
No,Travel_Rarely,Sales,Master,Marketing,Very_High,Female,Medium,3,Sales_Executive,Very_High,Single,No,0,Best,Age_q2,MonthlyIncome_q3,TotalWorkingYears_q3,YearsAtCompany_q3,DistanceFromHome_q1
No,Travel_Rarely,Research_Development,Master,Life_Sciences,High,Female,High,2,Manufacturing_Director,Medium,Single,Yes,0,Better,Age_q1,MonthlyIncome_q2,TotalWorkingYears_q3,YearsAtCompany_q3,DistanceFromHome_q0
Yes,Travel_Rarely,Research_Development,Bachelor,Medical,Low,Female,High,3,Healthcare_Representative,Very_High,Married,No,1,Better,Age_q3,MonthlyIncome_q2,TotalWorkingYears_q1,YearsAtCompany_q3,DistanceFromHome_q2
No,Travel_Frequently,Research_Development,Bachelor,Life_Sciences,Very_High,Male,Medium,1,Laboratory_Technician,Very_High,Married,Yes,1,Better,Age_q0,MonthlyIncome_q1,TotalWorkingYears_q0,YearsAtCompany_q0,DistanceFromHome_q0
No,Travel_Frequently,Research_Development,College,Medical,Medium,Female,Medium,1,Laboratory_Technician,High,Single,No,0,Good,Age_q3,MonthlyIncome_q0,TotalWorkingYears_q1,YearsAtCompany_q2,DistanceFromHome_q1
No,Non-Travel,Research_Development,College,Medical,High,Female,High,2,Manufacturing_Director,High,Single,Yes,0,Better,Age_q0,MonthlyIncome_q1,TotalWorkingYears_q1,YearsAtCompany_q2,DistanceFromHome_q1
Yes,Travel_Rarely,Research_Development,Bachelor,Technical_Degree,Medium,Female,High,1,Laboratory_Technician,High,Divorced,Yes,2,Better,Age_q0,MonthlyIncome_q1,TotalWorkingYears_q1,YearsAtCompany_q2,DistanceFromHome_q1
No,Travel_Rarely,Research_Development,Bachelor,Technical_Degree,Very_High,Male,High,1,Research_Scientist,Low,Single,No,0,Good,Age_q0,MonthlyIncome_q0,TotalWorkingYears_q0,YearsAtCompany_q0,DistanceFromHome_q0
No,Travel_Rarely,Research_Development,Bachelor,Medical,Very_High,Female,High,1,Research_Scientist,Medium,Single,No,0,Good,Age_q0,MonthlyIncome_q0,TotalWorkingYears_q0,YearsAtCompany_q0,DistanceFromHome_q0
No,Travel_Rarely,Sales,Bachelor,Medical,High,Male,Very_High,2,Sales_Executive,Very_High,Married,No,2,Best,Age_q1,MonthlyIncome_q2,TotalWorkingYears_q1,YearsAtCompany_q3,DistanceFromHome_q1
No,Travel_Frequently,Research_Development,Bachelor,Medical,Medium,Female,High,5,Manager,Medium,Single,No,0,Better,Age_q3,MonthlyIncome_q3,TotalWorkingYears_q3,YearsAtCompany_q0,DistanceFromHome_q2
No,Travel_Rarely,Research_Development,Master,Medical,High,Female,Medium,4,Manager,Medium,Divorced,Yes,2,Better,Age_q2,MonthlyIncome_q3,TotalWorkingYears_q3,YearsAtCompany_q3,DistanceFromHome_q2
No,Travel_Rarely,Research_Development,Master,Life_Sciences,Low,Male,High,1,Research_Scientist,High,Divorced,No,2,Better,Age_q3,MonthlyIncome_q0,TotalWorkingYears_q0,YearsAtCompany_q0,DistanceFromHome_q2
Yes,Travel_Rarely,Research_Development,College,Life_Sciences,Very_High,Male,High,2,Laboratory_Technician,High,Married,No,1,Better,Age_q1,MonthlyIncome_q1,TotalWorkingYears_q1,YearsAtCompany_q3,DistanceFromHome_q1
Yes,Travel_Rarely,Research_Development,Bachelor,Medical,High,Male,High,1,Research_Scientist,Low,Single,No,0,Better,Age_q2,MonthlyIncome_q1,TotalWorkingYears_q0,YearsAtCompany_q1,DistanceFromHome_q2
No,Travel_Rarely,Research_Development,Bachelor,Technical_Degree,Low,Female,Medium,2,Laboratory_Technician,Very_High,Married,No,1,Better,Age_q0,MonthlyIncome_q1,TotalWorkingYears_q1,YearsAtCompany_q2,DistanceFromHome_q1
No,Travel_Rarely,Research_Development,Master,Technical_Degree,Very_High,Female,High,3,Healthcare_Representative,High,Married,No,0,Better,Age_q1,MonthlyIncome_q2,TotalWorkingYears_q1,YearsAtCompany_q2,DistanceFromHome_q1
No,Travel_Rarely,Human_Resources,College,Life_Sciences,Very_High,Female,High,1,Human_Resources,Low,Single,No,0,Best,Age_q3,MonthlyIncome_q1,TotalWorkingYears_q1,YearsAtCompany_q2,DistanceFromHome_q0
No,Non-Travel,Research_Development,Bachelor,Life_Sciences,High,Female,Low,2,Laboratory_Technician,Very_High,Married,No,3,Better,Age_q0,MonthlyIncome_q2,TotalWorkingYears_q1,YearsAtCompany_q2,DistanceFromHome_q0
No,Travel_Rarely,Research_Development,Bachelor,Life_Sciences,Very_High,Female,High,4,Research_Director,Low,Married,Yes,0,Better,Age_q3,MonthlyIncome_q3,TotalWorkingYears_q3,YearsAtCompany_q0,DistanceFromHome_q2
Yes,Travel_Rarely,Sales,Master,Marketing,Very_High,Male,Medium,3,Sales_Executive,Medium,Single,Yes,0,Better,Age_q2,MonthlyIncome_q3,TotalWorkingYears_q1,YearsAtCompany_q1,DistanceFromHome_q2
Yes,Travel_Rarely,Sales,Bachelor,Life_Sciences,Medium,Male,High,3,Sales_Executive,Medium,Single,Yes,0,Good,Age_q3,MonthlyIncome_q3,TotalWorkingYears_q1,YearsAtCompany_q2,DistanceFromHome_q1
No,Travel_Rarely,Research_Development,Master,Medical,Medium,Female,High,3,Manager,Low,Married,Yes,2,Better,Age_q0,MonthlyIncome_q3,TotalWorkingYears_q1,YearsAtCompany_q2,DistanceFromHome_q2
No,Travel_Rarely,Research_Development,College,Life_Sciences,Low,Male,High,2,Manufacturing_Director,High,Single,No,0,Better,Age_q2,MonthlyIncome_q1,TotalWorkingYears_q1,YearsAtCompany_q2,DistanceFromHome_q2
No,Non-Travel,Sales,Master,Life_Sciences,Very_High,Female,High,3,Sales_Executive,High,Divorced,Yes,1,Good,Age_q1,MonthlyIncome_q3,TotalWorkingYears_q1,YearsAtCompany_q3,DistanceFromHome_q0
No,Non-Travel,Sales,College,Medical,High,Male,Low,2,Sales_Executive,Medium,Single,No,0,Better,Age_q2,MonthlyIncome_q2,TotalWorkingYears_q3,YearsAtCompany_q3,DistanceFromHome_q1
Yes,Travel_Frequently,Sales,Bachelor,Life_Sciences,Very_High,Female,High,1,Sales_Representative,Medium,Single,Yes,0,Best,Age_q1,MonthlyIncome_q0,TotalWorkingYears_q0,YearsAtCompany_q0,DistanceFromHome_q0
Yes,Travel_Rarely,Research_Development,Bachelor,Life_Sciences,Low,Male,High,1,Laboratory_Technician,Low,Married,No,0,Best,Age_q3,MonthlyIncome_q0,TotalWorkingYears_q1,YearsAtCompany_q0,DistanceFromHome_q0
No,Non-Travel,Research_Development,Below_College,Life_Sciences,High,Male,High,4,Manager,High,Married,Yes,0,Good,Age_q2,MonthlyIncome_q3,TotalWorkingYears_q3,YearsAtCompany_q3,DistanceFromHome_q0
No,Travel_Rarely,Research_Development,College,Medical,Very_High,Female,Low,5,Manager,High,Married,No,1,Better,Age_q3,MonthlyIncome_q3,TotalWorkingYears_q3,YearsAtCompany_q3,DistanceFromHome_q0
No,Travel_Rarely,Human_Resources,Master,Life_Sciences,Very_High,Male,High,5,Manager,Medium,Single,No,0,Better,Age_q3,MonthlyIncome_q3,TotalWorkingYears_q3,YearsAtCompany_q2,DistanceFromHome_q1
No,Non-Travel,Research_Development,College,Life_Sciences,High,Male,High,1,Research_Scientist,High,Divorced,No,1,Better,Age_q2,MonthlyIncome_q1,TotalWorkingYears_q0,YearsAtCompany_q1,DistanceFromHome_q2
No,Travel_Rarely,Research_Development,Bachelor,Life_Sciences,Very_High,Male,High,3,Healthcare_Representative,Very_High,Divorced,No,1,Good,Age_q1,MonthlyIncome_q3,TotalWorkingYears_q1,YearsAtCompany_q2,DistanceFromHome_q1
No,Travel_Rarely,Research_Development,Bachelor,Life_Sciences,High,Male,High,2,Research_Scientist,Very_High,Single,No,0,Better,Age_q2,MonthlyIncome_q1,TotalWorkingYears_q1,YearsAtCompany_q2,DistanceFromHome_q0
No,Travel_Frequently,Sales,Bachelor,Marketing,High,Female,High,2,Sales_Executive,Low,Divorced,No,1,Better,Age_q2,MonthlyIncome_q1,TotalWorkingYears_q1,YearsAtCompany_q2,DistanceFromHome_q0
No,Travel_Frequently,Research_Development,Master,Life_Sciences,High,Male,High,2,Research_Scientist,High,Single,Yes,0,Better,Age_q1,MonthlyIncome_q1,TotalWorkingYears_q1,YearsAtCompany_q2,DistanceFromHome_q1
No,Travel_Rarely,Human_Resources,Bachelor,Life_Sciences,High,Male,High,4,Manager,Medium,Divorced,Yes,1,Better,Age_q3,MonthlyIncome_q3,TotalWorkingYears_q3,YearsAtCompany_q3,DistanceFromHome_q1
No,Travel_Rarely,Sales,College,Life_Sciences,Medium,Female,High,2,Sales_Executive,Low,Divorced,No,1,Better,Age_q2,MonthlyIncome_q2,TotalWorkingYears_q2,YearsAtCompany_q2,DistanceFromHome_q0
No,Travel_Rarely,Sales,College,Medical,High,Female,High,2,Sales_Executive,Low,Single,No,0,Best,Age_q1,MonthlyIncome_q2,TotalWorkingYears_q1,YearsAtCompany_q3,DistanceFromHome_q2
No,Travel_Rarely,Research_Development,Below_College,Medical,Very_High,Male,High,1,Laboratory_Technician,Very_High,Married,No,3,Good,Age_q0,MonthlyIncome_q1,TotalWorkingYears_q1,YearsAtCompany_q0,DistanceFromHome_q2
Yes,Travel_Rarely,Research_Development,Master,Medical,High,Female,Medium,3,Manufacturing_Director,Low,Married,Yes,0,Good,Age_q3,MonthlyIncome_q3,TotalWorkingYears_q3,YearsAtCompany_q3,DistanceFromHome_q1
No,Travel_Rarely,Research_Development,Master,Life_Sciences,Medium,Male,High,1,Laboratory_Technician,Medium,Married,No,1,Better,Age_q2,MonthlyIncome_q0,TotalWorkingYears_q1,YearsAtCompany_q1,DistanceFromHome_q0
No,Travel_Frequently,Sales,Bachelor,Marketing,Low,Female,Very_High,2,Sales_Executive,Low,Married,No,1,Good,Age_q1,MonthlyIncome_q1,TotalWorkingYears_q3,YearsAtCompany_q3,DistanceFromHome_q1
No,Travel_Rarely,Research_Development,Bachelor,Life_Sciences,Very_High,Male,High,3,Manufacturing_Director,Very_High,Single,No,0,Better,Age_q3,MonthlyIncome_q2,TotalWorkingYears_q2,YearsAtCompany_q3,DistanceFromHome_q1
No,Travel_Rarely,Sales,Bachelor,Medical,High,Female,Very_High,1,Sales_Representative,Very_High,Married,No,1,Better,Age_q0,MonthlyIncome_q0,TotalWorkingYears_q0,YearsAtCompany_q0,DistanceFromHome_q2
No,Travel_Rarely,Research_Development,College,Technical_Degree,Very_High,Female,Medium,4,Manufacturing_Director,Medium,Single,No,0,Good,Age_q3,MonthlyIncome_q3,TotalWorkingYears_q3,YearsAtCompany_q1,DistanceFromHome_q2
No,Non-Travel,Research_Development,Bachelor,Life_Sciences,Very_High,Female,High,1,Laboratory_Technician,Very_High,Single,No,0,Best,Age_q0,MonthlyIncome_q0,TotalWorkingYears_q0,YearsAtCompany_q0,DistanceFromHome_q0
No,Travel_Rarely,Research_Development,Bachelor,Medical,Very_High,Female,Medium,2,Laboratory_Technician,Very_High,Married,No,1,Better,Age_q1,MonthlyIncome_q2,TotalWorkingYears_q1,YearsAtCompany_q2,DistanceFromHome_q0
No,Travel_Frequently,Sales,Below_College,Life_Sciences,Very_High,Male,Low,2,Sales_Executive,Very_High,Single,No,0,Better,Age_q0,MonthlyIncome_q2,TotalWorkingYears_q1,YearsAtCompany_q2,DistanceFromHome_q0
Yes,Travel_Rarely,Sales,Master,Marketing,Low,Male,Very_High,4,Sales_Executive,High,Single,Yes,0,Good,Age_q3,MonthlyIncome_q3,TotalWorkingYears_q3,YearsAtCompany_q3,DistanceFromHome_q2
No,Travel_Rarely,Research_Development,Bachelor,Life_Sciences,Very_High,Male,High,4,Manufacturing_Director,Medium,Married,Yes,1,Better,Age_q3,MonthlyIncome_q3,TotalWorkingYears_q3,YearsAtCompany_q3,DistanceFromHome_q2
No,Non-Travel,Research_Development,Below_College,Technical_Degree,Low,Female,Medium,1,Research_Scientist,High,Divorced,No,3,Better,Age_q1,MonthlyIncome_q0,TotalWorkingYears_q0,YearsAtCompany_q1,DistanceFromHome_q2
No,Travel_Rarely,Research_Development,Below_College,Medical,Medium,Female,Very_High,2,Healthcare_Representative,High,Divorced,No,3,Better,Age_q2,MonthlyIncome_q2,TotalWorkingYears_q2,YearsAtCompany_q3,DistanceFromHome_q0
No,Travel_Rarely,Research_Development,Bachelor,Medical,Medium,Male,High,2,Laboratory_Technician,High,Married,No,2,Better,Age_q1,MonthlyIncome_q2,TotalWorkingYears_q1,YearsAtCompany_q2,DistanceFromHome_q2
Yes,Travel_Frequently,Sales,Bachelor,Life_Sciences,High,Female,Medium,1,Sales_Representative,Very_High,Single,No,0,Best,Age_q1,MonthlyIncome_q0,TotalWorkingYears_q0,YearsAtCompany_q0,DistanceFromHome_q0
Yes,Travel_Frequently,Sales,Master,Marketing,Very_High,Female,High,2,Sales_Executive,High,Married,Yes,1,Good,Age_q1,MonthlyIncome_q1,TotalWorkingYears_q0,YearsAtCompany_q1,DistanceFromHome_q2
No,Travel_Frequently,Research_Development,Bachelor,Life_Sciences,Very_High,Male,Very_High,1,Research_Scientist,High,Divorced,No,3,Better,Age_q2,MonthlyIncome_q0,TotalWorkingYears_q0,YearsAtCompany_q1,DistanceFromHome_q1
No,Travel_Rarely,Research_Development,Master,Technical_Degree,High,Female,High,2,Healthcare_Representative,Very_High,Single,No,0,Best,Age_q1,MonthlyIncome_q2,TotalWorkingYears_q2,YearsAtCompany_q3,DistanceFromHome_q0
No,Travel_Rarely,Sales,Bachelor,Life_Sciences,High,Male,Medium,2,Sales_Executive,Low,Married,No,1,Better,Age_q0,MonthlyIncome_q1,TotalWorkingYears_q0,YearsAtCompany_q1,DistanceFromHome_q2
Yes,Travel_Rarely,Research_Development,Master,Medical,Very_High,Male,High,2,Manufacturing_Director,High,Married,Yes,2,Good,Age_q1,MonthlyIncome_q2,TotalWorkingYears_q1,YearsAtCompany_q3,DistanceFromHome_q2
No,Travel_Rarely,Sales,Master,Life_Sciences,Low,Male,Medium,2,Sales_Executive,Very_High,Married,Yes,2,Best,Age_q2,MonthlyIncome_q2,TotalWorkingYears_q1,YearsAtCompany_q1,DistanceFromHome_q2
No,Travel_Frequently,Sales,Bachelor,Marketing,Medium,Male,High,3,Sales_Executive,Medium,Married,No,0,Better,Age_q3,MonthlyIncome_q3,TotalWorkingYears_q2,YearsAtCompany_q1,DistanceFromHome_q0
No,Travel_Frequently,Research_Development,Bachelor,Life_Sciences,Very_High,Female,High,2,Research_Scientist,Very_High,Divorced,Yes,2,Good,Age_q2,MonthlyIncome_q2,TotalWorkingYears_q2,YearsAtCompany_q2,DistanceFromHome_q2
No,Travel_Rarely,Research_Development,Below_College,Life_Sciences,High,Male,High,1,Research_Scientist,High,Married,Yes,0,Better,Age_q2,MonthlyIncome_q1,TotalWorkingYears_q1,YearsAtCompany_q2,DistanceFromHome_q1
No,Travel_Frequently,Sales,Below_College,Life_Sciences,Medium,Male,High,2,Sales_Executive,Very_High,Married,No,0,Best,Age_q1,MonthlyIncome_q3,TotalWorkingYears_q1,YearsAtCompany_q1,DistanceFromHome_q1
No,Travel_Rarely,Sales,Below_College,Marketing,High,Male,High,2,Sales_Executive,Medium,Married,Yes,3,Good,Age_q1,MonthlyIncome_q1,TotalWorkingYears_q0,YearsAtCompany_q0,DistanceFromHome_q0
No,Non-Travel,Research_Development,College,Life_Sciences,High,Male,High,3,Healthcare_Representative,High,Married,No,1,Better,Age_q2,MonthlyIncome_q3,TotalWorkingYears_q2,YearsAtCompany_q2,DistanceFromHome_q2
No,Travel_Rarely,Sales,Below_College,Life_Sciences,Low,Male,Very_High,2,Sales_Executive,High,Married,No,0,Good,Age_q0,MonthlyIncome_q2,TotalWorkingYears_q0,YearsAtCompany_q0,DistanceFromHome_q2
No,Travel_Frequently,Research_Development,College,Medical,Very_High,Female,Very_High,4,Manufacturing_Director,High,Married,Yes,1,Good,Age_q3,MonthlyIncome_q3,TotalWorkingYears_q3,YearsAtCompany_q1,DistanceFromHome_q2
No,Travel_Rarely,Research_Development,Bachelor,Medical,Low,Female,Medium,2,Research_Scientist,High,Single,Yes,0,Bad,Age_q2,MonthlyIncome_q1,TotalWorkingYears_q3,YearsAtCompany_q3,DistanceFromHome_q1
No,Travel_Rarely,Sales,Bachelor,Marketing,Very_High,Female,Medium,2,Sales_Executive,Very_High,Married,Yes,0,Better,Age_q0,MonthlyIncome_q2,TotalWorkingYears_q0,YearsAtCompany_q2,DistanceFromHome_q1
Yes,Travel_Rarely,Research_Development,Master,Life_Sciences,Very_High,Female,High,1,Research_Scientist,High,Single,Yes,0,Better,Age_q0,MonthlyIncome_q0,TotalWorkingYears_q1,YearsAtCompany_q2,DistanceFromHome_q2
No,Travel_Rarely,Research_Development,Below_College,Medical,Low,Male,Medium,1,Research_Scientist,Very_High,Single,No,0,Better,Age_q0,MonthlyIncome_q1,TotalWorkingYears_q0,YearsAtCompany_q1,DistanceFromHome_q0
No,Travel_Rarely,Human_Resources,Bachelor,Human_Resources,High,Female,High,4,Manager,Low,Married,No,1,Better,Age_q2,MonthlyIncome_q3,TotalWorkingYears_q3,YearsAtCompany_q3,DistanceFromHome_q1
No,Travel_Rarely,Research_Development,Master,Other,High,Female,High,1,Laboratory_Technician,Low,Married,No,0,Bad,Age_q3,MonthlyIncome_q1,TotalWorkingYears_q2,YearsAtCompany_q1,DistanceFromHome_q1
No,Travel_Rarely,Research_Development,Bachelor,Medical,Low,Female,High,1,Laboratory_Technician,High,Single,No,0,Better,Age_q2,MonthlyIncome_q1,TotalWorkingYears_q1,YearsAtCompany_q0,DistanceFromHome_q2
No,Travel_Frequently,Research_Development,College,Life_Sciences,High,Male,High,3,Manufacturing_Director,Very_High,Single,No,0,Better,Age_q1,MonthlyIncome_q3,TotalWorkingYears_q1,YearsAtCompany_q0,DistanceFromHome_q2
No,Travel_Rarely,Research_Development,Bachelor,Technical_Degree,Low,Male,High,1,Laboratory_Technician,Very_High,Married,No,1,Good,Age_q0,MonthlyIncome_q1,TotalWorkingYears_q1,YearsAtCompany_q0,DistanceFromHome_q0
No,Travel_Rarely,Research_Development,Bachelor,Other,High,Male,Very_High,1,Laboratory_Technician,Low,Single,No,0,Better,Age_q0,MonthlyIncome_q1,TotalWorkingYears_q1,YearsAtCompany_q2,DistanceFromHome_q1
No,Travel_Rarely,Human_Resources,Bachelor,Other,Medium,Male,Medium,3,Human_Resources,Low,Single,No,0,Good,Age_q0,MonthlyIncome_q2,TotalWorkingYears_q1,YearsAtCompany_q3,DistanceFromHome_q2
Yes,Travel_Frequently,Research_Development,College,Life_Sciences,Low,Male,Medium,2,Laboratory_Technician,Low,Single,No,0,Better,Age_q3,MonthlyIncome_q1,TotalWorkingYears_q3,YearsAtCompany_q1,DistanceFromHome_q2
Yes,Travel_Frequently,Research_Development,Below_College,Other,High,Female,High,3,Healthcare_Representative,Very_High,Single,Yes,0,Better,Age_q0,MonthlyIncome_q2,TotalWorkingYears_q1,YearsAtCompany_q2,DistanceFromHome_q2
No,Travel_Rarely,Research_Development,Bachelor,Medical,Very_High,Female,High,4,Research_Director,Very_High,Single,No,0,Good,Age_q3,MonthlyIncome_q3,TotalWorkingYears_q3,YearsAtCompany_q3,DistanceFromHome_q0
No,Travel_Rarely,Research_Development,Bachelor,Medical,Very_High,Female,High,5,Research_Director,Low,Married,Yes,1,Better,Age_q3,MonthlyIncome_q3,TotalWorkingYears_q3,YearsAtCompany_q2,DistanceFromHome_q0
No,Travel_Rarely,Research_Development,Master,Medical,Medium,Male,Very_High,4,Research_Director,Very_High,Divorced,No,2,Best,Age_q3,MonthlyIncome_q3,TotalWorkingYears_q3,YearsAtCompany_q2,DistanceFromHome_q0
No,Travel_Rarely,Sales,Master,Marketing,Low,Female,High,2,Sales_Executive,Medium,Single,Yes,0,Better,Age_q1,MonthlyIncome_q3,TotalWorkingYears_q2,YearsAtCompany_q1,DistanceFromHome_q0
Yes,Travel_Frequently,Sales,Master,Life_Sciences,Medium,Female,Low,1,Sales_Representative,High,Single,No,0,Better,Age_q1,MonthlyIncome_q0,TotalWorkingYears_q0,YearsAtCompany_q0,DistanceFromHome_q0
No,Travel_Rarely,Sales,Master,Marketing,Very_High,Female,High,2,Sales_Executive,Low,Divorced,No,2,Better,Age_q0,MonthlyIncome_q1,TotalWorkingYears_q1,YearsAtCompany_q0,DistanceFromHome_q1
No,Travel_Rarely,Research_Development,Doctor,Life_Sciences,Low,Female,High,4,Research_Director,Medium,Single,No,0,Best,Age_q1,MonthlyIncome_q3,TotalWorkingYears_q1,YearsAtCompany_q0,DistanceFromHome_q1
No,Travel_Frequently,Research_Development,Master,Other,Very_High,Male,High,1,Research_Scientist,Low,Divorced,No,2,Better,Age_q1,MonthlyIncome_q1,TotalWorkingYears_q1,YearsAtCompany_q1,DistanceFromHome_q0
Yes,Travel_Rarely,Research_Development,Bachelor,Life_Sciences,Low,Female,Medium,1,Research_Scientist,Medium,Single,No,0,Best,Age_q1,MonthlyIncome_q0,TotalWorkingYears_q0,YearsAtCompany_q0,DistanceFromHome_q1
No,Travel_Rarely,Research_Development,Below_College,Life_Sciences,Medium,Male,High,1,Laboratory_Technician,Low,Married,No,0,Best,Age_q0,MonthlyIncome_q0,TotalWorkingYears_q0,YearsAtCompany_q1,DistanceFromHome_q2
No,Travel_Rarely,Research_Development,Master,Life_Sciences,Low,Male,Medium,2,Laboratory_Technician,Very_High,Single,No,0,Good,Age_q1,MonthlyIncome_q2,TotalWorkingYears_q1,YearsAtCompany_q3,DistanceFromHome_q1
No,Travel_Rarely,Sales,Master,Marketing,High,Female,Medium,2,Sales_Executive,Low,Married,No,2,Good,Age_q1,MonthlyIncome_q2,TotalWorkingYears_q2,YearsAtCompany_q0,DistanceFromHome_q2
No,Travel_Rarely,Research_Development,Bachelor,Technical_Degree,Low,Male,High,1,Research_Scientist,Very_High,Married,No,1,Good,Age_q3,MonthlyIncome_q1,TotalWorkingYears_q3,YearsAtCompany_q2,DistanceFromHome_q0
Yes,Travel_Rarely,Sales,College,Life_Sciences,Low,Male,Medium,1,Sales_Representative,Low,Married,No,0,Better,Age_q0,MonthlyIncome_q1,TotalWorkingYears_q0,YearsAtCompany_q0,DistanceFromHome_q1
No,Non-Travel,Research_Development,College,Technical_Degree,High,Male,Very_High,1,Laboratory_Technician,High,Single,No,0,Bad,Age_q2,MonthlyIncome_q1,TotalWorkingYears_q1,YearsAtCompany_q2,DistanceFromHome_q1
No,Travel_Rarely,Research_Development,College,Life_Sciences,Low,Female,High,1,Research_Scientist,Low,Married,No,1,Best,Age_q3,MonthlyIncome_q0,TotalWorkingYears_q0,YearsAtCompany_q0,DistanceFromHome_q0
No,Travel_Rarely,Research_Development,Master,Medical,Low,Female,High,4,Research_Director,High,Married,No,2,Best,Age_q3,MonthlyIncome_q3,TotalWorkingYears_q3,YearsAtCompany_q3,DistanceFromHome_q0
No,Travel_Rarely,Sales,Below_College,Medical,Very_High,Female,High,2,Sales_Executive,High,Married,Yes,2,Better,Age_q0,MonthlyIncome_q1,TotalWorkingYears_q0,YearsAtCompany_q1,DistanceFromHome_q1
No,Travel_Rarely,Sales,Doctor,Marketing,Very_High,Male,High,2,Sales_Executive,Very_High,Married,No,1,Good,Age_q1,MonthlyIncome_q3,TotalWorkingYears_q1,YearsAtCompany_q1,DistanceFromHome_q1
No,Travel_Rarely,Research_Development,Bachelor,Life_Sciences,Very_High,Female,Medium,1,Laboratory_Technician,Medium,Married,No,1,Good,Age_q1,MonthlyIncome_q1,TotalWorkingYears_q1,YearsAtCompany_q1,DistanceFromHome_q0
No,Travel_Rarely,Research_Development,Doctor,Medical,Medium,Male,Very_High,1,Research_Scientist,High,Married,Yes,0,Good,Age_q2,MonthlyIncome_q0,TotalWorkingYears_q1,YearsAtCompany_q1,DistanceFromHome_q1
No,Non-Travel,Research_Development,Master,Other,High,Male,High,2,Laboratory_Technician,High,Divorced,No,2,Best,Age_q2,MonthlyIncome_q1,TotalWorkingYears_q2,YearsAtCompany_q2,DistanceFromHome_q1
No,Travel_Rarely,Sales,College,Life_Sciences,Low,Male,High,3,Sales_Executive,Very_High,Divorced,No,1,Better,Age_q1,MonthlyIncome_q3,TotalWorkingYears_q2,YearsAtCompany_q3,DistanceFromHome_q1
Yes,Travel_Rarely,Sales,Bachelor,Marketing,Low,Male,High,3,Sales_Executive,Very_High,Divorced,No,1,Best,Age_q3,MonthlyIncome_q3,TotalWorkingYears_q3,YearsAtCompany_q2,DistanceFromHome_q1
Yes,Non-Travel,Research_Development,Bachelor,Life_Sciences,Low,Female,Medium,1,Laboratory_Technician,Low,Single,Yes,0,Best,Age_q2,MonthlyIncome_q1,TotalWorkingYears_q2,YearsAtCompany_q0,DistanceFromHome_q0
Yes,Travel_Frequently,Research_Development,Doctor,Life_Sciences,High,Female,Very_High,3,Manufacturing_Director,Medium,Single,No,0,Better,Age_q1,MonthlyIncome_q2,TotalWorkingYears_q1,YearsAtCompany_q3,DistanceFromHome_q0
No,Travel_Rarely,Research_Development,Bachelor,Medical,Medium,Male,Low,3,Healthcare_Representative,Low,Divorced,Yes,1,Better,Age_q3,MonthlyIncome_q3,TotalWorkingYears_q3,YearsAtCompany_q2,DistanceFromHome_q2
No,Travel_Rarely,Human_Resources,College,Medical,Very_High,Female,Very_High,1,Human_Resources,Medium,Single,No,0,Better,Age_q1,MonthlyIncome_q0,TotalWorkingYears_q1,YearsAtCompany_q0,DistanceFromHome_q1
Yes,Travel_Frequently,Research_Development,Bachelor,Life_Sciences,Medium,Male,High,1,Laboratory_Technician,Very_High,Married,Yes,1,Bad,Age_q1,MonthlyIncome_q1,TotalWorkingYears_q1,YearsAtCompany_q0,DistanceFromHome_q0
No,Travel_Rarely,Research_Development,Bachelor,Technical_Degree,Medium,Male,High,3,Manufacturing_Director,Very_High,Married,Yes,2,Best,Age_q3,MonthlyIncome_q3,TotalWorkingYears_q1,YearsAtCompany_q0,DistanceFromHome_q2
No,Travel_Rarely,Sales,Bachelor,Marketing,High,Male,High,2,Sales_Executive,Low,Divorced,No,3,Better,Age_q3,MonthlyIncome_q2,TotalWorkingYears_q2,YearsAtCompany_q0,DistanceFromHome_q1
Yes,Travel_Rarely,Human_Resources,Master,Technical_Degree,Low,Female,High,1,Human_Resources,High,Married,No,0,Better,Age_q1,MonthlyIncome_q0,TotalWorkingYears_q0,YearsAtCompany_q0,DistanceFromHome_q1
No,Non-Travel,Research_Development,Below_College,Medical,Very_High,Male,Medium,3,Research_Director,Medium,Divorced,No,1,Better,Age_q2,MonthlyIncome_q3,TotalWorkingYears_q3,YearsAtCompany_q2,DistanceFromHome_q1
No,Travel_Rarely,Sales,Bachelor,Medical,Very_High,Male,High,2,Sales_Executive,Low,Single,No,0,Better,Age_q0,MonthlyIncome_q3,TotalWorkingYears_q0,YearsAtCompany_q1,DistanceFromHome_q1
No,Non-Travel,Research_Development,Bachelor,Life_Sciences,High,Male,Medium,1,Laboratory_Technician,High,Single,No,0,Better,Age_q3,MonthlyIncome_q1,TotalWorkingYears_q1,YearsAtCompany_q1,DistanceFromHome_q1
No,Travel_Rarely,Research_Development,Bachelor,Medical,Very_High,Male,Very_High,4,Research_Director,Medium,Single,No,0,Good,Age_q3,MonthlyIncome_q3,TotalWorkingYears_q3,YearsAtCompany_q2,DistanceFromHome_q0
No,Travel_Rarely,Research_Development,Master,Technical_Degree,Low,Male,High,2,Healthcare_Representative,High,Married,No,1,Good,Age_q3,MonthlyIncome_q2,TotalWorkingYears_q3,YearsAtCompany_q0,DistanceFromHome_q1
No,Travel_Rarely,Research_Development,Bachelor,Medical,High,Male,High,1,Research_Scientist,High,Divorced,No,1,Best,Age_q2,MonthlyIncome_q0,TotalWorkingYears_q1,YearsAtCompany_q0,DistanceFromHome_q0
No,Travel_Rarely,Research_Development,Bachelor,Life_Sciences,Very_High,Male,High,1,Research_Scientist,Medium,Single,No,0,Good,Age_q3,MonthlyIncome_q1,TotalWorkingYears_q0,YearsAtCompany_q1,DistanceFromHome_q2
No,Travel_Frequently,Sales,Bachelor,Medical,Very_High,Male,High,2,Sales_Executive,Low,Married,No,2,Better,Age_q1,MonthlyIncome_q1,TotalWorkingYears_q0,YearsAtCompany_q1,DistanceFromHome_q1
No,Travel_Rarely,Sales,Bachelor,Other,Very_High,Male,Low,2,Sales_Executive,Low,Single,No,0,Better,Age_q1,MonthlyIncome_q1,TotalWorkingYears_q2,YearsAtCompany_q3,DistanceFromHome_q0
No,Travel_Rarely,Sales,Below_College,Life_Sciences,Very_High,Male,High,2,Sales_Executive,High,Married,No,2,Good,Age_q0,MonthlyIncome_q2,TotalWorkingYears_q0,YearsAtCompany_q0,DistanceFromHome_q2
No,Travel_Frequently,Research_Development,College,Medical,Low,Female,High,1,Laboratory_Technician,Very_High,Single,No,0,Better,Age_q2,MonthlyIncome_q1,TotalWorkingYears_q2,YearsAtCompany_q3,DistanceFromHome_q1
No,Travel_Frequently,Sales,Doctor,Marketing,Low,Female,High,2,Sales_Executive,High,Married,No,1,Good,Age_q3,MonthlyIncome_q1,TotalWorkingYears_q2,YearsAtCompany_q0,DistanceFromHome_q0
No,Non-Travel,Research_Development,Bachelor,Technical_Degree,High,Male,High,1,Research_Scientist,High,Divorced,No,2,Good,Age_q0,MonthlyIncome_q0,TotalWorkingYears_q0,YearsAtCompany_q0,DistanceFromHome_q1
No,Travel_Rarely,Research_Development,College,Life_Sciences,Medium,Male,Very_High,2,Research_Scientist,High,Married,No,1,Good,Age_q3,MonthlyIncome_q1,TotalWorkingYears_q2,YearsAtCompany_q3,DistanceFromHome_q0
No,Travel_Rarely,Research_Development,Master,Life_Sciences,High,Male,High,3,Healthcare_Representative,Medium,Divorced,No,2,Better,Age_q3,MonthlyIncome_q3,TotalWorkingYears_q3,YearsAtCompany_q2,DistanceFromHome_q1
No,Travel_Frequently,Research_Development,Bachelor,Medical,Medium,Male,High,4,Research_Director,Low,Divorced,No,2,Good,Age_q1,MonthlyIncome_q3,TotalWorkingYears_q3,YearsAtCompany_q3,DistanceFromHome_q2
Yes,Travel_Frequently,Sales,Bachelor,Technical_Degree,Low,Male,High,1,Sales_Representative,High,Married,No,1,Best,Age_q0,MonthlyIncome_q0,TotalWorkingYears_q0,YearsAtCompany_q0,DistanceFromHome_q0
Yes,Travel_Frequently,Sales,Bachelor,Technical_Degree,Low,Female,High,2,Sales_Executive,Medium,Single,No,0,Bad,Age_q0,MonthlyIncome_q2,TotalWorkingYears_q1,YearsAtCompany_q1,DistanceFromHome_q2
Yes,Travel_Rarely,Sales,Master,Medical,Low,Female,Medium,2,Sales_Executive,Medium,Single,Yes,0,Best,Age_q1,MonthlyIncome_q1,TotalWorkingYears_q3,YearsAtCompany_q3,DistanceFromHome_q2
No,Travel_Rarely,Sales,Below_College,Life_Sciences,Very_High,Male,High,1,Sales_Representative,High,Married,No,1,Better,Age_q1,MonthlyIncome_q0,TotalWorkingYears_q0,YearsAtCompany_q0,DistanceFromHome_q1
Yes,Travel_Frequently,Research_Development,Bachelor,Medical,Medium,Male,High,1,Laboratory_Technician,Low,Single,Yes,0,Good,Age_q0,MonthlyIncome_q1,TotalWorkingYears_q0,YearsAtCompany_q0,DistanceFromHome_q1
No,Non-Travel,Sales,College,Life_Sciences,Very_High,Female,High,1,Sales_Representative,Medium,Married,No,1,Better,Age_q0,MonthlyIncome_q0,TotalWorkingYears_q0,YearsAtCompany_q0,DistanceFromHome_q2
No,Travel_Frequently,Research_Development,Below_College,Medical,Medium,Male,High,3,Manufacturing_Director,High,Single,Yes,0,Good,Age_q3,MonthlyIncome_q3,TotalWorkingYears_q3,YearsAtCompany_q0,DistanceFromHome_q0
No,Travel_Rarely,Sales,Bachelor,Life_Sciences,High,Male,Medium,2,Sales_Executive,High,Divorced,No,2,Better,Age_q0,MonthlyIncome_q3,TotalWorkingYears_q1,YearsAtCompany_q3,DistanceFromHome_q2
No,Travel_Rarely,Human_Resources,Bachelor,Life_Sciences,High,Male,High,1,Human_Resources,High,Divorced,No,1,Best,Age_q0,MonthlyIncome_q0,TotalWorkingYears_q0,YearsAtCompany_q1,DistanceFromHome_q0
No,Travel_Rarely,Research_Development,Master,Life_Sciences,Very_High,Male,High,2,Healthcare_Representative,High,Married,Yes,0,Better,Age_q3,MonthlyIncome_q1,TotalWorkingYears_q0,YearsAtCompany_q0,DistanceFromHome_q1
No,Travel_Rarely,Research_Development,Master,Medical,Low,Female,Medium,1,Laboratory_Technician,Medium,Married,No,0,Better,Age_q1,MonthlyIncome_q1,TotalWorkingYears_q1,YearsAtCompany_q1,DistanceFromHome_q1
No,Travel_Rarely,Sales,Bachelor,Medical,High,Female,High,2,Sales_Executive,High,Married,Yes,1,Good,Age_q3,MonthlyIncome_q1,TotalWorkingYears_q2,YearsAtCompany_q1,DistanceFromHome_q2
Yes,Travel_Frequently,Research_Development,College,Medical,High,Male,Medium,1,Laboratory_Technician,Low,Single,No,0,Good,Age_q0,MonthlyIncome_q0,TotalWorkingYears_q1,YearsAtCompany_q0,DistanceFromHome_q0
No,Travel_Rarely,Research_Development,Bachelor,Life_Sciences,Low,Male,Medium,1,Research_Scientist,High,Divorced,No,1,Bad,Age_q0,MonthlyIncome_q0,TotalWorkingYears_q0,YearsAtCompany_q0,DistanceFromHome_q0
No,Travel_Frequently,Sales,Bachelor,Life_Sciences,High,Male,High,2,Sales_Executive,Low,Single,No,0,Better,Age_q0,MonthlyIncome_q1,TotalWorkingYears_q0,YearsAtCompany_q1,DistanceFromHome_q1
No,Travel_Rarely,Research_Development,College,Medical,High,Female,Medium,2,Laboratory_Technician,Low,Married,No,1,Better,Age_q3,MonthlyIncome_q1,TotalWorkingYears_q1,YearsAtCompany_q0,DistanceFromHome_q0
No,Travel_Frequently,Research_Development,Below_College,Life_Sciences,Very_High,Female,High,1,Laboratory_Technician,Medium,Married,No,3,Better,Age_q0,MonthlyIncome_q1,TotalWorkingYears_q0,YearsAtCompany_q0,DistanceFromHome_q0
No,Travel_Rarely,Research_Development,Below_College,Life_Sciences,High,Male,Low,2,Manufacturing_Director,Medium,Married,No,2,Good,Age_q0,MonthlyIncome_q2,TotalWorkingYears_q1,YearsAtCompany_q2,DistanceFromHome_q2
No,Travel_Rarely,Research_Development,Doctor,Life_Sciences,Very_High,Male,High,2,Healthcare_Representative,High,Single,Yes,0,Better,Age_q1,MonthlyIncome_q2,TotalWorkingYears_q2,YearsAtCompany_q0,DistanceFromHome_q1
No,Travel_Rarely,Research_Development,Bachelor,Medical,High,Male,High,3,Manager,Very_High,Single,No,0,Best,Age_q1,MonthlyIncome_q3,TotalWorkingYears_q1,YearsAtCompany_q1,DistanceFromHome_q1
No,Travel_Frequently,Research_Development,Master,Medical,Medium,Female,High,4,Manager,Very_High,Divorced,No,1,Better,Age_q3,MonthlyIncome_q3,TotalWorkingYears_q3,YearsAtCompany_q3,DistanceFromHome_q2
Yes,Travel_Rarely,Research_Development,Master,Technical_Degree,Low,Male,Medium,1,Research_Scientist,Low,Single,No,0,Bad,Age_q0,MonthlyIncome_q0,TotalWorkingYears_q2,YearsAtCompany_q2,DistanceFromHome_q0
No,Travel_Rarely,Research_Development,Bachelor,Life_Sciences,Very_High,Male,High,4,Research_Director,Low,Married,No,1,Best,Age_q3,MonthlyIncome_q3,TotalWorkingYears_q3,YearsAtCompany_q3,DistanceFromHome_q2
No,Travel_Rarely,Research_Development,Bachelor,Life_Sciences,Medium,Female,High,3,Manufacturing_Director,Medium,Single,No,0,Better,Age_q2,MonthlyIncome_q2,TotalWorkingYears_q1,YearsAtCompany_q0,DistanceFromHome_q1
No,Travel_Rarely,Sales,Bachelor,Life_Sciences,High,Female,High,4,Manager,Medium,Married,No,1,Best,Age_q3,MonthlyIncome_q3,TotalWorkingYears_q3,YearsAtCompany_q3,DistanceFromHome_q0
No,Travel_Rarely,Research_Development,Bachelor,Life_Sciences,Very_High,Female,Medium,3,Healthcare_Representative,Medium,Single,No,0,Bad,Age_q1,MonthlyIncome_q3,TotalWorkingYears_q2,YearsAtCompany_q3,DistanceFromHome_q2
No,Travel_Rarely,Research_Development,Below_College,Life_Sciences,Low,Male,High,2,Laboratory_Technician,High,Single,No,0,Better,Age_q0,MonthlyIncome_q0,TotalWorkingYears_q0,YearsAtCompany_q1,DistanceFromHome_q2
Yes,Travel_Rarely,Research_Development,Master,Life_Sciences,Very_High,Male,High,1,Laboratory_Technician,Low,Single,No,0,Bad,Age_q2,MonthlyIncome_q0,TotalWorkingYears_q2,YearsAtCompany_q1,DistanceFromHome_q1
No,Travel_Rarely,Sales,Bachelor,Technical_Degree,Very_High,Male,Medium,3,Sales_Executive,High,Married,Yes,0,Better,Age_q1,MonthlyIncome_q2,TotalWorkingYears_q1,YearsAtCompany_q3,DistanceFromHome_q0
Yes,Travel_Frequently,Research_Development,Bachelor,Life_Sciences,Very_High,Female,High,1,Research_Scientist,High,Single,No,0,Bad,Age_q1,MonthlyIncome_q1,TotalWorkingYears_q1,YearsAtCompany_q2,DistanceFromHome_q0
No,Travel_Frequently,Research_Development,Doctor,Medical,High,Male,Low,4,Research_Director,Very_High,Single,Yes,0,Better,Age_q3,MonthlyIncome_q3,TotalWorkingYears_q3,YearsAtCompany_q3,DistanceFromHome_q2
No,Travel_Rarely,Sales,College,Technical_Degree,Medium,Male,High,1,Sales_Representative,High,Married,Yes,1,Better,Age_q1,MonthlyIncome_q0,TotalWorkingYears_q2,YearsAtCompany_q3,DistanceFromHome_q1
No,Travel_Rarely,Research_Development,Bachelor,Medical,High,Male,Medium,1,Laboratory_Technician,Medium,Married,No,1,Better,Age_q2,MonthlyIncome_q1,TotalWorkingYears_q0,YearsAtCompany_q0,DistanceFromHome_q0
No,Travel_Rarely,Research_Development,Bachelor,Medical,Low,Male,High,2,Research_Scientist,Very_High,Married,No,0,Better,Age_q2,MonthlyIncome_q1,TotalWorkingYears_q1,YearsAtCompany_q3,DistanceFromHome_q2
No,Travel_Rarely,Research_Development,Below_College,Other,High,Female,Low,2,Healthcare_Representative,Low,Married,No,1,Better,Age_q0,MonthlyIncome_q3,TotalWorkingYears_q1,YearsAtCompany_q2,DistanceFromHome_q1
No,Travel_Rarely,Research_Development,Bachelor,Life_Sciences,Very_High,Male,Medium,2,Manufacturing_Director,Medium,Single,No,0,Better,Age_q1,MonthlyIncome_q1,TotalWorkingYears_q0,YearsAtCompany_q1,DistanceFromHome_q2
No,Travel_Rarely,Research_Development,Bachelor,Technical_Degree,Very_High,Male,High,1,Research_Scientist,Very_High,Married,No,1,Better,Age_q3,MonthlyIncome_q0,TotalWorkingYears_q1,YearsAtCompany_q1,DistanceFromHome_q2
No,Travel_Frequently,Research_Development,Bachelor,Life_Sciences,Very_High,Male,High,3,Healthcare_Representative,Very_High,Married,Yes,1,Bad,Age_q2,MonthlyIncome_q3,TotalWorkingYears_q3,YearsAtCompany_q3,DistanceFromHome_q0
No,Travel_Rarely,Sales,College,Medical,Low,Male,High,2,Sales_Executive,Low,Married,No,0,Best,Age_q2,MonthlyIncome_q2,TotalWorkingYears_q1,YearsAtCompany_q2,DistanceFromHome_q1
No,Travel_Rarely,Research_Development,Master,Life_Sciences,Medium,Male,High,2,Laboratory_Technician,High,Married,Yes,1,Better,Age_q1,MonthlyIncome_q2,TotalWorkingYears_q2,YearsAtCompany_q3,DistanceFromHome_q2
No,Travel_Rarely,Human_Resources,College,Medical,High,Male,High,4,Manager,Very_High,Single,Yes,0,Better,Age_q2,MonthlyIncome_q3,TotalWorkingYears_q3,YearsAtCompany_q3,DistanceFromHome_q1
No,Travel_Rarely,Research_Development,College,Technical_Degree,High,Male,Medium,1,Laboratory_Technician,Low,Divorced,No,3,Better,Age_q0,MonthlyIncome_q0,TotalWorkingYears_q0,YearsAtCompany_q0,DistanceFromHome_q2
No,Non-Travel,Research_Development,College,Life_Sciences,Very_High,Male,High,2,Healthcare_Representative,Very_High,Divorced,Yes,0,Better,Age_q2,MonthlyIncome_q1,TotalWorkingYears_q1,YearsAtCompany_q0,DistanceFromHome_q1
No,Travel_Rarely,Research_Development,Master,Technical_Degree,Low,Male,High,3,Healthcare_Representative,Medium,Divorced,No,3,Better,Age_q3,MonthlyIncome_q2,TotalWorkingYears_q1,YearsAtCompany_q3,DistanceFromHome_q0
No,Travel_Rarely,Sales,Master,Life_Sciences,Medium,Female,Medium,1,Sales_Representative,High,Married,No,2,Better,Age_q1,MonthlyIncome_q0,TotalWorkingYears_q0,YearsAtCompany_q1,DistanceFromHome_q2
No,Travel_Rarely,Research_Development,College,Life_Sciences,Very_High,Female,Medium,2,Research_Scientist,Medium,Married,No,1,Better,Age_q1,MonthlyIncome_q2,TotalWorkingYears_q2,YearsAtCompany_q2,DistanceFromHome_q1
No,Travel_Rarely,Sales,Master,Life_Sciences,High,Male,High,1,Sales_Representative,Very_High,Single,Yes,0,Good,Age_q1,MonthlyIncome_q0,TotalWorkingYears_q1,YearsAtCompany_q0,DistanceFromHome_q0
No,Travel_Rarely,Sales,Master,Life_Sciences,High,Female,High,2,Sales_Executive,High,Divorced,No,1,Better,Age_q3,MonthlyIncome_q2,TotalWorkingYears_q3,YearsAtCompany_q2,DistanceFromHome_q2
No,Travel_Rarely,Research_Development,Bachelor,Life_Sciences,High,Male,Very_High,1,Research_Scientist,High,Married,No,2,Good,Age_q0,MonthlyIncome_q0,TotalWorkingYears_q0,YearsAtCompany_q0,DistanceFromHome_q1
No,Travel_Rarely,Sales,Master,Life_Sciences,Low,Male,High,2,Sales_Executive,Low,Married,No,1,Bad,Age_q1,MonthlyIncome_q2,TotalWorkingYears_q1,YearsAtCompany_q0,DistanceFromHome_q1
Yes,Travel_Rarely,Sales,Bachelor,Life_Sciences,Medium,Male,Medium,2,Sales_Executive,Low,Married,No,1,Better,Age_q0,MonthlyIncome_q3,TotalWorkingYears_q1,YearsAtCompany_q3,DistanceFromHome_q0
No,Travel_Frequently,Human_Resources,Master,Human_Resources,High,Male,High,2,Human_Resources,High,Married,No,0,Better,Age_q2,MonthlyIncome_q2,TotalWorkingYears_q1,YearsAtCompany_q2,DistanceFromHome_q1
No,Travel_Rarely,Research_Development,Bachelor,Medical,Very_High,Male,Medium,1,Laboratory_Technician,Low,Single,No,0,Better,Age_q1,MonthlyIncome_q0,TotalWorkingYears_q0,YearsAtCompany_q0,DistanceFromHome_q0
No,Travel_Rarely,Sales,Master,Technical_Degree,High,Male,High,3,Sales_Executive,Medium,Married,No,1,Better,Age_q0,MonthlyIncome_q3,TotalWorkingYears_q1,YearsAtCompany_q1,DistanceFromHome_q2
Yes,Travel_Rarely,Research_Development,Bachelor,Life_Sciences,Low,Female,High,1,Laboratory_Technician,Low,Divorced,Yes,1,Better,Age_q1,MonthlyIncome_q0,TotalWorkingYears_q0,YearsAtCompany_q0,DistanceFromHome_q0
Yes,Travel_Rarely,Research_Development,Doctor,Technical_Degree,High,Female,Medium,3,Manufacturing_Director,Very_High,Married,No,1,Better,Age_q3,MonthlyIncome_q3,TotalWorkingYears_q3,YearsAtCompany_q3,DistanceFromHome_q0
Yes,Travel_Rarely,Research_Development,Bachelor,Medical,High,Male,High,2,Manufacturing_Director,Medium,Married,No,2,Better,Age_q2,MonthlyIncome_q1,TotalWorkingYears_q1,YearsAtCompany_q1,DistanceFromHome_q0
No,Non-Travel,Research_Development,Master,Technical_Degree,Very_High,Male,High,2,Research_Scientist,Low,Married,No,1,Good,Age_q1,MonthlyIncome_q1,TotalWorkingYears_q1,YearsAtCompany_q2,DistanceFromHome_q0
No,Travel_Rarely,Research_Development,Master,Other,High,Female,High,1,Research_Scientist,Low,Married,No,1,Good,Age_q3,MonthlyIncome_q0,TotalWorkingYears_q1,YearsAtCompany_q2,DistanceFromHome_q2
No,Travel_Rarely,Research_Development,Master,Medical,Low,Male,High,1,Research_Scientist,Very_High,Single,No,0,Bad,Age_q1,MonthlyIncome_q1,TotalWorkingYears_q0,YearsAtCompany_q0,DistanceFromHome_q1
No,Travel_Rarely,Sales,Doctor,Marketing,High,Male,Medium,5,Manager,Very_High,Married,No,1,Better,Age_q3,MonthlyIncome_q3,TotalWorkingYears_q3,YearsAtCompany_q3,DistanceFromHome_q2
No,Travel_Rarely,Research_Development,Master,Life_Sciences,Medium,Male,High,2,Research_Scientist,Very_High,Married,No,1,Good,Age_q1,MonthlyIncome_q2,TotalWorkingYears_q1,YearsAtCompany_q0,DistanceFromHome_q0
No,Travel_Rarely,Research_Development,Bachelor,Life_Sciences,Low,Female,High,1,Research_Scientist,Very_High,Married,No,0,Better,Age_q0,MonthlyIncome_q0,TotalWorkingYears_q0,YearsAtCompany_q0,DistanceFromHome_q0
No,Travel_Rarely,Sales,Bachelor,Life_Sciences,High,Male,High,2,Sales_Executive,Medium,Married,No,1,Better,Age_q2,MonthlyIncome_q3,TotalWorkingYears_q1,YearsAtCompany_q2,DistanceFromHome_q2
No,Travel_Rarely,Sales,Bachelor,Life_Sciences,Medium,Female,High,2,Sales_Executive,Medium,Single,No,0,Best,Age_q2,MonthlyIncome_q1,TotalWorkingYears_q1,YearsAtCompany_q0,DistanceFromHome_q2
No,Travel_Rarely,Sales,Master,Life_Sciences,Medium,Female,High,2,Sales_Executive,High,Single,No,0,Better,Age_q1,MonthlyIncome_q2,TotalWorkingYears_q2,YearsAtCompany_q0,DistanceFromHome_q0
No,Travel_Rarely,Research_Development,Below_College,Medical,Medium,Male,High,1,Laboratory_Technician,Low,Single,Yes,0,Better,Age_q0,MonthlyIncome_q1,TotalWorkingYears_q1,YearsAtCompany_q3,DistanceFromHome_q0
No,Travel_Rarely,Research_Development,Master,Medical,Low,Female,High,2,Healthcare_Representative,High,Single,Yes,0,Better,Age_q1,MonthlyIncome_q2,TotalWorkingYears_q1,YearsAtCompany_q1,DistanceFromHome_q1
No,Travel_Rarely,Sales,Bachelor,Medical,Very_High,Male,Very_High,3,Sales_Executive,High,Married,No,1,Better,Age_q2,MonthlyIncome_q2,TotalWorkingYears_q2,YearsAtCompany_q2,DistanceFromHome_q1
No,Travel_Frequently,Research_Development,Below_College,Life_Sciences,Low,Male,High,2,Healthcare_Representative,Very_High,Divorced,No,1,Best,Age_q0,MonthlyIncome_q3,TotalWorkingYears_q0,YearsAtCompany_q2,DistanceFromHome_q0
No,Travel_Rarely,Sales,Bachelor,Marketing,High,Male,High,5,Manager,High,Married,Yes,1,Better,Age_q3,MonthlyIncome_q3,TotalWorkingYears_q3,YearsAtCompany_q0,DistanceFromHome_q1
No,Travel_Rarely,Research_Development,Bachelor,Technical_Degree,Very_High,Male,Very_High,1,Research_Scientist,High,Married,No,1,Better,Age_q0,MonthlyIncome_q0,TotalWorkingYears_q0,YearsAtCompany_q0,DistanceFromHome_q1
No,Travel_Frequently,Research_Development,Master,Life_Sciences,Low,Male,Very_High,2,Laboratory_Technician,Low,Married,Yes,1,Better,Age_q1,MonthlyIncome_q2,TotalWorkingYears_q1,YearsAtCompany_q0,DistanceFromHome_q1
No,Travel_Rarely,Research_Development,College,Other,Very_High,Male,Medium,5,Manager,Very_High,Single,No,0,Better,Age_q2,MonthlyIncome_q3,TotalWorkingYears_q3,YearsAtCompany_q0,DistanceFromHome_q1
No,Travel_Rarely,Research_Development,Bachelor,Life_Sciences,Medium,Male,Very_High,2,Laboratory_Technician,High,Married,No,2,Good,Age_q1,MonthlyIncome_q1,TotalWorkingYears_q1,YearsAtCompany_q3,DistanceFromHome_q2
No,Travel_Frequently,Research_Development,Master,Technical_Degree,Very_High,Male,Medium,2,Healthcare_Representative,High,Married,No,1,Good,Age_q1,MonthlyIncome_q2,TotalWorkingYears_q1,YearsAtCompany_q2,DistanceFromHome_q1
No,Travel_Rarely,Sales,College,Life_Sciences,Very_High,Female,High,2,Sales_Executive,Low,Married,No,1,Better,Age_q2,MonthlyIncome_q1,TotalWorkingYears_q0,YearsAtCompany_q1,DistanceFromHome_q2
No,Travel_Rarely,Research_Development,Bachelor,Technical_Degree,Very_High,Male,Very_High,1,Laboratory_Technician,Medium,Divorced,No,1,Better,Age_q2,MonthlyIncome_q1,TotalWorkingYears_q1,YearsAtCompany_q2,DistanceFromHome_q2
No,Travel_Rarely,Research_Development,College,Life_Sciences,High,Male,Medium,1,Laboratory_Technician,Very_High,Married,No,1,Good,Age_q1,MonthlyIncome_q0,TotalWorkingYears_q0,YearsAtCompany_q0,DistanceFromHome_q1
No,Travel_Rarely,Sales,Master,Life_Sciences,Very_High,Male,Very_High,4,Manager,Low,Single,No,0,Bad,Age_q3,MonthlyIncome_q3,TotalWorkingYears_q3,YearsAtCompany_q3,DistanceFromHome_q0
Yes,Travel_Rarely,Research_Development,Bachelor,Medical,High,Male,High,1,Laboratory_Technician,Medium,Married,Yes,3,Better,Age_q0,MonthlyIncome_q0,TotalWorkingYears_q0,YearsAtCompany_q0,DistanceFromHome_q2
No,Non-Travel,Research_Development,College,Other,Medium,Female,Medium,1,Research_Scientist,High,Married,Yes,0,Good,Age_q0,MonthlyIncome_q0,TotalWorkingYears_q0,YearsAtCompany_q1,DistanceFromHome_q2
No,Travel_Frequently,Research_Development,Doctor,Medical,Medium,Male,High,4,Healthcare_Representative,High,Married,Yes,1,Better,Age_q3,MonthlyIncome_q3,TotalWorkingYears_q3,YearsAtCompany_q3,DistanceFromHome_q2
No,Travel_Rarely,Research_Development,Master,Other,Medium,Female,Very_High,1,Research_Scientist,Very_High,Married,No,2,Better,Age_q1,MonthlyIncome_q1,TotalWorkingYears_q0,YearsAtCompany_q0,DistanceFromHome_q1
No,Travel_Rarely,Research_Development,Bachelor,Medical,Medium,Female,High,5,Research_Director,Very_High,Divorced,Yes,1,Good,Age_q3,MonthlyIncome_q3,TotalWorkingYears_q3,YearsAtCompany_q3,DistanceFromHome_q1
No,Travel_Rarely,Research_Development,Bachelor,Medical,Medium,Male,Medium,1,Research_Scientist,Medium,Married,No,1,Good,Age_q0,MonthlyIncome_q0,TotalWorkingYears_q0,YearsAtCompany_q2,DistanceFromHome_q1
No,Travel_Rarely,Research_Development,Doctor,Medical,High,Female,Low,2,Laboratory_Technician,Low,Single,Yes,0,Better,Age_q3,MonthlyIncome_q2,TotalWorkingYears_q1,YearsAtCompany_q3,DistanceFromHome_q1
No,Non-Travel,Sales,Bachelor,Marketing,Low,Male,Medium,2,Sales_Executive,Low,Married,No,1,Better,Age_q3,MonthlyIncome_q1,TotalWorkingYears_q1,YearsAtCompany_q3,DistanceFromHome_q2
No,Travel_Frequently,Sales,Master,Other,Very_High,Male,High,2,Sales_Executive,Low,Single,No,0,Better,Age_q1,MonthlyIncome_q2,TotalWorkingYears_q1,YearsAtCompany_q1,DistanceFromHome_q0
No,Travel_Rarely,Research_Development,Master,Life_Sciences,High,Female,High,2,Manufacturing_Director,High,Married,Yes,2,Better,Age_q1,MonthlyIncome_q1,TotalWorkingYears_q1,YearsAtCompany_q0,DistanceFromHome_q2
No,Travel_Frequently,Research_Development,Master,Life_Sciences,High,Male,Very_High,2,Manufacturing_Director,Very_High,Divorced,No,1,Better,Age_q1,MonthlyIncome_q1,TotalWorkingYears_q1,YearsAtCompany_q2,DistanceFromHome_q1
No,Travel_Rarely,Research_Development,Master,Life_Sciences,High,Female,High,1,Laboratory_Technician,Low,Married,No,1,Good,Age_q3,MonthlyIncome_q1,TotalWorkingYears_q1,YearsAtCompany_q2,DistanceFromHome_q2
No,Travel_Rarely,Research_Development,Doctor,Medical,Medium,Male,High,2,Manufacturing_Director,Low,Married,No,3,Better,Age_q2,MonthlyIncome_q2,TotalWorkingYears_q1,YearsAtCompany_q2,DistanceFromHome_q1
No,Travel_Rarely,Research_Development,Bachelor,Other,Very_High,Male,Medium,1,Laboratory_Technician,Low,Divorced,No,2,Better,Age_q0,MonthlyIncome_q1,TotalWorkingYears_q1,YearsAtCompany_q2,DistanceFromHome_q2
No,Travel_Rarely,Research_Development,Doctor,Life_Sciences,Medium,Male,Very_High,2,Research_Scientist,Low,Married,No,0,Better,Age_q1,MonthlyIncome_q2,TotalWorkingYears_q3,YearsAtCompany_q3,DistanceFromHome_q2
No,Travel_Rarely,Research_Development,Bachelor,Medical,Medium,Female,Low,2,Manufacturing_Director,Low,Divorced,No,1,Good,Age_q0,MonthlyIncome_q1,TotalWorkingYears_q0,YearsAtCompany_q1,DistanceFromHome_q2
No,Travel_Rarely,Research_Development,Below_College,Medical,High,Male,High,1,Research_Scientist,Very_High,Single,No,0,Better,Age_q0,MonthlyIncome_q1,TotalWorkingYears_q0,YearsAtCompany_q0,DistanceFromHome_q1
Yes,Travel_Frequently,Sales,College,Medical,Medium,Female,High,1,Sales_Representative,Very_High,Single,Yes,0,Best,Age_q0,MonthlyIncome_q0,TotalWorkingYears_q0,YearsAtCompany_q0,DistanceFromHome_q0
No,Travel_Rarely,Human_Resources,Master,Life_Sciences,Very_High,Female,High,5,Manager,High,Married,No,1,Better,Age_q3,MonthlyIncome_q3,TotalWorkingYears_q3,YearsAtCompany_q1,DistanceFromHome_q2
No,Travel_Rarely,Research_Development,College,Medical,High,Male,Medium,2,Laboratory_Technician,High,Divorced,No,1,Better,Age_q2,MonthlyIncome_q1,TotalWorkingYears_q2,YearsAtCompany_q3,DistanceFromHome_q0
No,Travel_Rarely,Research_Development,Bachelor,Life_Sciences,Low,Female,Medium,3,Manufacturing_Director,High,Married,No,2,Better,Age_q2,MonthlyIncome_q3,TotalWorkingYears_q3,YearsAtCompany_q3,DistanceFromHome_q2
No,Non-Travel,Research_Development,Master,Life_Sciences,High,Female,High,2,Healthcare_Representative,High,Married,No,1,Better,Age_q1,MonthlyIncome_q1,TotalWorkingYears_q2,YearsAtCompany_q3,DistanceFromHome_q1
No,Travel_Rarely,Research_Development,Bachelor,Life_Sciences,High,Male,High,2,Manufacturing_Director,High,Married,No,3,Good,Age_q2,MonthlyIncome_q2,TotalWorkingYears_q1,YearsAtCompany_q1,DistanceFromHome_q2
No,Travel_Frequently,Research_Development,Bachelor,Medical,Low,Female,High,2,Manufacturing_Director,High,Single,No,0,Bad,Age_q2,MonthlyIncome_q2,TotalWorkingYears_q1,YearsAtCompany_q2,DistanceFromHome_q1
No,Travel_Rarely,Research_Development,College,Other,Very_High,Female,Medium,2,Manufacturing_Director,Very_High,Divorced,No,2,Better,Age_q3,MonthlyIncome_q2,TotalWorkingYears_q1,YearsAtCompany_q3,DistanceFromHome_q0
No,Travel_Rarely,Research_Development,College,Medical,Very_High,Female,Medium,3,Manufacturing_Director,High,Married,Yes,1,Best,Age_q2,MonthlyIncome_q2,TotalWorkingYears_q1,YearsAtCompany_q1,DistanceFromHome_q0
Yes,Travel_Rarely,Sales,Bachelor,Medical,Very_High,Male,Medium,3,Sales_Executive,Low,Married,No,0,Better,Age_q1,MonthlyIncome_q3,TotalWorkingYears_q2,YearsAtCompany_q3,DistanceFromHome_q1
No,Travel_Rarely,Research_Development,Bachelor,Medical,Medium,Female,High,1,Research_Scientist,Medium,Married,No,1,Bad,Age_q2,MonthlyIncome_q1,TotalWorkingYears_q1,YearsAtCompany_q2,DistanceFromHome_q1
No,Travel_Rarely,Research_Development,Bachelor,Life_Sciences,High,Female,High,3,Manufacturing_Director,Very_High,Single,Yes,0,Good,Age_q2,MonthlyIncome_q2,TotalWorkingYears_q3,YearsAtCompany_q1,DistanceFromHome_q2
No,Travel_Frequently,Human_Resources,Doctor,Human_Resources,Low,Male,High,2,Human_Resources,Very_High,Married,Yes,0,Better,Age_q3,MonthlyIncome_q2,TotalWorkingYears_q2,YearsAtCompany_q3,DistanceFromHome_q0
No,Travel_Frequently,Research_Development,Doctor,Medical,High,Male,Medium,4,Manager,Very_High,Married,No,1,Better,Age_q3,MonthlyIncome_q3,TotalWorkingYears_q3,YearsAtCompany_q0,DistanceFromHome_q1
Yes,Travel_Rarely,Sales,College,Medical,Low,Male,Low,2,Sales_Executive,Very_High,Divorced,Yes,2,Good,Age_q1,MonthlyIncome_q2,TotalWorkingYears_q1,YearsAtCompany_q0,DistanceFromHome_q2
No,Travel_Frequently,Research_Development,Below_College,Technical_Degree,Low,Female,High,1,Research_Scientist,Very_High,Single,Yes,0,Better,Age_q0,MonthlyIncome_q1,TotalWorkingYears_q0,YearsAtCompany_q2,DistanceFromHome_q0
No,Travel_Rarely,Research_Development,Bachelor,Medical,Medium,Female,Very_High,1,Research_Scientist,High,Married,No,0,Better,Age_q0,MonthlyIncome_q1,TotalWorkingYears_q0,YearsAtCompany_q0,DistanceFromHome_q1
No,Travel_Frequently,Research_Development,Bachelor,Medical,Very_High,Male,High,1,Research_Scientist,Very_High,Single,No,0,Good,Age_q0,MonthlyIncome_q0,TotalWorkingYears_q0,YearsAtCompany_q1,DistanceFromHome_q0
Yes,Travel_Rarely,Research_Development,Bachelor,Life_Sciences,Low,Male,High,1,Laboratory_Technician,Low,Single,Yes,0,Bad,Age_q2,MonthlyIncome_q0,TotalWorkingYears_q1,YearsAtCompany_q1,DistanceFromHome_q1
No,Travel_Rarely,Sales,Bachelor,Medical,High,Male,Medium,2,Sales_Executive,High,Single,No,0,Better,Age_q0,MonthlyIncome_q2,TotalWorkingYears_q1,YearsAtCompany_q1,DistanceFromHome_q1
No,Travel_Rarely,Research_Development,Master,Life_Sciences,Medium,Female,High,3,Healthcare_Representative,Low,Married,No,2,Better,Age_q1,MonthlyIncome_q2,TotalWorkingYears_q1,YearsAtCompany_q0,DistanceFromHome_q1
No,Travel_Frequently,Research_Development,Below_College,Life_Sciences,Very_High,Male,Very_High,2,Manufacturing_Director,High,Divorced,No,2,Better,Age_q0,MonthlyIncome_q2,TotalWorkingYears_q1,YearsAtCompany_q2,DistanceFromHome_q0
No,Travel_Rarely,Research_Development,Bachelor,Medical,Very_High,Male,High,2,Manufacturing_Director,Medium,Married,No,0,Better,Age_q2,MonthlyIncome_q2,TotalWorkingYears_q1,YearsAtCompany_q1,DistanceFromHome_q2
No,Travel_Rarely,Research_Development,Master,Other,Low,Female,High,4,Research_Director,Medium,Married,No,2,Better,Age_q3,MonthlyIncome_q3,TotalWorkingYears_q3,YearsAtCompany_q1,DistanceFromHome_q2
No,Travel_Rarely,Research_Development,Doctor,Life_Sciences,Very_High,Female,Medium,3,Research_Director,Low,Divorced,No,3,Better,Age_q3,MonthlyIncome_q3,TotalWorkingYears_q3,YearsAtCompany_q3,DistanceFromHome_q2
No,Travel_Rarely,Sales,Bachelor,Medical,High,Female,High,1,Sales_Representative,High,Single,No,0,Better,Age_q0,MonthlyIncome_q0,TotalWorkingYears_q0,YearsAtCompany_q0,DistanceFromHome_q0
No,Travel_Rarely,Research_Development,Bachelor,Life_Sciences,Very_High,Female,High,2,Research_Scientist,Medium,Divorced,No,1,Better,Age_q1,MonthlyIncome_q2,TotalWorkingYears_q2,YearsAtCompany_q3,DistanceFromHome_q0
No,Travel_Rarely,Research_Development,Bachelor,Life_Sciences,Low,Male,High,1,Laboratory_Technician,Medium,Single,No,0,Better,Age_q1,MonthlyIncome_q0,TotalWorkingYears_q2,YearsAtCompany_q1,DistanceFromHome_q1
No,Travel_Rarely,Research_Development,Below_College,Life_Sciences,High,Female,Medium,4,Healthcare_Representative,High,Married,Yes,1,Better,Age_q3,MonthlyIncome_q3,TotalWorkingYears_q3,YearsAtCompany_q3,DistanceFromHome_q1
No,Non-Travel,Research_Development,Master,Medical,Very_High,Female,Medium,2,Manufacturing_Director,High,Married,No,0,Better,Age_q1,MonthlyIncome_q1,TotalWorkingYears_q0,YearsAtCompany_q0,DistanceFromHome_q0
No,Travel_Rarely,Research_Development,College,Life_Sciences,Very_High,Male,Very_High,2,Healthcare_Representative,Low,Divorced,No,1,Better,Age_q1,MonthlyIncome_q2,TotalWorkingYears_q2,YearsAtCompany_q1,DistanceFromHome_q0
No,Travel_Rarely,Research_Development,Doctor,Medical,Medium,Female,High,4,Manager,High,Married,No,1,Better,Age_q3,MonthlyIncome_q3,TotalWorkingYears_q3,YearsAtCompany_q3,DistanceFromHome_q2
No,Travel_Rarely,Research_Development,College,Life_Sciences,High,Male,Medium,4,Research_Director,High,Married,No,1,Better,Age_q2,MonthlyIncome_q3,TotalWorkingYears_q2,YearsAtCompany_q3,DistanceFromHome_q2
Yes,Travel_Frequently,Sales,Master,Other,Very_High,Male,High,2,Sales_Executive,Very_High,Single,Yes,0,Best,Age_q1,MonthlyIncome_q1,TotalWorkingYears_q2,YearsAtCompany_q3,DistanceFromHome_q2
No,Travel_Frequently,Research_Development,Bachelor,Life_Sciences,Very_High,Male,High,2,Research_Scientist,Very_High,Married,No,2,Best,Age_q2,MonthlyIncome_q1,TotalWorkingYears_q3,YearsAtCompany_q3,DistanceFromHome_q0
No,Travel_Rarely,Sales,Bachelor,Medical,Low,Male,Medium,2,Sales_Executive,Medium,Divorced,Yes,1,Good,Age_q0,MonthlyIncome_q1,TotalWorkingYears_q1,YearsAtCompany_q3,DistanceFromHome_q1
No,Travel_Rarely,Sales,Master,Medical,Very_High,Male,High,2,Sales_Executive,Very_High,Divorced,No,2,Better,Age_q1,MonthlyIncome_q2,TotalWorkingYears_q0,YearsAtCompany_q2,DistanceFromHome_q0
No,Travel_Rarely,Research_Development,Bachelor,Medical,Very_High,Male,High,2,Research_Scientist,Medium,Divorced,No,2,Good,Age_q1,MonthlyIncome_q2,TotalWorkingYears_q1,YearsAtCompany_q2,DistanceFromHome_q0
No,Travel_Rarely,Sales,Master,Life_Sciences,Low,Female,High,2,Sales_Executive,Very_High,Married,No,2,Better,Age_q1,MonthlyIncome_q2,TotalWorkingYears_q1,YearsAtCompany_q3,DistanceFromHome_q1
No,Travel_Rarely,Research_Development,Bachelor,Medical,Very_High,Female,High,1,Laboratory_Technician,Low,Divorced,Yes,1,Good,Age_q3,MonthlyIncome_q0,TotalWorkingYears_q3,YearsAtCompany_q0,DistanceFromHome_q2
No,Travel_Frequently,Research_Development,Bachelor,Medical,Very_High,Female,Medium,1,Laboratory_Technician,Medium,Single,No,0,Better,Age_q2,MonthlyIncome_q0,TotalWorkingYears_q0,YearsAtCompany_q1,DistanceFromHome_q0
No,Travel_Rarely,Sales,Master,Life_Sciences,Medium,Female,Very_High,4,Manager,Medium,Divorced,No,3,Better,Age_q3,MonthlyIncome_q3,TotalWorkingYears_q3,YearsAtCompany_q0,DistanceFromHome_q0
No,Travel_Rarely,Research_Development,Bachelor,Life_Sciences,High,Male,High,4,Manager,High,Single,No,0,Better,Age_q3,MonthlyIncome_q3,TotalWorkingYears_q3,YearsAtCompany_q2,DistanceFromHome_q0
No,Travel_Rarely,Sales,College,Life_Sciences,Very_High,Male,High,3,Sales_Executive,High,Single,Yes,0,Better,Age_q2,MonthlyIncome_q2,TotalWorkingYears_q3,YearsAtCompany_q0,DistanceFromHome_q2
No,Travel_Rarely,Sales,Below_College,Life_Sciences,Very_High,Male,High,1,Sales_Representative,Low,Single,No,0,Better,Age_q0,MonthlyIncome_q0,TotalWorkingYears_q0,YearsAtCompany_q0,DistanceFromHome_q1
No,Non-Travel,Sales,Bachelor,Life_Sciences,High,Female,High,2,Sales_Executive,Very_High,Divorced,Yes,1,Better,Age_q1,MonthlyIncome_q2,TotalWorkingYears_q1,YearsAtCompany_q2,DistanceFromHome_q2
No,Travel_Rarely,Research_Development,Master,Life_Sciences,Low,Male,High,2,Healthcare_Representative,High,Married,No,2,Good,Age_q1,MonthlyIncome_q2,TotalWorkingYears_q1,YearsAtCompany_q0,DistanceFromHome_q2
No,Travel_Rarely,Human_Resources,Bachelor,Life_Sciences,High,Female,High,1,Human_Resources,Very_High,Divorced,Yes,3,Better,Age_q3,MonthlyIncome_q1,TotalWorkingYears_q1,YearsAtCompany_q0,DistanceFromHome_q0
Yes,Travel_Rarely,Research_Development,Below_College,Medical,Very_High,Male,Medium,1,Laboratory_Technician,High,Single,Yes,0,Better,Age_q0,MonthlyIncome_q1,TotalWorkingYears_q0,YearsAtCompany_q1,DistanceFromHome_q1
No,Travel_Rarely,Research_Development,College,Medical,Very_High,Female,High,1,Laboratory_Technician,High,Married,No,1,Good,Age_q2,MonthlyIncome_q1,TotalWorkingYears_q1,YearsAtCompany_q0,DistanceFromHome_q1
No,Travel_Rarely,Research_Development,Master,Medical,Medium,Male,Very_High,3,Healthcare_Representative,Very_High,Married,No,0,Better,Age_q3,MonthlyIncome_q2,TotalWorkingYears_q2,YearsAtCompany_q1,DistanceFromHome_q2
Yes,Travel_Frequently,Sales,College,Medical,Very_High,Female,High,1,Sales_Representative,High,Married,Yes,2,Better,Age_q3,MonthlyIncome_q0,TotalWorkingYears_q3,YearsAtCompany_q2,DistanceFromHome_q1
Yes,Travel_Rarely,Research_Development,Master,Life_Sciences,Very_High,Male,High,1,Laboratory_Technician,Medium,Single,No,0,Better,Age_q1,MonthlyIncome_q0,TotalWorkingYears_q0,YearsAtCompany_q0,DistanceFromHome_q0
No,Non-Travel,Research_Development,Bachelor,Medical,Very_High,Male,High,1,Laboratory_Technician,Very_High,Single,No,0,Better,Age_q0,MonthlyIncome_q0,TotalWorkingYears_q1,YearsAtCompany_q2,DistanceFromHome_q1
No,Travel_Rarely,Research_Development,Bachelor,Technical_Degree,Low,Male,Medium,1,Research_Scientist,Medium,Divorced,No,1,Better,Age_q3,MonthlyIncome_q1,TotalWorkingYears_q1,YearsAtCompany_q1,DistanceFromHome_q2
No,Travel_Rarely,Research_Development,College,Medical,Medium,Male,Medium,2,Laboratory_Technician,Very_High,Married,No,1,Best,Age_q1,MonthlyIncome_q1,TotalWorkingYears_q2,YearsAtCompany_q3,DistanceFromHome_q1
No,Travel_Rarely,Research_Development,Master,Medical,High,Male,Low,3,Healthcare_Representative,Very_High,Divorced,No,1,Best,Age_q3,MonthlyIncome_q3,TotalWorkingYears_q3,YearsAtCompany_q0,DistanceFromHome_q0
No,Travel_Rarely,Research_Development,Bachelor,Medical,Medium,Male,Very_High,1,Laboratory_Technician,Medium,Married,No,3,Better,Age_q1,MonthlyIncome_q0,TotalWorkingYears_q2,YearsAtCompany_q3,DistanceFromHome_q2
No,Travel_Frequently,Sales,Master,Medical,High,Male,Low,2,Sales_Executive,Very_High,Divorced,No,2,Good,Age_q2,MonthlyIncome_q3,TotalWorkingYears_q0,YearsAtCompany_q2,DistanceFromHome_q0
No,Travel_Rarely,Research_Development,Bachelor,Life_Sciences,Medium,Female,Medium,1,Research_Scientist,Very_High,Married,No,0,Better,Age_q1,MonthlyIncome_q1,TotalWorkingYears_q1,YearsAtCompany_q3,DistanceFromHome_q2
Yes,Travel_Rarely,Sales,Bachelor,Life_Sciences,High,Male,High,1,Sales_Representative,Very_High,Divorced,Yes,1,Better,Age_q0,MonthlyIncome_q0,TotalWorkingYears_q0,YearsAtCompany_q0,DistanceFromHome_q1
No,Travel_Rarely,Research_Development,Bachelor,Life_Sciences,High,Female,Very_High,3,Healthcare_Representative,Very_High,Married,Yes,1,Better,Age_q3,MonthlyIncome_q2,TotalWorkingYears_q1,YearsAtCompany_q2,DistanceFromHome_q0
No,Travel_Frequently,Research_Development,Master,Medical,Low,Male,Medium,1,Research_Scientist,Very_High,Single,Yes,0,Best,Age_q1,MonthlyIncome_q2,TotalWorkingYears_q0,YearsAtCompany_q1,DistanceFromHome_q0
No,Travel_Rarely,Sales,Bachelor,Medical,Very_High,Male,High,2,Sales_Executive,Very_High,Married,Yes,1,Better,Age_q2,MonthlyIncome_q2,TotalWorkingYears_q1,YearsAtCompany_q3,DistanceFromHome_q0
No,Travel_Rarely,Research_Development,Bachelor,Medical,High,Male,Very_High,1,Research_Scientist,High,Married,No,1,Better,Age_q0,MonthlyIncome_q1,TotalWorkingYears_q0,YearsAtCompany_q1,DistanceFromHome_q1
No,Travel_Rarely,Sales,Bachelor,Marketing,Very_High,Male,High,3,Sales_Executive,High,Single,No,0,Better,Age_q2,MonthlyIncome_q3,TotalWorkingYears_q1,YearsAtCompany_q3,DistanceFromHome_q1
No,Travel_Rarely,Research_Development,Master,Medical,Very_High,Female,High,1,Laboratory_Technician,High,Married,No,1,Better,Age_q0,MonthlyIncome_q1,TotalWorkingYears_q1,YearsAtCompany_q1,DistanceFromHome_q1
No,Travel_Rarely,Sales,Master,Life_Sciences,High,Female,High,2,Sales_Representative,Very_High,Single,No,0,Good,Age_q1,MonthlyIncome_q1,TotalWorkingYears_q3,YearsAtCompany_q3,DistanceFromHome_q0
No,Non-Travel,Research_Development,Below_College,Life_Sciences,High,Male,Medium,3,Healthcare_Representative,High,Married,No,1,Good,Age_q3,MonthlyIncome_q3,TotalWorkingYears_q3,YearsAtCompany_q3,DistanceFromHome_q0
Yes,Travel_Rarely,Human_Resources,Below_College,Human_Resources,Very_High,Male,Low,1,Human_Resources,High,Married,No,1,Better,Age_q0,MonthlyIncome_q0,TotalWorkingYears_q0,YearsAtCompany_q0,DistanceFromHome_q2
Yes,Travel_Frequently,Sales,Bachelor,Life_Sciences,High,Male,Low,4,Sales_Executive,High,Married,No,0,Bad,Age_q3,MonthlyIncome_q3,TotalWorkingYears_q3,YearsAtCompany_q3,DistanceFromHome_q1
No,Travel_Rarely,Research_Development,Master,Medical,Very_High,Male,Low,1,Laboratory_Technician,High,Married,No,3,Best,Age_q0,MonthlyIncome_q0,TotalWorkingYears_q0,YearsAtCompany_q0,DistanceFromHome_q2
No,Travel_Rarely,Research_Development,College,Technical_Degree,Very_High,Female,Medium,4,Research_Director,Medium,Single,No,0,Better,Age_q3,MonthlyIncome_q3,TotalWorkingYears_q3,YearsAtCompany_q3,DistanceFromHome_q2
No,Travel_Frequently,Research_Development,Bachelor,Life_Sciences,Low,Male,High,1,Research_Scientist,High,Married,No,1,Good,Age_q1,MonthlyIncome_q1,TotalWorkingYears_q1,YearsAtCompany_q1,DistanceFromHome_q1
No,Travel_Rarely,Research_Development,Master,Life_Sciences,Medium,Male,High,1,Laboratory_Technician,High,Married,No,1,Best,Age_q1,MonthlyIncome_q1,TotalWorkingYears_q0,YearsAtCompany_q1,DistanceFromHome_q0
No,Non-Travel,Human_Resources,Bachelor,Human_Resources,High,Male,Low,2,Human_Resources,Medium,Married,No,1,Better,Age_q2,MonthlyIncome_q2,TotalWorkingYears_q1,YearsAtCompany_q0,DistanceFromHome_q1
No,Travel_Rarely,Research_Development,College,Life_Sciences,Medium,Female,High,2,Manufacturing_Director,Low,Married,Yes,1,Better,Age_q2,MonthlyIncome_q2,TotalWorkingYears_q3,YearsAtCompany_q0,DistanceFromHome_q1
No,Travel_Rarely,Research_Development,Below_College,Medical,Medium,Male,High,1,Laboratory_Technician,Low,Divorced,No,3,Best,Age_q0,MonthlyIncome_q1,TotalWorkingYears_q0,YearsAtCompany_q2,DistanceFromHome_q2
No,Travel_Rarely,Research_Development,Master,Life_Sciences,High,Male,High,2,Healthcare_Representative,Medium,Single,No,0,Better,Age_q3,MonthlyIncome_q2,TotalWorkingYears_q3,YearsAtCompany_q3,DistanceFromHome_q2
No,Travel_Rarely,Research_Development,Master,Life_Sciences,Very_High,Male,High,2,Manufacturing_Director,High,Married,No,1,Better,Age_q1,MonthlyIncome_q2,TotalWorkingYears_q3,YearsAtCompany_q2,DistanceFromHome_q2
No,Travel_Rarely,Research_Development,Below_College,Life_Sciences,Medium,Male,High,1,Research_Scientist,Very_High,Married,No,1,Good,Age_q0,MonthlyIncome_q0,TotalWorkingYears_q1,YearsAtCompany_q3,DistanceFromHome_q2
No,Non-Travel,Sales,Master,Marketing,High,Male,High,2,Sales_Executive,Medium,Married,No,1,Bad,Age_q3,MonthlyIncome_q2,TotalWorkingYears_q0,YearsAtCompany_q0,DistanceFromHome_q0
No,Travel_Rarely,Sales,Bachelor,Life_Sciences,High,Male,High,3,Sales_Executive,Very_High,Divorced,Yes,1,Good,Age_q3,MonthlyIncome_q3,TotalWorkingYears_q2,YearsAtCompany_q3,DistanceFromHome_q0
Yes,Travel_Rarely,Sales,Doctor,Marketing,Medium,Male,Medium,2,Sales_Executive,Low,Divorced,Yes,3,Better,Age_q1,MonthlyIncome_q2,TotalWorkingYears_q3,YearsAtCompany_q0,DistanceFromHome_q2
Yes,Travel_Rarely,Sales,College,Life_Sciences,Low,Male,Low,2,Sales_Executive,Medium,Single,No,0,Better,Age_q1,MonthlyIncome_q2,TotalWorkingYears_q1,YearsAtCompany_q0,DistanceFromHome_q0
No,Travel_Rarely,Research_Development,Below_College,Medical,High,Female,High,1,Laboratory_Technician,Medium,Single,No,0,Bad,Age_q0,MonthlyIncome_q1,TotalWorkingYears_q0,YearsAtCompany_q0,DistanceFromHome_q1
No,Travel_Frequently,Research_Development,Below_College,Technical_Degree,Very_High,Female,High,2,Manufacturing_Director,Very_High,Single,No,0,Good,Age_q1,MonthlyIncome_q2,TotalWorkingYears_q1,YearsAtCompany_q1,DistanceFromHome_q2
No,Non-Travel,Research_Development,Bachelor,Life_Sciences,Very_High,Male,High,2,Laboratory_Technician,Very_High,Married,Yes,1,Better,Age_q2,MonthlyIncome_q2,TotalWorkingYears_q1,YearsAtCompany_q2,DistanceFromHome_q0
No,Travel_Rarely,Sales,Bachelor,Life_Sciences,Very_High,Male,Low,3,Sales_Executive,High,Married,No,1,Bad,Age_q1,MonthlyIncome_q3,TotalWorkingYears_q1,YearsAtCompany_q1,DistanceFromHome_q2
No,Travel_Rarely,Sales,Master,Medical,Medium,Male,High,5,Manager,Medium,Single,No,0,Good,Age_q2,MonthlyIncome_q3,TotalWorkingYears_q3,YearsAtCompany_q3,DistanceFromHome_q1
No,Travel_Rarely,Human_Resources,Bachelor,Life_Sciences,High,Female,Low,3,Human_Resources,High,Married,No,2,Best,Age_q3,MonthlyIncome_q3,TotalWorkingYears_q1,YearsAtCompany_q1,DistanceFromHome_q1
No,Travel_Frequently,Research_Development,Master,Technical_Degree,Very_High,Female,Medium,1,Research_Scientist,Low,Single,No,0,Better,Age_q0,MonthlyIncome_q2,TotalWorkingYears_q1,YearsAtCompany_q2,DistanceFromHome_q0
No,Travel_Frequently,Human_Resources,Bachelor,Medical,Low,Male,High,1,Human_Resources,Very_High,Married,No,1,Better,Age_q0,MonthlyIncome_q0,TotalWorkingYears_q0,YearsAtCompany_q0,DistanceFromHome_q1
Yes,Travel_Frequently,Human_Resources,Bachelor,Human_Resources,High,Female,Medium,1,Human_Resources,Very_High,Divorced,No,1,Good,Age_q0,MonthlyIncome_q0,TotalWorkingYears_q0,YearsAtCompany_q1,DistanceFromHome_q1
No,Travel_Rarely,Sales,Bachelor,Technical_Degree,Low,Male,High,2,Sales_Executive,High,Married,No,1,Better,Age_q1,MonthlyIncome_q2,TotalWorkingYears_q0,YearsAtCompany_q1,DistanceFromHome_q1
No,Travel_Rarely,Research_Development,Bachelor,Medical,High,Female,High,1,Research_Scientist,Very_High,Single,No,0,Good,Age_q0,MonthlyIncome_q1,TotalWorkingYears_q0,YearsAtCompany_q2,DistanceFromHome_q1
Yes,Travel_Rarely,Sales,Bachelor,Marketing,Medium,Female,Low,1,Sales_Representative,Medium,Single,No,0,Better,Age_q0,MonthlyIncome_q0,TotalWorkingYears_q0,YearsAtCompany_q0,DistanceFromHome_q1
No,Travel_Frequently,Research_Development,Bachelor,Life_Sciences,Very_High,Male,Very_High,2,Healthcare_Representative,High,Single,Yes,0,Best,Age_q0,MonthlyIncome_q2,TotalWorkingYears_q1,YearsAtCompany_q0,DistanceFromHome_q0
No,Travel_Rarely,Sales,College,Marketing,High,Male,Medium,3,Sales_Executive,Low,Divorced,No,1,Better,Age_q0,MonthlyIncome_q2,TotalWorkingYears_q2,YearsAtCompany_q2,DistanceFromHome_q2
No,Travel_Rarely,Research_Development,Master,Medical,Very_High,Male,Very_High,1,Research_Scientist,Very_High,Married,Yes,3,Better,Age_q1,MonthlyIncome_q1,TotalWorkingYears_q0,YearsAtCompany_q1,DistanceFromHome_q0
No,Non-Travel,Sales,Bachelor,Marketing,Very_High,Female,High,2,Sales_Executive,Medium,Single,No,0,Good,Age_q1,MonthlyIncome_q2,TotalWorkingYears_q2,YearsAtCompany_q3,DistanceFromHome_q0
No,Travel_Rarely,Sales,Master,Marketing,Very_High,Female,High,2,Sales_Executive,Very_High,Single,No,0,Best,Age_q3,MonthlyIncome_q1,TotalWorkingYears_q1,YearsAtCompany_q1,DistanceFromHome_q2
Yes,Travel_Rarely,Sales,Bachelor,Life_Sciences,Low,Female,High,3,Sales_Executive,Low,Single,Yes,0,Good,Age_q1,MonthlyIncome_q3,TotalWorkingYears_q2,YearsAtCompany_q0,DistanceFromHome_q2
No,Travel_Frequently,Research_Development,College,Medical,High,Female,Medium,1,Laboratory_Technician,Medium,Married,No,1,Good,Age_q2,MonthlyIncome_q0,TotalWorkingYears_q1,YearsAtCompany_q2,DistanceFromHome_q0
Yes,Travel_Rarely,Sales,Master,Marketing,Low,Male,High,3,Sales_Executive,High,Married,No,3,Better,Age_q1,MonthlyIncome_q2,TotalWorkingYears_q1,YearsAtCompany_q0,DistanceFromHome_q2
No,Travel_Rarely,Research_Development,Bachelor,Technical_Degree,Very_High,Female,Medium,1,Research_Scientist,Low,Divorced,No,1,Better,Age_q0,MonthlyIncome_q0,TotalWorkingYears_q0,YearsAtCompany_q0,DistanceFromHome_q1
No,Travel_Rarely,Research_Development,Bachelor,Life_Sciences,High,Male,Very_High,2,Healthcare_Representative,High,Married,No,1,Better,Age_q0,MonthlyIncome_q2,TotalWorkingYears_q1,YearsAtCompany_q2,DistanceFromHome_q2
No,Non-Travel,Research_Development,Master,Technical_Degree,Medium,Male,High,1,Research_Scientist,Medium,Single,No,0,Better,Age_q1,MonthlyIncome_q0,TotalWorkingYears_q2,YearsAtCompany_q2,DistanceFromHome_q1
No,Travel_Rarely,Research_Development,Bachelor,Medical,Medium,Male,Low,2,Healthcare_Representative,Very_High,Married,Yes,1,Better,Age_q2,MonthlyIncome_q2,TotalWorkingYears_q2,YearsAtCompany_q0,DistanceFromHome_q2
Yes,Travel_Frequently,Research_Development,Bachelor,Technical_Degree,High,Male,Medium,1,Research_Scientist,High,Married,Yes,1,Better,Age_q2,MonthlyIncome_q0,TotalWorkingYears_q0,YearsAtCompany_q0,DistanceFromHome_q2
No,Travel_Rarely,Research_Development,Bachelor,Medical,Medium,Male,High,1,Laboratory_Technician,Medium,Divorced,No,3,Good,Age_q2,MonthlyIncome_q0,TotalWorkingYears_q1,YearsAtCompany_q1,DistanceFromHome_q2
No,Travel_Rarely,Research_Development,Bachelor,Medical,High,Male,Medium,5,Research_Director,Low,Married,No,3,Better,Age_q3,MonthlyIncome_q3,TotalWorkingYears_q3,YearsAtCompany_q0,DistanceFromHome_q0
No,Non-Travel,Research_Development,Bachelor,Technical_Degree,Very_High,Male,High,2,Research_Scientist,Medium,Divorced,No,2,Good,Age_q1,MonthlyIncome_q1,TotalWorkingYears_q2,YearsAtCompany_q2,DistanceFromHome_q1
No,Travel_Rarely,Research_Development,Master,Life_Sciences,High,Male,High,1,Laboratory_Technician,Low,Divorced,No,2,Better,Age_q2,MonthlyIncome_q0,TotalWorkingYears_q0,YearsAtCompany_q1,DistanceFromHome_q1
No,Non-Travel,Sales,Bachelor,Life_Sciences,Very_High,Male,High,2,Sales_Executive,High,Divorced,Yes,1,Better,Age_q1,MonthlyIncome_q1,TotalWorkingYears_q2,YearsAtCompany_q3,DistanceFromHome_q1
No,Non-Travel,Research_Development,Master,Medical,Low,Female,Medium,4,Manufacturing_Director,High,Married,Yes,3,Good,Age_q3,MonthlyIncome_q3,TotalWorkingYears_q3,YearsAtCompany_q0,DistanceFromHome_q0
No,Travel_Rarely,Human_Resources,Bachelor,Life_Sciences,Medium,Male,High,1,Human_Resources,Very_High,Single,No,0,Better,Age_q2,MonthlyIncome_q1,TotalWorkingYears_q1,YearsAtCompany_q2,DistanceFromHome_q0
No,Travel_Rarely,Sales,College,Life_Sciences,Very_High,Female,Low,2,Sales_Executive,Very_High,Single,No,0,Better,Age_q1,MonthlyIncome_q2,TotalWorkingYears_q0,YearsAtCompany_q0,DistanceFromHome_q0
Yes,Travel_Rarely,Sales,Below_College,Marketing,Medium,Male,High,1,Sales_Representative,Medium,Single,No,0,Better,Age_q0,MonthlyIncome_q0,TotalWorkingYears_q0,YearsAtCompany_q0,DistanceFromHome_q1
No,Travel_Rarely,Research_Development,College,Other,Very_High,Female,Medium,1,Laboratory_Technician,High,Married,No,1,Better,Age_q2,MonthlyIncome_q1,TotalWorkingYears_q0,YearsAtCompany_q1,DistanceFromHome_q1
Yes,Travel_Rarely,Research_Development,Below_College,Medical,High,Female,High,1,Laboratory_Technician,Low,Married,Yes,0,Better,Age_q0,MonthlyIncome_q0,TotalWorkingYears_q0,YearsAtCompany_q0,DistanceFromHome_q1
No,Travel_Rarely,Sales,Master,Marketing,Low,Female,Medium,2,Sales_Executive,Very_High,Married,No,2,Better,Age_q1,MonthlyIncome_q2,TotalWorkingYears_q2,YearsAtCompany_q3,DistanceFromHome_q2
No,Travel_Rarely,Research_Development,Bachelor,Technical_Degree,Low,Female,High,3,Manager,High,Married,No,0,Better,Age_q3,MonthlyIncome_q3,TotalWorkingYears_q2,YearsAtCompany_q0,DistanceFromHome_q0
No,Travel_Rarely,Sales,College,Marketing,Medium,Male,Medium,2,Sales_Executive,Medium,Married,No,2,Better,Age_q2,MonthlyIncome_q1,TotalWorkingYears_q0,YearsAtCompany_q1,DistanceFromHome_q1
No,Travel_Rarely,Research_Development,Master,Medical,High,Male,High,5,Research_Director,Very_High,Divorced,Yes,1,Better,Age_q3,MonthlyIncome_q3,TotalWorkingYears_q3,YearsAtCompany_q0,DistanceFromHome_q0
No,Travel_Rarely,Research_Development,Bachelor,Life_Sciences,Very_High,Male,High,3,Healthcare_Representative,Low,Married,Yes,1,Better,Age_q1,MonthlyIncome_q2,TotalWorkingYears_q2,YearsAtCompany_q3,DistanceFromHome_q1
Yes,Travel_Frequently,Research_Development,College,Medical,High,Male,High,1,Research_Scientist,Medium,Divorced,Yes,3,Good,Age_q3,MonthlyIncome_q0,TotalWorkingYears_q0,YearsAtCompany_q1,DistanceFromHome_q0
No,Travel_Rarely,Human_Resources,College,Other,High,Male,High,2,Human_Resources,Medium,Divorced,No,0,Good,Age_q2,MonthlyIncome_q1,TotalWorkingYears_q3,YearsAtCompany_q3,DistanceFromHome_q1
Yes,Travel_Rarely,Sales,Bachelor,Life_Sciences,High,Male,High,2,Sales_Executive,Very_High,Single,Yes,0,Better,Age_q1,MonthlyIncome_q2,TotalWorkingYears_q1,YearsAtCompany_q3,DistanceFromHome_q2
No,Travel_Rarely,Research_Development,Master,Life_Sciences,Very_High,Male,Very_High,1,Research_Scientist,Low,Married,No,1,Better,Age_q1,MonthlyIncome_q1,TotalWorkingYears_q2,YearsAtCompany_q3,DistanceFromHome_q1
No,Travel_Rarely,Research_Development,Bachelor,Life_Sciences,High,Male,High,1,Research_Scientist,Very_High,Married,No,1,Best,Age_q0,MonthlyIncome_q0,TotalWorkingYears_q0,YearsAtCompany_q1,DistanceFromHome_q0
No,Travel_Rarely,Research_Development,Below_College,Medical,High,Male,High,3,Research_Director,High,Single,No,0,Better,Age_q2,MonthlyIncome_q3,TotalWorkingYears_q1,YearsAtCompany_q1,DistanceFromHome_q1
No,Non-Travel,Sales,College,Life_Sciences,Medium,Male,Medium,2,Sales_Executive,Medium,Single,No,0,Better,Age_q3,MonthlyIncome_q2,TotalWorkingYears_q0,YearsAtCompany_q0,DistanceFromHome_q2
No,Travel_Rarely,Research_Development,College,Life_Sciences,High,Female,High,1,Laboratory_Technician,Low,Married,No,1,Good,Age_q2,MonthlyIncome_q1,TotalWorkingYears_q1,YearsAtCompany_q1,DistanceFromHome_q0
No,Travel_Rarely,Research_Development,Bachelor,Medical,Medium,Male,Very_High,2,Healthcare_Representative,Low,Married,No,2,Good,Age_q2,MonthlyIncome_q2,TotalWorkingYears_q1,YearsAtCompany_q0,DistanceFromHome_q2
No,Non-Travel,Research_Development,College,Medical,Medium,Male,High,2,Manufacturing_Director,Very_High,Divorced,No,1,Better,Age_q1,MonthlyIncome_q2,TotalWorkingYears_q2,YearsAtCompany_q2,DistanceFromHome_q0
No,Non-Travel,Human_Resources,Bachelor,Human_Resources,Low,Male,High,1,Human_Resources,Medium,Divorced,No,3,Better,Age_q2,MonthlyIncome_q0,TotalWorkingYears_q2,YearsAtCompany_q3,DistanceFromHome_q0
Yes,Travel_Frequently,Research_Development,Master,Life_Sciences,Very_High,Male,High,2,Laboratory_Technician,Low,Married,No,1,Good,Age_q1,MonthlyIncome_q2,TotalWorkingYears_q2,YearsAtCompany_q2,DistanceFromHome_q1
Yes,Travel_Rarely,Research_Development,Master,Medical,Very_High,Male,High,2,Manufacturing_Director,Low,Single,No,0,Bad,Age_q2,MonthlyIncome_q1,TotalWorkingYears_q1,YearsAtCompany_q3,DistanceFromHome_q1
No,Travel_Frequently,Sales,Bachelor,Life_Sciences,High,Male,High,2,Sales_Executive,Very_High,Divorced,No,1,Better,Age_q2,MonthlyIncome_q1,TotalWorkingYears_q1,YearsAtCompany_q0,DistanceFromHome_q2
No,Non-Travel,Research_Development,Bachelor,Life_Sciences,Low,Male,High,1,Research_Scientist,High,Single,No,0,Good,Age_q2,MonthlyIncome_q0,TotalWorkingYears_q1,YearsAtCompany_q0,DistanceFromHome_q1
No,Travel_Rarely,Research_Development,Bachelor,Life_Sciences,Medium,Male,Very_High,2,Healthcare_Representative,Medium,Single,No,0,Bad,Age_q2,MonthlyIncome_q2,TotalWorkingYears_q2,YearsAtCompany_q0,DistanceFromHome_q1
No,Travel_Rarely,Sales,Below_College,Marketing,High,Female,High,3,Sales_Executive,High,Divorced,Yes,1,Best,Age_q2,MonthlyIncome_q3,TotalWorkingYears_q3,YearsAtCompany_q3,DistanceFromHome_q1
No,Travel_Rarely,Research_Development,Bachelor,Medical,Low,Female,High,3,Manufacturing_Director,High,Single,No,0,Better,Age_q0,MonthlyIncome_q3,TotalWorkingYears_q1,YearsAtCompany_q2,DistanceFromHome_q1
Yes,Travel_Rarely,Human_Resources,College,Medical,Very_High,Female,High,1,Human_Resources,Medium,Married,Yes,0,Better,Age_q0,MonthlyIncome_q0,TotalWorkingYears_q0,YearsAtCompany_q1,DistanceFromHome_q2
Yes,Travel_Rarely,Research_Development,College,Medical,Very_High,Female,High,2,Healthcare_Representative,Medium,Married,No,1,Best,Age_q3,MonthlyIncome_q3,TotalWorkingYears_q2,YearsAtCompany_q2,DistanceFromHome_q2
No,Travel_Rarely,Research_Development,Bachelor,Life_Sciences,High,Female,High,2,Healthcare_Representative,Very_High,Divorced,No,1,Better,Age_q2,MonthlyIncome_q2,TotalWorkingYears_q2,YearsAtCompany_q1,DistanceFromHome_q0
No,Travel_Rarely,Sales,College,Technical_Degree,Medium,Male,Very_High,2,Sales_Executive,High,Married,No,2,Better,Age_q1,MonthlyIncome_q2,TotalWorkingYears_q1,YearsAtCompany_q3,DistanceFromHome_q1
No,Non-Travel,Sales,Bachelor,Medical,Medium,Male,High,4,Manager,Medium,Divorced,No,1,Good,Age_q3,MonthlyIncome_q3,TotalWorkingYears_q3,YearsAtCompany_q3,DistanceFromHome_q0
No,Travel_Rarely,Research_Development,Master,Medical,Medium,Male,Low,1,Laboratory_Technician,High,Married,No,1,Best,Age_q1,MonthlyIncome_q0,TotalWorkingYears_q0,YearsAtCompany_q1,DistanceFromHome_q2
No,Travel_Rarely,Research_Development,Bachelor,Life_Sciences,High,Female,Medium,3,Manufacturing_Director,Medium,Divorced,Yes,1,Better,Age_q3,MonthlyIncome_q3,TotalWorkingYears_q3,YearsAtCompany_q3,DistanceFromHome_q1
No,Travel_Rarely,Research_Development,Bachelor,Life_Sciences,Medium,Female,High,2,Healthcare_Representative,Low,Divorced,No,1,Better,Age_q2,MonthlyIncome_q1,TotalWorkingYears_q2,YearsAtCompany_q2,DistanceFromHome_q2
No,Travel_Rarely,Research_Development,Master,Medical,Very_High,Female,High,2,Research_Scientist,Very_High,Married,No,1,Good,Age_q3,MonthlyIncome_q2,TotalWorkingYears_q2,YearsAtCompany_q2,DistanceFromHome_q1
No,Travel_Frequently,Sales,Master,Marketing,Low,Female,High,3,Sales_Executive,Low,Married,No,2,Better,Age_q1,MonthlyIncome_q3,TotalWorkingYears_q1,YearsAtCompany_q0,DistanceFromHome_q1
No,Travel_Rarely,Research_Development,Bachelor,Medical,High,Female,High,1,Research_Scientist,Low,Married,No,1,Better,Age_q0,MonthlyIncome_q1,TotalWorkingYears_q0,YearsAtCompany_q0,DistanceFromHome_q0
No,Travel_Rarely,Sales,Master,Marketing,Medium,Female,Low,2,Sales_Representative,Very_High,Married,Yes,2,Good,Age_q2,MonthlyIncome_q2,TotalWorkingYears_q3,YearsAtCompany_q1,DistanceFromHome_q0
No,Travel_Rarely,Sales,Bachelor,Medical,High,Male,High,2,Sales_Executive,Very_High,Single,No,0,Better,Age_q0,MonthlyIncome_q1,TotalWorkingYears_q0,YearsAtCompany_q1,DistanceFromHome_q1
No,Travel_Frequently,Research_Development,Master,Life_Sciences,Low,Male,High,4,Research_Director,High,Married,Yes,0,Better,Age_q3,MonthlyIncome_q3,TotalWorkingYears_q3,YearsAtCompany_q0,DistanceFromHome_q2
No,Non-Travel,Research_Development,Bachelor,Medical,Medium,Female,High,1,Research_Scientist,High,Single,No,0,Bad,Age_q0,MonthlyIncome_q0,TotalWorkingYears_q0,YearsAtCompany_q0,DistanceFromHome_q2
Yes,Travel_Rarely,Human_Resources,Doctor,Human_Resources,Very_High,Male,Very_High,1,Human_Resources,Low,Married,No,0,Better,Age_q1,MonthlyIncome_q1,TotalWorkingYears_q0,YearsAtCompany_q0,DistanceFromHome_q2
Yes,Travel_Rarely,Human_Resources,Bachelor,Human_Resources,Low,Male,Medium,1,Human_Resources,Low,Divorced,Yes,3,Better,Age_q0,MonthlyIncome_q0,TotalWorkingYears_q0,YearsAtCompany_q0,DistanceFromHome_q2
No,Non-Travel,Sales,Master,Life_Sciences,High,Female,High,2,Sales_Executive,High,Married,No,2,Best,Age_q3,MonthlyIncome_q2,TotalWorkingYears_q1,YearsAtCompany_q2,DistanceFromHome_q0
No,Travel_Rarely,Research_Development,Master,Other,Very_High,Female,High,2,Research_Scientist,Medium,Married,Yes,1,Better,Age_q1,MonthlyIncome_q2,TotalWorkingYears_q2,YearsAtCompany_q0,DistanceFromHome_q0
No,Travel_Frequently,Sales,Master,Life_Sciences,Low,Male,High,2,Sales_Executive,Very_High,Married,No,1,Better,Age_q2,MonthlyIncome_q2,TotalWorkingYears_q1,YearsAtCompany_q2,DistanceFromHome_q0
No,Travel_Frequently,Research_Development,College,Life_Sciences,Very_High,Female,High,1,Laboratory_Technician,Very_High,Single,Yes,0,Good,Age_q0,MonthlyIncome_q0,TotalWorkingYears_q0,YearsAtCompany_q1,DistanceFromHome_q1
No,Travel_Frequently,Research_Development,Below_College,Medical,Very_High,Male,High,1,Laboratory_Technician,Very_High,Married,No,0,Best,Age_q0,MonthlyIncome_q1,TotalWorkingYears_q2,YearsAtCompany_q3,DistanceFromHome_q2
No,Travel_Frequently,Sales,Master,Marketing,Very_High,Male,High,2,Sales_Executive,Very_High,Single,No,0,Best,Age_q1,MonthlyIncome_q1,TotalWorkingYears_q0,YearsAtCompany_q0,DistanceFromHome_q1
No,Non-Travel,Research_Development,Master,Technical_Degree,High,Male,High,1,Research_Scientist,High,Married,No,2,Good,Age_q2,MonthlyIncome_q1,TotalWorkingYears_q1,YearsAtCompany_q2,DistanceFromHome_q1
No,Travel_Rarely,Research_Development,Master,Life_Sciences,Medium,Female,High,1,Laboratory_Technician,High,Single,No,0,Better,Age_q3,MonthlyIncome_q0,TotalWorkingYears_q1,YearsAtCompany_q0,DistanceFromHome_q1
No,Travel_Rarely,Research_Development,College,Life_Sciences,Very_High,Male,High,3,Manufacturing_Director,Very_High,Divorced,No,1,Good,Age_q3,MonthlyIncome_q3,TotalWorkingYears_q2,YearsAtCompany_q2,DistanceFromHome_q0
No,Non-Travel,Human_Resources,College,Life_Sciences,High,Male,High,1,Human_Resources,Very_High,Divorced,No,1,Better,Age_q0,MonthlyIncome_q0,TotalWorkingYears_q0,YearsAtCompany_q0,DistanceFromHome_q0
No,Travel_Rarely,Research_Development,Below_College,Life_Sciences,Very_High,Male,Low,2,Healthcare_Representative,High,Divorced,No,2,Better,Age_q0,MonthlyIncome_q2,TotalWorkingYears_q2,YearsAtCompany_q2,DistanceFromHome_q2
No,Travel_Rarely,Research_Development,Bachelor,Life_Sciences,Very_High,Male,High,1,Laboratory_Technician,High,Single,No,0,Better,Age_q2,MonthlyIncome_q1,TotalWorkingYears_q1,YearsAtCompany_q0,DistanceFromHome_q1
Yes,Travel_Rarely,Sales,Master,Marketing,High,Male,Medium,2,Sales_Executive,Medium,Single,Yes,0,Good,Age_q1,MonthlyIncome_q3,TotalWorkingYears_q1,YearsAtCompany_q0,DistanceFromHome_q0
No,Travel_Rarely,Sales,Bachelor,Technical_Degree,Low,Female,Very_High,4,Sales_Executive,Low,Divorced,No,1,Better,Age_q3,MonthlyIncome_q3,TotalWorkingYears_q3,YearsAtCompany_q3,DistanceFromHome_q0
No,Travel_Rarely,Sales,Below_College,Medical,Medium,Female,Medium,2,Sales_Representative,High,Married,No,1,Better,Age_q0,MonthlyIncome_q1,TotalWorkingYears_q1,YearsAtCompany_q2,DistanceFromHome_q2
No,Travel_Rarely,Human_Resources,Below_College,Medical,Very_High,Male,Medium,1,Human_Resources,Medium,Married,No,0,Better,Age_q0,MonthlyIncome_q0,TotalWorkingYears_q0,YearsAtCompany_q0,DistanceFromHome_q1
No,Travel_Rarely,Research_Development,Bachelor,Medical,Low,Female,Medium,5,Manager,High,Married,No,0,Better,Age_q2,MonthlyIncome_q3,TotalWorkingYears_q3,YearsAtCompany_q3,DistanceFromHome_q1
No,Travel_Rarely,Research_Development,Bachelor,Life_Sciences,Very_High,Male,Medium,5,Research_Director,Medium,Married,No,0,Better,Age_q3,MonthlyIncome_q3,TotalWorkingYears_q3,YearsAtCompany_q3,DistanceFromHome_q1
Yes,Travel_Frequently,Research_Development,College,Life_Sciences,Very_High,Male,Medium,1,Research_Scientist,Very_High,Single,Yes,0,Good,Age_q0,MonthlyIncome_q0,TotalWorkingYears_q0,YearsAtCompany_q0,DistanceFromHome_q2
Yes,Travel_Rarely,Sales,Bachelor,Life_Sciences,High,Female,High,3,Sales_Executive,Medium,Married,No,3,Better,Age_q3,MonthlyIncome_q2,TotalWorkingYears_q2,YearsAtCompany_q2,DistanceFromHome_q1
No,Travel_Frequently,Research_Development,Bachelor,Life_Sciences,Very_High,Female,Medium,1,Research_Scientist,Low,Married,No,1,Good,Age_q0,MonthlyIncome_q1,TotalWorkingYears_q1,YearsAtCompany_q2,DistanceFromHome_q2
No,Travel_Rarely,Research_Development,Master,Other,Very_High,Male,High,2,Research_Scientist,Very_High,Divorced,No,3,Better,Age_q2,MonthlyIncome_q1,TotalWorkingYears_q1,YearsAtCompany_q0,DistanceFromHome_q2
No,Travel_Rarely,Research_Development,Master,Technical_Degree,Medium,Male,Medium,1,Research_Scientist,Very_High,Married,No,1,Best,Age_q3,MonthlyIncome_q0,TotalWorkingYears_q3,YearsAtCompany_q1,DistanceFromHome_q0
No,Travel_Rarely,Sales,Bachelor,Medical,Medium,Female,High,1,Sales_Representative,Medium,Married,No,1,Better,Age_q0,MonthlyIncome_q0,TotalWorkingYears_q0,YearsAtCompany_q0,DistanceFromHome_q0
Yes,Travel_Rarely,Sales,Bachelor,Medical,Medium,Male,High,1,Sales_Representative,Very_High,Single,No,0,Good,Age_q0,MonthlyIncome_q0,TotalWorkingYears_q0,YearsAtCompany_q0,DistanceFromHome_q1
Yes,Travel_Rarely,Research_Development,Below_College,Life_Sciences,Very_High,Male,High,1,Research_Scientist,Medium,Single,Yes,0,Better,Age_q0,MonthlyIncome_q0,TotalWorkingYears_q0,YearsAtCompany_q0,DistanceFromHome_q1
No,Travel_Rarely,Sales,Master,Technical_Degree,Medium,Female,Medium,2,Sales_Executive,High,Married,Yes,1,Better,Age_q1,MonthlyIncome_q2,TotalWorkingYears_q1,YearsAtCompany_q3,DistanceFromHome_q1
No,Travel_Rarely,Research_Development,Bachelor,Life_Sciences,Medium,Male,High,2,Laboratory_Technician,High,Divorced,No,1,Better,Age_q1,MonthlyIncome_q1,TotalWorkingYears_q1,YearsAtCompany_q3,DistanceFromHome_q2
No,Travel_Rarely,Sales,Bachelor,Life_Sciences,High,Male,High,3,Sales_Executive,Very_High,Married,Yes,3,Better,Age_q1,MonthlyIncome_q3,TotalWorkingYears_q1,YearsAtCompany_q1,DistanceFromHome_q1
No,Travel_Rarely,Research_Development,Bachelor,Life_Sciences,Very_High,Male,High,1,Laboratory_Technician,Low,Single,No,0,Better,Age_q0,MonthlyIncome_q0,TotalWorkingYears_q2,YearsAtCompany_q0,DistanceFromHome_q1
No,Travel_Rarely,Research_Development,Master,Medical,Very_High,Male,High,2,Research_Scientist,Low,Married,Yes,1,Better,Age_q2,MonthlyIncome_q1,TotalWorkingYears_q3,YearsAtCompany_q1,DistanceFromHome_q1
No,Travel_Rarely,Research_Development,College,Other,Very_High,Female,Medium,2,Manufacturing_Director,Medium,Married,Yes,0,Better,Age_q1,MonthlyIncome_q1,TotalWorkingYears_q0,YearsAtCompany_q0,DistanceFromHome_q2
No,Travel_Rarely,Research_Development,College,Life_Sciences,Medium,Female,Medium,2,Manufacturing_Director,Very_High,Married,No,2,Good,Age_q3,MonthlyIncome_q2,TotalWorkingYears_q1,YearsAtCompany_q2,DistanceFromHome_q2
No,Travel_Frequently,Human_Resources,Below_College,Human_Resources,Medium,Male,Medium,2,Human_Resources,Very_High,Single,No,0,Good,Age_q1,MonthlyIncome_q1,TotalWorkingYears_q1,YearsAtCompany_q3,DistanceFromHome_q0
No,Travel_Rarely,Research_Development,Master,Life_Sciences,Low,Male,High,4,Manager,Low,Divorced,No,1,Better,Age_q2,MonthlyIncome_q3,TotalWorkingYears_q3,YearsAtCompany_q3,DistanceFromHome_q0
No,Travel_Rarely,Research_Development,College,Life_Sciences,Medium,Female,Medium,1,Research_Scientist,High,Married,Yes,1,Good,Age_q0,MonthlyIncome_q1,TotalWorkingYears_q0,YearsAtCompany_q0,DistanceFromHome_q0
No,Travel_Rarely,Sales,College,Medical,Low,Female,Very_High,2,Sales_Executive,High,Single,No,0,Good,Age_q0,MonthlyIncome_q2,TotalWorkingYears_q1,YearsAtCompany_q2,DistanceFromHome_q0
No,Travel_Frequently,Research_Development,Bachelor,Medical,Very_High,Female,High,4,Manager,Very_High,Divorced,No,1,Better,Age_q3,MonthlyIncome_q3,TotalWorkingYears_q3,YearsAtCompany_q3,DistanceFromHome_q2
No,Travel_Rarely,Research_Development,Master,Life_Sciences,Medium,Male,Very_High,2,Healthcare_Representative,Low,Married,No,1,Better,Age_q3,MonthlyIncome_q2,TotalWorkingYears_q1,YearsAtCompany_q0,DistanceFromHome_q0
Yes,Non-Travel,Research_Development,Master,Technical_Degree,Very_High,Male,Low,1,Research_Scientist,Low,Married,Yes,1,Better,Age_q1,MonthlyIncome_q0,TotalWorkingYears_q0,YearsAtCompany_q1,DistanceFromHome_q2
Yes,Travel_Rarely,Research_Development,College,Life_Sciences,Low,Male,High,1,Laboratory_Technician,Very_High,Single,No,0,Better,Age_q3,MonthlyIncome_q0,TotalWorkingYears_q0,YearsAtCompany_q1,DistanceFromHome_q2
No,Travel_Rarely,Sales,College,Marketing,High,Male,Medium,2,Sales_Executive,Medium,Married,No,2,Bad,Age_q1,MonthlyIncome_q2,TotalWorkingYears_q2,YearsAtCompany_q1,DistanceFromHome_q2
No,Travel_Rarely,Sales,Bachelor,Marketing,High,Female,High,2,Sales_Executive,Medium,Married,No,1,Better,Age_q2,MonthlyIncome_q1,TotalWorkingYears_q2,YearsAtCompany_q1,DistanceFromHome_q1
No,Travel_Rarely,Research_Development,Bachelor,Medical,High,Male,High,3,Research_Director,Low,Married,No,1,Best,Age_q2,MonthlyIncome_q3,TotalWorkingYears_q3,YearsAtCompany_q3,DistanceFromHome_q1
No,Travel_Rarely,Sales,College,Medical,High,Female,High,2,Sales_Executive,Very_High,Divorced,Yes,1,Better,Age_q1,MonthlyIncome_q2,TotalWorkingYears_q1,YearsAtCompany_q1,DistanceFromHome_q1
No,Travel_Rarely,Sales,Below_College,Medical,Very_High,Female,Medium,2,Sales_Executive,Very_High,Married,Yes,0,Good,Age_q1,MonthlyIncome_q2,TotalWorkingYears_q1,YearsAtCompany_q1,DistanceFromHome_q0
No,Travel_Rarely,Research_Development,Bachelor,Medical,Low,Female,Very_High,1,Laboratory_Technician,High,Divorced,No,1,Good,Age_q1,MonthlyIncome_q1,TotalWorkingYears_q0,YearsAtCompany_q0,DistanceFromHome_q1
No,Travel_Frequently,Research_Development,Bachelor,Other,High,Male,Very_High,1,Laboratory_Technician,Very_High,Married,No,1,Better,Age_q0,MonthlyIncome_q0,TotalWorkingYears_q1,YearsAtCompany_q2,DistanceFromHome_q1
No,Travel_Frequently,Research_Development,Master,Medical,Medium,Male,High,2,Healthcare_Representative,High,Single,No,0,Better,Age_q3,MonthlyIncome_q2,TotalWorkingYears_q2,YearsAtCompany_q1,DistanceFromHome_q0
No,Travel_Rarely,Sales,Master,Marketing,Medium,Male,High,2,Sales_Executive,High,Single,No,0,Good,Age_q1,MonthlyIncome_q2,TotalWorkingYears_q1,YearsAtCompany_q3,DistanceFromHome_q1
No,Travel_Frequently,Sales,College,Life_Sciences,High,Male,Medium,2,Sales_Executive,Very_High,Married,Yes,1,Better,Age_q0,MonthlyIncome_q2,TotalWorkingYears_q1,YearsAtCompany_q2,DistanceFromHome_q0
Yes,Travel_Frequently,Sales,Bachelor,Technical_Degree,High,Male,Very_High,1,Sales_Representative,Low,Single,No,0,Better,Age_q0,MonthlyIncome_q0,TotalWorkingYears_q0,YearsAtCompany_q0,DistanceFromHome_q2
No,Non-Travel,Sales,Master,Life_Sciences,Low,Female,Low,2,Sales_Executive,High,Married,No,1,Better,Age_q2,MonthlyIncome_q2,TotalWorkingYears_q1,YearsAtCompany_q0,DistanceFromHome_q2
No,Travel_Rarely,Research_Development,Master,Technical_Degree,Medium,Male,High,1,Research_Scientist,Medium,Married,No,1,Good,Age_q0,MonthlyIncome_q0,TotalWorkingYears_q0,YearsAtCompany_q1,DistanceFromHome_q0
No,Travel_Frequently,Research_Development,Master,Other,High,Male,Medium,2,Research_Scientist,Very_High,Married,Yes,0,Better,Age_q1,MonthlyIncome_q2,TotalWorkingYears_q3,YearsAtCompany_q3,DistanceFromHome_q2
Yes,Travel_Rarely,Sales,College,Marketing,Very_High,Female,High,2,Sales_Executive,High,Single,Yes,0,Better,Age_q0,MonthlyIncome_q3,TotalWorkingYears_q0,YearsAtCompany_q0,DistanceFromHome_q2
No,Non-Travel,Research_Development,Master,Technical_Degree,High,Male,High,2,Research_Scientist,Medium,Married,No,1,Best,Age_q3,MonthlyIncome_q2,TotalWorkingYears_q3,YearsAtCompany_q2,DistanceFromHome_q2
No,Travel_Rarely,Sales,Doctor,Marketing,Very_High,Female,Medium,2,Sales_Executive,Low,Married,No,1,Better,Age_q3,MonthlyIncome_q2,TotalWorkingYears_q0,YearsAtCompany_q0,DistanceFromHome_q2
No,Travel_Rarely,Research_Development,College,Medical,Low,Male,High,2,Manufacturing_Director,Low,Married,No,1,Better,Age_q2,MonthlyIncome_q2,TotalWorkingYears_q1,YearsAtCompany_q3,DistanceFromHome_q1
No,Travel_Frequently,Research_Development,Bachelor,Medical,Very_High,Female,Medium,2,Research_Scientist,Medium,Divorced,Yes,1,Better,Age_q2,MonthlyIncome_q0,TotalWorkingYears_q3,YearsAtCompany_q3,DistanceFromHome_q1
No,Travel_Rarely,Sales,Bachelor,Life_Sciences,Very_High,Female,High,4,Manager,Very_High,Married,Yes,1,Good,Age_q3,MonthlyIncome_q3,TotalWorkingYears_q3,YearsAtCompany_q0,DistanceFromHome_q2
Yes,Travel_Frequently,Research_Development,College,Life_Sciences,Low,Female,Very_High,1,Research_Scientist,High,Single,Yes,0,Better,Age_q1,MonthlyIncome_q0,TotalWorkingYears_q1,YearsAtCompany_q1,DistanceFromHome_q1
No,Travel_Rarely,Research_Development,College,Life_Sciences,Medium,Male,High,1,Research_Scientist,Very_High,Divorced,No,2,Best,Age_q2,MonthlyIncome_q1,TotalWorkingYears_q1,YearsAtCompany_q1,DistanceFromHome_q1
No,Travel_Frequently,Research_Development,Below_College,Life_Sciences,Medium,Male,High,5,Research_Director,Very_High,Married,No,0,Better,Age_q3,MonthlyIncome_q3,TotalWorkingYears_q3,YearsAtCompany_q1,DistanceFromHome_q0
No,Travel_Rarely,Sales,Master,Marketing,Medium,Male,High,2,Sales_Executive,Very_High,Divorced,Yes,2,Better,Age_q2,MonthlyIncome_q2,TotalWorkingYears_q2,YearsAtCompany_q0,DistanceFromHome_q2
Yes,Travel_Frequently,Human_Resources,Bachelor,Human_Resources,Low,Female,Medium,1,Human_Resources,Medium,Married,No,0,Better,Age_q0,MonthlyIncome_q0,TotalWorkingYears_q0,YearsAtCompany_q0,DistanceFromHome_q2
No,Travel_Rarely,Sales,Master,Medical,Medium,Male,High,2,Sales_Executive,Low,Married,No,1,Bad,Age_q1,MonthlyIncome_q2,TotalWorkingYears_q0,YearsAtCompany_q1,DistanceFromHome_q2
No,Non-Travel,Research_Development,Bachelor,Medical,High,Male,High,1,Research_Scientist,High,Single,No,0,Good,Age_q0,MonthlyIncome_q0,TotalWorkingYears_q0,YearsAtCompany_q1,DistanceFromHome_q2
No,Non-Travel,Research_Development,College,Medical,High,Male,High,1,Research_Scientist,Low,Divorced,Yes,1,Best,Age_q1,MonthlyIncome_q1,TotalWorkingYears_q0,YearsAtCompany_q1,DistanceFromHome_q0
No,Non-Travel,Research_Development,Master,Life_Sciences,Low,Male,Very_High,1,Laboratory_Technician,Medium,Married,No,0,Better,Age_q1,MonthlyIncome_q0,TotalWorkingYears_q0,YearsAtCompany_q1,DistanceFromHome_q1
No,Travel_Rarely,Sales,Bachelor,Marketing,Low,Male,High,3,Sales_Executive,Very_High,Single,No,0,Good,Age_q1,MonthlyIncome_q3,TotalWorkingYears_q2,YearsAtCompany_q3,DistanceFromHome_q0
No,Travel_Rarely,Sales,Master,Medical,Very_High,Male,High,3,Sales_Executive,High,Divorced,No,1,Good,Age_q1,MonthlyIncome_q3,TotalWorkingYears_q1,YearsAtCompany_q2,DistanceFromHome_q2
No,Travel_Rarely,Research_Development,Bachelor,Medical,High,Male,High,1,Laboratory_Technician,Low,Single,No,0,Good,Age_q0,MonthlyIncome_q0,TotalWorkingYears_q1,YearsAtCompany_q2,DistanceFromHome_q0
No,Travel_Rarely,Research_Development,Bachelor,Life_Sciences,Low,Male,High,2,Healthcare_Representative,Low,Married,No,1,Good,Age_q0,MonthlyIncome_q2,TotalWorkingYears_q0,YearsAtCompany_q1,DistanceFromHome_q0
No,Non-Travel,Research_Development,Master,Medical,High,Female,High,2,Healthcare_Representative,Very_High,Divorced,No,1,Better,Age_q1,MonthlyIncome_q2,TotalWorkingYears_q1,YearsAtCompany_q1,DistanceFromHome_q2
No,Travel_Frequently,Research_Development,Bachelor,Life_Sciences,Very_High,Male,Low,2,Research_Scientist,Low,Married,No,0,Better,Age_q1,MonthlyIncome_q2,TotalWorkingYears_q1,YearsAtCompany_q3,DistanceFromHome_q0
Yes,Travel_Rarely,Research_Development,Bachelor,Technical_Degree,High,Male,Medium,1,Laboratory_Technician,Very_High,Divorced,No,1,Good,Age_q0,MonthlyIncome_q0,TotalWorkingYears_q0,YearsAtCompany_q1,DistanceFromHome_q2
No,Travel_Rarely,Sales,Bachelor,Life_Sciences,Low,Male,Medium,1,Sales_Representative,Low,Single,No,0,Good,Age_q2,MonthlyIncome_q0,TotalWorkingYears_q3,YearsAtCompany_q0,DistanceFromHome_q0
No,Travel_Rarely,Sales,Master,Life_Sciences,High,Female,High,2,Sales_Executive,Very_High,Married,Yes,0,Better,Age_q1,MonthlyIncome_q2,TotalWorkingYears_q1,YearsAtCompany_q3,DistanceFromHome_q1
No,Travel_Rarely,Sales,Bachelor,Marketing,Very_High,Male,High,2,Sales_Executive,Very_High,Single,No,0,Better,Age_q0,MonthlyIncome_q1,TotalWorkingYears_q1,YearsAtCompany_q2,DistanceFromHome_q1
No,Travel_Rarely,Research_Development,Master,Life_Sciences,Very_High,Male,Medium,2,Manufacturing_Director,Very_High,Single,No,0,Better,Age_q1,MonthlyIncome_q3,TotalWorkingYears_q1,YearsAtCompany_q0,DistanceFromHome_q1
Yes,Travel_Frequently,Sales,Master,Marketing,Low,Male,High,2,Sales_Executive,Very_High,Married,Yes,0,Better,Age_q1,MonthlyIncome_q2,TotalWorkingYears_q1,YearsAtCompany_q3,DistanceFromHome_q2
Yes,Travel_Rarely,Sales,Master,Life_Sciences,Low,Male,High,3,Sales_Executive,Low,Single,Yes,0,Good,Age_q3,MonthlyIncome_q3,TotalWorkingYears_q2,YearsAtCompany_q0,DistanceFromHome_q2
No,Travel_Rarely,Research_Development,College,Life_Sciences,Low,Female,High,2,Research_Scientist,High,Married,No,2,Good,Age_q3,MonthlyIncome_q0,TotalWorkingYears_q1,YearsAtCompany_q1,DistanceFromHome_q1
No,Travel_Frequently,Research_Development,College,Life_Sciences,Very_High,Male,High,2,Healthcare_Representative,High,Divorced,No,3,Better,Age_q1,MonthlyIncome_q2,TotalWorkingYears_q1,YearsAtCompany_q2,DistanceFromHome_q1
No,Travel_Rarely,Research_Development,Bachelor,Life_Sciences,Low,Male,High,3,Healthcare_Representative,High,Married,No,1,Better,Age_q2,MonthlyIncome_q2,TotalWorkingYears_q1,YearsAtCompany_q3,DistanceFromHome_q2
No,Travel_Frequently,Human_Resources,Master,Other,Very_High,Male,High,1,Human_Resources,Medium,Married,Yes,1,Better,Age_q2,MonthlyIncome_q1,TotalWorkingYears_q1,YearsAtCompany_q2,DistanceFromHome_q0
No,Travel_Rarely,Human_Resources,Master,Human_Resources,High,Male,Very_High,5,Manager,Medium,Married,Yes,1,Better,Age_q3,MonthlyIncome_q3,TotalWorkingYears_q3,YearsAtCompany_q3,DistanceFromHome_q2
No,Travel_Rarely,Research_Development,Below_College,Medical,Very_High,Female,Low,1,Laboratory_Technician,Very_High,Divorced,Yes,3,Better,Age_q1,MonthlyIncome_q0,TotalWorkingYears_q0,YearsAtCompany_q0,DistanceFromHome_q0
No,Travel_Rarely,Sales,Master,Marketing,Medium,Male,High,4,Sales_Executive,Low,Single,No,0,Better,Age_q2,MonthlyIncome_q3,TotalWorkingYears_q3,YearsAtCompany_q3,DistanceFromHome_q2
No,Non-Travel,Research_Development,College,Life_Sciences,Very_High,Male,Medium,2,Research_Scientist,High,Single,No,0,Better,Age_q2,MonthlyIncome_q1,TotalWorkingYears_q3,YearsAtCompany_q3,DistanceFromHome_q2
No,Non-Travel,Research_Development,Bachelor,Medical,High,Female,High,3,Research_Director,High,Married,No,1,Best,Age_q1,MonthlyIncome_q3,TotalWorkingYears_q2,YearsAtCompany_q3,DistanceFromHome_q1
No,Travel_Rarely,Research_Development,Bachelor,Medical,High,Female,High,2,Manufacturing_Director,Low,Single,Yes,0,Better,Age_q3,MonthlyIncome_q1,TotalWorkingYears_q1,YearsAtCompany_q1,DistanceFromHome_q1
No,Travel_Rarely,Research_Development,College,Life_Sciences,Medium,Male,Medium,2,Healthcare_Representative,High,Single,No,0,Good,Age_q0,MonthlyIncome_q1,TotalWorkingYears_q0,YearsAtCompany_q1,DistanceFromHome_q0
No,Travel_Rarely,Research_Development,College,Other,Very_High,Male,High,1,Laboratory_Technician,Very_High,Single,No,0,Best,Age_q0,MonthlyIncome_q0,TotalWorkingYears_q0,YearsAtCompany_q1,DistanceFromHome_q2
No,Travel_Frequently,Research_Development,Bachelor,Technical_Degree,Very_High,Female,High,2,Laboratory_Technician,High,Married,No,1,Best,Age_q2,MonthlyIncome_q2,TotalWorkingYears_q1,YearsAtCompany_q3,DistanceFromHome_q2
No,Travel_Rarely,Sales,College,Marketing,Medium,Female,High,2,Sales_Executive,Medium,Married,No,1,Better,Age_q2,MonthlyIncome_q2,TotalWorkingYears_q2,YearsAtCompany_q3,DistanceFromHome_q0
No,Travel_Rarely,Human_Resources,Bachelor,Human_Resources,High,Female,High,1,Human_Resources,Medium,Married,No,0,Better,Age_q0,MonthlyIncome_q0,TotalWorkingYears_q0,YearsAtCompany_q0,DistanceFromHome_q0
No,Travel_Rarely,Research_Development,College,Medical,Very_High,Male,High,1,Laboratory_Technician,Medium,Married,No,0,Good,Age_q0,MonthlyIncome_q1,TotalWorkingYears_q2,YearsAtCompany_q3,DistanceFromHome_q0
No,Travel_Rarely,Research_Development,Below_College,Other,Very_High,Male,High,1,Laboratory_Technician,High,Divorced,Yes,1,Good,Age_q0,MonthlyIncome_q1,TotalWorkingYears_q1,YearsAtCompany_q0,DistanceFromHome_q0
No,Travel_Rarely,Research_Development,Bachelor,Medical,Low,Male,High,3,Healthcare_Representative,High,Single,No,0,Better,Age_q3,MonthlyIncome_q3,TotalWorkingYears_q3,YearsAtCompany_q3,DistanceFromHome_q2
No,Non-Travel,Research_Development,College,Medical,Medium,Male,Medium,1,Laboratory_Technician,High,Divorced,No,3,Good,Age_q1,MonthlyIncome_q0,TotalWorkingYears_q0,YearsAtCompany_q0,DistanceFromHome_q0
No,Travel_Rarely,Sales,Master,Life_Sciences,Very_High,Male,High,2,Sales_Executive,Medium,Married,No,2,Better,Age_q2,MonthlyIncome_q1,TotalWorkingYears_q3,YearsAtCompany_q3,DistanceFromHome_q0
No,Travel_Rarely,Sales,College,Life_Sciences,Low,Male,High,1,Sales_Representative,High,Married,No,1,Better,Age_q1,MonthlyIncome_q1,TotalWorkingYears_q0,YearsAtCompany_q0,DistanceFromHome_q0
No,Travel_Frequently,Research_Development,Master,Life_Sciences,Low,Male,Medium,2,Manufacturing_Director,High,Married,No,1,Better,Age_q2,MonthlyIncome_q2,TotalWorkingYears_q1,YearsAtCompany_q2,DistanceFromHome_q1
No,Travel_Rarely,Research_Development,Master,Life_Sciences,Very_High,Male,High,2,Research_Scientist,Low,Divorced,Yes,1,Good,Age_q2,MonthlyIncome_q2,TotalWorkingYears_q1,YearsAtCompany_q1,DistanceFromHome_q2
No,Travel_Rarely,Research_Development,Bachelor,Life_Sciences,Very_High,Male,High,1,Research_Scientist,Very_High,Married,No,1,Better,Age_q2,MonthlyIncome_q0,TotalWorkingYears_q2,YearsAtCompany_q1,DistanceFromHome_q0
No,Non-Travel,Research_Development,Below_College,Medical,High,Female,High,3,Research_Director,Medium,Married,No,2,Bad,Age_q3,MonthlyIncome_q3,TotalWorkingYears_q2,YearsAtCompany_q3,DistanceFromHome_q0
No,Travel_Rarely,Research_Development,Master,Medical,Very_High,Male,High,1,Laboratory_Technician,High,Married,Yes,1,Better,Age_q1,MonthlyIncome_q0,TotalWorkingYears_q0,YearsAtCompany_q0,DistanceFromHome_q2
No,Travel_Rarely,Research_Development,College,Life_Sciences,Very_High,Male,High,1,Research_Scientist,High,Single,No,0,Best,Age_q0,MonthlyIncome_q1,TotalWorkingYears_q0,YearsAtCompany_q0,DistanceFromHome_q0
No,Travel_Rarely,Research_Development,Master,Medical,Medium,Male,High,2,Research_Scientist,High,Single,No,0,Better,Age_q1,MonthlyIncome_q2,TotalWorkingYears_q1,YearsAtCompany_q3,DistanceFromHome_q1
No,Travel_Rarely,Research_Development,College,Medical,Medium,Female,High,2,Healthcare_Representative,Very_High,Married,Yes,1,Better,Age_q1,MonthlyIncome_q1,TotalWorkingYears_q1,YearsAtCompany_q2,DistanceFromHome_q2
No,Travel_Rarely,Research_Development,Master,Life_Sciences,High,Female,Medium,1,Laboratory_Technician,Medium,Single,No,0,Better,Age_q1,MonthlyIncome_q0,TotalWorkingYears_q0,YearsAtCompany_q2,DistanceFromHome_q2
No,Travel_Rarely,Research_Development,Master,Life_Sciences,Low,Male,High,1,Laboratory_Technician,Very_High,Married,No,2,Good,Age_q2,MonthlyIncome_q0,TotalWorkingYears_q1,YearsAtCompany_q0,DistanceFromHome_q0
No,Travel_Rarely,Sales,Master,Medical,Medium,Male,Medium,1,Sales_Representative,Medium,Married,No,1,Better,Age_q1,MonthlyIncome_q0,TotalWorkingYears_q0,YearsAtCompany_q0,DistanceFromHome_q0
No,Travel_Rarely,Research_Development,Below_College,Life_Sciences,Low,Male,High,2,Research_Scientist,Very_High,Single,No,0,Better,Age_q2,MonthlyIncome_q1,TotalWorkingYears_q3,YearsAtCompany_q2,DistanceFromHome_q2
No,Travel_Rarely,Research_Development,Bachelor,Medical,Medium,Female,Low,3,Research_Director,High,Married,No,1,Better,Age_q2,MonthlyIncome_q3,TotalWorkingYears_q3,YearsAtCompany_q3,DistanceFromHome_q1
No,Travel_Rarely,Sales,Master,Marketing,High,Female,High,3,Sales_Executive,Very_High,Married,No,2,Better,Age_q1,MonthlyIncome_q3,TotalWorkingYears_q2,YearsAtCompany_q3,DistanceFromHome_q0
No,Travel_Rarely,Research_Development,Bachelor,Life_Sciences,High,Female,Very_High,3,Research_Director,Very_High,Married,Yes,1,Better,Age_q2,MonthlyIncome_q3,TotalWorkingYears_q3,YearsAtCompany_q3,DistanceFromHome_q1
No,Travel_Rarely,Sales,College,Other,Low,Female,High,2,Sales_Executive,High,Divorced,Yes,1,Good,Age_q0,MonthlyIncome_q1,TotalWorkingYears_q0,YearsAtCompany_q1,DistanceFromHome_q1
No,Non-Travel,Sales,Master,Life_Sciences,Low,Male,High,1,Sales_Representative,Very_High,Divorced,No,2,Good,Age_q3,MonthlyIncome_q1,TotalWorkingYears_q3,YearsAtCompany_q2,DistanceFromHome_q2
No,Travel_Rarely,Research_Development,Bachelor,Medical,Medium,Male,High,1,Research_Scientist,Very_High,Single,Yes,0,Better,Age_q3,MonthlyIncome_q0,TotalWorkingYears_q0,YearsAtCompany_q1,DistanceFromHome_q0
No,Travel_Rarely,Sales,Below_College,Medical,High,Male,High,1,Sales_Representative,Low,Single,Yes,0,Better,Age_q0,MonthlyIncome_q0,TotalWorkingYears_q0,YearsAtCompany_q0,DistanceFromHome_q1
No,Non-Travel,Research_Development,Bachelor,Life_Sciences,Very_High,Male,High,5,Manager,Very_High,Single,No,0,Good,Age_q2,MonthlyIncome_q3,TotalWorkingYears_q3,YearsAtCompany_q2,DistanceFromHome_q1
Yes,Travel_Frequently,Sales,Bachelor,Marketing,Very_High,Male,High,1,Sales_Representative,Low,Married,No,1,Good,Age_q0,MonthlyIncome_q0,TotalWorkingYears_q0,YearsAtCompany_q0,DistanceFromHome_q1
No,Travel_Rarely,Sales,Bachelor,Medical,Low,Female,Medium,3,Sales_Executive,Very_High,Married,No,2,Better,Age_q1,MonthlyIncome_q2,TotalWorkingYears_q1,YearsAtCompany_q2,DistanceFromHome_q0
No,Travel_Frequently,Research_Development,College,Life_Sciences,Very_High,Female,High,2,Manufacturing_Director,Medium,Divorced,No,3,Better,Age_q1,MonthlyIncome_q2,TotalWorkingYears_q3,YearsAtCompany_q1,DistanceFromHome_q1
No,Non-Travel,Research_Development,Master,Life_Sciences,High,Male,High,2,Healthcare_Representative,High,Divorced,No,1,Good,Age_q3,MonthlyIncome_q2,TotalWorkingYears_q2,YearsAtCompany_q3,DistanceFromHome_q0
Yes,Travel_Rarely,Research_Development,Master,Medical,Low,Male,High,1,Research_Scientist,Very_High,Married,Yes,3,Best,Age_q0,MonthlyIncome_q1,TotalWorkingYears_q0,YearsAtCompany_q0,DistanceFromHome_q0
No,Travel_Rarely,Research_Development,Bachelor,Life_Sciences,Low,Male,High,5,Manager,High,Married,No,0,Good,Age_q2,MonthlyIncome_q3,TotalWorkingYears_q3,YearsAtCompany_q3,DistanceFromHome_q0
Yes,Travel_Rarely,Research_Development,College,Technical_Degree,Very_High,Male,High,1,Laboratory_Technician,High,Married,No,1,Bad,Age_q3,MonthlyIncome_q0,TotalWorkingYears_q2,YearsAtCompany_q3,DistanceFromHome_q1
No,Travel_Rarely,Research_Development,Master,Life_Sciences,Low,Female,Medium,4,Manufacturing_Director,Medium,Married,No,1,Better,Age_q2,MonthlyIncome_q3,TotalWorkingYears_q3,YearsAtCompany_q3,DistanceFromHome_q2
No,Travel_Rarely,Sales,Bachelor,Marketing,Very_High,Female,Medium,2,Sales_Executive,High,Married,No,2,Better,Age_q1,MonthlyIncome_q2,TotalWorkingYears_q1,YearsAtCompany_q2,DistanceFromHome_q2
No,Non-Travel,Sales,Master,Marketing,Very_High,Male,Low,2,Sales_Executive,Very_High,Divorced,No,1,Good,Age_q1,MonthlyIncome_q2,TotalWorkingYears_q2,YearsAtCompany_q3,DistanceFromHome_q2
No,Travel_Rarely,Sales,Bachelor,Life_Sciences,High,Male,Medium,2,Sales_Executive,Medium,Divorced,No,1,Better,Age_q2,MonthlyIncome_q3,TotalWorkingYears_q2,YearsAtCompany_q1,DistanceFromHome_q0
No,Travel_Rarely,Research_Development,Bachelor,Technical_Degree,Very_High,Male,High,1,Research_Scientist,Low,Single,No,0,Better,Age_q1,MonthlyIncome_q0,TotalWorkingYears_q0,YearsAtCompany_q1,DistanceFromHome_q0
No,Travel_Rarely,Human_Resources,Master,Life_Sciences,High,Female,High,3,Human_Resources,Very_High,Single,Yes,0,Better,Age_q1,MonthlyIncome_q3,TotalWorkingYears_q1,YearsAtCompany_q2,DistanceFromHome_q2
No,Travel_Rarely,Sales,College,Life_Sciences,Low,Female,High,2,Sales_Executive,Very_High,Married,No,1,Better,Age_q2,MonthlyIncome_q2,TotalWorkingYears_q1,YearsAtCompany_q3,DistanceFromHome_q1
Yes,Travel_Frequently,Sales,Master,Life_Sciences,Medium,Male,High,2,Sales_Executive,High,Divorced,No,2,Better,Age_q3,MonthlyIncome_q2,TotalWorkingYears_q2,YearsAtCompany_q2,DistanceFromHome_q0
No,Travel_Rarely,Sales,Master,Marketing,Medium,Female,Medium,2,Sales_Executive,Very_High,Married,No,1,Good,Age_q1,MonthlyIncome_q2,TotalWorkingYears_q1,YearsAtCompany_q2,DistanceFromHome_q2
No,Travel_Rarely,Sales,Bachelor,Life_Sciences,Very_High,Female,High,2,Sales_Executive,High,Single,No,0,Better,Age_q3,MonthlyIncome_q1,TotalWorkingYears_q1,YearsAtCompany_q1,DistanceFromHome_q2
No,Travel_Rarely,Research_Development,Master,Life_Sciences,High,Male,Medium,1,Research_Scientist,High,Single,No,0,Better,Age_q2,MonthlyIncome_q0,TotalWorkingYears_q1,YearsAtCompany_q0,DistanceFromHome_q0
No,Travel_Frequently,Research_Development,Master,Life_Sciences,High,Male,High,2,Healthcare_Representative,High,Married,Yes,2,Best,Age_q1,MonthlyIncome_q2,TotalWorkingYears_q1,YearsAtCompany_q3,DistanceFromHome_q2
No,Travel_Rarely,Research_Development,Master,Medical,High,Female,High,1,Research_Scientist,High,Married,No,3,Better,Age_q2,MonthlyIncome_q0,TotalWorkingYears_q3,YearsAtCompany_q1,DistanceFromHome_q0
No,Travel_Rarely,Research_Development,Master,Life_Sciences,High,Female,Low,1,Research_Scientist,Very_High,Married,No,1,Better,Age_q1,MonthlyIncome_q1,TotalWorkingYears_q0,YearsAtCompany_q1,DistanceFromHome_q0
No,Travel_Rarely,Research_Development,College,Other,Very_High,Male,Medium,2,Laboratory_Technician,Medium,Married,Yes,1,Better,Age_q0,MonthlyIncome_q1,TotalWorkingYears_q1,YearsAtCompany_q1,DistanceFromHome_q2
No,Travel_Rarely,Research_Development,Master,Medical,Very_High,Female,Medium,1,Research_Scientist,Low,Single,No,0,Bad,Age_q0,MonthlyIncome_q1,TotalWorkingYears_q0,YearsAtCompany_q1,DistanceFromHome_q2
Yes,Travel_Rarely,Sales,Bachelor,Marketing,Very_High,Male,Medium,3,Sales_Executive,Low,Divorced,Yes,1,Better,Age_q3,MonthlyIncome_q3,TotalWorkingYears_q3,YearsAtCompany_q0,DistanceFromHome_q2
No,Travel_Rarely,Sales,Below_College,Marketing,Medium,Female,Medium,4,Sales_Executive,Very_High,Married,No,1,Good,Age_q2,MonthlyIncome_q3,TotalWorkingYears_q3,YearsAtCompany_q3,DistanceFromHome_q2
No,Non-Travel,Research_Development,Bachelor,Medical,Medium,Male,High,2,Manufacturing_Director,Low,Single,No,0,Better,Age_q1,MonthlyIncome_q3,TotalWorkingYears_q1,YearsAtCompany_q2,DistanceFromHome_q1
No,Travel_Rarely,Sales,Bachelor,Other,Very_High,Female,Medium,1,Sales_Representative,High,Single,No,0,Better,Age_q0,MonthlyIncome_q1,TotalWorkingYears_q0,YearsAtCompany_q1,DistanceFromHome_q1
No,Travel_Frequently,Research_Development,College,Medical,High,Male,Very_High,2,Laboratory_Technician,Very_High,Married,No,1,Better,Age_q1,MonthlyIncome_q0,TotalWorkingYears_q3,YearsAtCompany_q1,DistanceFromHome_q2
No,Travel_Rarely,Research_Development,Below_College,Medical,Very_High,Male,Medium,3,Healthcare_Representative,Low,Married,No,1,Better,Age_q2,MonthlyIncome_q3,TotalWorkingYears_q1,YearsAtCompany_q2,DistanceFromHome_q1
No,Travel_Rarely,Research_Development,Bachelor,Life_Sciences,Medium,Male,Very_High,2,Manufacturing_Director,Medium,Married,Yes,1,Better,Age_q0,MonthlyIncome_q2,TotalWorkingYears_q0,YearsAtCompany_q2,DistanceFromHome_q1
No,Travel_Frequently,Sales,Bachelor,Medical,Very_High,Male,Medium,2,Sales_Executive,Medium,Married,No,0,Good,Age_q3,MonthlyIncome_q2,TotalWorkingYears_q3,YearsAtCompany_q2,DistanceFromHome_q0
No,Travel_Rarely,Research_Development,Bachelor,Medical,Medium,Male,Very_High,2,Laboratory_Technician,High,Married,No,0,Best,Age_q1,MonthlyIncome_q1,TotalWorkingYears_q0,YearsAtCompany_q1,DistanceFromHome_q1
