status,home,marital,records,job,seniority,time,age,expenses,income,assets,amount,price,debt
good,rent,married,no,freelance,Seniority_q2,Time_q1,Age_q1,Expenses_q2,Income_q2,Assets_q0,Amount_q1,Price_q0,no
good,rent,widow,no,fixed,Seniority_q3,Time_q1,Age_q3,Expenses_q1,Income_q2,Assets_q0,Amount_q1,Price_q2,no
bad,owner,married,yes,freelance,Seniority_q2,Time_q0,Age_q3,Expenses_q2,Income_q3,Assets_q0,Amount_q3,Price_q3,no
good,rent,single,no,fixed,Seniority_q0,Time_q1,Age_q0,Expenses_q2,Income_q3,Assets_q0,Amount_q1,Price_q1,no
good,rent,single,no,fixed,Seniority_q0,Time_q0,Age_q0,Expenses_q1,Income_q1,Assets_q0,Amount_q0,Price_q0,no
good,owner,married,no,fixed,Seniority_q0,Time_q1,Age_q1,Expenses_q2,Income_q3,Assets_q0,Amount_q0,Price_q2,no
good,owner,married,no,fixed,Seniority_q3,Time_q1,Age_q2,Expenses_q2,Income_q1,Assets_q1,Amount_q3,Price_q3,no
good,parents,single,no,fixed,Seniority_q2,Time_q0,Age_q0,Expenses_q0,Income_q0,Assets_q0,Amount_q0,Price_q0,no
good,owner,married,no,freelance,Seniority_q0,Time_q1,Age_q1,Expenses_q2,Income_q1,Assets_q1,Amount_q2,Price_q3,no
bad,parents,married,no,partime,Seniority_q0,Time_q1,Age_q2,Expenses_q2,Income_q0,Assets_q0,Amount_q2,Price_q2,no
good,owner,married,no,freelance,Seniority_q2,Time_q1,Age_q1,Expenses_q1,Income_q1,Assets_q0,Amount_q2,Price_q2,no
good,owner,married,no,fixed,Seniority_q2,Time_q0,Age_q1,Expenses_q1,Income_q1,Assets_q0,Amount_q0,Price_q0,no
good,owner,married,no,fixed,Seniority_q2,Time_q1,Age_q1,Expenses_q2,Income_q3,Assets_q0,Amount_q3,Price_q2,yes
good,priv,married,no,fixed,Seniority_q3,Time_q0,Age_q2,Expenses_q2,Income_q2,Assets_q0,Amount_q0,Price_q0,yes
bad,other,single,yes,partime,Seniority_q0,Time_q0,Age_q0,Expenses_q0,Income_q0,Assets_q0,Amount_q0,Price_q0,no
good,owner,married,no,fixed,Seniority_q0,Time_q0,Age_q3,Expenses_q2,Income_q2,Assets_q0,Amount_q1,Price_q1,no
good,priv,single,no,freelance,Seniority_q3,Time_q0,Age_q3,Expenses_q0,Income_q3,Assets_q1,Amount_q3,Price_q3,no
good,rent,married,no,freelance,Seniority_q3,Time_q0,Age_q3,Expenses_q2,Income_q3,Assets_q0,Amount_q0,Price_q1,yes
bad,ignore,married,no,partime,Seniority_q0,Time_q1,Age_q1,Expenses_q0,Income_q2,Assets_q0,Amount_q2,Price_q2,no
good,parents,single,no,fixed,Seniority_q0,Time_q1,Age_q1,Expenses_q0,Income_q2,Assets_q0,Amount_q2,Price_q1,no
bad,rent,single,no,fixed,Seniority_q0,Time_q1,Age_q0,Expenses_q1,Income_q1,Assets_q0,Amount_q3,Price_q3,no
good,owner,single,no,fixed,Seniority_q1,Time_q1,Age_q0,Expenses_q0,Income_q3,Assets_q1,Amount_q2,Price_q1,no
bad,owner,married,no,partime,Seniority_q0,Time_q1,Age_q2,Expenses_q2,Income_q1,Assets_q0,Amount_q0,Price_q1,yes
good,rent,married,no,fixed,Seniority_q3,Time_q1,Age_q2,Expenses_q2,Income_q2,Assets_q0,Amount_q1,Price_q2,no
good,owner,married,no,fixed,Seniority_q3,Time_q1,Age_q3,Expenses_q0,Income_q2,Assets_q0,Amount_q3,Price_q1,no
good,owner,married,no,fixed,Seniority_q2,Time_q0,Age_q3,Expenses_q1,Income_q2,Assets_q0,Amount_q0,Price_q3,no
good,owner,single,no,fixed,Seniority_q3,Time_q1,Age_q2,Expenses_q2,Income_q3,Assets_q0,Amount_q1,Price_q0,no
good,owner,married,no,fixed,Seniority_q3,Time_q0,Age_q2,Expenses_q2,Income_q3,Assets_q0,Amount_q3,Price_q3,no
bad,owner,married,no,fixed,Seniority_q1,Time_q0,Age_q0,Expenses_q2,Income_q0,Assets_q0,Amount_q0,Price_q2,no
bad,?,single,no,?,Seniority_q0,Time_q1,Age_q2,Expenses_q0,?,?,Amount_q3,Price_q3,no
good,owner,married,no,fixed,Seniority_q1,Time_q1,Age_q1,Expenses_q0,Income_q2,Assets_q0,Amount_q2,Price_q1,yes
bad,owner,single,no,partime,Seniority_q0,Time_q0,Age_q0,Expenses_q0,Income_q1,Assets_q0,Amount_q0,Price_q0,no
good,priv,married,no,partime,Seniority_q3,Time_q0,Age_q3,Expenses_q2,Income_q3,Assets_q0,Amount_q0,Price_q0,no
good,owner,married,no,freelance,Seniority_q2,Time_q0,Age_q2,Expenses_q2,Income_q2,Assets_q0,Amount_q1,Price_q1,no
good,parents,single,no,fixed,Seniority_q2,Time_q0,Age_q1,Expenses_q0,Income_q2,Assets_q0,Amount_q2,Price_q2,no
good,owner,married,no,freelance,Seniority_q3,Time_q0,Age_q3,Expenses_q0,Income_q1,Assets_q1,Amount_q0,Price_q1,no
good,owner,married,no,freelance,Seniority_q2,Time_q0,Age_q3,Expenses_q0,Income_q3,Assets_q1,Amount_q0,Price_q2,no
good,owner,married,no,fixed,Seniority_q2,Time_q1,Age_q1,Expenses_q2,Income_q1,Assets_q0,Amount_q1,Price_q1,no
bad,rent,married,no,fixed,Seniority_q0,Time_q1,Age_q1,Expenses_q2,Income_q1,Assets_q0,Amount_q1,Price_q0,no
good,owner,married,no,fixed,Seniority_q3,Time_q1,Age_q3,Expenses_q0,Income_q1,Assets_q1,Amount_q2,Price_q1,no
bad,rent,single,no,fixed,Seniority_q1,Time_q1,Age_q1,Expenses_q0,Income_q0,Assets_q0,Amount_q2,Price_q3,no
good,owner,married,no,fixed,Seniority_q3,Time_q1,Age_q2,Expenses_q2,Income_q2,Assets_q0,Amount_q1,Price_q1,no
good,owner,widow,no,others,Seniority_q0,Time_q1,Age_q3,Expenses_q0,Income_q3,Assets_q1,Amount_q1,Price_q1,no
bad,owner,married,yes,fixed,Seniority_q0,Time_q1,Age_q1,Expenses_q0,Income_q2,Assets_q1,Amount_q2,Price_q2,yes
bad,owner,married,no,partime,Seniority_q0,Time_q1,Age_q2,Expenses_q2,Income_q0,Assets_q0,Amount_q3,Price_q2,no
good,parents,single,no,partime,Seniority_q0,Time_q1,Age_q0,Expenses_q0,Income_q1,Assets_q0,Amount_q2,Price_q1,no
good,owner,widow,no,freelance,Seniority_q0,Time_q1,Age_q3,Expenses_q0,Income_q3,Assets_q1,Amount_q3,Price_q3,yes
good,owner,married,no,fixed,Seniority_q3,Time_q0,Age_q3,Expenses_q2,Income_q3,Assets_q0,Amount_q3,Price_q3,no
bad,rent,separated,no,fixed,Seniority_q0,Time_q0,Age_q0,Expenses_q1,Income_q2,Assets_q0,Amount_q0,Price_q0,no
good,owner,married,no,freelance,Seniority_q3,Time_q0,Age_q3,Expenses_q1,Income_q2,Assets_q1,Amount_q1,Price_q3,no
good,owner,married,no,fixed,Seniority_q2,Time_q1,Age_q0,Expenses_q1,Income_q2,Assets_q0,Amount_q3,Price_q3,yes
good,owner,married,no,fixed,Seniority_q1,Time_q1,Age_q1,Expenses_q2,Income_q0,Assets_q0,Amount_q1,Price_q2,no
good,rent,married,no,fixed,Seniority_q0,Time_q1,Age_q1,Expenses_q2,Income_q3,Assets_q0,Amount_q2,Price_q1,no
good,owner,married,no,freelance,Seniority_q1,Time_q0,Age_q3,Expenses_q2,Income_q3,Assets_q0,Amount_q1,Price_q0,yes
good,parents,married,no,freelance,Seniority_q1,Time_q0,Age_q2,Expenses_q1,Income_q2,Assets_q0,Amount_q0,Price_q3,no
bad,rent,married,yes,freelance,Seniority_q0,Time_q1,Age_q1,Expenses_q2,Income_q1,Assets_q0,Amount_q1,Price_q1,no
good,parents,single,no,fixed,Seniority_q2,Time_q1,Age_q0,Expenses_q0,Income_q1,Assets_q0,Amount_q1,Price_q1,no
good,parents,single,no,fixed,Seniority_q1,Time_q0,Age_q0,Expenses_q0,Income_q1,Assets_q0,Amount_q0,Price_q0,no
good,owner,married,no,fixed,Seniority_q2,Time_q0,Age_q3,Expenses_q1,Income_q2,Assets_q0,Amount_q0,Price_q0,no
good,owner,married,no,fixed,Seniority_q3,Time_q0,Age_q3,Expenses_q2,Income_q3,Assets_q0,Amount_q1,Price_q1,no
good,rent,married,no,fixed,Seniority_q1,Time_q1,Age_q0,Expenses_q2,Income_q3,Assets_q0,Amount_q3,Price_q3,no
good,rent,married,no,fixed,Seniority_q2,Time_q1,Age_q1,Expenses_q2,Income_q2,Assets_q0,Amount_q2,Price_q2,no
bad,parents,single,no,fixed,Seniority_q1,Time_q1,Age_q0,Expenses_q0,Income_q0,Assets_q0,Amount_q0,Price_q0,no
good,owner,married,no,fixed,Seniority_q3,Time_q0,Age_q2,Expenses_q2,Income_q3,Assets_q0,Amount_q1,Price_q2,no
good,owner,married,no,fixed,Seniority_q0,Time_q0,Age_q1,Expenses_q2,Income_q2,Assets_q0,Amount_q1,Price_q2,no
good,priv,married,no,fixed,Seniority_q3,Time_q1,Age_q2,Expenses_q2,Income_q2,Assets_q0,Amount_q3,Price_q1,no
good,owner,married,no,freelance,Seniority_q2,Time_q0,Age_q1,Expenses_q2,Income_q3,Assets_q0,Amount_q0,Price_q0,no
good,owner,married,no,fixed,Seniority_q1,Time_q1,Age_q2,Expenses_q1,Income_q3,Assets_q0,Amount_q2,Price_q2,no
good,owner,married,no,fixed,Seniority_q2,Time_q1,Age_q3,Expenses_q0,Income_q2,Assets_q0,Amount_q1,Price_q1,no
good,rent,married,no,fixed,Seniority_q3,Time_q1,Age_q3,Expenses_q2,Income_q3,Assets_q1,Amount_q3,Price_q3,no
good,parents,married,no,freelance,Seniority_q3,Time_q0,Age_q1,Expenses_q1,Income_q3,Assets_q0,Amount_q1,Price_q3,no
good,priv,married,no,fixed,Seniority_q0,Time_q1,Age_q3,Expenses_q1,Income_q1,Assets_q1,Amount_q1,Price_q1,yes
good,owner,married,no,fixed,Seniority_q3,Time_q1,Age_q2,Expenses_q0,Income_q3,Assets_q1,Amount_q0,Price_q0,no
good,owner,married,yes,freelance,Seniority_q2,Time_q0,Age_q1,Expenses_q2,Income_q3,Assets_q1,Amount_q1,Price_q2,yes
good,owner,married,no,fixed,Seniority_q1,Time_q0,Age_q2,Expenses_q2,Income_q1,Assets_q0,Amount_q0,Price_q3,no
good,rent,married,no,fixed,Seniority_q3,Time_q1,Age_q2,Expenses_q2,Income_q1,Assets_q0,Amount_q1,Price_q1,no
good,owner,married,no,freelance,Seniority_q3,Time_q0,Age_q2,Expenses_q2,Income_q3,Assets_q0,Amount_q0,Price_q1,no
good,other,married,yes,others,Seniority_q0,Time_q0,Age_q3,Expenses_q0,Income_q0,Assets_q0,Amount_q1,Price_q0,no
good,rent,married,no,fixed,Seniority_q2,Time_q0,Age_q3,Expenses_q2,Income_q3,Assets_q1,Amount_q3,Price_q3,no
good,owner,married,no,fixed,Seniority_q3,Time_q1,Age_q3,Expenses_q0,Income_q1,Assets_q0,Amount_q1,Price_q1,no
good,owner,married,no,fixed,Seniority_q2,Time_q0,Age_q3,Expenses_q1,Income_q0,Assets_q0,Amount_q1,Price_q2,no
good,parents,married,no,fixed,Seniority_q2,Time_q0,Age_q3,Expenses_q1,Income_q2,Assets_q0,Amount_q0,Price_q0,no
bad,owner,married,no,fixed,Seniority_q0,Time_q0,Age_q1,Expenses_q1,Income_q0,Assets_q0,Amount_q1,Price_q0,no
good,owner,divorced,yes,fixed,Seniority_q2,Time_q1,Age_q2,Expenses_q0,Income_q3,Assets_q0,Amount_q1,Price_q1,no
good,owner,married,no,freelance,Seniority_q2,Time_q1,Age_q2,Expenses_q2,Income_q3,Assets_q1,Amount_q1,Price_q3,no
good,owner,single,no,fixed,Seniority_q1,Time_q0,Age_q0,Expenses_q0,Income_q0,Assets_q1,Amount_q0,Price_q3,yes
good,rent,single,no,fixed,Seniority_q2,Time_q1,Age_q0,Expenses_q1,Income_q1,Assets_q0,Amount_q0,Price_q0,no
good,owner,married,no,fixed,Seniority_q3,Time_q1,Age_q3,Expenses_q1,Income_q1,Assets_q1,Amount_q3,Price_q2,no
bad,rent,single,no,partime,Seniority_q0,Time_q1,Age_q0,Expenses_q0,Income_q0,Assets_q0,Amount_q2,Price_q0,no
bad,rent,married,no,fixed,Seniority_q3,Time_q1,Age_q3,Expenses_q1,Income_q2,Assets_q0,Amount_q1,Price_q1,no
good,parents,single,no,fixed,Seniority_q1,Time_q1,Age_q1,Expenses_q0,Income_q0,Assets_q0,Amount_q1,Price_q1,no
bad,parents,single,yes,fixed,Seniority_q2,Time_q1,Age_q1,Expenses_q0,Income_q1,Assets_q0,Amount_q3,Price_q2,no
good,rent,married,no,freelance,Seniority_q1,Time_q0,Age_q0,Expenses_q2,Income_q3,Assets_q1,Amount_q1,Price_q0,no
good,rent,married,no,freelance,Seniority_q2,Time_q0,Age_q2,Expenses_q2,Income_q3,Assets_q1,Amount_q1,Price_q0,yes
good,rent,married,no,freelance,Seniority_q2,Time_q1,Age_q3,Expenses_q2,Income_q3,Assets_q0,Amount_q3,Price_q2,no
good,owner,married,no,freelance,Seniority_q1,Time_q0,Age_q2,Expenses_q2,Income_q3,Assets_q0,Amount_q1,Price_q0,no
bad,other,married,no,fixed,Seniority_q3,Time_q0,Age_q3,Expenses_q0,Income_q2,Assets_q0,Amount_q0,Price_q0,no
good,owner,widow,no,others,Seniority_q1,Time_q1,Age_q3,Expenses_q0,Income_q0,Assets_q0,Amount_q1,Price_q1,no
good,owner,married,no,freelance,Seniority_q3,Time_q0,Age_q3,Expenses_q2,Income_q3,Assets_q1,Amount_q3,Price_q3,no
good,rent,married,no,fixed,Seniority_q2,Time_q1,Age_q3,Expenses_q2,Income_q2,Assets_q0,Amount_q1,Price_q0,no
good,owner,married,no,freelance,Seniority_q3,Time_q1,Age_q3,Expenses_q0,Income_q0,Assets_q1,Amount_q3,Price_q3,no
good,rent,married,no,fixed,Seniority_q0,Time_q1,Age_q1,Expenses_q2,Income_q2,Assets_q0,Amount_q2,Price_q2,no
good,owner,married,no,fixed,Seniority_q1,Time_q1,Age_q1,Expenses_q2,Income_q1,Assets_q1,Amount_q0,Price_q0,yes
bad,rent,married,no,partime,Seniority_q0,Time_q0,Age_q1,Expenses_q2,Income_q3,Assets_q0,Amount_q0,Price_q0,no
bad,other,single,no,fixed,Seniority_q0,Time_q1,Age_q0,Expenses_q0,Income_q2,Assets_q0,Amount_q3,Price_q3,no
good,owner,married,no,fixed,Seniority_q2,Time_q0,Age_q1,Expenses_q2,Income_q3,Assets_q0,Amount_q0,Price_q3,no
bad,rent,married,no,partime,Seniority_q0,Time_q0,Age_q0,Expenses_q2,Income_q2,Assets_q0,Amount_q1,Price_q0,no
bad,parents,married,no,freelance,Seniority_q2,Time_q1,Age_q0,Expenses_q2,Income_q3,Assets_q1,Amount_q2,Price_q1,no
good,owner,married,no,fixed,Seniority_q1,Time_q1,Age_q0,Expenses_q0,Income_q2,Assets_q0,Amount_q3,Price_q2,yes
bad,parents,single,no,fixed,Seniority_q3,Time_q0,Age_q1,Expenses_q0,Income_q1,Assets_q0,Amount_q0,Price_q0,no
good,rent,married,no,fixed,Seniority_q2,Time_q1,Age_q1,Expenses_q2,Income_q3,Assets_q0,Amount_q1,Price_q0,no
good,owner,married,no,fixed,Seniority_q2,Time_q0,Age_q2,Expenses_q0,Income_q3,Assets_q1,Amount_q3,Price_q3,yes
bad,owner,married,no,freelance,Seniority_q3,Time_q1,Age_q3,Expenses_q2,Income_q3,Assets_q1,Amount_q3,Price_q3,yes
bad,owner,single,no,freelance,Seniority_q0,Time_q0,Age_q2,Expenses_q0,?,Assets_q0,Amount_q1,Price_q1,no
good,owner,married,no,fixed,Seniority_q3,Time_q1,Age_q1,Expenses_q1,Income_q3,Assets_q0,Amount_q0,Price_q0,no
bad,owner,married,no,fixed,Seniority_q0,Time_q0,Age_q1,Expenses_q2,Income_q1,Assets_q0,Amount_q2,Price_q2,yes
bad,owner,married,yes,freelance,Seniority_q1,Time_q0,Age_q2,Expenses_q0,Income_q3,Assets_q1,Amount_q1,Price_q0,no
good,owner,married,no,fixed,Seniority_q2,Time_q0,Age_q3,Expenses_q2,Income_q1,Assets_q0,Amount_q0,Price_q0,no
good,owner,married,no,fixed,Seniority_q3,Time_q0,Age_q3,Expenses_q0,Income_q2,Assets_q1,Amount_q1,Price_q1,no
good,priv,separated,no,freelance,Seniority_q1,Time_q1,Age_q2,Expenses_q0,Income_q3,Assets_q0,Amount_q0,Price_q0,yes
good,owner,married,no,fixed,Seniority_q3,Time_q1,Age_q3,Expenses_q2,Income_q2,Assets_q1,Amount_q0,Price_q1,yes
good,rent,married,no,fixed,Seniority_q1,Time_q1,Age_q0,Expenses_q1,Income_q1,Assets_q0,Amount_q1,Price_q1,no
bad,owner,married,no,partime,Seniority_q0,Time_q1,Age_q0,Expenses_q2,Income_q2,Assets_q0,Amount_q3,Price_q3,yes
good,rent,married,no,fixed,Seniority_q3,Time_q1,Age_q3,Expenses_q2,Income_q3,Assets_q0,Amount_q2,Price_q1,no
good,rent,married,no,fixed,Seniority_q2,Time_q1,Age_q2,Expenses_q2,Income_q3,Assets_q0,Amount_q2,Price_q1,no
good,owner,separated,no,freelance,Seniority_q2,Time_q1,Age_q1,Expenses_q0,Income_q3,Assets_q1,Amount_q3,Price_q3,no
bad,parents,single,no,partime,Seniority_q0,Time_q1,Age_q0,Expenses_q0,Income_q1,Assets_q0,Amount_q3,Price_q2,no
good,owner,married,no,fixed,Seniority_q2,Time_q1,Age_q3,Expenses_q2,Income_q3,Assets_q1,Amount_q3,Price_q2,no
good,parents,single,no,partime,Seniority_q0,Time_q0,Age_q0,Expenses_q0,Income_q0,Assets_q0,Amount_q0,Price_q0,no
good,other,married,no,fixed,Seniority_q2,Time_q0,Age_q3,Expenses_q2,Income_q3,Assets_q0,Amount_q1,Price_q2,no
good,owner,married,no,fixed,Seniority_q0,Time_q1,Age_q0,Expenses_q2,Income_q2,Assets_q0,Amount_q1,Price_q1,no
bad,other,married,no,fixed,Seniority_q2,Time_q1,Age_q0,Expenses_q0,Income_q0,Assets_q0,Amount_q3,Price_q2,no
good,owner,married,no,fixed,Seniority_q2,Time_q1,Age_q0,Expenses_q2,Income_q3,Assets_q0,Amount_q2,Price_q3,no
good,owner,married,no,freelance,Seniority_q3,Time_q0,Age_q3,Expenses_q1,Income_q3,Assets_q1,Amount_q0,Price_q0,yes
good,rent,married,no,freelance,Seniority_q0,Time_q1,Age_q1,Expenses_q2,Income_q3,Assets_q0,Amount_q0,Price_q0,no
good,parents,married,no,fixed,Seniority_q3,Time_q1,Age_q2,Expenses_q2,Income_q3,Assets_q0,Amount_q2,Price_q2,no
good,owner,married,no,partime,Seniority_q1,Time_q1,Age_q1,Expenses_q1,Income_q2,Assets_q0,Amount_q1,Price_q0,yes
bad,rent,single,no,fixed,Seniority_q0,Time_q1,Age_q2,Expenses_q0,Income_q1,Assets_q0,Amount_q2,Price_q2,no
good,owner,married,no,fixed,Seniority_q0,Time_q1,Age_q1,Expenses_q1,Income_q1,Assets_q0,Amount_q2,Price_q1,no
good,owner,married,no,freelance,Seniority_q3,Time_q0,Age_q3,Expenses_q0,Income_q2,Assets_q0,Amount_q0,Price_q0,no
bad,rent,separated,yes,fixed,Seniority_q3,Time_q1,Age_q2,Expenses_q1,Income_q1,Assets_q0,Amount_q1,Price_q1,no
good,owner,married,no,fixed,Seniority_q3,Time_q0,Age_q1,Expenses_q1,Income_q1,Assets_q1,Amount_q1,Price_q3,yes
good,owner,married,no,freelance,Seniority_q3,Time_q0,Age_q3,Expenses_q2,Income_q3,Assets_q1,Amount_q3,Price_q3,no
good,owner,married,no,freelance,Seniority_q3,Time_q0,Age_q3,Expenses_q2,?,Assets_q1,Amount_q1,Price_q1,no
good,rent,married,no,fixed,Seniority_q2,Time_q1,Age_q2,Expenses_q2,Income_q3,Assets_q1,Amount_q1,Price_q1,yes
bad,parents,separated,yes,fixed,Seniority_q2,Time_q1,Age_q1,Expenses_q0,Income_q1,Assets_q0,Amount_q2,Price_q1,no
bad,owner,married,yes,fixed,Seniority_q0,Time_q0,Age_q1,Expenses_q2,Income_q1,Assets_q1,Amount_q1,Price_q0,yes
good,owner,married,no,freelance,Seniority_q3,Time_q1,Age_q3,Expenses_q1,Income_q3,Assets_q1,Amount_q0,Price_q1,no
good,parents,single,no,freelance,Seniority_q2,Time_q0,Age_q1,Expenses_q0,Income_q0,Assets_q0,Amount_q0,Price_q2,no
good,owner,married,no,fixed,Seniority_q0,Time_q1,Age_q1,Expenses_q0,Income_q2,Assets_q1,Amount_q2,Price_q1,no
good,owner,married,no,freelance,Seniority_q3,Time_q0,Age_q1,Expenses_q1,Income_q3,Assets_q0,Amount_q0,Price_q0,no
bad,parents,single,no,fixed,Seniority_q0,Time_q1,Age_q0,Expenses_q0,Income_q0,Assets_q0,Amount_q1,Price_q1,no
good,owner,married,no,freelance,Seniority_q3,Time_q1,Age_q3,Expenses_q0,?,Assets_q1,Amount_q2,Price_q1,no
bad,other,married,no,partime,Seniority_q0,Time_q1,Age_q0,Expenses_q1,Income_q0,Assets_q0,Amount_q2,Price_q1,no
bad,parents,single,no,partime,Seniority_q0,Time_q1,Age_q0,Expenses_q0,Income_q3,Assets_q0,Amount_q3,Price_q2,no
good,owner,married,no,freelance,Seniority_q1,Time_q0,Age_q1,Expenses_q2,Income_q2,Assets_q1,Amount_q3,Price_q3,yes
good,rent,married,no,fixed,Seniority_q2,Time_q0,Age_q1,Expenses_q2,Income_q3,Assets_q0,Amount_q1,Price_q2,no
good,owner,single,no,freelance,Seniority_q1,Time_q1,Age_q0,Expenses_q0,?,Assets_q0,Amount_q2,Price_q2,no
good,other,single,no,fixed,Seniority_q1,Time_q1,Age_q0,Expenses_q0,Income_q3,Assets_q0,Amount_q0,Price_q2,no
good,owner,married,no,fixed,Seniority_q2,Time_q0,Age_q2,Expenses_q2,Income_q1,Assets_q0,Amount_q0,Price_q2,no
good,owner,married,no,freelance,Seniority_q1,Time_q0,Age_q3,Expenses_q2,Income_q3,Assets_q1,Amount_q3,Price_q2,no
good,priv,married,no,fixed,Seniority_q3,Time_q1,Age_q1,Expenses_q2,Income_q2,Assets_q0,Amount_q2,Price_q1,yes
good,owner,single,yes,freelance,Seniority_q1,Time_q0,Age_q1,Expenses_q0,Income_q3,Assets_q1,Amount_q3,Price_q3,no
good,rent,married,no,fixed,Seniority_q3,Time_q0,Age_q3,Expenses_q1,Income_q2,Assets_q0,Amount_q0,Price_q0,no
good,rent,married,no,fixed,Seniority_q3,Time_q1,Age_q3,Expenses_q1,Income_q1,Assets_q0,Amount_q1,Price_q1,no
bad,owner,married,yes,freelance,Seniority_q2,Time_q1,Age_q3,Expenses_q1,Income_q3,Assets_q1,Amount_q1,Price_q0,no
good,owner,married,no,fixed,Seniority_q3,Time_q0,Age_q2,Expenses_q0,Income_q2,Assets_q0,Amount_q1,Price_q3,no
bad,owner,married,no,freelance,Seniority_q1,Time_q0,Age_q1,Expenses_q2,Income_q1,Assets_q1,Amount_q0,Price_q0,no
good,rent,single,no,fixed,Seniority_q2,Time_q1,Age_q0,Expenses_q0,Income_q0,Assets_q0,Amount_q0,Price_q1,no
good,owner,married,no,fixed,Seniority_q1,Time_q1,Age_q2,Expenses_q2,Income_q0,Assets_q0,Amount_q2,Price_q2,no
good,owner,married,no,fixed,Seniority_q3,Time_q1,Age_q3,Expenses_q0,Income_q3,Assets_q0,Amount_q1,Price_q1,no
good,rent,married,no,fixed,Seniority_q2,Time_q1,Age_q1,Expenses_q2,Income_q2,Assets_q0,Amount_q3,Price_q2,no
good,parents,married,no,fixed,Seniority_q3,Time_q1,Age_q2,Expenses_q2,Income_q1,Assets_q1,Amount_q2,Price_q1,no
bad,rent,married,no,fixed,Seniority_q0,Time_q1,Age_q0,Expenses_q2,Income_q2,Assets_q0,Amount_q3,Price_q1,no
good,owner,married,no,freelance,Seniority_q3,Time_q0,Age_q3,Expenses_q2,Income_q3,Assets_q0,Amount_q0,Price_q0,no
good,owner,single,no,fixed,Seniority_q2,Time_q0,Age_q1,Expenses_q0,Income_q2,Assets_q0,Amount_q3,Price_q3,no
bad,rent,separated,yes,freelance,Seniority_q0,Time_q1,Age_q3,Expenses_q0,?,Assets_q1,Amount_q2,Price_q1,yes
good,parents,married,no,fixed,Seniority_q3,Time_q1,Age_q1,Expenses_q1,Income_q1,Assets_q1,Amount_q0,Price_q1,no
good,owner,married,yes,freelance,Seniority_q3,Time_q1,Age_q3,Expenses_q2,Income_q3,Assets_q1,Amount_q1,Price_q1,no
good,owner,married,no,fixed,Seniority_q2,Time_q0,Age_q2,Expenses_q0,Income_q1,Assets_q1,Amount_q0,Price_q3,no
bad,owner,married,no,partime,Seniority_q0,Time_q1,Age_q3,Expenses_q0,Income_q0,Assets_q0,Amount_q1,Price_q1,no
good,rent,married,no,fixed,Seniority_q0,Time_q0,Age_q3,Expenses_q2,Income_q3,Assets_q0,Amount_q1,Price_q0,no
good,ignore,married,no,fixed,Seniority_q3,Time_q1,Age_q1,Expenses_q2,Income_q0,Assets_q1,Amount_q3,Price_q2,no
good,owner,married,no,freelance,Seniority_q2,Time_q1,Age_q2,Expenses_q2,Income_q3,Assets_q0,Amount_q2,Price_q2,yes
good,owner,married,no,fixed,Seniority_q3,Time_q1,Age_q1,Expenses_q2,Income_q1,Assets_q0,Amount_q2,Price_q1,no
good,owner,married,no,fixed,Seniority_q2,Time_q1,Age_q3,Expenses_q2,Income_q2,Assets_q0,Amount_q3,Price_q3,no
good,owner,married,no,fixed,Seniority_q0,Time_q1,Age_q1,Expenses_q2,Income_q3,Assets_q0,Amount_q2,Price_q2,yes
bad,other,married,no,fixed,Seniority_q3,Time_q1,Age_q1,Expenses_q1,Income_q1,Assets_q0,Amount_q2,Price_q2,no
good,rent,married,no,fixed,Seniority_q1,Time_q0,Age_q1,Expenses_q2,Income_q3,Assets_q0,Amount_q0,Price_q2,no
bad,rent,single,yes,fixed,Seniority_q2,Time_q0,Age_q1,Expenses_q1,Income_q1,Assets_q0,Amount_q0,Price_q0,no
good,owner,married,no,fixed,Seniority_q0,Time_q0,Age_q0,Expenses_q0,Income_q2,Assets_q0,Amount_q0,Price_q0,yes
good,owner,married,no,freelance,Seniority_q1,Time_q0,Age_q3,Expenses_q2,Income_q3,Assets_q0,Amount_q1,Price_q1,no
good,owner,married,no,fixed,Seniority_q0,Time_q1,Age_q1,Expenses_q2,Income_q2,Assets_q1,Amount_q1,Price_q1,no
good,owner,married,no,fixed,Seniority_q0,Time_q0,Age_q2,Expenses_q2,Income_q2,Assets_q1,Amount_q0,Price_q3,no
bad,other,married,yes,freelance,Seniority_q0,Time_q0,Age_q3,Expenses_q0,?,Assets_q0,Amount_q3,Price_q3,no
good,owner,married,no,freelance,Seniority_q3,Time_q1,Age_q3,Expenses_q1,Income_q1,Assets_q1,Amount_q1,Price_q3,no
good,owner,married,yes,fixed,Seniority_q2,Time_q1,Age_q1,Expenses_q2,Income_q1,Assets_q1,Amount_q1,Price_q2,yes
good,rent,married,no,fixed,Seniority_q2,Time_q1,Age_q2,Expenses_q2,Income_q1,Assets_q0,Amount_q2,Price_q1,no
good,rent,married,no,fixed,Seniority_q0,Time_q0,Age_q1,Expenses_q2,Income_q3,Assets_q0,Amount_q1,Price_q1,no
good,owner,married,no,fixed,Seniority_q3,Time_q1,Age_q3,Expenses_q0,Income_q0,Assets_q0,Amount_q2,Price_q1,no
good,parents,single,no,partime,Seniority_q0,Time_q1,Age_q0,Expenses_q0,Income_q0,Assets_q0,Amount_q2,Price_q1,no
good,owner,married,no,fixed,Seniority_q3,Time_q1,Age_q3,Expenses_q2,Income_q2,Assets_q1,Amount_q1,Price_q1,no
good,owner,married,yes,fixed,Seniority_q3,Time_q1,Age_q3,Expenses_q0,Income_q3,Assets_q1,Amount_q3,Price_q3,no
good,owner,married,no,fixed,Seniority_q2,Time_q0,Age_q3,Expenses_q2,Income_q3,Assets_q0,Amount_q0,Price_q3,yes
good,owner,married,no,fixed,Seniority_q3,Time_q1,Age_q1,Expenses_q2,Income_q3,Assets_q0,Amount_q2,Price_q1,no
good,owner,married,yes,freelance,Seniority_q2,Time_q0,Age_q2,Expenses_q1,?,Assets_q1,Amount_q1,Price_q1,yes
good,parents,married,no,fixed,Seniority_q1,Time_q1,Age_q1,Expenses_q0,Income_q3,Assets_q0,Amount_q2,Price_q1,no
bad,parents,single,no,fixed,Seniority_q0,Time_q1,Age_q0,Expenses_q0,Income_q0,Assets_q0,Amount_q3,Price_q2,no
good,owner,married,yes,fixed,Seniority_q0,Time_q0,Age_q1,Expenses_q2,Income_q2,Assets_q0,Amount_q0,Price_q0,yes
good,owner,married,no,freelance,Seniority_q1,Time_q0,Age_q2,Expenses_q2,Income_q2,Assets_q1,Amount_q1,Price_q3,no
good,owner,married,no,fixed,Seniority_q2,Time_q0,Age_q2,Expenses_q2,Income_q3,Assets_q0,Amount_q1,Price_q0,no
good,owner,married,no,fixed,Seniority_q3,Time_q0,Age_q3,Expenses_q2,Income_q2,Assets_q0,Amount_q0,Price_q1,no
bad,other,single,no,partime,Seniority_q1,Time_q0,Age_q0,Expenses_q0,Income_q0,Assets_q0,Amount_q1,Price_q0,no
bad,parents,single,no,fixed,Seniority_q1,Time_q0,Age_q0,Expenses_q0,Income_q0,Assets_q0,Amount_q1,Price_q1,no
good,parents,married,no,fixed,Seniority_q3,Time_q1,Age_q1,Expenses_q0,Income_q2,Assets_q0,Amount_q2,Price_q2,no
bad,priv,married,no,partime,Seniority_q0,Time_q1,Age_q2,Expenses_q0,Income_q1,Assets_q0,Amount_q1,Price_q0,no
good,owner,married,yes,fixed,Seniority_q2,Time_q1,Age_q3,Expenses_q1,Income_q0,Assets_q0,Amount_q2,Price_q1,no
good,priv,married,no,fixed,Seniority_q1,Time_q0,Age_q1,Expenses_q1,Income_q2,Assets_q0,Amount_q1,Price_q1,no
good,owner,married,no,freelance,Seniority_q3,Time_q0,Age_q3,Expenses_q0,Income_q3,Assets_q1,Amount_q1,Price_q2,no
good,other,married,no,fixed,Seniority_q2,Time_q1,Age_q1,Expenses_q2,Income_q3,Assets_q0,Amount_q2,Price_q0,no
good,priv,married,no,freelance,Seniority_q0,Time_q1,Age_q3,Expenses_q2,Income_q3,Assets_q0,Amount_q1,Price_q0,yes
good,owner,married,no,fixed,Seniority_q3,Time_q1,Age_q2,Expenses_q1,Income_q3,Assets_q1,Amount_q3,Price_q3,no
good,owner,married,no,fixed,Seniority_q2,Time_q1,Age_q1,Expenses_q1,Income_q3,Assets_q1,Amount_q3,Price_q1,yes
good,owner,married,no,fixed,Seniority_q1,Time_q1,Age_q1,Expenses_q1,Income_q2,Assets_q0,Amount_q1,Price_q2,no
good,owner,single,no,others,Seniority_q1,Time_q1,Age_q3,Expenses_q0,Income_q2,Assets_q1,Amount_q1,Price_q0,no
good,owner,single,no,fixed,Seniority_q0,Time_q0,Age_q0,Expenses_q0,Income_q3,Assets_q1,Amount_q1,Price_q2,no
good,owner,married,no,fixed,Seniority_q2,Time_q0,Age_q0,Expenses_q2,Income_q2,Assets_q0,Amount_q0,Price_q2,no
good,owner,married,no,fixed,Seniority_q3,Time_q1,Age_q3,Expenses_q1,Income_q2,Assets_q0,Amount_q3,Price_q3,no
good,owner,married,no,fixed,Seniority_q2,Time_q1,Age_q3,Expenses_q0,Income_q3,Assets_q1,Amount_q3,Price_q3,yes
bad,parents,single,no,partime,Seniority_q0,Time_q1,Age_q0,Expenses_q0,Income_q0,Assets_q0,Amount_q1,Price_q1,no
good,parents,single,no,fixed,Seniority_q3,Time_q0,Age_q2,Expenses_q0,Income_q0,Assets_q0,Amount_q0,Price_q0,no
good,rent,married,yes,partime,Seniority_q2,Time_q1,Age_q3,Expenses_q2,Income_q1,Assets_q1,Amount_q3,Price_q2,no
bad,rent,married,yes,fixed,Seniority_q1,Time_q0,Age_q2,Expenses_q1,Income_q3,Assets_q0,Amount_q1,Price_q1,no
good,rent,single,no,fixed,Seniority_q0,Time_q1,Age_q2,Expenses_q0,Income_q1,Assets_q0,Amount_q2,Price_q2,no
good,rent,married,no,fixed,Seniority_q0,Time_q1,Age_q0,Expenses_q1,Income_q1,Assets_q0,Amount_q1,Price_q3,no
good,owner,married,no,fixed,Seniority_q3,Time_q0,Age_q2,Expenses_q0,Income_q1,Assets_q0,Amount_q0,Price_q2,no
good,rent,married,no,fixed,Seniority_q0,Time_q0,Age_q0,Expenses_q2,Income_q2,Assets_q0,Amount_q2,Price_q3,no
good,owner,married,no,freelance,Seniority_q2,Time_q1,Age_q3,Expenses_q0,Income_q2,Assets_q1,Amount_q3,Price_q3,no
good,owner,married,no,fixed,Seniority_q0,Time_q1,Age_q1,Expenses_q0,Income_q2,Assets_q1,Amount_q0,Price_q1,no
good,?,single,no,fixed,Seniority_q1,Time_q0,Age_q2,Expenses_q0,Income_q3,?,Amount_q2,Price_q2,no
bad,rent,married,no,freelance,Seniority_q3,Time_q0,Age_q3,Expenses_q2,?,Assets_q0,Amount_q0,Price_q0,no
bad,rent,married,no,freelance,Seniority_q2,Time_q1,Age_q2,Expenses_q2,?,Assets_q0,Amount_q3,Price_q2,no
good,owner,married,no,freelance,Seniority_q3,Time_q0,Age_q2,Expenses_q2,Income_q3,Assets_q0,Amount_q3,Price_q3,no
good,owner,married,yes,partime,Seniority_q2,Time_q1,Age_q0,Expenses_q1,Income_q1,Assets_q0,Amount_q0,Price_q0,yes
good,owner,married,no,freelance,Seniority_q0,Time_q1,Age_q1,Expenses_q0,Income_q3,Assets_q0,Amount_q1,Price_q2,yes
bad,owner,separated,yes,partime,Seniority_q0,Time_q1,Age_q0,Expenses_q0,Income_q3,Assets_q1,Amount_q3,Price_q3,yes
bad,parents,single,no,partime,Seniority_q0,Time_q1,Age_q0,Expenses_q0,Income_q0,Assets_q0,Amount_q1,Price_q2,no
good,parents,single,no,fixed,Seniority_q1,Time_q0,Age_q0,Expenses_q0,Income_q3,Assets_q0,Amount_q0,Price_q0,no
good,parents,single,no,fixed,Seniority_q1,Time_q1,Age_q0,Expenses_q0,Income_q3,Assets_q0,Amount_q1,Price_q0,no
bad,owner,married,no,fixed,Seniority_q0,Time_q1,Age_q0,Expenses_q0,Income_q0,Assets_q0,Amount_q2,Price_q2,no
good,owner,married,no,freelance,Seniority_q2,Time_q1,Age_q1,Expenses_q0,Income_q3,Assets_q1,Amount_q3,Price_q2,no
good,priv,married,no,fixed,Seniority_q3,Time_q1,Age_q3,Expenses_q0,Income_q2,Assets_q0,Amount_q2,Price_q1,no
good,rent,married,no,fixed,Seniority_q1,Time_q1,Age_q0,Expenses_q2,Income_q1,Assets_q0,Amount_q0,Price_q1,no
good,rent,married,no,fixed,Seniority_q2,Time_q1,Age_q1,Expenses_q2,Income_q3,Assets_q0,Amount_q2,Price_q1,no
good,owner,married,no,fixed,Seniority_q3,Time_q1,Age_q1,Expenses_q2,Income_q3,Assets_q0,Amount_q2,Price_q1,yes
good,owner,married,no,freelance,Seniority_q2,Time_q1,Age_q3,Expenses_q1,Income_q2,Assets_q1,Amount_q2,Price_q1,no
good,owner,married,no,fixed,Seniority_q2,Time_q1,Age_q0,Expenses_q1,Income_q1,Assets_q0,Amount_q0,Price_q1,no
good,rent,married,no,fixed,Seniority_q3,Time_q1,Age_q3,Expenses_q2,Income_q2,Assets_q0,Amount_q2,Price_q2,no
good,owner,married,no,fixed,Seniority_q3,Time_q1,Age_q3,Expenses_q1,Income_q3,Assets_q0,Amount_q1,Price_q1,yes
bad,rent,married,no,others,Seniority_q0,Time_q0,Age_q2,Expenses_q2,Income_q2,Assets_q0,Amount_q0,Price_q0,no
good,owner,married,no,fixed,Seniority_q0,Time_q0,Age_q0,Expenses_q0,Income_q2,Assets_q1,Amount_q0,Price_q0,no
good,rent,married,no,fixed,Seniority_q3,Time_q1,Age_q2,Expenses_q2,Income_q3,Assets_q0,Amount_q1,Price_q3,no
good,owner,single,yes,freelance,Seniority_q2,Time_q0,Age_q3,Expenses_q1,Income_q3,Assets_q0,Amount_q1,Price_q0,no
good,owner,married,no,freelance,Seniority_q3,Time_q1,Age_q3,Expenses_q2,Income_q3,Assets_q1,Amount_q3,Price_q3,yes
good,owner,married,no,freelance,Seniority_q2,Time_q0,Age_q3,Expenses_q1,Income_q2,Assets_q1,Amount_q0,Price_q0,no
good,owner,married,no,freelance,Seniority_q3,Time_q0,Age_q2,Expenses_q2,Income_q3,Assets_q0,Amount_q1,Price_q3,no
good,parents,single,no,fixed,Seniority_q1,Time_q1,Age_q0,Expenses_q0,Income_q1,Assets_q0,Amount_q1,Price_q1,no
good,parents,married,no,fixed,Seniority_q0,Time_q0,Age_q1,Expenses_q0,Income_q2,Assets_q0,Amount_q0,Price_q0,no
bad,owner,married,no,freelance,Seniority_q0,Time_q0,Age_q1,Expenses_q2,Income_q3,Assets_q1,Amount_q3,Price_q3,yes
good,owner,married,no,fixed,Seniority_q3,Time_q0,Age_q2,Expenses_q1,Income_q3,Assets_q1,Amount_q0,Price_q1,yes
good,owner,separated,no,fixed,Seniority_q1,Time_q1,Age_q1,Expenses_q1,Income_q2,Assets_q1,Amount_q1,Price_q3,no
good,parents,married,no,fixed,Seniority_q1,Time_q0,Age_q1,Expenses_q1,Income_q3,Assets_q1,Amount_q3,Price_q3,no
good,owner,married,no,partime,Seniority_q1,Time_q1,Age_q0,Expenses_q1,Income_q1,Assets_q0,Amount_q1,Price_q1,yes
good,rent,single,no,fixed,Seniority_q2,Time_q1,Age_q2,Expenses_q0,Income_q1,Assets_q0,Amount_q1,Price_q1,no
bad,priv,married,no,freelance,Seniority_q1,Time_q1,Age_q3,Expenses_q1,Income_q2,Assets_q1,Amount_q1,Price_q0,no
good,owner,single,no,fixed,Seniority_q0,Time_q0,Age_q0,Expenses_q0,Income_q0,Assets_q1,Amount_q1,Price_q1,no
good,other,single,no,partime,Seniority_q0,Time_q1,Age_q0,Expenses_q0,Income_q1,Assets_q0,Amount_q1,Price_q0,no
bad,rent,married,yes,freelance,Seniority_q0,Time_q1,Age_q1,Expenses_q2,?,Assets_q0,Amount_q1,Price_q1,no
good,rent,married,no,fixed,Seniority_q0,Time_q1,Age_q0,Expenses_q1,Income_q1,Assets_q0,Amount_q0,Price_q3,no
good,parents,married,no,fixed,Seniority_q0,Time_q0,Age_q0,Expenses_q0,Income_q2,Assets_q0,Amount_q0,Price_q0,yes
good,parents,married,no,fixed,Seniority_q1,Time_q1,Age_q2,Expenses_q0,Income_q0,Assets_q0,Amount_q1,Price_q0,no
good,priv,married,no,fixed,Seniority_q2,Time_q0,Age_q2,Expenses_q2,Income_q2,Assets_q0,Amount_q0,Price_q0,no
good,owner,widow,no,fixed,Seniority_q2,Time_q1,Age_q3,Expenses_q0,Income_q3,Assets_q1,Amount_q2,Price_q1,no
good,owner,married,no,freelance,Seniority_q2,Time_q0,Age_q1,Expenses_q1,Income_q3,Assets_q1,Amount_q3,Price_q3,yes
good,owner,married,no,freelance,Seniority_q1,Time_q1,Age_q3,Expenses_q1,Income_q1,Assets_q1,Amount_q3,Price_q3,yes
good,owner,married,no,freelance,Seniority_q3,Time_q1,Age_q3,Expenses_q1,Income_q3,Assets_q1,Amount_q2,Price_q1,no
good,owner,married,no,freelance,Seniority_q1,Time_q0,Age_q2,Expenses_q2,Income_q3,Assets_q1,Amount_q3,Price_q3,no
good,parents,married,no,freelance,Seniority_q3,Time_q1,Age_q1,Expenses_q1,Income_q2,Assets_q0,Amount_q2,Price_q2,no
good,owner,married,no,fixed,Seniority_q2,Time_q1,Age_q0,Expenses_q0,Income_q2,Assets_q1,Amount_q2,Price_q2,yes
good,owner,married,no,fixed,Seniority_q3,Time_q1,Age_q2,Expenses_q2,Income_q3,Assets_q1,Amount_q1,Price_q1,yes
good,owner,married,no,fixed,Seniority_q2,Time_q0,Age_q0,Expenses_q1,Income_q2,Assets_q0,Amount_q0,Price_q1,yes
good,owner,married,no,freelance,Seniority_q3,Time_q1,Age_q2,Expenses_q2,Income_q3,Assets_q1,Amount_q3,Price_q3,yes
good,owner,married,no,fixed,Seniority_q2,Time_q0,Age_q2,Expenses_q1,Income_q2,Assets_q1,Amount_q2,Price_q2,no
good,owner,married,no,freelance,Seniority_q3,Time_q0,Age_q3,Expenses_q2,Income_q2,Assets_q1,Amount_q3,Price_q3,no
good,rent,married,no,fixed,Seniority_q3,Time_q1,Age_q3,Expenses_q2,Income_q2,Assets_q0,Amount_q2,Price_q1,no
bad,owner,married,no,partime,Seniority_q2,Time_q1,Age_q1,Expenses_q1,Income_q0,Assets_q0,Amount_q1,Price_q1,yes
bad,owner,married,yes,freelance,Seniority_q3,Time_q1,Age_q3,Expenses_q2,Income_q2,Assets_q1,Amount_q1,Price_q0,yes
good,owner,married,no,others,Seniority_q1,Time_q0,Age_q3,Expenses_q0,Income_q0,Assets_q1,Amount_q0,Price_q0,no
good,owner,married,no,fixed,Seniority_q3,Time_q1,Age_q3,Expenses_q0,Income_q3,Assets_q0,Amount_q1,Price_q2,no
good,owner,married,no,others,Seniority_q0,Time_q1,Age_q3,Expenses_q0,Income_q0,Assets_q0,Amount_q1,Price_q1,yes
bad,other,married,no,fixed,Seniority_q2,Time_q1,Age_q0,Expenses_q0,Income_q0,Assets_q0,Amount_q1,Price_q1,no
good,owner,single,no,fixed,Seniority_q1,Time_q1,Age_q1,Expenses_q0,Income_q2,Assets_q0,Amount_q2,Price_q1,no
good,parents,single,no,fixed,Seniority_q0,Time_q0,Age_q0,Expenses_q0,Income_q0,Assets_q0,Amount_q0,Price_q0,no
bad,owner,married,no,fixed,Seniority_q1,Time_q1,Age_q1,Expenses_q2,Income_q0,Assets_q0,Amount_q2,Price_q2,yes
good,owner,married,no,fixed,Seniority_q0,Time_q1,Age_q3,Expenses_q2,Income_q0,Assets_q0,Amount_q2,Price_q2,no
bad,rent,married,no,fixed,Seniority_q3,Time_q0,Age_q0,Expenses_q1,Income_q2,Assets_q0,Amount_q3,Price_q2,no
bad,rent,married,yes,fixed,Seniority_q3,Time_q1,Age_q3,Expenses_q2,Income_q1,Assets_q0,Amount_q2,Price_q1,no
bad,other,single,no,fixed,Seniority_q1,Time_q1,Age_q0,Expenses_q0,Income_q3,Assets_q0,Amount_q3,Price_q3,no
good,owner,married,no,fixed,Seniority_q0,Time_q0,Age_q2,Expenses_q1,Income_q2,Assets_q0,Amount_q3,Price_q3,no
good,priv,married,no,others,Seniority_q0,Time_q0,Age_q3,Expenses_q2,Income_q0,Assets_q0,Amount_q0,Price_q1,yes
bad,rent,married,yes,fixed,Seniority_q0,Time_q1,Age_q1,Expenses_q2,Income_q1,Assets_q0,Amount_q2,Price_q1,no
bad,owner,married,yes,freelance,Seniority_q2,Time_q0,Age_q2,Expenses_q2,Income_q2,Assets_q1,Amount_q3,Price_q3,no
good,owner,married,no,partime,Seniority_q0,Time_q1,Age_q0,Expenses_q1,Income_q3,Assets_q1,Amount_q2,Price_q3,yes
good,owner,married,no,freelance,Seniority_q2,Time_q0,Age_q3,Expenses_q1,Income_q1,Assets_q1,Amount_q1,Price_q3,no
bad,rent,married,no,fixed,Seniority_q1,Time_q1,Age_q3,Expenses_q2,Income_q3,Assets_q0,Amount_q3,Price_q2,no
good,rent,separated,no,fixed,Seniority_q2,Time_q0,Age_q1,Expenses_q0,Income_q1,Assets_q0,Amount_q0,Price_q2,no
good,owner,single,no,partime,Seniority_q0,Time_q0,Age_q0,Expenses_q0,Income_q1,Assets_q1,Amount_q0,Price_q2,no
bad,rent,married,no,freelance,Seniority_q0,Time_q1,Age_q2,Expenses_q0,?,Assets_q0,Amount_q3,Price_q3,no
good,owner,married,no,fixed,Seniority_q2,Time_q1,Age_q0,Expenses_q0,Income_q3,Assets_q0,Amount_q0,Price_q1,no
good,owner,married,yes,fixed,Seniority_q1,Time_q1,Age_q1,Expenses_q0,Income_q2,Assets_q1,Amount_q2,Price_q3,yes
bad,rent,married,no,fixed,Seniority_q0,Time_q1,Age_q1,Expenses_q2,Income_q1,Assets_q0,Amount_q2,Price_q2,no
good,owner,married,no,fixed,Seniority_q3,Time_q1,Age_q3,Expenses_q1,Income_q2,Assets_q0,Amount_q0,Price_q0,no
bad,parents,single,no,fixed,Seniority_q0,Time_q1,Age_q0,Expenses_q0,Income_q0,Assets_q0,Amount_q2,Price_q0,no
good,owner,married,no,fixed,Seniority_q3,Time_q1,Age_q3,Expenses_q2,Income_q3,Assets_q1,Amount_q1,Price_q1,no
good,parents,single,no,fixed,Seniority_q1,Time_q1,Age_q0,Expenses_q0,Income_q3,Assets_q0,Amount_q2,Price_q1,no
good,rent,married,no,fixed,Seniority_q2,Time_q1,Age_q3,Expenses_q2,Income_q1,Assets_q0,Amount_q2,Price_q1,no
good,owner,married,no,fixed,Seniority_q3,Time_q1,Age_q2,Expenses_q2,Income_q2,Assets_q0,Amount_q3,Price_q2,no
good,owner,married,no,fixed,Seniority_q3,Time_q1,Age_q2,Expenses_q0,Income_q3,Assets_q0,Amount_q3,Price_q3,no
bad,owner,married,no,fixed,Seniority_q1,Time_q1,Age_q0,Expenses_q2,Income_q0,Assets_q0,Amount_q0,Price_q0,no
good,owner,married,no,freelance,Seniority_q2,Time_q1,Age_q3,Expenses_q1,?,Assets_q1,Amount_q1,Price_q1,no
good,owner,married,no,freelance,Seniority_q1,Time_q1,Age_q2,Expenses_q2,Income_q2,Assets_q1,Amount_q1,Price_q2,no
good,owner,married,no,fixed,Seniority_q3,Time_q1,Age_q3,Expenses_q1,Income_q0,Assets_q1,Amount_q2,Price_q0,no
bad,owner,married,no,freelance,Seniority_q1,Time_q1,Age_q3,Expenses_q2,?,Assets_q1,Amount_q3,Price_q3,no
bad,owner,married,yes,fixed,Seniority_q2,Time_q1,Age_q2,Expenses_q2,Income_q0,Assets_q0,Amount_q2,Price_q0,yes
good,parents,single,no,freelance,Seniority_q0,Time_q1,Age_q0,Expenses_q0,?,Assets_q0,Amount_q1,Price_q1,no
good,other,married,no,fixed,Seniority_q2,Time_q1,Age_q0,Expenses_q0,Income_q3,Assets_q0,Amount_q0,Price_q2,no
good,owner,married,yes,freelance,Seniority_q0,Time_q0,Age_q3,Expenses_q2,Income_q2,Assets_q1,Amount_q1,Price_q1,no
good,priv,married,no,freelance,Seniority_q1,Time_q1,Age_q2,Expenses_q2,Income_q3,Assets_q0,Amount_q3,Price_q2,yes
bad,owner,married,no,fixed,Seniority_q3,Time_q1,Age_q3,Expenses_q1,Income_q2,Assets_q0,Amount_q2,Price_q1,no
good,owner,widow,no,fixed,Seniority_q1,Time_q1,Age_q2,Expenses_q0,Income_q2,Assets_q1,Amount_q1,Price_q2,yes
good,owner,married,no,fixed,Seniority_q3,Time_q1,Age_q2,Expenses_q1,Income_q2,Assets_q1,Amount_q3,Price_q2,no
good,rent,married,no,freelance,Seniority_q2,Time_q1,Age_q3,Expenses_q2,Income_q3,Assets_q0,Amount_q2,Price_q2,no
good,owner,married,no,fixed,Seniority_q0,Time_q1,Age_q1,Expenses_q1,Income_q2,Assets_q0,Amount_q1,Price_q3,no
good,owner,married,no,fixed,Seniority_q0,Time_q0,Age_q0,Expenses_q1,Income_q0,Assets_q0,Amount_q0,Price_q1,yes
good,owner,married,no,freelance,Seniority_q3,Time_q1,Age_q3,Expenses_q1,Income_q3,Assets_q1,Amount_q2,Price_q1,no
good,owner,married,no,fixed,Seniority_q1,Time_q1,Age_q1,Expenses_q1,Income_q3,Assets_q0,Amount_q3,Price_q3,yes
bad,parents,married,no,freelance,Seniority_q1,Time_q1,Age_q2,Expenses_q2,Income_q0,Assets_q0,Amount_q3,Price_q3,no
bad,owner,married,no,others,Seniority_q0,Time_q0,Age_q3,Expenses_q1,Income_q0,Assets_q0,Amount_q0,Price_q1,no
bad,rent,married,no,fixed,Seniority_q0,Time_q0,Age_q3,Expenses_q2,Income_q0,Assets_q0,Amount_q0,Price_q0,no
good,owner,married,no,fixed,Seniority_q0,Time_q1,Age_q3,Expenses_q0,Income_q1,Assets_q0,Amount_q0,Price_q2,no
good,rent,married,no,freelance,Seniority_q3,Time_q1,Age_q3,Expenses_q2,Income_q1,Assets_q1,Amount_q2,Price_q2,no
good,owner,married,no,fixed,Seniority_q2,Time_q1,Age_q1,Expenses_q1,Income_q1,Assets_q0,Amount_q2,Price_q1,yes
bad,ignore,married,no,fixed,Seniority_q1,Time_q1,Age_q0,Expenses_q2,Income_q2,Assets_q0,Amount_q1,Price_q0,no
good,owner,married,no,fixed,Seniority_q3,Time_q1,Age_q1,Expenses_q1,Income_q0,Assets_q0,Amount_q0,Price_q1,yes
good,owner,married,no,fixed,Seniority_q2,Time_q1,Age_q0,Expenses_q0,Income_q3,Assets_q0,Amount_q1,Price_q1,no
bad,other,married,yes,freelance,Seniority_q0,Time_q1,Age_q2,Expenses_q0,?,Assets_q0,Amount_q3,Price_q3,no
good,owner,single,no,freelance,Seniority_q0,Time_q0,Age_q1,Expenses_q0,Income_q1,Assets_q0,Amount_q0,Price_q1,no
bad,owner,married,no,fixed,Seniority_q2,Time_q1,Age_q1,Expenses_q2,Income_q2,Assets_q0,Amount_q3,Price_q2,yes
good,owner,married,no,fixed,Seniority_q2,Time_q1,Age_q2,Expenses_q2,Income_q2,Assets_q0,Amount_q2,Price_q1,no
good,owner,married,no,partime,Seniority_q0,Time_q1,Age_q3,Expenses_q0,?,Assets_q1,Amount_q1,Price_q1,no
bad,owner,married,no,partime,Seniority_q1,Time_q1,Age_q0,Expenses_q0,Income_q1,Assets_q1,Amount_q1,Price_q2,yes
good,owner,married,yes,freelance,Seniority_q1,Time_q1,Age_q1,Expenses_q2,Income_q3,Assets_q0,Amount_q3,Price_q3,no
good,parents,single,no,freelance,Seniority_q0,Time_q1,Age_q0,Expenses_q0,Income_q1,Assets_q0,Amount_q1,Price_q1,no
bad,owner,married,no,partime,Seniority_q0,Time_q0,Age_q1,Expenses_q2,Income_q0,Assets_q0,Amount_q0,Price_q1,yes
good,owner,single,no,fixed,Seniority_q2,Time_q1,Age_q0,Expenses_q0,Income_q3,Assets_q1,Amount_q3,Price_q2,yes
bad,owner,married,no,fixed,Seniority_q3,Time_q1,Age_q2,Expenses_q2,Income_q1,Assets_q0,Amount_q0,Price_q0,yes
good,owner,married,no,fixed,Seniority_q3,Time_q1,Age_q3,Expenses_q1,Income_q1,Assets_q0,Amount_q1,Price_q0,no
good,rent,married,no,fixed,Seniority_q2,Time_q0,Age_q1,Expenses_q2,Income_q3,Assets_q0,Amount_q1,Price_q3,no
good,owner,married,no,fixed,Seniority_q2,Time_q1,Age_q1,Expenses_q1,Income_q2,Assets_q0,Amount_q1,Price_q2,no
good,owner,married,no,fixed,Seniority_q0,Time_q1,Age_q2,Expenses_q2,Income_q0,Assets_q1,Amount_q0,Price_q0,yes
good,rent,married,no,fixed,Seniority_q0,Time_q1,Age_q0,Expenses_q2,Income_q2,Assets_q0,Amount_q1,Price_q1,no
good,owner,married,no,fixed,Seniority_q0,Time_q1,Age_q0,Expenses_q0,Income_q1,Assets_q0,Amount_q0,Price_q1,no
good,owner,married,no,fixed,Seniority_q2,Time_q0,Age_q1,Expenses_q2,Income_q2,Assets_q0,Amount_q0,Price_q0,yes
good,owner,married,no,fixed,Seniority_q2,Time_q1,Age_q0,Expenses_q0,Income_q1,Assets_q0,Amount_q2,Price_q1,yes
bad,owner,married,no,partime,Seniority_q2,Time_q1,Age_q1,Expenses_q2,Income_q2,Assets_q0,Amount_q2,Price_q2,no
good,owner,single,no,fixed,Seniority_q3,Time_q1,Age_q2,Expenses_q0,Income_q0,Assets_q0,Amount_q1,Price_q2,no
good,owner,single,no,partime,Seniority_q1,Time_q0,Age_q1,Expenses_q0,Income_q2,Assets_q0,Amount_q2,Price_q2,no
good,owner,married,no,freelance,Seniority_q2,Time_q0,Age_q2,Expenses_q2,Income_q0,Assets_q0,Amount_q0,Price_q2,yes
good,rent,married,no,partime,Seniority_q0,Time_q0,Age_q0,Expenses_q2,Income_q1,Assets_q0,Amount_q0,Price_q2,no
bad,owner,single,no,others,Seniority_q0,Time_q0,Age_q0,Expenses_q1,Income_q2,Assets_q0,Amount_q0,Price_q0,no
good,rent,single,no,fixed,Seniority_q2,Time_q1,Age_q0,Expenses_q1,Income_q2,Assets_q0,Amount_q1,Price_q1,no
good,rent,married,no,fixed,Seniority_q1,Time_q1,Age_q0,Expenses_q1,Income_q1,Assets_q0,Amount_q2,Price_q2,no
good,rent,married,no,freelance,Seniority_q0,Time_q0,Age_q1,Expenses_q2,Income_q3,Assets_q0,Amount_q1,Price_q1,no
bad,parents,single,no,partime,Seniority_q0,Time_q1,Age_q0,Expenses_q0,Income_q0,Assets_q0,Amount_q2,Price_q1,no
good,owner,married,no,fixed,Seniority_q1,Time_q0,Age_q1,Expenses_q2,Income_q2,Assets_q0,Amount_q0,Price_q0,no
good,rent,married,no,freelance,Seniority_q2,Time_q1,Age_q1,Expenses_q2,Income_q3,Assets_q0,Amount_q1,Price_q2,no
good,priv,married,no,fixed,Seniority_q2,Time_q0,Age_q2,Expenses_q1,Income_q2,Assets_q0,Amount_q2,Price_q2,yes
good,parents,married,no,fixed,Seniority_q3,Time_q1,Age_q1,Expenses_q1,Income_q1,Assets_q0,Amount_q1,Price_q0,no
good,parents,single,no,fixed,Seniority_q1,Time_q1,Age_q1,Expenses_q0,Income_q2,Assets_q0,Amount_q1,Price_q0,no
bad,parents,single,no,fixed,Seniority_q0,Time_q1,Age_q0,Expenses_q0,Income_q2,Assets_q0,Amount_q2,Price_q2,no
good,owner,married,no,freelance,Seniority_q3,Time_q0,Age_q1,Expenses_q2,Income_q3,Assets_q1,Amount_q0,Price_q0,no
good,rent,married,no,others,Seniority_q0,Time_q1,Age_q3,Expenses_q2,Income_q3,Assets_q0,Amount_q2,Price_q1,no
bad,owner,married,yes,fixed,Seniority_q2,Time_q1,Age_q2,Expenses_q2,Income_q3,Assets_q0,Amount_q3,Price_q3,no
bad,owner,married,yes,freelance,Seniority_q0,Time_q0,Age_q3,Expenses_q1,?,Assets_q1,Amount_q3,Price_q3,yes
bad,owner,married,yes,freelance,Seniority_q0,Time_q1,Age_q2,Expenses_q2,Income_q3,Assets_q1,Amount_q3,Price_q3,yes
good,owner,married,no,freelance,Seniority_q3,Time_q1,Age_q2,Expenses_q1,Income_q0,Assets_q1,Amount_q1,Price_q2,no
good,owner,divorced,no,fixed,Seniority_q2,Time_q1,Age_q2,Expenses_q0,Income_q0,Assets_q0,Amount_q0,Price_q1,yes
bad,priv,married,yes,freelance,Seniority_q0,Time_q1,Age_q1,Expenses_q0,Income_q3,Assets_q0,Amount_q1,Price_q1,yes
good,owner,married,no,freelance,Seniority_q3,Time_q0,Age_q2,Expenses_q2,Income_q3,Assets_q1,Amount_q0,Price_q0,no
bad,rent,divorced,yes,fixed,Seniority_q1,Time_q1,Age_q2,Expenses_q2,Income_q3,Assets_q0,Amount_q3,Price_q3,no
bad,other,married,no,fixed,Seniority_q0,Time_q1,Age_q0,Expenses_q1,Income_q1,Assets_q0,Amount_q2,Price_q2,no
good,owner,single,no,freelance,Seniority_q0,Time_q1,Age_q1,Expenses_q1,Income_q1,Assets_q0,Amount_q0,Price_q2,yes
bad,parents,married,yes,freelance,Seniority_q0,Time_q1,Age_q3,Expenses_q2,Income_q2,Assets_q0,Amount_q3,Price_q3,no
good,parents,single,no,freelance,Seniority_q3,Time_q1,Age_q1,Expenses_q0,?,Assets_q1,Amount_q2,Price_q1,no
bad,rent,separated,no,fixed,Seniority_q0,Time_q0,Age_q1,Expenses_q1,Income_q2,Assets_q0,Amount_q2,Price_q2,no
good,parents,married,no,fixed,Seniority_q3,Time_q1,Age_q1,Expenses_q0,Income_q2,Assets_q0,Amount_q3,Price_q3,no
good,owner,married,no,freelance,Seniority_q2,Time_q1,Age_q1,Expenses_q2,Income_q2,Assets_q0,Amount_q3,Price_q3,no
good,parents,married,no,freelance,Seniority_q3,Time_q0,Age_q3,Expenses_q0,Income_q1,Assets_q1,Amount_q0,Price_q1,no
good,parents,married,no,fixed,Seniority_q1,Time_q1,Age_q1,Expenses_q0,Income_q1,Assets_q0,Amount_q3,Price_q2,no
good,owner,married,no,fixed,Seniority_q3,Time_q1,Age_q3,Expenses_q1,Income_q1,Assets_q0,Amount_q2,Price_q2,no
bad,rent,married,yes,fixed,Seniority_q1,Time_q1,Age_q2,Expenses_q2,Income_q3,Assets_q0,Amount_q3,Price_q3,no
good,owner,married,no,fixed,Seniority_q0,Time_q1,Age_q1,Expenses_q0,Income_q3,Assets_q1,Amount_q3,Price_q3,yes
good,owner,married,no,fixed,Seniority_q1,Time_q1,Age_q1,Expenses_q0,Income_q3,Assets_q0,Amount_q3,Price_q2,yes
good,rent,married,no,fixed,Seniority_q0,Time_q0,Age_q1,Expenses_q2,Income_q3,Assets_q0,Amount_q1,Price_q1,no
good,owner,married,no,fixed,Seniority_q1,Time_q0,Age_q3,Expenses_q0,Income_q3,Assets_q1,Amount_q3,Price_q2,no
good,rent,married,no,fixed,Seniority_q2,Time_q1,Age_q1,Expenses_q2,Income_q0,Assets_q0,Amount_q1,Price_q0,no
bad,rent,married,no,fixed,Seniority_q2,Time_q0,Age_q3,Expenses_q2,Income_q0,Assets_q0,Amount_q2,Price_q2,no
bad,owner,married,no,freelance,Seniority_q0,Time_q1,Age_q1,Expenses_q2,Income_q0,Assets_q0,Amount_q0,Price_q1,yes
good,parents,single,no,fixed,Seniority_q3,Time_q1,Age_q1,Expenses_q0,Income_q0,Assets_q0,Amount_q2,Price_q1,no
good,other,single,no,fixed,Seniority_q2,Time_q1,Age_q0,Expenses_q0,Income_q3,Assets_q0,Amount_q3,Price_q3,no
good,other,married,no,fixed,Seniority_q0,Time_q0,Age_q1,Expenses_q2,Income_q2,Assets_q0,Amount_q0,Price_q0,no
bad,rent,married,no,freelance,Seniority_q3,Time_q0,Age_q2,Expenses_q2,?,Assets_q1,Amount_q2,Price_q3,yes
good,parents,married,no,fixed,Seniority_q0,Time_q1,Age_q1,Expenses_q1,Income_q3,Assets_q0,Amount_q3,Price_q3,no
bad,rent,married,no,others,Seniority_q0,Time_q1,Age_q2,Expenses_q2,Income_q0,Assets_q0,Amount_q2,Price_q1,no
good,rent,married,yes,fixed,Seniority_q2,Time_q1,Age_q2,Expenses_q2,Income_q1,Assets_q0,Amount_q0,Price_q0,no
bad,parents,single,yes,partime,Seniority_q0,Time_q0,Age_q0,Expenses_q0,Income_q0,Assets_q0,Amount_q0,Price_q0,no
bad,parents,single,yes,partime,Seniority_q0,Time_q1,Age_q0,Expenses_q0,Income_q0,Assets_q0,Amount_q3,Price_q3,no
good,owner,married,no,fixed,Seniority_q2,Time_q0,Age_q0,Expenses_q1,Income_q3,Assets_q1,Amount_q1,Price_q1,no
bad,rent,married,yes,freelance,Seniority_q2,Time_q1,Age_q1,Expenses_q2,Income_q1,Assets_q0,Amount_q2,Price_q1,no
good,owner,married,no,fixed,Seniority_q3,Time_q1,Age_q2,Expenses_q1,Income_q1,Assets_q0,Amount_q1,Price_q1,no
good,rent,married,no,fixed,Seniority_q3,Time_q1,Age_q3,Expenses_q2,Income_q3,Assets_q0,Amount_q2,Price_q1,no
bad,owner,married,yes,fixed,Seniority_q3,Time_q1,Age_q3,Expenses_q0,Income_q1,Assets_q1,Amount_q2,Price_q2,no
good,rent,widow,no,freelance,Seniority_q1,Time_q1,Age_q3,Expenses_q1,Income_q3,Assets_q0,Amount_q1,Price_q0,no
good,rent,single,no,fixed,Seniority_q0,Time_q1,Age_q0,Expenses_q1,Income_q2,Assets_q0,Amount_q1,Price_q1,no
good,parents,married,no,fixed,Seniority_q1,Time_q1,Age_q0,Expenses_q1,Income_q3,Assets_q0,Amount_q1,Price_q2,no
bad,owner,married,no,freelance,Seniority_q1,Time_q1,Age_q2,Expenses_q2,Income_q3,Assets_q0,Amount_q2,Price_q2,no
good,rent,married,no,fixed,Seniority_q3,Time_q1,Age_q1,Expenses_q2,Income_q1,Assets_q0,Amount_q1,Price_q0,no
good,owner,married,no,freelance,Seniority_q2,Time_q1,Age_q0,Expenses_q1,Income_q3,Assets_q0,Amount_q3,Price_q3,yes
bad,other,married,yes,freelance,Seniority_q0,Time_q1,Age_q1,Expenses_q2,?,Assets_q0,Amount_q1,Price_q3,no
good,owner,married,no,fixed,Seniority_q3,Time_q1,Age_q2,Expenses_q0,Income_q1,Assets_q0,Amount_q2,Price_q2,no
good,rent,married,no,freelance,Seniority_q1,Time_q0,Age_q1,Expenses_q2,Income_q3,Assets_q0,Amount_q0,Price_q0,no
good,owner,married,no,fixed,Seniority_q0,Time_q1,Age_q0,Expenses_q0,Income_q2,Assets_q0,Amount_q0,Price_q1,yes
good,owner,married,no,fixed,Seniority_q0,Time_q1,Age_q2,Expenses_q1,Income_q3,Assets_q0,Amount_q0,Price_q0,no
bad,other,single,yes,freelance,Seniority_q0,Time_q1,Age_q3,Expenses_q0,?,Assets_q0,Amount_q3,Price_q3,no
good,owner,married,no,fixed,Seniority_q2,Time_q1,Age_q0,Expenses_q0,Income_q0,Assets_q0,Amount_q1,Price_q0,no
good,rent,divorced,no,partime,Seniority_q0,Time_q0,Age_q2,Expenses_q1,Income_q3,Assets_q1,Amount_q2,Price_q2,no
good,parents,married,no,freelance,Seniority_q0,Time_q1,Age_q0,Expenses_q0,Income_q1,Assets_q0,Amount_q3,Price_q3,no
bad,rent,married,no,fixed,Seniority_q0,Time_q1,Age_q1,Expenses_q2,Income_q1,Assets_q0,Amount_q3,Price_q3,no
good,rent,married,no,fixed,Seniority_q1,Time_q1,Age_q0,Expenses_q2,Income_q3,Assets_q0,Amount_q2,Price_q2,no
good,parents,single,no,fixed,Seniority_q0,Time_q0,Age_q0,Expenses_q0,Income_q0,Assets_q0,Amount_q0,Price_q0,no
good,priv,married,no,fixed,Seniority_q2,Time_q1,Age_q1,Expenses_q2,Income_q1,Assets_q0,Amount_q1,Price_q1,yes
bad,parents,single,no,freelance,Seniority_q1,Time_q1,Age_q0,Expenses_q0,Income_q3,Assets_q0,Amount_q2,Price_q1,no
bad,rent,single,no,fixed,Seniority_q0,Time_q0,Age_q0,Expenses_q0,Income_q1,Assets_q0,Amount_q0,Price_q0,no
good,rent,single,no,fixed,Seniority_q1,Time_q0,Age_q0,Expenses_q1,Income_q2,Assets_q0,Amount_q1,Price_q1,no
good,owner,married,no,fixed,Seniority_q2,Time_q0,Age_q3,Expenses_q1,Income_q2,Assets_q0,Amount_q0,Price_q0,no
good,owner,widow,no,others,Seniority_q2,Time_q1,Age_q2,Expenses_q0,Income_q1,Assets_q0,Amount_q0,Price_q1,no
good,owner,married,no,fixed,Seniority_q2,Time_q1,Age_q3,Expenses_q1,Income_q3,Assets_q0,Amount_q3,Price_q2,no
good,priv,married,no,fixed,Seniority_q0,Time_q0,Age_q1,Expenses_q1,Income_q2,Assets_q0,Amount_q2,Price_q2,yes
good,owner,married,no,fixed,Seniority_q1,Time_q1,Age_q3,Expenses_q0,Income_q1,Assets_q0,Amount_q3,Price_q3,no
good,owner,married,no,fixed,Seniority_q0,Time_q1,Age_q0,Expenses_q0,Income_q3,Assets_q1,Amount_q3,Price_q3,yes
bad,priv,married,yes,fixed,Seniority_q1,Time_q1,Age_q1,Expenses_q2,Income_q3,Assets_q0,Amount_q3,Price_q2,no
good,owner,single,no,freelance,Seniority_q2,Time_q1,Age_q0,Expenses_q0,?,Assets_q1,Amount_q3,Price_q3,yes
bad,owner,separated,no,fixed,Seniority_q0,Time_q1,Age_q1,Expenses_q0,Income_q0,Assets_q0,Amount_q1,Price_q2,no
good,owner,married,no,others,Seniority_q0,Time_q1,Age_q3,Expenses_q0,Income_q1,Assets_q0,Amount_q2,Price_q1,no
good,owner,married,no,fixed,Seniority_q3,Time_q1,Age_q1,Expenses_q2,Income_q2,Assets_q0,Amount_q3,Price_q2,no
good,owner,married,yes,fixed,Seniority_q2,Time_q1,Age_q2,Expenses_q2,Income_q1,Assets_q1,Amount_q3,Price_q2,yes
bad,rent,separated,no,fixed,Seniority_q0,Time_q1,Age_q3,Expenses_q1,Income_q2,Assets_q0,Amount_q3,Price_q2,no
good,owner,married,no,fixed,Seniority_q2,Time_q1,Age_q2,Expenses_q1,Income_q0,Assets_q0,Amount_q2,Price_q2,no
good,owner,married,no,freelance,Seniority_q1,Time_q1,Age_q1,Expenses_q1,?,Assets_q1,Amount_q2,Price_q1,no
good,owner,married,no,fixed,Seniority_q2,Time_q1,Age_q0,Expenses_q1,Income_q1,Assets_q0,Amount_q3,Price_q2,no
good,owner,married,no,fixed,Seniority_q3,Time_q0,Age_q1,Expenses_q2,Income_q2,Assets_q1,Amount_q0,Price_q1,yes
good,owner,married,no,fixed,Seniority_q2,Time_q1,Age_q3,Expenses_q1,Income_q1,Assets_q0,Amount_q1,Price_q0,no
good,owner,married,no,fixed,Seniority_q2,Time_q0,Age_q2,Expenses_q2,Income_q1,Assets_q0,Amount_q2,Price_q2,no
good,other,married,no,partime,Seniority_q0,Time_q1,Age_q0,Expenses_q0,Income_q0,Assets_q0,Amount_q2,Price_q1,no
good,owner,married,no,fixed,Seniority_q0,Time_q0,Age_q2,Expenses_q2,Income_q3,Assets_q1,Amount_q3,Price_q3,no
good,owner,married,no,fixed,Seniority_q2,Time_q1,Age_q1,Expenses_q1,Income_q3,Assets_q0,Amount_q1,Price_q1,yes
good,rent,single,no,fixed,Seniority_q0,Time_q1,Age_q0,Expenses_q1,Income_q3,Assets_q0,Amount_q1,Price_q0,no
good,parents,single,no,fixed,Seniority_q0,Time_q1,Age_q1,Expenses_q0,Income_q2,Assets_q0,Amount_q2,Price_q1,no
good,owner,separated,no,freelance,Seniority_q3,Time_q1,Age_q1,Expenses_q0,?,Assets_q0,Amount_q1,Price_q1,no
good,rent,married,no,freelance,Seniority_q2,Time_q1,Age_q2,Expenses_q2,Income_q3,Assets_q0,Amount_q2,Price_q0,no
good,owner,married,yes,freelance,Seniority_q0,Time_q0,Age_q3,Expenses_q0,?,Assets_q1,Amount_q1,Price_q0,no
good,rent,married,no,others,Seniority_q0,Time_q1,Age_q3,Expenses_q1,Income_q0,Assets_q1,Amount_q1,Price_q1,no
bad,parents,single,yes,freelance,Seniority_q0,Time_q1,Age_q0,Expenses_q0,?,Assets_q0,Amount_q3,Price_q3,no
bad,owner,married,no,others,Seniority_q3,Time_q1,Age_q2,Expenses_q2,Income_q0,Assets_q0,Amount_q3,Price_q3,yes
bad,rent,married,no,freelance,Seniority_q0,Time_q1,Age_q2,Expenses_q2,?,Assets_q0,Amount_q3,Price_q3,no
good,parents,married,no,fixed,Seniority_q0,Time_q1,Age_q0,Expenses_q1,Income_q1,Assets_q1,Amount_q2,Price_q3,no
good,owner,married,no,freelance,Seniority_q3,Time_q1,Age_q3,Expenses_q1,Income_q0,Assets_q0,Amount_q0,Price_q0,no
good,rent,married,no,fixed,Seniority_q3,Time_q1,Age_q3,Expenses_q1,Income_q1,Assets_q0,Amount_q1,Price_q1,no
good,owner,married,yes,fixed,Seniority_q2,Time_q1,Age_q0,Expenses_q0,Income_q1,Assets_q0,Amount_q0,Price_q2,yes
good,rent,single,no,fixed,Seniority_q0,Time_q1,Age_q0,Expenses_q0,Income_q0,Assets_q0,Amount_q1,Price_q1,no
bad,owner,married,no,fixed,Seniority_q1,Time_q1,Age_q3,Expenses_q0,Income_q1,Assets_q0,Amount_q3,Price_q2,no
good,owner,married,no,freelance,Seniority_q2,Time_q1,Age_q3,Expenses_q1,Income_q2,Assets_q0,Amount_q3,Price_q2,no
good,owner,married,no,fixed,Seniority_q1,Time_q1,Age_q1,Expenses_q1,Income_q2,Assets_q0,Amount_q1,Price_q1,yes
good,priv,married,no,fixed,Seniority_q3,Time_q1,Age_q0,Expenses_q1,Income_q3,Assets_q1,Amount_q3,Price_q3,no
good,owner,married,no,fixed,Seniority_q2,Time_q1,Age_q1,Expenses_q2,Income_q1,Assets_q0,Amount_q2,Price_q1,yes
bad,owner,separated,no,freelance,Seniority_q1,Time_q1,Age_q1,Expenses_q0,?,Assets_q1,Amount_q1,Price_q0,no
bad,rent,married,yes,fixed,Seniority_q2,Time_q1,Age_q3,Expenses_q2,Income_q2,Assets_q0,Amount_q3,Price_q3,no
bad,owner,single,yes,freelance,Seniority_q3,Time_q0,Age_q2,Expenses_q0,?,Assets_q1,Amount_q1,Price_q0,yes
good,parents,single,no,fixed,Seniority_q1,Time_q1,Age_q0,Expenses_q0,Income_q0,Assets_q0,Amount_q1,Price_q2,no
bad,owner,single,no,fixed,Seniority_q0,Time_q1,Age_q1,Expenses_q0,Income_q0,Assets_q1,Amount_q1,Price_q1,no
bad,parents,married,no,fixed,Seniority_q3,Time_q1,Age_q3,Expenses_q0,Income_q0,Assets_q1,Amount_q3,Price_q3,no
good,owner,married,yes,partime,Seniority_q1,Time_q1,Age_q2,Expenses_q2,Income_q0,Assets_q0,Amount_q1,Price_q0,no
bad,other,single,no,fixed,Seniority_q0,Time_q1,Age_q0,Expenses_q0,Income_q2,Assets_q0,Amount_q2,Price_q1,no
good,rent,married,no,fixed,Seniority_q0,Time_q1,Age_q1,Expenses_q2,Income_q3,Assets_q0,Amount_q3,Price_q2,no
bad,other,separated,no,freelance,Seniority_q1,Time_q0,Age_q2,Expenses_q0,?,Assets_q0,Amount_q0,Price_q0,no
good,parents,single,no,fixed,Seniority_q1,Time_q1,Age_q1,Expenses_q0,Income_q1,Assets_q0,Amount_q1,Price_q0,no
good,other,married,no,freelance,Seniority_q3,Time_q1,Age_q3,Expenses_q2,Income_q3,Assets_q1,Amount_q3,Price_q3,no
good,priv,married,no,fixed,Seniority_q3,Time_q1,Age_q1,Expenses_q2,Income_q3,Assets_q1,Amount_q3,Price_q2,no
good,rent,married,no,fixed,Seniority_q0,Time_q1,Age_q1,Expenses_q2,Income_q0,Assets_q0,Amount_q1,Price_q1,no
bad,owner,married,no,partime,Seniority_q1,Time_q1,Age_q2,Expenses_q2,Income_q2,Assets_q0,Amount_q1,Price_q0,no
good,owner,married,no,partime,Seniority_q0,Time_q0,Age_q3,Expenses_q1,Income_q1,Assets_q1,Amount_q2,Price_q3,no
bad,parents,married,yes,fixed,Seniority_q2,Time_q1,Age_q1,Expenses_q0,Income_q2,Assets_q0,Amount_q1,Price_q2,no
good,owner,married,no,fixed,Seniority_q1,Time_q1,Age_q0,Expenses_q0,Income_q0,Assets_q0,Amount_q2,Price_q1,no
good,owner,married,no,fixed,Seniority_q2,Time_q0,Age_q2,Expenses_q2,Income_q2,Assets_q0,Amount_q0,Price_q0,no
bad,rent,single,no,freelance,Seniority_q0,Time_q0,Age_q0,Expenses_q1,Income_q2,Assets_q0,Amount_q0,Price_q2,no
good,parents,married,no,fixed,Seniority_q0,Time_q1,Age_q2,Expenses_q0,Income_q1,Assets_q0,Amount_q3,Price_q2,no
good,rent,married,no,freelance,Seniority_q3,Time_q1,Age_q3,Expenses_q2,Income_q3,Assets_q1,Amount_q2,Price_q2,no
good,rent,married,yes,fixed,Seniority_q1,Time_q1,Age_q2,Expenses_q2,Income_q2,Assets_q0,Amount_q3,Price_q3,no
good,parents,single,no,fixed,Seniority_q0,Time_q0,Age_q0,Expenses_q0,Income_q3,Assets_q0,Amount_q1,Price_q2,no
good,owner,married,no,fixed,Seniority_q2,Time_q1,Age_q0,Expenses_q0,Income_q1,Assets_q0,Amount_q3,Price_q3,no
good,rent,single,no,fixed,Seniority_q1,Time_q0,Age_q1,Expenses_q1,Income_q1,Assets_q0,Amount_q1,Price_q2,no
good,owner,married,no,partime,Seniority_q0,Time_q1,Age_q1,Expenses_q0,Income_q2,Assets_q0,Amount_q2,Price_q1,yes
good,parents,single,no,fixed,Seniority_q3,Time_q0,Age_q2,Expenses_q0,Income_q3,Assets_q0,Amount_q0,Price_q0,no
bad,parents,married,no,partime,Seniority_q1,Time_q1,Age_q0,Expenses_q0,Income_q2,Assets_q0,Amount_q3,Price_q2,no
good,parents,single,no,freelance,Seniority_q0,Time_q1,Age_q0,Expenses_q0,Income_q2,Assets_q0,Amount_q0,Price_q2,no
good,owner,married,yes,freelance,Seniority_q2,Time_q1,Age_q2,Expenses_q2,Income_q3,Assets_q1,Amount_q2,Price_q3,no
good,owner,married,no,fixed,Seniority_q3,Time_q1,Age_q2,Expenses_q1,Income_q1,Assets_q1,Amount_q0,Price_q1,no
good,owner,married,no,fixed,Seniority_q2,Time_q1,Age_q1,Expenses_q1,Income_q1,Assets_q1,Amount_q2,Price_q3,yes
good,owner,married,no,partime,Seniority_q0,Time_q0,Age_q0,Expenses_q0,Income_q2,Assets_q0,Amount_q0,Price_q0,no
good,owner,married,yes,fixed,Seniority_q3,Time_q1,Age_q1,Expenses_q2,Income_q2,Assets_q0,Amount_q0,Price_q0,no
good,parents,married,yes,fixed,Seniority_q2,Time_q0,Age_q0,Expenses_q1,Income_q2,Assets_q0,Amount_q1,Price_q3,no
good,parents,single,no,fixed,Seniority_q2,Time_q1,Age_q2,Expenses_q0,Income_q3,Assets_q1,Amount_q2,Price_q1,no
good,rent,married,no,fixed,Seniority_q3,Time_q0,Age_q3,Expenses_q1,Income_q2,Assets_q0,Amount_q1,Price_q3,no
bad,owner,married,no,fixed,Seniority_q3,Time_q1,Age_q3,Expenses_q2,Income_q0,Assets_q0,Amount_q2,Price_q1,no
bad,rent,married,no,fixed,Seniority_q2,Time_q0,Age_q0,Expenses_q2,Income_q1,Assets_q0,Amount_q0,Price_q0,no
good,parents,separated,no,fixed,Seniority_q1,Time_q0,Age_q0,Expenses_q0,Income_q1,Assets_q0,Amount_q1,Price_q0,no
good,parents,married,no,fixed,Seniority_q3,Time_q1,Age_q3,Expenses_q0,Income_q1,Assets_q0,Amount_q2,Price_q2,yes
good,owner,married,no,freelance,Seniority_q2,Time_q0,Age_q2,Expenses_q2,Income_q3,Assets_q0,Amount_q2,Price_q2,no
good,owner,single,no,fixed,Seniority_q2,Time_q1,Age_q1,Expenses_q0,Income_q3,Assets_q1,Amount_q3,Price_q3,no
good,owner,married,no,fixed,Seniority_q1,Time_q0,Age_q1,Expenses_q1,Income_q3,Assets_q0,Amount_q0,Price_q2,no
good,rent,married,no,freelance,Seniority_q1,Time_q0,Age_q1,Expenses_q2,Income_q3,Assets_q0,Amount_q1,Price_q2,no
good,owner,married,no,fixed,Seniority_q2,Time_q1,Age_q0,Expenses_q0,Income_q1,Assets_q0,Amount_q2,Price_q1,no
good,owner,married,no,fixed,Seniority_q2,Time_q1,Age_q1,Expenses_q1,Income_q2,Assets_q0,Amount_q0,Price_q2,no
good,owner,married,no,fixed,Seniority_q3,Time_q1,Age_q2,Expenses_q1,Income_q2,Assets_q0,Amount_q1,Price_q1,no
good,owner,married,no,fixed,Seniority_q0,Time_q0,Age_q2,Expenses_q2,Income_q3,Assets_q0,Amount_q3,Price_q3,no
good,owner,married,no,freelance,Seniority_q2,Time_q0,Age_q2,Expenses_q2,Income_q0,Assets_q0,Amount_q1,Price_q2,yes
good,owner,married,no,fixed,Seniority_q1,Time_q0,Age_q2,Expenses_q2,Income_q1,Assets_q1,Amount_q3,Price_q3,no
bad,owner,married,no,fixed,Seniority_q3,Time_q1,Age_q2,Expenses_q2,Income_q0,Assets_q0,Amount_q1,Price_q0,no
bad,parents,single,no,fixed,Seniority_q0,Time_q1,Age_q0,Expenses_q0,Income_q1,Assets_q0,Amount_q2,Price_q2,no
bad,other,married,yes,fixed,Seniority_q0,Time_q1,Age_q2,Expenses_q2,Income_q3,Assets_q0,Amount_q3,Price_q2,no
good,owner,married,no,fixed,Seniority_q2,Time_q0,Age_q1,Expenses_q1,Income_q3,Assets_q1,Amount_q0,Price_q1,no
good,rent,single,no,fixed,Seniority_q0,Time_q1,Age_q0,Expenses_q0,Income_q0,Assets_q0,Amount_q1,Price_q0,no
good,owner,married,no,freelance,Seniority_q3,Time_q0,Age_q3,Expenses_q2,Income_q3,Assets_q1,Amount_q1,Price_q1,no
good,owner,married,no,fixed,Seniority_q3,Time_q1,Age_q2,Expenses_q2,Income_q1,Assets_q1,Amount_q1,Price_q1,yes
good,owner,married,no,freelance,Seniority_q1,Time_q1,Age_q3,Expenses_q2,Income_q0,Assets_q1,Amount_q0,Price_q3,yes
good,priv,married,no,fixed,Seniority_q2,Time_q1,Age_q2,Expenses_q1,Income_q2,Assets_q0,Amount_q1,Price_q0,no
bad,rent,separated,no,freelance,Seniority_q3,Time_q1,Age_q2,Expenses_q2,Income_q0,Assets_q0,Amount_q3,Price_q3,no
good,rent,married,no,fixed,Seniority_q1,Time_q1,Age_q1,Expenses_q2,Income_q0,Assets_q0,Amount_q1,Price_q1,no
bad,other,married,yes,others,Seniority_q0,Time_q0,Age_q0,Expenses_q0,Income_q3,Assets_q1,Amount_q3,Price_q1,no
bad,rent,married,no,fixed,Seniority_q0,Time_q1,Age_q1,Expenses_q2,Income_q2,Assets_q0,Amount_q3,Price_q3,no
good,owner,separated,no,freelance,Seniority_q3,Time_q0,Age_q3,Expenses_q0,Income_q3,Assets_q0,Amount_q3,Price_q3,no
good,priv,married,no,fixed,Seniority_q2,Time_q1,Age_q1,Expenses_q0,Income_q2,Assets_q0,Amount_q0,Price_q1,no
good,owner,married,no,fixed,Seniority_q2,Time_q0,Age_q1,Expenses_q2,Income_q1,Assets_q1,Amount_q0,Price_q0,no
good,parents,single,no,fixed,Seniority_q1,Time_q0,Age_q0,Expenses_q0,Income_q0,Assets_q0,Amount_q0,Price_q1,no
bad,other,single,no,fixed,Seniority_q1,Time_q1,Age_q1,Expenses_q0,Income_q0,Assets_q0,Amount_q1,Price_q2,no
good,rent,married,yes,fixed,Seniority_q3,Time_q1,Age_q3,Expenses_q2,Income_q3,Assets_q0,Amount_q1,Price_q1,no
bad,other,married,no,freelance,Seniority_q0,Time_q1,Age_q1,Expenses_q1,?,Assets_q0,Amount_q3,Price_q2,no
good,owner,married,no,freelance,Seniority_q2,Time_q0,Age_q1,Expenses_q2,Income_q3,Assets_q0,Amount_q1,Price_q0,no
good,owner,married,no,fixed,Seniority_q3,Time_q1,Age_q3,Expenses_q2,Income_q3,Assets_q1,Amount_q2,Price_q2,yes
good,owner,married,no,freelance,Seniority_q3,Time_q0,Age_q3,Expenses_q0,Income_q2,Assets_q1,Amount_q3,Price_q3,no
good,parents,single,no,others,Seniority_q0,Time_q1,Age_q1,Expenses_q0,Income_q2,Assets_q0,Amount_q2,Price_q2,no
bad,other,single,no,fixed,Seniority_q1,Time_q0,Age_q0,Expenses_q0,?,Assets_q0,Amount_q1,Price_q1,no
good,owner,married,no,partime,Seniority_q0,Time_q1,Age_q0,Expenses_q0,Income_q1,Assets_q0,Amount_q2,Price_q2,yes
bad,rent,married,no,freelance,Seniority_q0,Time_q1,Age_q1,Expenses_q2,Income_q1,Assets_q0,Amount_q3,Price_q3,no
bad,owner,married,no,partime,Seniority_q0,Time_q1,Age_q0,Expenses_q0,Income_q1,Assets_q0,Amount_q2,Price_q2,yes
good,owner,married,yes,freelance,Seniority_q0,Time_q0,Age_q0,Expenses_q0,Income_q2,Assets_q0,Amount_q0,Price_q0,no
bad,rent,married,yes,fixed,Seniority_q1,Time_q0,Age_q0,Expenses_q2,Income_q2,Assets_q0,Amount_q1,Price_q0,no
bad,priv,married,no,partime,Seniority_q0,Time_q1,Age_q3,Expenses_q2,Income_q2,Assets_q0,Amount_q0,Price_q2,yes
good,owner,married,no,fixed,Seniority_q3,Time_q1,Age_q2,Expenses_q1,Income_q1,Assets_q0,Amount_q1,Price_q0,no
bad,owner,married,no,partime,Seniority_q0,Time_q1,Age_q2,Expenses_q2,Income_q2,Assets_q1,Amount_q2,Price_q1,yes
bad,rent,married,no,fixed,Seniority_q3,Time_q1,Age_q3,Expenses_q2,Income_q3,Assets_q0,Amount_q2,Price_q1,no
bad,other,single,no,others,Seniority_q0,Time_q1,Age_q0,Expenses_q0,?,Assets_q0,Amount_q2,Price_q2,no
good,rent,married,no,others,Seniority_q1,Time_q0,Age_q2,Expenses_q2,Income_q2,Assets_q1,Amount_q2,Price_q2,no
good,owner,married,no,fixed,Seniority_q3,Time_q1,Age_q3,Expenses_q1,Income_q1,Assets_q0,Amount_q2,Price_q1,no
good,owner,married,no,fixed,Seniority_q2,Time_q1,Age_q0,Expenses_q0,Income_q2,Assets_q0,Amount_q3,Price_q2,yes
good,owner,married,no,fixed,Seniority_q0,Time_q1,Age_q3,Expenses_q2,Income_q3,Assets_q1,Amount_q1,Price_q3,no
good,owner,married,no,fixed,Seniority_q1,Time_q0,Age_q2,Expenses_q2,Income_q3,Assets_q1,Amount_q0,Price_q3,no
bad,owner,married,yes,fixed,Seniority_q2,Time_q0,Age_q3,Expenses_q0,Income_q1,Assets_q0,Amount_q0,Price_q0,no
good,owner,single,no,fixed,Seniority_q1,Time_q1,Age_q0,Expenses_q0,Income_q3,Assets_q0,Amount_q1,Price_q1,no
good,owner,married,yes,fixed,Seniority_q3,Time_q1,Age_q3,Expenses_q2,Income_q2,Assets_q0,Amount_q1,Price_q3,no
good,owner,married,no,fixed,Seniority_q3,Time_q1,Age_q3,Expenses_q2,Income_q3,Assets_q1,Amount_q2,Price_q1,no
good,owner,married,no,fixed,Seniority_q2,Time_q1,Age_q3,Expenses_q0,Income_q1,Assets_q0,Amount_q2,Price_q1,no
good,parents,married,no,freelance,Seniority_q2,Time_q0,Age_q1,Expenses_q2,Income_q1,Assets_q0,Amount_q1,Price_q0,no
bad,priv,married,yes,fixed,Seniority_q3,Time_q1,Age_q1,Expenses_q2,Income_q0,Assets_q0,Amount_q2,Price_q2,no
good,owner,married,yes,fixed,Seniority_q1,Time_q0,Age_q2,Expenses_q2,Income_q2,Assets_q1,Amount_q0,Price_q0,no
good,owner,married,no,fixed,Seniority_q0,Time_q1,Age_q0,Expenses_q1,Income_q1,Assets_q0,Amount_q1,Price_q1,no
good,owner,married,no,fixed,Seniority_q3,Time_q1,Age_q3,Expenses_q2,Income_q1,Assets_q0,Amount_q2,Price_q1,no
good,rent,married,no,freelance,Seniority_q0,Time_q1,Age_q2,Expenses_q2,Income_q2,Assets_q0,Amount_q2,Price_q1,no
bad,other,married,no,fixed,Seniority_q1,Time_q0,Age_q0,Expenses_q0,Income_q3,Assets_q0,Amount_q3,Price_q2,no
good,parents,single,no,fixed,Seniority_q3,Time_q1,Age_q2,Expenses_q0,Income_q0,Assets_q0,Amount_q2,Price_q1,no
good,owner,married,no,fixed,Seniority_q3,Time_q0,Age_q1,Expenses_q2,Income_q3,Assets_q0,Amount_q3,Price_q3,no
good,priv,married,no,fixed,Seniority_q1,Time_q1,Age_q0,Expenses_q0,Income_q2,Assets_q1,Amount_q3,Price_q3,yes
good,rent,married,no,fixed,Seniority_q1,Time_q1,Age_q2,Expenses_q2,Income_q0,Assets_q0,Amount_q1,Price_q1,no
bad,priv,married,no,freelance,Seniority_q0,Time_q0,Age_q3,Expenses_q1,Income_q1,Assets_q0,Amount_q0,Price_q0,yes
good,owner,married,no,fixed,Seniority_q3,Time_q0,Age_q3,Expenses_q2,Income_q3,Assets_q1,Amount_q0,Price_q0,no
good,owner,married,no,fixed,Seniority_q2,Time_q0,Age_q2,Expenses_q2,Income_q2,Assets_q1,Amount_q0,Price_q0,yes
bad,parents,married,yes,fixed,Seniority_q0,Time_q1,Age_q1,Expenses_q1,Income_q3,Assets_q0,Amount_q3,Price_q3,no
bad,owner,married,yes,freelance,Seniority_q2,Time_q1,Age_q1,Expenses_q2,Income_q3,Assets_q0,Amount_q1,Price_q1,yes
good,rent,married,no,fixed,Seniority_q2,Time_q1,Age_q1,Expenses_q2,Income_q2,Assets_q0,Amount_q0,Price_q0,no
good,owner,married,no,freelance,Seniority_q3,Time_q0,Age_q3,Expenses_q2,Income_q0,Assets_q0,Amount_q0,Price_q1,no
bad,owner,single,yes,fixed,Seniority_q3,Time_q1,Age_q2,Expenses_q0,Income_q1,Assets_q1,Amount_q3,Price_q3,yes
good,rent,married,no,fixed,Seniority_q2,Time_q1,Age_q1,Expenses_q1,Income_q1,Assets_q0,Amount_q0,Price_q1,no
good,owner,married,no,freelance,Seniority_q2,Time_q1,Age_q1,Expenses_q2,Income_q3,Assets_q1,Amount_q1,Price_q2,no
good,owner,married,no,freelance,Seniority_q2,Time_q1,Age_q2,Expenses_q2,Income_q3,Assets_q1,Amount_q2,Price_q2,yes
good,owner,married,no,fixed,Seniority_q1,Time_q0,Age_q1,Expenses_q0,Income_q1,Assets_q0,Amount_q0,Price_q0,yes
good,parents,single,no,partime,Seniority_q0,Time_q0,Age_q0,Expenses_q0,Income_q0,Assets_q0,Amount_q0,Price_q0,no
good,owner,married,no,freelance,Seniority_q0,Time_q1,Age_q2,Expenses_q2,Income_q3,Assets_q0,Amount_q3,Price_q3,no
good,parents,married,no,freelance,Seniority_q3,Time_q0,Age_q2,Expenses_q2,Income_q3,Assets_q0,Amount_q0,Price_q2,no
good,owner,married,no,freelance,Seniority_q2,Time_q1,Age_q0,Expenses_q0,Income_q1,Assets_q0,Amount_q1,Price_q1,yes
good,rent,single,no,freelance,Seniority_q0,Time_q1,Age_q0,Expenses_q1,Income_q3,Assets_q1,Amount_q3,Price_q1,no
bad,rent,married,no,fixed,Seniority_q2,Time_q0,Age_q3,Expenses_q2,Income_q0,Assets_q0,Amount_q1,Price_q0,no
good,rent,married,yes,fixed,Seniority_q3,Time_q0,Age_q3,Expenses_q2,Income_q3,Assets_q0,Amount_q2,Price_q1,no
good,rent,married,yes,freelance,Seniority_q3,Time_q1,Age_q2,Expenses_q2,Income_q2,Assets_q0,Amount_q1,Price_q2,no
bad,parents,married,no,partime,Seniority_q0,Time_q1,Age_q2,Expenses_q2,Income_q0,Assets_q0,Amount_q3,Price_q2,no
good,parents,single,no,partime,Seniority_q0,Time_q1,Age_q0,Expenses_q0,Income_q3,Assets_q0,Amount_q2,Price_q1,no
bad,rent,separated,no,others,Seniority_q0,Time_q0,Age_q2,Expenses_q1,Income_q1,Assets_q0,Amount_q0,Price_q0,no
good,owner,married,no,fixed,Seniority_q0,Time_q1,Age_q1,Expenses_q1,Income_q1,Assets_q0,Amount_q1,Price_q1,no
good,owner,married,no,fixed,Seniority_q3,Time_q1,Age_q3,Expenses_q1,Income_q2,Assets_q1,Amount_q0,Price_q1,no
good,rent,married,no,freelance,Seniority_q3,Time_q1,Age_q3,Expenses_q2,Income_q2,Assets_q0,Amount_q1,Price_q1,no
bad,rent,widow,no,fixed,Seniority_q3,Time_q1,Age_q3,Expenses_q1,Income_q1,Assets_q0,Amount_q2,Price_q1,no
good,priv,married,yes,fixed,Seniority_q2,Time_q0,Age_q2,Expenses_q1,Income_q1,Assets_q0,Amount_q1,Price_q1,no
good,owner,married,no,fixed,Seniority_q2,Time_q1,Age_q3,Expenses_q1,Income_q3,Assets_q1,Amount_q1,Price_q1,no
bad,rent,divorced,no,freelance,Seniority_q2,Time_q1,Age_q3,Expenses_q2,Income_q3,Assets_q0,Amount_q3,Price_q2,no
good,other,married,no,fixed,Seniority_q3,Time_q0,Age_q2,Expenses_q1,Income_q1,Assets_q0,Amount_q0,Price_q3,no
good,owner,married,no,fixed,Seniority_q2,Time_q1,Age_q1,Expenses_q2,Income_q3,Assets_q1,Amount_q1,Price_q2,no
good,parents,single,no,partime,Seniority_q0,Time_q1,Age_q0,Expenses_q0,Income_q0,Assets_q0,Amount_q2,Price_q0,no
good,rent,single,no,fixed,Seniority_q1,Time_q1,Age_q2,Expenses_q1,Income_q2,Assets_q0,Amount_q0,Price_q0,no
bad,priv,married,no,partime,Seniority_q0,Time_q1,Age_q0,Expenses_q0,Income_q0,Assets_q0,Amount_q1,Price_q2,yes
good,parents,single,no,fixed,Seniority_q3,Time_q0,Age_q2,Expenses_q1,Income_q1,Assets_q0,Amount_q1,Price_q0,no
good,parents,married,no,fixed,Seniority_q0,Time_q1,Age_q0,Expenses_q1,Income_q1,Assets_q0,Amount_q2,Price_q1,no
good,owner,married,no,fixed,Seniority_q2,Time_q0,Age_q1,Expenses_q2,Income_q2,Assets_q0,Amount_q0,Price_q1,no
good,rent,married,no,partime,Seniority_q1,Time_q1,Age_q3,Expenses_q2,Income_q0,Assets_q0,Amount_q2,Price_q2,no
bad,other,married,yes,others,Seniority_q0,Time_q0,Age_q3,Expenses_q0,Income_q0,Assets_q0,Amount_q3,Price_q3,no
good,owner,married,no,freelance,Seniority_q3,Time_q1,Age_q1,Expenses_q2,Income_q1,Assets_q1,Amount_q1,Price_q0,yes
good,owner,married,no,fixed,Seniority_q3,Time_q1,Age_q1,Expenses_q2,Income_q3,Assets_q0,Amount_q2,Price_q2,yes
bad,rent,single,yes,fixed,Seniority_q2,Time_q1,Age_q2,Expenses_q2,Income_q2,Assets_q0,Amount_q3,Price_q3,no
good,owner,married,no,partime,Seniority_q0,Time_q1,Age_q0,Expenses_q0,Income_q0,Assets_q0,Amount_q3,Price_q2,yes
good,owner,married,no,freelance,Seniority_q3,Time_q0,Age_q3,Expenses_q0,?,Assets_q1,Amount_q1,Price_q2,no
bad,owner,married,no,partime,Seniority_q0,Time_q1,Age_q0,Expenses_q1,Income_q2,Assets_q0,Amount_q2,Price_q1,yes
good,rent,married,no,fixed,Seniority_q1,Time_q1,Age_q0,Expenses_q1,Income_q2,Assets_q0,Amount_q2,Price_q1,no
bad,parents,single,no,fixed,Seniority_q0,Time_q1,Age_q0,Expenses_q0,Income_q0,Assets_q0,Amount_q3,Price_q3,no
good,owner,married,no,fixed,Seniority_q3,Time_q1,Age_q3,Expenses_q0,Income_q3,Assets_q1,Amount_q3,Price_q2,no
bad,rent,married,yes,freelance,Seniority_q2,Time_q0,Age_q2,Expenses_q1,?,Assets_q0,Amount_q0,Price_q0,no
bad,owner,married,yes,fixed,Seniority_q0,Time_q1,Age_q1,Expenses_q0,Income_q1,Assets_q0,Amount_q2,Price_q2,no
bad,rent,single,no,freelance,Seniority_q1,Time_q1,Age_q2,Expenses_q0,Income_q0,Assets_q0,Amount_q3,Price_q3,no
good,owner,married,no,fixed,Seniority_q1,Time_q1,Age_q1,Expenses_q1,Income_q3,Assets_q1,Amount_q1,Price_q1,yes
good,parents,single,no,fixed,Seniority_q0,Time_q1,Age_q0,Expenses_q0,Income_q3,Assets_q0,Amount_q1,Price_q0,no
bad,parents,married,yes,freelance,Seniority_q2,Time_q1,Age_q1,Expenses_q1,Income_q3,Assets_q1,Amount_q3,Price_q3,no
good,rent,married,no,fixed,Seniority_q3,Time_q0,Age_q2,Expenses_q2,Income_q2,Assets_q0,Amount_q0,Price_q0,no
good,owner,married,no,fixed,Seniority_q0,Time_q0,Age_q3,Expenses_q2,Income_q3,Assets_q1,Amount_q3,Price_q3,no
good,rent,separated,no,fixed,Seniority_q3,Time_q0,Age_q1,Expenses_q0,Income_q0,Assets_q1,Amount_q0,Price_q1,no
good,owner,married,yes,freelance,Seniority_q2,Time_q1,Age_q1,Expenses_q2,Income_q2,Assets_q1,Amount_q2,Price_q1,no
good,owner,married,yes,fixed,Seniority_q0,Time_q1,Age_q1,Expenses_q2,Income_q3,Assets_q0,Amount_q3,Price_q3,no
good,owner,single,no,freelance,Seniority_q1,Time_q1,Age_q0,Expenses_q0,Income_q3,Assets_q1,Amount_q3,Price_q3,no
good,owner,married,no,freelance,Seniority_q2,Time_q1,Age_q3,Expenses_q0,Income_q0,Assets_q1,Amount_q1,Price_q2,no
good,rent,married,no,fixed,Seniority_q2,Time_q1,Age_q0,Expenses_q1,Income_q2,Assets_q0,Amount_q2,Price_q1,no
good,owner,married,yes,freelance,Seniority_q0,Time_q1,Age_q3,Expenses_q0,?,Assets_q1,Amount_q2,Price_q3,yes
good,other,widow,no,fixed,Seniority_q3,Time_q1,Age_q3,Expenses_q0,Income_q3,Assets_q0,Amount_q1,Price_q1,no
good,rent,married,no,fixed,Seniority_q2,Time_q1,Age_q1,Expenses_q2,Income_q3,Assets_q0,Amount_q3,Price_q3,no
good,owner,married,yes,fixed,Seniority_q2,Time_q1,Age_q2,Expenses_q2,Income_q3,Assets_q1,Amount_q2,Price_q3,yes
good,rent,single,no,fixed,Seniority_q3,Time_q1,Age_q1,Expenses_q1,Income_q1,Assets_q0,Amount_q1,Price_q1,no
bad,owner,married,no,freelance,Seniority_q3,Time_q0,Age_q3,Expenses_q2,Income_q0,Assets_q0,Amount_q3,Price_q3,yes
bad,rent,married,yes,fixed,Seniority_q1,Time_q1,Age_q1,Expenses_q2,Income_q1,Assets_q0,Amount_q1,Price_q2,no
good,owner,married,yes,fixed,Seniority_q0,Time_q1,Age_q0,Expenses_q1,Income_q2,Assets_q0,Amount_q2,Price_q3,yes
good,rent,married,no,freelance,Seniority_q1,Time_q1,Age_q2,Expenses_q2,?,Assets_q1,Amount_q2,Price_q3,no
good,owner,married,yes,fixed,Seniority_q2,Time_q1,Age_q1,Expenses_q1,Income_q3,Assets_q1,Amount_q3,Price_q3,no
good,owner,married,no,fixed,Seniority_q2,Time_q1,Age_q3,Expenses_q2,Income_q0,Assets_q0,Amount_q3,Price_q2,no
bad,owner,married,no,freelance,Seniority_q3,Time_q0,Age_q3,Expenses_q0,?,Assets_q1,Amount_q2,Price_q3,no
good,rent,married,no,fixed,Seniority_q0,Time_q0,Age_q2,Expenses_q1,Income_q1,Assets_q0,Amount_q0,Price_q0,no
good,parents,married,no,freelance,Seniority_q3,Time_q0,Age_q3,Expenses_q2,Income_q3,Assets_q0,Amount_q0,Price_q0,no
good,other,married,no,fixed,Seniority_q2,Time_q1,Age_q1,Expenses_q1,Income_q2,Assets_q0,Amount_q3,Price_q3,no
bad,rent,married,no,fixed,Seniority_q0,Time_q1,Age_q0,Expenses_q1,Income_q0,Assets_q0,Amount_q2,Price_q1,no
good,rent,married,no,fixed,Seniority_q1,Time_q1,Age_q0,Expenses_q1,Income_q2,Assets_q0,Amount_q0,Price_q0,no
bad,owner,married,yes,fixed,Seniority_q3,Time_q0,Age_q2,Expenses_q2,Income_q3,Assets_q0,Amount_q0,Price_q0,no
good,owner,married,no,freelance,Seniority_q0,Time_q1,Age_q1,Expenses_q2,Income_q3,Assets_q0,Amount_q2,Price_q1,no
good,parents,single,no,fixed,Seniority_q1,Time_q0,Age_q0,Expenses_q0,Income_q1,Assets_q0,Amount_q0,Price_q0,no
good,rent,married,no,fixed,Seniority_q1,Time_q1,Age_q0,Expenses_q1,Income_q0,Assets_q0,Amount_q1,Price_q1,no
good,rent,married,no,partime,Seniority_q0,Time_q1,Age_q1,Expenses_q2,Income_q1,Assets_q0,Amount_q2,Price_q2,no
bad,parents,single,yes,fixed,Seniority_q2,Time_q1,Age_q1,Expenses_q0,Income_q0,Assets_q0,Amount_q2,Price_q1,no
good,rent,single,no,fixed,Seniority_q2,Time_q1,Age_q1,Expenses_q2,Income_q3,Assets_q0,Amount_q1,Price_q1,no
good,parents,single,no,fixed,Seniority_q2,Time_q1,Age_q0,Expenses_q0,Income_q2,Assets_q0,Amount_q3,Price_q3,no
good,rent,married,no,freelance,Seniority_q3,Time_q0,Age_q3,Expenses_q2,Income_q1,Assets_q1,Amount_q2,Price_q1,no
good,rent,married,yes,fixed,Seniority_q0,Time_q1,Age_q2,Expenses_q2,Income_q3,Assets_q0,Amount_q3,Price_q3,no
good,owner,married,no,fixed,Seniority_q3,Time_q1,Age_q1,Expenses_q2,Income_q1,Assets_q0,Amount_q0,Price_q0,no
good,owner,married,no,freelance,Seniority_q2,Time_q1,Age_q2,Expenses_q2,Income_q3,Assets_q0,Amount_q1,Price_q2,yes
bad,owner,married,no,partime,Seniority_q0,Time_q0,Age_q2,Expenses_q2,Income_q3,Assets_q0,Amount_q1,Price_q2,no
good,owner,married,no,fixed,Seniority_q3,Time_q1,Age_q1,Expenses_q2,Income_q3,Assets_q0,Amount_q3,Price_q1,no
good,owner,single,no,freelance,Seniority_q0,Time_q0,Age_q3,Expenses_q0,Income_q2,Assets_q1,Amount_q1,Price_q0,no
bad,owner,married,no,freelance,Seniority_q1,Time_q1,Age_q0,Expenses_q2,?,Assets_q0,Amount_q1,Price_q1,yes
bad,rent,married,yes,fixed,Seniority_q3,Time_q1,Age_q2,Expenses_q2,Income_q3,Assets_q0,Amount_q3,Price_q3,no
bad,rent,married,no,fixed,Seniority_q3,Time_q1,Age_q3,Expenses_q2,Income_q1,Assets_q0,Amount_q3,Price_q2,no
good,rent,single,no,fixed,Seniority_q1,Time_q0,Age_q0,Expenses_q0,Income_q0,Assets_q0,Amount_q0,Price_q2,no
good,owner,married,no,fixed,Seniority_q2,Time_q1,Age_q0,Expenses_q0,Income_q2,Assets_q0,Amount_q1,Price_q2,no
good,rent,single,no,fixed,Seniority_q2,Time_q1,Age_q3,Expenses_q1,Income_q2,Assets_q1,Amount_q1,Price_q3,no
good,rent,married,no,fixed,Seniority_q0,Time_q1,Age_q2,Expenses_q2,Income_q0,Assets_q0,Amount_q3,Price_q2,no
good,rent,married,no,fixed,Seniority_q1,Time_q1,Age_q1,Expenses_q2,Income_q1,Assets_q0,Amount_q1,Price_q1,no
good,parents,married,no,fixed,Seniority_q2,Time_q1,Age_q1,Expenses_q1,Income_q1,Assets_q0,Amount_q1,Price_q1,no
bad,owner,separated,no,freelance,Seniority_q0,Time_q0,Age_q3,Expenses_q0,?,Assets_q1,Amount_q1,Price_q0,yes
good,owner,married,no,fixed,Seniority_q2,Time_q1,Age_q1,Expenses_q1,Income_q3,Assets_q1,Amount_q1,Price_q2,yes
bad,parents,single,no,fixed,Seniority_q1,Time_q1,Age_q0,Expenses_q0,Income_q0,Assets_q0,Amount_q1,Price_q1,no
good,owner,married,no,fixed,Seniority_q1,Time_q1,Age_q3,Expenses_q1,Income_q2,Assets_q0,Amount_q1,Price_q2,no
good,owner,married,no,fixed,Seniority_q3,Time_q1,Age_q3,Expenses_q1,Income_q2,Assets_q1,Amount_q2,Price_q2,no
good,owner,single,no,fixed,Seniority_q1,Time_q1,Age_q0,Expenses_q0,Income_q2,Assets_q1,Amount_q2,Price_q3,no
bad,other,single,no,freelance,Seniority_q0,Time_q0,Age_q1,Expenses_q0,?,Assets_q0,Amount_q2,Price_q2,no
bad,owner,married,no,fixed,Seniority_q2,Time_q1,Age_q0,Expenses_q2,Income_q0,Assets_q0,Amount_q2,Price_q2,no
bad,other,married,no,partime,Seniority_q0,Time_q1,Age_q1,Expenses_q0,?,Assets_q0,Amount_q3,Price_q2,no
good,owner,widow,no,others,Seniority_q0,Time_q1,Age_q3,Expenses_q0,Income_q0,Assets_q0,Amount_q0,Price_q0,yes
good,other,married,no,fixed,Seniority_q3,Time_q0,Age_q3,Expenses_q2,Income_q2,Assets_q1,Amount_q3,Price_q1,no
good,owner,married,no,fixed,Seniority_q1,Time_q0,Age_q0,Expenses_q0,Income_q0,Assets_q0,Amount_q0,Price_q2,no
good,parents,single,no,fixed,Seniority_q1,Time_q0,Age_q0,Expenses_q0,Income_q1,Assets_q0,Amount_q1,Price_q1,no
good,rent,married,no,fixed,Seniority_q2,Time_q1,Age_q2,Expenses_q2,Income_q2,Assets_q0,Amount_q0,Price_q1,no
bad,other,married,no,others,Seniority_q3,Time_q1,Age_q3,Expenses_q1,Income_q3,Assets_q1,Amount_q3,Price_q3,no
good,owner,married,no,fixed,Seniority_q1,Time_q1,Age_q0,Expenses_q2,Income_q1,Assets_q0,Amount_q1,Price_q0,no
bad,other,married,no,partime,Seniority_q0,Time_q1,Age_q0,Expenses_q0,Income_q2,Assets_q0,Amount_q3,Price_q2,no
good,owner,married,no,fixed,Seniority_q3,Time_q1,Age_q3,Expenses_q2,Income_q2,Assets_q0,Amount_q1,Price_q0,no
good,owner,single,no,fixed,Seniority_q1,Time_q0,Age_q0,Expenses_q0,Income_q2,Assets_q0,Amount_q0,Price_q0,no
good,owner,widow,no,freelance,Seniority_q2,Time_q1,Age_q3,Expenses_q0,Income_q1,Assets_q0,Amount_q2,Price_q1,no
bad,owner,married,no,fixed,Seniority_q2,Time_q1,Age_q2,Expenses_q2,Income_q0,Assets_q0,Amount_q3,Price_q3,no
good,owner,married,no,freelance,Seniority_q2,Time_q1,Age_q3,Expenses_q0,Income_q0,Assets_q1,Amount_q3,Price_q3,no
good,priv,married,no,fixed,Seniority_q3,Time_q1,Age_q2,Expenses_q1,Income_q1,Assets_q1,Amount_q0,Price_q1,yes
bad,rent,married,no,fixed,Seniority_q1,Time_q1,Age_q0,Expenses_q1,Income_q1,Assets_q0,Amount_q1,Price_q2,no
bad,parents,single,no,partime,Seniority_q1,Time_q0,Age_q0,Expenses_q0,Income_q0,Assets_q0,Amount_q0,Price_q2,no
bad,other,married,no,fixed,Seniority_q0,Time_q1,Age_q2,Expenses_q2,?,Assets_q0,Amount_q3,Price_q2,no
bad,other,married,yes,fixed,Seniority_q0,Time_q1,Age_q3,Expenses_q0,?,Assets_q0,Amount_q3,Price_q3,no
bad,owner,married,yes,freelance,Seniority_q3,Time_q0,Age_q3,Expenses_q2,Income_q3,?,Amount_q0,Price_q0,no
bad,priv,single,yes,fixed,Seniority_q0,Time_q1,Age_q1,Expenses_q0,Income_q3,Assets_q1,Amount_q1,Price_q3,no
good,owner,married,no,fixed,Seniority_q3,Time_q0,Age_q3,Expenses_q1,Income_q1,Assets_q0,Amount_q0,Price_q1,no
good,parents,single,no,partime,Seniority_q0,Time_q0,Age_q0,Expenses_q0,Income_q0,Assets_q0,Amount_q0,Price_q0,no
good,priv,married,no,partime,Seniority_q0,Time_q1,Age_q1,Expenses_q2,Income_q2,Assets_q1,Amount_q2,Price_q2,no
bad,rent,married,no,partime,Seniority_q1,Time_q1,Age_q2,Expenses_q2,Income_q2,Assets_q0,Amount_q2,Price_q3,no
good,owner,married,yes,fixed,Seniority_q2,Time_q0,Age_q1,Expenses_q1,Income_q2,Assets_q1,Amount_q0,Price_q2,yes
good,owner,married,no,fixed,Seniority_q2,Time_q1,Age_q1,Expenses_q2,Income_q2,Assets_q0,Amount_q3,Price_q2,yes
good,rent,married,no,fixed,Seniority_q2,Time_q0,Age_q1,Expenses_q2,Income_q3,Assets_q0,Amount_q0,Price_q0,no
good,owner,married,no,freelance,Seniority_q2,Time_q1,Age_q1,Expenses_q1,Income_q2,Assets_q0,Amount_q3,Price_q2,yes
bad,owner,separated,yes,fixed,Seniority_q2,Time_q1,Age_q2,Expenses_q0,Income_q0,Assets_q0,Amount_q1,Price_q0,no
bad,rent,single,yes,fixed,Seniority_q0,Time_q1,Age_q2,Expenses_q0,?,Assets_q0,Amount_q3,Price_q3,no
good,owner,married,no,fixed,Seniority_q3,Time_q0,Age_q3,Expenses_q1,Income_q0,Assets_q1,Amount_q1,Price_q2,no
bad,rent,married,no,partime,Seniority_q2,Time_q1,Age_q2,Expenses_q2,Income_q0,Assets_q0,Amount_q0,Price_q0,no
good,parents,single,no,fixed,Seniority_q0,Time_q1,Age_q0,Expenses_q0,Income_q1,Assets_q0,Amount_q1,Price_q0,no
good,parents,single,no,partime,Seniority_q0,Time_q0,Age_q1,Expenses_q0,Income_q1,Assets_q0,Amount_q0,Price_q0,no
good,parents,married,no,fixed,Seniority_q1,Time_q1,Age_q1,Expenses_q2,Income_q3,Assets_q0,Amount_q2,Price_q1,no
good,owner,married,no,freelance,Seniority_q3,Time_q0,Age_q3,Expenses_q1,Income_q2,Assets_q1,Amount_q0,Price_q0,no
good,owner,married,no,partime,Seniority_q1,Time_q1,Age_q0,Expenses_q0,Income_q0,Assets_q0,Amount_q1,Price_q1,yes
bad,owner,married,no,fixed,Seniority_q3,Time_q1,Age_q2,Expenses_q2,Income_q1,Assets_q0,Amount_q2,Price_q2,no
good,owner,married,no,fixed,Seniority_q1,Time_q1,Age_q3,Expenses_q1,Income_q3,Assets_q1,Amount_q3,Price_q3,no
good,owner,married,no,fixed,Seniority_q2,Time_q1,Age_q0,Expenses_q0,Income_q1,Assets_q0,Amount_q2,Price_q2,yes
good,owner,married,no,freelance,Seniority_q0,Time_q1,Age_q1,Expenses_q1,Income_q0,Assets_q0,Amount_q1,Price_q3,no
bad,rent,married,no,others,Seniority_q2,Time_q1,Age_q3,Expenses_q2,Income_q3,Assets_q0,Amount_q3,Price_q2,no
good,parents,married,no,fixed,Seniority_q3,Time_q1,Age_q1,Expenses_q1,Income_q2,Assets_q0,Amount_q1,Price_q2,no
good,owner,married,no,fixed,Seniority_q0,Time_q0,Age_q2,Expenses_q1,Income_q1,Assets_q0,Amount_q0,Price_q0,no
good,rent,married,no,fixed,Seniority_q2,Time_q0,Age_q3,Expenses_q2,Income_q2,Assets_q0,Amount_q0,Price_q0,no
bad,parents,single,no,freelance,Seniority_q0,Time_q1,Age_q0,Expenses_q0,Income_q2,Assets_q1,Amount_q3,Price_q3,no
bad,other,married,yes,freelance,Seniority_q0,Time_q0,Age_q1,Expenses_q0,Income_q3,Assets_q1,Amount_q3,Price_q3,no
good,owner,married,no,fixed,Seniority_q2,Time_q0,Age_q3,Expenses_q1,Income_q2,Assets_q0,Amount_q0,Price_q0,no
good,parents,single,no,fixed,Seniority_q1,Time_q1,Age_q0,Expenses_q0,Income_q0,Assets_q0,Amount_q2,Price_q2,no
good,owner,married,no,fixed,Seniority_q3,Time_q0,Age_q3,Expenses_q1,Income_q1,Assets_q0,Amount_q0,Price_q0,no
bad,owner,married,no,fixed,Seniority_q1,Time_q0,Age_q2,Expenses_q0,Income_q3,Assets_q0,Amount_q3,Price_q3,yes
bad,owner,married,yes,fixed,Seniority_q0,Time_q1,Age_q2,Expenses_q2,Income_q3,Assets_q1,Amount_q2,Price_q3,yes
good,owner,married,no,fixed,Seniority_q1,Time_q0,Age_q2,Expenses_q2,Income_q1,Assets_q0,Amount_q1,Price_q1,no
bad,owner,married,no,fixed,Seniority_q3,Time_q1,Age_q2,Expenses_q2,Income_q1,Assets_q0,Amount_q3,Price_q2,no
bad,rent,married,yes,fixed,Seniority_q1,Time_q1,Age_q2,Expenses_q2,Income_q2,Assets_q0,Amount_q1,Price_q0,no
good,other,married,yes,fixed,Seniority_q3,Time_q1,Age_q2,Expenses_q2,Income_q2,Assets_q0,Amount_q2,Price_q1,no
good,owner,married,no,freelance,Seniority_q1,Time_q1,Age_q3,Expenses_q1,Income_q3,Assets_q1,Amount_q3,Price_q3,yes
good,parents,married,no,freelance,Seniority_q1,Time_q1,Age_q1,Expenses_q1,Income_q3,Assets_q0,Amount_q3,Price_q3,no
good,parents,married,no,freelance,Seniority_q1,Time_q0,Age_q2,Expenses_q2,Income_q3,Assets_q0,Amount_q1,Price_q3,no
good,parents,single,no,fixed,Seniority_q1,Time_q1,Age_q0,Expenses_q0,Income_q1,Assets_q0,Amount_q0,Price_q3,no
bad,rent,married,no,freelance,Seniority_q2,Time_q1,Age_q2,Expenses_q0,?,Assets_q0,Amount_q2,Price_q0,no
good,owner,widow,no,fixed,Seniority_q3,Time_q1,Age_q3,Expenses_q0,Income_q2,Assets_q1,Amount_q0,Price_q1,no
good,owner,married,no,fixed,Seniority_q3,Time_q1,Age_q3,Expenses_q2,Income_q1,Assets_q1,Amount_q3,Price_q2,yes
good,owner,married,no,fixed,Seniority_q3,Time_q1,Age_q3,Expenses_q1,Income_q3,Assets_q0,Amount_q1,Price_q0,yes
good,owner,married,no,partime,Seniority_q0,Time_q1,Age_q2,Expenses_q0,?,Assets_q1,Amount_q1,Price_q2,no
good,rent,married,no,fixed,Seniority_q1,Time_q0,Age_q0,Expenses_q2,Income_q0,Assets_q0,Amount_q0,Price_q0,no
bad,owner,married,no,partime,Seniority_q0,Time_q1,Age_q1,Expenses_q2,Income_q0,Assets_q0,Amount_q1,Price_q0,yes
good,other,married,no,fixed,Seniority_q2,Time_q1,Age_q0,Expenses_q1,Income_q1,Assets_q0,Amount_q0,Price_q1,no
bad,owner,married,no,freelance,Seniority_q0,Time_q0,Age_q3,Expenses_q2,?,Assets_q0,Amount_q0,Price_q1,no
good,owner,married,no,fixed,Seniority_q3,Time_q1,Age_q2,Expenses_q1,Income_q2,Assets_q1,Amount_q3,Price_q2,yes
good,parents,single,no,fixed,Seniority_q1,Time_q0,Age_q0,Expenses_q0,Income_q1,Assets_q1,Amount_q1,Price_q2,yes
good,owner,married,no,fixed,Seniority_q1,Time_q1,Age_q3,Expenses_q2,Income_q3,Assets_q1,Amount_q2,Price_q1,no
good,parents,married,no,fixed,Seniority_q0,Time_q1,Age_q0,Expenses_q0,Income_q1,Assets_q0,Amount_q1,Price_q0,no
good,other,married,no,fixed,Seniority_q3,Time_q1,Age_q2,Expenses_q1,Income_q1,Assets_q0,Amount_q2,Price_q2,no
good,owner,married,no,fixed,Seniority_q0,Time_q0,Age_q3,Expenses_q2,Income_q2,Assets_q1,Amount_q0,Price_q2,no
bad,parents,single,no,fixed,Seniority_q0,Time_q1,Age_q0,Expenses_q0,Income_q0,Assets_q0,Amount_q1,Price_q0,no
good,owner,single,no,freelance,Seniority_q2,Time_q1,Age_q0,Expenses_q0,Income_q3,Assets_q1,Amount_q2,Price_q2,no
good,rent,married,no,fixed,Seniority_q2,Time_q0,Age_q2,Expenses_q2,Income_q3,Assets_q0,Amount_q3,Price_q3,no
good,owner,married,no,partime,Seniority_q0,Time_q0,Age_q2,Expenses_q1,Income_q0,Assets_q0,Amount_q0,Price_q0,no
good,priv,single,no,freelance,Seniority_q1,Time_q0,Age_q1,Expenses_q0,Income_q3,Assets_q1,Amount_q1,Price_q2,yes
bad,rent,single,no,fixed,Seniority_q0,Time_q1,Age_q0,Expenses_q0,Income_q0,Assets_q0,Amount_q1,Price_q1,no
bad,parents,single,no,partime,Seniority_q0,Time_q1,Age_q1,Expenses_q0,Income_q0,Assets_q0,Amount_q1,Price_q0,no
good,owner,married,no,fixed,Seniority_q2,Time_q1,Age_q2,Expenses_q2,Income_q3,Assets_q0,Amount_q1,Price_q1,no
good,parents,single,no,fixed,Seniority_q1,Time_q0,Age_q0,Expenses_q0,Income_q2,Assets_q0,Amount_q1,Price_q1,no
good,owner,married,no,fixed,Seniority_q3,Time_q1,Age_q1,Expenses_q0,Income_q1,Assets_q0,Amount_q0,Price_q1,no
good,parents,single,no,fixed,Seniority_q1,Time_q1,Age_q0,Expenses_q0,Income_q1,Assets_q0,Amount_q1,Price_q0,no
good,other,married,no,fixed,Seniority_q3,Time_q0,Age_q2,Expenses_q2,Income_q1,Assets_q0,Amount_q0,Price_q0,no
good,parents,single,no,fixed,Seniority_q2,Time_q0,Age_q0,Expenses_q0,?,Assets_q0,Amount_q1,Price_q2,no
good,priv,married,yes,fixed,Seniority_q2,Time_q1,Age_q2,Expenses_q2,Income_q3,Assets_q0,Amount_q2,Price_q1,yes
good,rent,married,no,others,Seniority_q0,Time_q0,Age_q3,Expenses_q2,Income_q2,Assets_q1,Amount_q1,Price_q1,no
bad,priv,married,yes,freelance,Seniority_q0,Time_q0,Age_q2,Expenses_q2,Income_q3,Assets_q0,Amount_q2,Price_q2,yes
good,rent,married,no,freelance,Seniority_q3,Time_q0,Age_q2,Expenses_q2,Income_q2,Assets_q1,Amount_q1,Price_q0,no
good,parents,single,no,fixed,Seniority_q0,Time_q0,Age_q0,Expenses_q0,Income_q0,Assets_q0,Amount_q0,Price_q0,no
bad,rent,married,no,freelance,Seniority_q0,Time_q1,Age_q1,Expenses_q2,Income_q3,Assets_q0,Amount_q3,Price_q2,no
bad,owner,married,no,partime,Seniority_q0,Time_q1,Age_q0,Expenses_q1,Income_q2,Assets_q0,Amount_q1,Price_q1,yes
good,rent,married,no,fixed,Seniority_q3,Time_q0,Age_q3,Expenses_q2,Income_q3,Assets_q0,Amount_q0,Price_q0,no
good,owner,married,yes,fixed,Seniority_q0,Time_q1,Age_q3,Expenses_q2,Income_q3,Assets_q1,Amount_q3,Price_q3,no
bad,owner,married,no,fixed,Seniority_q1,Time_q1,Age_q2,Expenses_q2,Income_q2,Assets_q0,Amount_q1,Price_q0,no
bad,parents,single,no,partime,Seniority_q1,Time_q1,Age_q0,Expenses_q0,Income_q3,Assets_q0,Amount_q2,Price_q1,no
good,owner,married,no,freelance,Seniority_q1,Time_q1,Age_q3,Expenses_q0,Income_q1,Assets_q0,Amount_q3,Price_q3,no
good,owner,married,no,fixed,Seniority_q3,Time_q0,Age_q3,Expenses_q1,Income_q3,Assets_q0,Amount_q1,Price_q0,no
bad,owner,married,no,freelance,Seniority_q0,Time_q1,Age_q2,Expenses_q1,Income_q3,Assets_q1,Amount_q3,Price_q2,no
good,rent,married,no,fixed,Seniority_q1,Time_q0,Age_q2,Expenses_q2,Income_q2,Assets_q1,Amount_q0,Price_q3,no
good,owner,married,no,fixed,Seniority_q3,Time_q1,Age_q1,Expenses_q0,Income_q3,Assets_q1,Amount_q2,Price_q1,no
bad,rent,married,yes,fixed,Seniority_q1,Time_q0,Age_q2,Expenses_q1,Income_q2,Assets_q0,Amount_q0,Price_q0,no
bad,owner,married,no,fixed,Seniority_q3,Time_q1,Age_q3,Expenses_q2,Income_q3,Assets_q1,Amount_q3,Price_q3,no
bad,parents,married,yes,partime,Seniority_q0,Time_q1,Age_q1,Expenses_q0,Income_q1,Assets_q0,Amount_q2,Price_q1,no
bad,rent,married,no,freelance,Seniority_q2,Time_q0,Age_q3,Expenses_q0,?,Assets_q0,Amount_q0,Price_q1,no
good,owner,married,no,fixed,Seniority_q0,Time_q0,Age_q2,Expenses_q2,Income_q0,Assets_q1,Amount_q0,Price_q0,no
good,owner,married,no,freelance,Seniority_q0,Time_q0,Age_q2,Expenses_q2,Income_q2,Assets_q1,Amount_q0,Price_q0,yes
good,parents,single,no,fixed,Seniority_q0,Time_q0,Age_q1,Expenses_q0,Income_q1,Assets_q0,Amount_q1,Price_q3,no
bad,rent,married,yes,freelance,Seniority_q3,Time_q1,Age_q1,Expenses_q2,Income_q0,Assets_q0,Amount_q2,Price_q1,no
good,owner,married,no,freelance,Seniority_q3,Time_q0,Age_q2,Expenses_q2,Income_q2,Assets_q1,Amount_q1,Price_q2,no
good,parents,married,no,fixed,Seniority_q2,Time_q1,Age_q0,Expenses_q0,Income_q1,Assets_q0,Amount_q1,Price_q1,no
good,other,married,no,fixed,Seniority_q2,Time_q1,Age_q1,Expenses_q2,Income_q2,Assets_q0,Amount_q2,Price_q1,no
bad,owner,married,no,fixed,Seniority_q2,Time_q1,Age_q0,Expenses_q1,Income_q0,Assets_q0,Amount_q1,Price_q0,yes
good,other,married,no,fixed,Seniority_q2,Time_q0,Age_q1,Expenses_q2,Income_q2,Assets_q0,Amount_q2,Price_q3,no
bad,parents,single,no,partime,Seniority_q0,Time_q0,Age_q0,Expenses_q0,Income_q0,Assets_q0,Amount_q0,Price_q0,no
good,owner,married,no,fixed,Seniority_q3,Time_q0,Age_q2,Expenses_q2,Income_q1,Assets_q0,Amount_q0,Price_q0,yes
good,rent,married,no,freelance,Seniority_q3,Time_q1,Age_q3,Expenses_q2,Income_q3,Assets_q0,Amount_q2,Price_q1,no
good,owner,married,no,fixed,Seniority_q3,Time_q0,Age_q3,Expenses_q0,Income_q2,Assets_q1,Amount_q3,Price_q3,no
good,owner,married,no,fixed,Seniority_q2,Time_q0,Age_q3,Expenses_q1,Income_q2,Assets_q1,Amount_q1,Price_q3,no
good,owner,married,no,fixed,Seniority_q1,Time_q1,Age_q0,Expenses_q1,Income_q3,Assets_q1,Amount_q0,Price_q3,yes
good,owner,married,no,fixed,Seniority_q2,Time_q1,Age_q2,Expenses_q2,Income_q3,Assets_q1,Amount_q3,Price_q3,yes
bad,rent,married,no,fixed,Seniority_q0,Time_q0,Age_q2,Expenses_q2,Income_q1,Assets_q0,Amount_q0,Price_q0,no
good,rent,married,no,fixed,Seniority_q2,Time_q1,Age_q0,Expenses_q1,Income_q0,Assets_q0,Amount_q0,Price_q0,no
good,owner,married,no,fixed,Seniority_q1,Time_q1,Age_q2,Expenses_q2,Income_q3,Assets_q1,Amount_q1,Price_q0,yes
good,other,married,no,fixed,Seniority_q3,Time_q0,Age_q3,Expenses_q0,Income_q1,Assets_q0,Amount_q0,Price_q0,no
good,owner,married,yes,freelance,Seniority_q3,Time_q0,Age_q3,Expenses_q2,Income_q3,Assets_q1,Amount_q2,Price_q1,yes
good,other,married,no,freelance,Seniority_q0,Time_q0,Age_q0,Expenses_q1,Income_q2,Assets_q0,Amount_q0,Price_q0,no
good,owner,married,no,fixed,Seniority_q3,Time_q0,Age_q3,Expenses_q2,Income_q1,Assets_q1,Amount_q0,Price_q0,no
good,owner,single,no,fixed,Seniority_q0,Time_q0,Age_q0,Expenses_q0,Income_q2,Assets_q1,Amount_q1,Price_q0,no
bad,owner,separated,no,fixed,Seniority_q3,Time_q1,Age_q1,Expenses_q0,Income_q0,Assets_q1,Amount_q2,Price_q2,yes
good,owner,married,no,fixed,Seniority_q0,Time_q1,Age_q2,Expenses_q2,Income_q0,Assets_q0,Amount_q1,Price_q1,no
good,owner,widow,no,others,Seniority_q0,Time_q0,Age_q3,Expenses_q0,Income_q0,Assets_q0,Amount_q0,Price_q0,no
good,parents,single,no,fixed,Seniority_q0,Time_q1,Age_q2,Expenses_q0,Income_q1,Assets_q0,Amount_q1,Price_q2,no
good,rent,married,no,fixed,Seniority_q3,Time_q1,Age_q3,Expenses_q2,Income_q2,Assets_q1,Amount_q1,Price_q1,no
good,priv,single,no,fixed,Seniority_q2,Time_q1,Age_q0,Expenses_q0,Income_q2,Assets_q1,Amount_q1,Price_q3,yes
good,owner,married,no,fixed,Seniority_q3,Time_q0,Age_q2,Expenses_q2,Income_q3,Assets_q1,Amount_q0,Price_q3,yes
good,priv,married,yes,fixed,Seniority_q2,Time_q0,Age_q3,Expenses_q2,Income_q3,Assets_q0,Amount_q0,Price_q0,no
good,parents,married,no,fixed,Seniority_q1,Time_q1,Age_q0,Expenses_q0,Income_q0,Assets_q0,Amount_q2,Price_q1,no
bad,parents,single,no,partime,Seniority_q0,Time_q0,Age_q0,Expenses_q0,Income_q1,Assets_q0,Amount_q0,Price_q0,no
good,owner,married,no,fixed,Seniority_q3,Time_q1,Age_q1,Expenses_q0,Income_q3,Assets_q0,Amount_q3,Price_q3,no
good,owner,single,no,fixed,Seniority_q3,Time_q1,Age_q3,Expenses_q2,Income_q2,Assets_q1,Amount_q3,Price_q3,no
good,owner,married,no,freelance,Seniority_q2,Time_q0,Age_q3,Expenses_q0,Income_q3,Assets_q0,Amount_q0,Price_q0,no
good,owner,married,no,fixed,Seniority_q3,Time_q1,Age_q2,Expenses_q2,Income_q2,Assets_q0,Amount_q2,Price_q1,yes
good,owner,married,no,fixed,Seniority_q1,Time_q1,Age_q3,Expenses_q0,Income_q2,Assets_q1,Amount_q3,Price_q3,no
bad,owner,married,no,freelance,Seniority_q0,Time_q1,Age_q2,Expenses_q1,Income_q3,Assets_q1,Amount_q3,Price_q3,no
good,parents,married,yes,partime,Seniority_q2,Time_q1,Age_q1,Expenses_q1,?,Assets_q0,Amount_q2,Price_q1,no
good,rent,married,no,freelance,Seniority_q2,Time_q0,Age_q3,Expenses_q2,?,Assets_q0,Amount_q0,Price_q1,no
good,owner,married,no,fixed,Seniority_q2,Time_q1,Age_q0,Expenses_q0,Income_q0,Assets_q0,Amount_q1,Price_q0,no
good,owner,married,no,fixed,Seniority_q3,Time_q1,Age_q3,Expenses_q1,Income_q3,Assets_q1,Amount_q1,Price_q1,yes
good,owner,married,no,partime,Seniority_q0,Time_q0,Age_q1,Expenses_q2,Income_q3,Assets_q0,Amount_q1,Price_q1,yes
bad,owner,married,no,fixed,Seniority_q1,Time_q1,Age_q3,Expenses_q2,Income_q1,Assets_q1,Amount_q1,Price_q0,no
good,owner,married,yes,freelance,Seniority_q2,Time_q0,Age_q2,Expenses_q0,Income_q2,Assets_q1,Amount_q2,Price_q3,yes
bad,rent,married,yes,freelance,Seniority_q2,Time_q1,Age_q1,Expenses_q2,Income_q3,Assets_q0,Amount_q3,Price_q3,no
bad,other,married,yes,others,Seniority_q0,Time_q1,Age_q3,Expenses_q0,Income_q3,Assets_q1,Amount_q2,Price_q3,no
good,owner,married,no,fixed,Seniority_q3,Time_q0,Age_q2,Expenses_q2,Income_q2,Assets_q0,Amount_q0,Price_q1,no
good,other,married,yes,fixed,Seniority_q2,Time_q0,Age_q2,Expenses_q2,Income_q3,Assets_q0,Amount_q0,Price_q0,no
bad,rent,married,yes,freelance,Seniority_q3,Time_q1,Age_q1,Expenses_q2,Income_q0,Assets_q0,Amount_q1,Price_q1,no
good,owner,married,yes,freelance,Seniority_q0,Time_q0,Age_q2,Expenses_q2,Income_q3,Assets_q1,Amount_q0,Price_q1,yes
bad,owner,married,no,freelance,Seniority_q1,Time_q1,Age_q2,Expenses_q1,Income_q3,Assets_q1,Amount_q0,Price_q0,yes
good,owner,married,no,others,Seniority_q0,Time_q1,Age_q3,Expenses_q0,Income_q2,Assets_q0,Amount_q1,Price_q1,no
bad,rent,married,no,freelance,Seniority_q0,Time_q1,Age_q1,Expenses_q2,?,Assets_q0,Amount_q3,Price_q3,no
bad,other,single,no,partime,Seniority_q0,Time_q1,Age_q0,Expenses_q0,Income_q1,Assets_q0,Amount_q2,Price_q1,no
good,owner,married,no,fixed,Seniority_q2,Time_q1,Age_q1,Expenses_q2,Income_q0,Assets_q0,Amount_q1,Price_q1,no
good,rent,married,no,partime,Seniority_q2,Time_q0,Age_q0,Expenses_q2,Income_q1,Assets_q0,Amount_q1,Price_q1,no
bad,rent,married,no,fixed,Seniority_q0,Time_q1,Age_q0,Expenses_q2,Income_q1,Assets_q0,Amount_q1,Price_q1,no
good,owner,married,no,fixed,Seniority_q0,Time_q1,Age_q1,Expenses_q1,Income_q1,Assets_q0,Amount_q1,Price_q0,no
bad,parents,single,no,freelance,Seniority_q0,Time_q1,Age_q0,Expenses_q0,Income_q1,Assets_q1,Amount_q3,Price_q3,no
good,owner,married,yes,freelance,Seniority_q3,Time_q0,Age_q3,Expenses_q2,Income_q0,Assets_q1,Amount_q1,Price_q0,no
good,owner,married,no,fixed,Seniority_q3,Time_q1,Age_q3,Expenses_q1,Income_q2,Assets_q0,Amount_q1,Price_q1,yes
bad,other,married,yes,freelance,Seniority_q0,Time_q0,Age_q3,Expenses_q2,?,Assets_q0,Amount_q3,Price_q3,no
good,parents,single,no,fixed,Seniority_q0,Time_q1,Age_q0,Expenses_q0,Income_q0,Assets_q0,Amount_q0,Price_q0,no
bad,rent,divorced,no,fixed,Seniority_q0,Time_q1,Age_q3,Expenses_q1,Income_q1,Assets_q0,Amount_q1,Price_q0,no
good,other,single,no,fixed,Seniority_q0,Time_q0,Age_q0,Expenses_q0,Income_q0,Assets_q0,Amount_q0,Price_q0,no
bad,owner,married,yes,freelance,Seniority_q1,Time_q1,Age_q2,Expenses_q2,Income_q2,Assets_q1,Amount_q1,Price_q0,yes
good,parents,married,no,fixed,Seniority_q3,Time_q1,Age_q1,Expenses_q0,Income_q1,Assets_q0,Amount_q1,Price_q3,no
good,rent,married,no,fixed,Seniority_q3,Time_q1,Age_q2,Expenses_q1,Income_q2,Assets_q0,Amount_q1,Price_q1,no
good,rent,married,no,fixed,Seniority_q1,Time_q0,Age_q2,Expenses_q2,Income_q2,Assets_q0,Amount_q1,Price_q1,no
good,owner,married,no,fixed,Seniority_q1,Time_q1,Age_q2,Expenses_q1,Income_q1,Assets_q0,Amount_q2,Price_q2,no
good,owner,married,no,fixed,Seniority_q0,Time_q1,Age_q0,Expenses_q0,Income_q2,Assets_q0,Amount_q2,Price_q3,no
good,owner,married,no,fixed,Seniority_q0,Time_q1,Age_q1,Expenses_q1,Income_q3,Assets_q0,Amount_q3,Price_q3,yes
bad,parents,separated,no,partime,Seniority_q0,Time_q1,Age_q1,Expenses_q0,Income_q0,Assets_q0,Amount_q1,Price_q0,no
good,rent,married,no,fixed,Seniority_q1,Time_q1,Age_q0,Expenses_q1,Income_q0,Assets_q0,Amount_q3,Price_q3,no
good,other,married,yes,fixed,Seniority_q3,Time_q0,Age_q3,Expenses_q0,Income_q2,Assets_q0,Amount_q0,Price_q3,no
good,parents,single,no,fixed,Seniority_q0,Time_q1,Age_q1,Expenses_q0,Income_q3,Assets_q0,Amount_q2,Price_q2,no
good,owner,married,no,fixed,Seniority_q3,Time_q1,Age_q2,Expenses_q2,Income_q2,Assets_q0,Amount_q1,Price_q0,no
good,owner,widow,no,fixed,Seniority_q2,Time_q0,Age_q3,Expenses_q0,Income_q1,Assets_q1,Amount_q0,Price_q0,no
good,owner,married,no,freelance,Seniority_q3,Time_q1,Age_q3,Expenses_q1,?,Assets_q1,Amount_q2,Price_q3,yes
good,owner,married,no,freelance,Seniority_q0,Time_q1,Age_q0,Expenses_q1,Income_q2,Assets_q1,Amount_q1,Price_q1,yes
good,rent,married,no,fixed,Seniority_q2,Time_q0,Age_q1,Expenses_q2,Income_q3,Assets_q0,Amount_q1,Price_q3,no
good,rent,married,no,fixed,Seniority_q3,Time_q1,Age_q2,Expenses_q1,Income_q1,Assets_q0,Amount_q1,Price_q1,no
good,other,married,yes,freelance,Seniority_q3,Time_q0,Age_q2,Expenses_q2,Income_q3,Assets_q1,Amount_q3,Price_q3,no
good,rent,married,no,fixed,Seniority_q2,Time_q0,Age_q1,Expenses_q2,Income_q3,Assets_q0,Amount_q0,Price_q2,no
bad,parents,single,yes,?,Seniority_q0,Time_q1,Age_q0,Expenses_q0,?,Assets_q0,Amount_q1,Price_q2,no
good,rent,married,no,fixed,Seniority_q3,Time_q1,Age_q2,Expenses_q1,Income_q2,Assets_q0,Amount_q1,Price_q1,no
bad,rent,married,no,fixed,Seniority_q0,Time_q1,Age_q3,Expenses_q2,Income_q2,Assets_q0,Amount_q3,Price_q3,no
good,owner,married,no,fixed,Seniority_q0,Time_q1,Age_q0,Expenses_q2,Income_q2,Assets_q0,Amount_q2,Price_q1,no
good,owner,married,no,fixed,Seniority_q3,Time_q1,Age_q2,Expenses_q1,Income_q2,Assets_q0,Amount_q0,Price_q1,no
good,owner,married,no,fixed,Seniority_q3,Time_q1,Age_q3,Expenses_q1,Income_q1,Assets_q0,Amount_q3,Price_q3,no
good,rent,married,yes,fixed,Seniority_q3,Time_q0,Age_q1,Expenses_q2,Income_q2,Assets_q0,Amount_q0,Price_q2,no
good,owner,married,yes,freelance,Seniority_q1,Time_q1,Age_q0,Expenses_q2,Income_q3,Assets_q0,Amount_q2,Price_q2,no
good,parents,single,yes,fixed,Seniority_q3,Time_q1,Age_q1,Expenses_q0,Income_q3,Assets_q0,Amount_q1,Price_q1,no
good,owner,married,yes,freelance,Seniority_q2,Time_q1,Age_q3,Expenses_q2,Income_q3,Assets_q1,Amount_q3,Price_q3,yes
good,parents,single,no,fixed,Seniority_q1,Time_q1,Age_q0,Expenses_q0,Income_q0,Assets_q0,Amount_q1,Price_q2,no
good,rent,single,no,fixed,Seniority_q0,Time_q1,Age_q0,Expenses_q0,Income_q1,Assets_q0,Amount_q2,Price_q2,no
bad,owner,single,no,partime,Seniority_q1,Time_q1,Age_q0,Expenses_q0,Income_q0,Assets_q0,Amount_q2,Price_q1,no
good,other,married,no,fixed,Seniority_q2,Time_q1,Age_q1,Expenses_q0,Income_q2,Assets_q0,Amount_q3,Price_q2,no
good,parents,single,no,fixed,Seniority_q1,Time_q0,Age_q1,Expenses_q0,Income_q0,Assets_q0,Amount_q0,Price_q0,no
good,parents,married,no,fixed,Seniority_q2,Time_q0,Age_q2,Expenses_q2,Income_q3,Assets_q0,Amount_q0,Price_q2,no
good,other,single,no,freelance,Seniority_q1,Time_q0,Age_q1,Expenses_q0,Income_q2,Assets_q0,Amount_q1,Price_q1,no
good,owner,married,no,fixed,Seniority_q3,Time_q1,Age_q3,Expenses_q1,Income_q1,Assets_q1,Amount_q1,Price_q1,no
good,owner,married,no,fixed,Seniority_q2,Time_q1,Age_q3,Expenses_q1,Income_q2,Assets_q1,Amount_q3,Price_q3,no
good,owner,married,no,fixed,Seniority_q3,Time_q0,Age_q3,Expenses_q0,Income_q1,Assets_q0,Amount_q0,Price_q0,yes
good,rent,married,no,freelance,Seniority_q1,Time_q1,Age_q0,Expenses_q2,Income_q3,Assets_q0,Amount_q3,Price_q3,no
good,owner,married,no,fixed,Seniority_q0,Time_q0,Age_q1,Expenses_q0,Income_q3,Assets_q0,Amount_q3,Price_q3,yes
good,rent,single,no,freelance,Seniority_q2,Time_q1,Age_q2,Expenses_q0,Income_q1,Assets_q0,Amount_q3,Price_q3,no
bad,rent,married,no,freelance,Seniority_q1,Time_q1,Age_q1,Expenses_q2,Income_q0,Assets_q0,Amount_q3,Price_q3,no
good,owner,married,no,fixed,Seniority_q2,Time_q1,Age_q2,Expenses_q2,Income_q3,Assets_q0,Amount_q2,Price_q1,no
good,priv,widow,no,fixed,Seniority_q3,Time_q0,Age_q3,Expenses_q0,Income_q0,Assets_q0,Amount_q0,Price_q0,no
good,owner,married,no,fixed,Seniority_q3,Time_q1,Age_q1,Expenses_q0,Income_q1,Assets_q1,Amount_q3,Price_q3,yes
good,owner,married,no,freelance,Seniority_q0,Time_q1,Age_q2,Expenses_q2,Income_q0,Assets_q0,Amount_q2,Price_q1,no
bad,other,married,no,freelance,Seniority_q1,Time_q1,Age_q2,Expenses_q2,Income_q0,Assets_q0,Amount_q0,Price_q0,no
good,owner,married,no,fixed,Seniority_q1,Time_q1,Age_q0,Expenses_q0,Income_q2,Assets_q0,Amount_q0,Price_q1,yes
bad,rent,married,no,freelance,Seniority_q0,Time_q0,Age_q1,Expenses_q1,?,Assets_q0,Amount_q0,Price_q0,no
bad,parents,single,no,partime,Seniority_q0,Time_q0,Age_q0,Expenses_q0,Income_q2,Assets_q0,Amount_q0,Price_q0,no
good,parents,single,no,fixed,Seniority_q0,Time_q0,Age_q1,Expenses_q0,Income_q0,Assets_q0,Amount_q1,Price_q2,no
good,owner,married,no,fixed,Seniority_q3,Time_q0,Age_q1,Expenses_q2,Income_q0,Assets_q0,Amount_q0,Price_q0,no
good,other,married,no,partime,Seniority_q1,Time_q0,Age_q2,Expenses_q1,Income_q0,Assets_q0,Amount_q2,Price_q1,no
bad,rent,married,yes,fixed,Seniority_q1,Time_q1,Age_q1,Expenses_q0,Income_q0,Assets_q0,Amount_q0,Price_q0,no
good,rent,married,no,freelance,Seniority_q2,Time_q0,Age_q1,Expenses_q2,Income_q3,Assets_q0,Amount_q0,Price_q0,no
good,parents,separated,no,partime,Seniority_q0,Time_q1,Age_q1,Expenses_q0,Income_q2,Assets_q0,Amount_q1,Price_q0,no
bad,owner,single,no,freelance,Seniority_q0,Time_q1,Age_q3,Expenses_q0,Income_q0,Assets_q1,Amount_q1,Price_q0,no
bad,owner,married,no,fixed,Seniority_q0,Time_q1,Age_q0,Expenses_q0,Income_q0,Assets_q0,Amount_q2,Price_q1,yes
bad,owner,married,no,freelance,Seniority_q2,Time_q0,Age_q1,Expenses_q2,?,Assets_q1,Amount_q1,Price_q1,no
good,owner,married,no,freelance,Seniority_q2,Time_q1,Age_q2,Expenses_q1,Income_q3,Assets_q1,Amount_q3,Price_q3,no
good,rent,married,no,fixed,Seniority_q0,Time_q1,Age_q2,Expenses_q1,Income_q2,Assets_q0,Amount_q3,Price_q3,no
good,owner,married,no,partime,Seniority_q0,Time_q0,Age_q3,Expenses_q2,Income_q1,Assets_q0,Amount_q0,Price_q0,no
good,rent,married,yes,fixed,Seniority_q3,Time_q1,Age_q2,Expenses_q2,Income_q1,Assets_q0,Amount_q1,Price_q1,no
good,owner,single,no,partime,Seniority_q0,Time_q1,Age_q0,Expenses_q0,Income_q2,Assets_q1,Amount_q2,Price_q2,no
good,priv,single,no,fixed,Seniority_q0,Time_q1,Age_q0,Expenses_q0,Income_q2,Assets_q0,Amount_q1,Price_q0,no
good,owner,married,no,fixed,Seniority_q3,Time_q1,Age_q3,Expenses_q2,Income_q1,Assets_q0,Amount_q1,Price_q1,no
bad,parents,single,no,fixed,Seniority_q0,Time_q0,Age_q1,Expenses_q0,Income_q1,Assets_q0,Amount_q0,Price_q2,no
good,priv,married,yes,fixed,Seniority_q1,Time_q1,Age_q2,Expenses_q2,Income_q2,Assets_q0,Amount_q1,Price_q1,yes
good,owner,married,no,freelance,Seniority_q1,Time_q0,Age_q1,Expenses_q2,Income_q0,Assets_q0,Amount_q0,Price_q0,yes
bad,rent,married,no,fixed,Seniority_q2,Time_q0,Age_q3,Expenses_q2,Income_q3,Assets_q0,Amount_q0,Price_q0,no
good,other,married,yes,freelance,Seniority_q3,Time_q0,Age_q3,Expenses_q0,Income_q3,Assets_q1,Amount_q1,Price_q1,no
bad,rent,married,no,fixed,Seniority_q0,Time_q1,Age_q1,Expenses_q2,Income_q1,Assets_q0,Amount_q2,Price_q1,no
good,owner,widow,no,fixed,Seniority_q2,Time_q1,Age_q1,Expenses_q0,Income_q0,Assets_q0,Amount_q1,Price_q0,no
bad,rent,married,yes,partime,Seniority_q0,Time_q0,Age_q0,Expenses_q2,Income_q1,Assets_q0,Amount_q0,Price_q0,no
good,parents,married,no,fixed,Seniority_q0,Time_q1,Age_q0,Expenses_q0,Income_q3,Assets_q0,Amount_q2,Price_q1,no
bad,priv,married,no,fixed,Seniority_q0,Time_q1,Age_q3,Expenses_q2,Income_q0,Assets_q1,Amount_q2,Price_q1,no
good,owner,married,no,fixed,Seniority_q0,Time_q0,Age_q3,Expenses_q2,Income_q3,Assets_q1,Amount_q0,Price_q1,no
good,rent,married,no,freelance,Seniority_q0,Time_q1,Age_q1,Expenses_q2,Income_q3,Assets_q0,Amount_q3,Price_q3,no
bad,parents,single,no,fixed,Seniority_q0,Time_q1,Age_q0,Expenses_q0,Income_q1,Assets_q0,Amount_q3,Price_q3,no
good,rent,married,no,fixed,Seniority_q3,Time_q1,Age_q3,Expenses_q1,Income_q1,Assets_q0,Amount_q1,Price_q1,no
good,parents,single,no,partime,Seniority_q0,Time_q0,Age_q0,Expenses_q0,Income_q0,Assets_q0,Amount_q0,Price_q0,no
bad,rent,married,no,fixed,Seniority_q0,Time_q1,Age_q3,Expenses_q2,Income_q1,Assets_q0,Amount_q2,Price_q2,no
good,owner,married,no,fixed,Seniority_q3,Time_q0,Age_q2,Expenses_q2,Income_q3,Assets_q0,Amount_q2,Price_q3,no
good,parents,married,yes,fixed,Seniority_q1,Time_q1,Age_q2,Expenses_q0,Income_q3,Assets_q0,Amount_q1,Price_q1,no
good,parents,single,no,fixed,Seniority_q3,Time_q1,Age_q3,Expenses_q0,Income_q0,Assets_q0,Amount_q3,Price_q2,no
good,owner,married,no,freelance,Seniority_q2,Time_q1,Age_q0,Expenses_q1,Income_q3,Assets_q1,Amount_q1,Price_q0,no
good,parents,single,no,fixed,Seniority_q0,Time_q0,Age_q0,Expenses_q0,Income_q3,Assets_q0,Amount_q0,Price_q3,no
good,owner,married,no,fixed,Seniority_q2,Time_q1,Age_q0,Expenses_q0,Income_q3,Assets_q1,Amount_q3,Price_q2,yes
good,owner,single,no,fixed,Seniority_q2,Time_q0,Age_q1,Expenses_q0,Income_q2,Assets_q1,Amount_q2,Price_q3,no
bad,rent,married,no,fixed,Seniority_q1,Time_q1,Age_q3,Expenses_q2,Income_q0,Assets_q0,Amount_q2,Price_q1,no
good,owner,married,no,fixed,Seniority_q0,Time_q1,Age_q1,Expenses_q0,Income_q2,Assets_q0,Amount_q3,Price_q2,yes
bad,owner,widow,no,others,Seniority_q0,Time_q0,Age_q2,Expenses_q0,Income_q0,Assets_q0,Amount_q0,Price_q0,no
good,owner,married,no,fixed,Seniority_q2,Time_q1,Age_q2,Expenses_q2,Income_q1,Assets_q0,Amount_q1,Price_q1,no
good,owner,married,no,fixed,Seniority_q1,Time_q1,Age_q1,Expenses_q0,Income_q2,Assets_q1,Amount_q1,Price_q1,yes
good,owner,married,no,freelance,Seniority_q0,Time_q0,Age_q1,Expenses_q1,Income_q1,Assets_q0,Amount_q0,Price_q2,yes
bad,rent,widow,yes,freelance,Seniority_q1,Time_q1,Age_q0,Expenses_q0,?,Assets_q0,Amount_q3,Price_q3,no
good,owner,married,no,partime,Seniority_q2,Time_q0,Age_q2,Expenses_q1,Income_q2,Assets_q0,Amount_q0,Price_q3,no
good,parents,married,no,fixed,Seniority_q0,Time_q1,Age_q1,Expenses_q2,Income_q1,Assets_q0,Amount_q2,Price_q2,no
good,owner,married,yes,freelance,Seniority_q1,Time_q0,Age_q2,Expenses_q2,Income_q3,Assets_q1,Amount_q3,Price_q3,no
good,owner,married,no,partime,Seniority_q0,Time_q1,Age_q0,Expenses_q0,Income_q1,Assets_q0,Amount_q1,Price_q2,no
good,owner,married,no,freelance,Seniority_q1,Time_q0,Age_q1,Expenses_q1,Income_q2,Assets_q0,Amount_q0,Price_q1,no
good,parents,single,no,fixed,Seniority_q0,Time_q0,Age_q3,Expenses_q0,Income_q2,Assets_q0,Amount_q0,Price_q2,no
good,owner,married,no,fixed,Seniority_q3,Time_q1,Age_q3,Expenses_q1,Income_q3,Assets_q1,Amount_q3,Price_q2,no
good,owner,married,no,fixed,Seniority_q2,Time_q1,Age_q2,Expenses_q1,Income_q0,Assets_q0,Amount_q0,Price_q0,no
bad,rent,married,yes,freelance,Seniority_q2,Time_q0,Age_q3,Expenses_q2,Income_q3,Assets_q0,Amount_q1,Price_q1,no
good,owner,married,no,fixed,Seniority_q3,Time_q1,Age_q2,Expenses_q1,Income_q1,Assets_q0,Amount_q1,Price_q1,no
good,owner,married,no,others,Seniority_q0,Time_q0,Age_q3,Expenses_q0,Income_q2,Assets_q0,Amount_q0,Price_q0,no
bad,rent,single,no,fixed,Seniority_q0,Time_q1,Age_q0,Expenses_q0,?,Assets_q0,Amount_q1,Price_q0,no
good,rent,married,no,fixed,Seniority_q3,Time_q1,Age_q2,Expenses_q2,Income_q3,Assets_q0,Amount_q3,Price_q3,no
bad,owner,married,no,partime,Seniority_q0,Time_q1,Age_q3,Expenses_q2,Income_q1,Assets_q1,Amount_q1,Price_q1,no
good,parents,single,no,fixed,Seniority_q0,Time_q0,Age_q0,Expenses_q0,Income_q1,Assets_q0,Amount_q0,Price_q1,no
bad,other,married,yes,fixed,Seniority_q1,Time_q1,Age_q1,Expenses_q0,Income_q3,Assets_q0,Amount_q1,Price_q3,no
good,parents,married,yes,fixed,Seniority_q3,Time_q1,Age_q3,Expenses_q1,Income_q1,Assets_q0,Amount_q0,Price_q3,no
good,owner,married,no,fixed,Seniority_q3,Time_q1,Age_q3,Expenses_q1,Income_q3,Assets_q0,Amount_q2,Price_q2,no
bad,other,married,yes,fixed,Seniority_q1,Time_q0,Age_q2,Expenses_q2,Income_q3,Assets_q0,Amount_q1,Price_q1,no
good,owner,married,no,fixed,Seniority_q1,Time_q0,Age_q1,Expenses_q0,Income_q3,Assets_q1,Amount_q0,Price_q3,yes
bad,other,married,no,fixed,Seniority_q1,Time_q1,Age_q0,Expenses_q2,Income_q2,Assets_q0,Amount_q3,Price_q3,no
good,owner,married,no,freelance,Seniority_q0,Time_q1,Age_q3,Expenses_q0,Income_q3,Assets_q0,Amount_q1,Price_q0,no
bad,other,married,no,fixed,Seniority_q0,Time_q1,Age_q1,Expenses_q1,Income_q1,Assets_q0,Amount_q1,Price_q0,no
bad,parents,married,no,fixed,Seniority_q2,Time_q1,Age_q1,Expenses_q1,Income_q1,Assets_q0,Amount_q3,Price_q3,no
good,owner,single,no,fixed,Seniority_q0,Time_q1,Age_q0,Expenses_q0,Income_q2,Assets_q0,Amount_q2,Price_q1,no
bad,parents,married,no,partime,Seniority_q0,Time_q1,Age_q2,Expenses_q2,Income_q1,Assets_q0,Amount_q0,Price_q0,no
good,other,married,no,fixed,Seniority_q3,Time_q0,Age_q3,Expenses_q2,Income_q1,Assets_q0,Amount_q0,Price_q1,no
bad,rent,single,yes,fixed,Seniority_q0,Time_q1,Age_q2,Expenses_q0,?,Assets_q0,Amount_q3,Price_q3,no
good,parents,single,no,freelance,Seniority_q2,Time_q1,Age_q0,Expenses_q0,Income_q0,Assets_q1,Amount_q1,Price_q0,no
good,rent,married,no,fixed,Seniority_q3,Time_q1,Age_q1,Expenses_q2,Income_q0,Assets_q0,Amount_q2,Price_q2,no
bad,parents,married,no,partime,Seniority_q0,Time_q0,Age_q0,Expenses_q1,Income_q2,Assets_q0,Amount_q0,Price_q0,no
good,priv,married,no,fixed,Seniority_q1,Time_q0,Age_q0,Expenses_q0,Income_q1,Assets_q0,Amount_q0,Price_q0,no
bad,owner,married,no,freelance,Seniority_q1,Time_q1,Age_q1,Expenses_q2,Income_q0,Assets_q0,Amount_q0,Price_q1,no
bad,owner,married,no,freelance,Seniority_q1,Time_q1,Age_q1,Expenses_q2,Income_q0,Assets_q0,Amount_q0,Price_q1,no
good,rent,married,yes,fixed,Seniority_q3,Time_q1,Age_q2,Expenses_q2,Income_q1,Assets_q0,Amount_q1,Price_q0,no
bad,rent,married,no,fixed,Seniority_q1,Time_q1,Age_q0,Expenses_q2,Income_q3,Assets_q0,Amount_q2,Price_q1,no
good,owner,married,yes,fixed,Seniority_q2,Time_q0,Age_q3,Expenses_q1,Income_q1,Assets_q0,Amount_q0,Price_q2,no
bad,owner,married,yes,partime,Seniority_q1,Time_q0,Age_q1,Expenses_q1,Income_q2,Assets_q0,Amount_q0,Price_q0,no
bad,owner,married,yes,fixed,Seniority_q0,Time_q1,Age_q1,Expenses_q0,Income_q3,Assets_q0,Amount_q3,Price_q2,no
good,parents,single,no,freelance,Seniority_q1,Time_q0,Age_q0,Expenses_q0,Income_q1,Assets_q0,Amount_q1,Price_q3,no
good,owner,married,no,fixed,Seniority_q2,Time_q0,Age_q1,Expenses_q2,Income_q0,Assets_q0,Amount_q0,Price_q2,yes
good,rent,married,no,fixed,Seniority_q0,Time_q1,Age_q1,Expenses_q1,Income_q2,Assets_q0,Amount_q2,Price_q2,no
good,owner,married,no,fixed,Seniority_q1,Time_q0,Age_q1,Expenses_q1,Income_q3,Assets_q1,Amount_q0,Price_q0,no
good,owner,married,no,fixed,Seniority_q3,Time_q1,Age_q1,Expenses_q2,Income_q3,Assets_q1,Amount_q3,Price_q2,yes
good,rent,married,no,fixed,Seniority_q0,Time_q0,Age_q0,Expenses_q2,Income_q2,Assets_q0,Amount_q0,Price_q1,no
good,priv,married,no,fixed,Seniority_q1,Time_q1,Age_q0,Expenses_q0,Income_q2,Assets_q0,Amount_q1,Price_q1,no
bad,owner,married,yes,fixed,Seniority_q3,Time_q1,Age_q3,Expenses_q0,Income_q3,Assets_q1,Amount_q1,Price_q1,no
good,parents,single,no,fixed,Seniority_q3,Time_q1,Age_q1,Expenses_q0,Income_q3,Assets_q1,Amount_q2,Price_q1,no
good,owner,married,no,fixed,Seniority_q0,Time_q0,Age_q2,Expenses_q0,Income_q1,Assets_q0,Amount_q0,Price_q0,no
good,rent,single,no,fixed,Seniority_q0,Time_q1,Age_q1,Expenses_q0,?,Assets_q0,Amount_q3,Price_q3,no
bad,rent,married,yes,fixed,Seniority_q0,Time_q1,Age_q1,Expenses_q2,Income_q1,Assets_q0,Amount_q2,Price_q1,no
good,rent,single,no,partime,Seniority_q0,Time_q0,Age_q1,Expenses_q1,Income_q1,Assets_q0,Amount_q2,Price_q0,no
good,owner,married,no,freelance,Seniority_q2,Time_q1,Age_q3,Expenses_q2,Income_q3,Assets_q1,Amount_q3,Price_q3,no
good,owner,married,no,freelance,Seniority_q3,Time_q1,Age_q3,Expenses_q2,Income_q1,Assets_q1,Amount_q0,Price_q0,no
bad,rent,single,no,freelance,Seniority_q1,Time_q0,Age_q1,Expenses_q0,?,Assets_q0,Amount_q1,Price_q1,no
good,owner,married,yes,fixed,Seniority_q2,Time_q1,Age_q1,Expenses_q1,Income_q3,Assets_q0,Amount_q3,Price_q3,no
bad,other,single,no,fixed,Seniority_q0,Time_q1,Age_q0,Expenses_q0,Income_q0,Assets_q0,Amount_q3,Price_q2,no
good,other,single,no,fixed,Seniority_q2,Time_q0,Age_q1,Expenses_q0,Income_q2,Assets_q0,Amount_q2,Price_q3,no
good,owner,single,no,partime,Seniority_q0,Time_q1,Age_q1,Expenses_q0,Income_q1,Assets_q1,Amount_q3,Price_q2,no
good,rent,married,no,fixed,Seniority_q0,Time_q0,Age_q0,Expenses_q1,Income_q2,Assets_q0,Amount_q0,Price_q1,no
good,priv,married,yes,fixed,Seniority_q3,Time_q1,Age_q3,Expenses_q0,Income_q1,Assets_q0,Amount_q1,Price_q1,no
good,owner,married,no,fixed,Seniority_q1,Time_q1,Age_q1,Expenses_q0,Income_q2,Assets_q0,Amount_q0,Price_q0,no
good,parents,divorced,no,fixed,Seniority_q1,Time_q1,Age_q2,Expenses_q0,Income_q0,Assets_q0,Amount_q1,Price_q1,no
good,owner,married,no,freelance,Seniority_q3,Time_q1,Age_q2,Expenses_q2,Income_q3,Assets_q1,Amount_q3,Price_q3,no
bad,owner,married,yes,freelance,Seniority_q2,Time_q1,Age_q3,Expenses_q2,Income_q3,Assets_q1,Amount_q3,Price_q2,no
good,rent,married,no,freelance,Seniority_q0,Time_q0,Age_q1,Expenses_q2,Income_q3,Assets_q0,Amount_q0,Price_q0,no
good,parents,single,no,fixed,Seniority_q2,Time_q1,Age_q0,Expenses_q0,Income_q0,Assets_q1,Amount_q2,Price_q1,no
bad,priv,married,no,fixed,Seniority_q3,Time_q1,Age_q3,Expenses_q1,Income_q2,Assets_q0,Amount_q3,Price_q2,yes
good,owner,married,no,fixed,Seniority_q3,Time_q1,Age_q2,Expenses_q2,Income_q2,Assets_q0,Amount_q1,Price_q3,yes
good,parents,married,no,fixed,Seniority_q0,Time_q1,Age_q0,Expenses_q1,Income_q2,Assets_q1,Amount_q2,Price_q1,no
good,?,single,no,fixed,Seniority_q2,Time_q0,Age_q0,Expenses_q0,Income_q0,?,Amount_q0,Price_q1,no
good,rent,married,no,fixed,Seniority_q2,Time_q1,Age_q2,Expenses_q1,Income_q1,Assets_q0,Amount_q1,Price_q1,no
bad,rent,separated,yes,fixed,Seniority_q2,Time_q1,Age_q3,Expenses_q1,Income_q3,Assets_q0,Amount_q2,Price_q2,no
good,owner,married,no,fixed,Seniority_q3,Time_q1,Age_q3,Expenses_q1,Income_q2,Assets_q0,Amount_q1,Price_q3,no
good,owner,married,no,freelance,Seniority_q1,Time_q0,Age_q3,Expenses_q2,Income_q3,Assets_q1,Amount_q0,Price_q0,no
good,parents,married,yes,fixed,Seniority_q0,Time_q0,Age_q3,Expenses_q0,Income_q1,Assets_q1,Amount_q1,Price_q2,no
good,owner,married,no,fixed,Seniority_q3,Time_q1,Age_q1,Expenses_q2,Income_q2,Assets_q0,Amount_q1,Price_q2,no
good,parents,married,no,fixed,Seniority_q0,Time_q1,Age_q1,Expenses_q2,Income_q1,Assets_q0,Amount_q3,Price_q3,no
good,rent,single,no,fixed,Seniority_q0,Time_q0,Age_q0,Expenses_q1,Income_q1,Assets_q0,Amount_q0,Price_q0,no
good,owner,married,no,freelance,Seniority_q0,Time_q1,Age_q1,Expenses_q1,?,Assets_q1,Amount_q3,Price_q2,no
good,rent,single,yes,fixed,Seniority_q3,Time_q1,Age_q1,Expenses_q1,Income_q1,Assets_q1,Amount_q3,Price_q3,yes
bad,parents,single,no,fixed,Seniority_q0,Time_q0,Age_q2,Expenses_q0,Income_q0,Assets_q0,Amount_q1,Price_q1,no
good,owner,married,no,fixed,Seniority_q2,Time_q1,Age_q0,Expenses_q1,Income_q3,Assets_q1,Amount_q2,Price_q1,yes
good,owner,married,no,freelance,Seniority_q3,Time_q1,Age_q3,Expenses_q1,Income_q3,Assets_q1,Amount_q3,Price_q3,no
good,rent,married,no,others,Seniority_q1,Time_q1,Age_q2,Expenses_q1,Income_q0,Assets_q0,Amount_q1,Price_q0,no
bad,owner,married,no,fixed,Seniority_q1,Time_q1,Age_q2,Expenses_q2,Income_q1,Assets_q0,Amount_q1,Price_q0,yes
good,owner,married,no,fixed,Seniority_q0,Time_q0,Age_q1,Expenses_q2,Income_q1,Assets_q0,Amount_q1,Price_q3,no
good,owner,married,no,fixed,Seniority_q1,Time_q1,Age_q1,Expenses_q0,Income_q3,Assets_q1,Amount_q1,Price_q1,yes
good,owner,married,no,fixed,Seniority_q3,Time_q1,Age_q1,Expenses_q2,Income_q1,Assets_q0,Amount_q0,Price_q3,no
bad,rent,married,no,partime,Seniority_q0,Time_q1,Age_q0,Expenses_q2,Income_q0,Assets_q0,Amount_q2,Price_q1,no
good,owner,married,no,fixed,Seniority_q2,Time_q1,Age_q2,Expenses_q2,Income_q3,Assets_q1,Amount_q1,Price_q2,no
bad,parents,single,no,fixed,Seniority_q1,Time_q0,Age_q0,Expenses_q0,Income_q0,Assets_q0,Amount_q0,Price_q0,no
good,rent,married,no,fixed,Seniority_q1,Time_q0,Age_q1,Expenses_q2,Income_q0,Assets_q0,Amount_q0,Price_q3,no
good,rent,married,no,fixed,Seniority_q3,Time_q1,Age_q1,Expenses_q2,Income_q3,Assets_q0,Amount_q2,Price_q3,no
good,owner,married,no,fixed,Seniority_q3,Time_q1,Age_q1,Expenses_q2,Income_q3,Assets_q0,Amount_q1,Price_q0,yes
bad,rent,single,no,fixed,Seniority_q0,Time_q0,Age_q0,Expenses_q1,Income_q2,Assets_q0,Amount_q0,Price_q0,no
good,other,married,no,fixed,Seniority_q3,Time_q1,Age_q1,Expenses_q2,Income_q3,Assets_q0,Amount_q3,Price_q1,no
good,rent,married,no,fixed,Seniority_q2,Time_q1,Age_q3,Expenses_q1,Income_q0,Assets_q0,Amount_q3,Price_q2,no
good,priv,single,no,fixed,Seniority_q1,Time_q0,Age_q0,Expenses_q0,Income_q3,Assets_q0,Amount_q0,Price_q1,no
good,owner,married,no,fixed,Seniority_q3,Time_q1,Age_q0,Expenses_q1,Income_q2,Assets_q0,Amount_q1,Price_q1,yes
good,owner,married,no,fixed,Seniority_q2,Time_q0,Age_q1,Expenses_q2,Income_q1,Assets_q0,Amount_q0,Price_q0,yes
bad,rent,married,yes,fixed,Seniority_q0,Time_q1,Age_q1,Expenses_q1,Income_q0,Assets_q0,Amount_q1,Price_q0,no
bad,parents,single,no,fixed,Seniority_q1,Time_q0,Age_q0,Expenses_q0,Income_q1,Assets_q0,Amount_q1,Price_q1,no
good,owner,married,no,fixed,Seniority_q1,Time_q1,Age_q0,Expenses_q0,Income_q2,Assets_q0,Amount_q1,Price_q2,yes
good,owner,married,no,freelance,Seniority_q3,Time_q0,Age_q3,Expenses_q1,Income_q1,Assets_q0,Amount_q1,Price_q0,no
good,owner,married,no,others,Seniority_q0,Time_q0,Age_q3,Expenses_q0,Income_q0,Assets_q0,Amount_q0,Price_q0,no
good,parents,separated,no,fixed,Seniority_q0,Time_q0,Age_q1,Expenses_q0,Income_q2,Assets_q0,Amount_q0,Price_q0,no
bad,rent,married,no,others,Seniority_q0,Time_q1,Age_q3,Expenses_q1,Income_q0,Assets_q0,Amount_q1,Price_q0,no
bad,other,single,yes,fixed,Seniority_q0,Time_q0,Age_q3,Expenses_q0,Income_q0,Assets_q0,Amount_q0,Price_q0,no
good,owner,married,no,others,Seniority_q0,Time_q1,Age_q0,Expenses_q0,Income_q2,Assets_q0,Amount_q2,Price_q3,no
bad,owner,married,no,others,Seniority_q0,Time_q1,Age_q2,Expenses_q1,?,Assets_q1,Amount_q1,Price_q0,no
good,rent,married,yes,freelance,Seniority_q2,Time_q0,Age_q1,Expenses_q2,Income_q0,Assets_q1,Amount_q0,Price_q0,no
good,rent,single,no,fixed,Seniority_q0,Time_q1,Age_q0,Expenses_q1,Income_q2,Assets_q0,Amount_q1,Price_q0,no
bad,owner,married,yes,others,Seniority_q0,Time_q0,Age_q2,Expenses_q2,Income_q2,Assets_q0,Amount_q0,Price_q0,no
good,rent,married,no,fixed,Seniority_q1,Time_q1,Age_q1,Expenses_q2,Income_q3,Assets_q0,Amount_q1,Price_q0,no
good,parents,single,no,freelance,Seniority_q0,Time_q1,Age_q0,Expenses_q0,Income_q0,Assets_q0,Amount_q0,Price_q0,no
good,owner,married,no,freelance,Seniority_q0,Time_q0,Age_q3,Expenses_q0,Income_q0,Assets_q0,Amount_q0,Price_q0,no
good,ignore,married,no,fixed,Seniority_q3,Time_q1,Age_q3,Expenses_q1,Income_q2,Assets_q1,Amount_q3,Price_q2,no
good,owner,married,yes,fixed,Seniority_q1,Time_q1,Age_q1,Expenses_q2,Income_q3,Assets_q0,Amount_q3,Price_q2,yes
good,rent,married,no,fixed,Seniority_q3,Time_q1,Age_q2,Expenses_q2,Income_q2,Assets_q0,Amount_q1,Price_q2,no
good,owner,married,no,freelance,Seniority_q3,Time_q0,Age_q3,Expenses_q1,Income_q2,Assets_q1,Amount_q0,Price_q0,no
bad,priv,married,no,freelance,Seniority_q0,Time_q1,Age_q1,Expenses_q0,?,Assets_q0,Amount_q3,Price_q2,no
good,parents,single,no,fixed,Seniority_q1,Time_q1,Age_q1,Expenses_q0,Income_q2,Assets_q1,Amount_q3,Price_q3,no
bad,rent,married,yes,fixed,Seniority_q0,Time_q1,Age_q2,Expenses_q2,Income_q3,Assets_q0,Amount_q1,Price_q1,no
good,rent,single,no,fixed,Seniority_q2,Time_q1,Age_q1,Expenses_q1,Income_q3,Assets_q1,Amount_q3,Price_q2,no
bad,parents,single,no,fixed,Seniority_q0,Time_q0,Age_q0,Expenses_q0,Income_q0,Assets_q1,Amount_q0,Price_q0,no
good,owner,single,no,fixed,Seniority_q1,Time_q0,Age_q0,Expenses_q0,Income_q3,Assets_q0,Amount_q1,Price_q1,no
good,owner,married,no,freelance,Seniority_q3,Time_q1,Age_q3,Expenses_q1,Income_q0,Assets_q1,Amount_q3,Price_q1,no
good,owner,married,no,fixed,Seniority_q3,Time_q1,Age_q1,Expenses_q2,Income_q3,Assets_q1,Amount_q1,Price_q2,yes
good,owner,married,no,fixed,Seniority_q2,Time_q1,Age_q0,Expenses_q1,Income_q3,Assets_q0,Amount_q3,Price_q3,no
good,owner,single,no,fixed,Seniority_q0,Time_q1,Age_q0,Expenses_q0,Income_q0,Assets_q0,Amount_q2,Price_q2,no
good,owner,married,no,fixed,Seniority_q2,Time_q1,Age_q2,Expenses_q2,Income_q1,Assets_q0,Amount_q2,Price_q1,no
good,owner,married,no,fixed,Seniority_q0,Time_q1,Age_q1,Expenses_q0,Income_q0,Assets_q0,Amount_q1,Price_q1,yes
bad,rent,married,yes,freelance,Seniority_q3,Time_q0,Age_q3,Expenses_q2,Income_q0,Assets_q1,Amount_q2,Price_q3,no
bad,rent,married,yes,fixed,Seniority_q1,Time_q1,Age_q1,Expenses_q2,Income_q0,Assets_q0,Amount_q3,Price_q2,no
bad,parents,single,no,freelance,Seniority_q1,Time_q0,Age_q0,Expenses_q0,?,Assets_q0,Amount_q2,Price_q3,yes
good,parents,single,no,fixed,Seniority_q0,Time_q1,Age_q0,Expenses_q0,Income_q0,Assets_q0,Amount_q2,Price_q1,no
bad,rent,married,no,freelance,Seniority_q0,Time_q1,Age_q0,Expenses_q2,Income_q3,Assets_q0,Amount_q1,Price_q0,no
good,owner,married,no,others,Seniority_q1,Time_q1,Age_q3,Expenses_q0,Income_q3,Assets_q1,Amount_q0,Price_q1,no
good,owner,married,yes,freelance,Seniority_q3,Time_q1,Age_q3,Expenses_q2,Income_q2,?,Amount_q1,Price_q0,no
good,owner,single,no,fixed,Seniority_q2,Time_q1,Age_q2,Expenses_q0,Income_q3,Assets_q0,Amount_q1,Price_q1,no
good,rent,single,no,fixed,Seniority_q1,Time_q0,Age_q0,Expenses_q1,Income_q2,Assets_q0,Amount_q1,Price_q3,no
good,parents,married,no,fixed,Seniority_q1,Time_q0,Age_q0,Expenses_q0,Income_q0,Assets_q0,Amount_q0,Price_q2,no
bad,owner,married,yes,others,Seniority_q0,Time_q1,Age_q3,Expenses_q2,Income_q2,Assets_q0,Amount_q0,Price_q0,no
bad,owner,married,no,freelance,Seniority_q2,Time_q1,Age_q2,Expenses_q2,Income_q0,Assets_q0,Amount_q3,Price_q3,yes
good,parents,single,no,freelance,Seniority_q0,Time_q1,Age_q0,Expenses_q0,Income_q2,Assets_q1,Amount_q2,Price_q1,no
bad,parents,married,no,fixed,Seniority_q0,Time_q1,Age_q1,Expenses_q2,Income_q3,Assets_q0,Amount_q0,Price_q0,no
good,owner,married,no,fixed,Seniority_q0,Time_q1,Age_q0,Expenses_q1,Income_q3,Assets_q0,Amount_q2,Price_q2,yes
good,rent,married,yes,fixed,Seniority_q0,Time_q1,Age_q0,Expenses_q2,Income_q1,Assets_q0,Amount_q2,Price_q1,no
bad,parents,single,yes,partime,Seniority_q0,Time_q0,Age_q0,Expenses_q0,Income_q2,Assets_q0,Amount_q2,Price_q2,no
bad,owner,married,no,partime,Seniority_q2,Time_q1,Age_q1,Expenses_q2,Income_q0,Assets_q0,Amount_q3,Price_q3,no
bad,owner,married,no,partime,Seniority_q0,Time_q1,Age_q3,Expenses_q2,Income_q0,Assets_q0,Amount_q1,Price_q1,no
bad,owner,single,no,partime,Seniority_q0,Time_q1,Age_q1,Expenses_q0,Income_q3,Assets_q0,Amount_q3,Price_q3,no
bad,priv,married,yes,fixed,Seniority_q3,Time_q1,Age_q1,Expenses_q2,Income_q0,Assets_q0,Amount_q3,Price_q3,no
bad,parents,separated,yes,fixed,Seniority_q1,Time_q0,Age_q0,Expenses_q0,Income_q1,Assets_q0,Amount_q0,Price_q0,no
good,owner,married,no,fixed,Seniority_q3,Time_q1,Age_q1,Expenses_q1,Income_q1,Assets_q0,Amount_q2,Price_q2,no
good,owner,married,no,freelance,Seniority_q1,Time_q1,Age_q0,Expenses_q1,Income_q3,Assets_q1,Amount_q0,Price_q3,yes
good,rent,single,no,fixed,Seniority_q0,Time_q0,Age_q1,Expenses_q0,Income_q0,Assets_q0,Amount_q1,Price_q0,no
good,owner,married,no,fixed,Seniority_q2,Time_q0,Age_q2,Expenses_q0,Income_q1,Assets_q1,Amount_q0,Price_q1,no
good,rent,married,no,others,Seniority_q0,Time_q1,Age_q3,Expenses_q2,Income_q2,Assets_q0,Amount_q0,Price_q0,no
good,owner,widow,no,fixed,Seniority_q3,Time_q0,Age_q1,Expenses_q0,Income_q3,Assets_q1,Amount_q0,Price_q0,no
good,owner,married,no,fixed,Seniority_q0,Time_q1,Age_q2,Expenses_q2,Income_q2,Assets_q1,Amount_q1,Price_q0,no
good,owner,married,no,freelance,Seniority_q1,Time_q1,Age_q2,Expenses_q0,Income_q2,Assets_q0,Amount_q0,Price_q1,no
bad,rent,married,no,others,Seniority_q2,Time_q0,Age_q3,Expenses_q2,Income_q0,Assets_q0,Amount_q0,Price_q0,no
good,owner,married,no,freelance,Seniority_q2,Time_q0,Age_q3,Expenses_q0,Income_q0,Assets_q1,Amount_q1,Price_q3,no
good,owner,married,no,fixed,Seniority_q2,Time_q0,Age_q0,Expenses_q0,Income_q2,Assets_q1,Amount_q1,Price_q0,no
good,parents,single,no,fixed,Seniority_q0,Time_q1,Age_q0,Expenses_q0,Income_q0,Assets_q0,Amount_q2,Price_q2,no
bad,parents,single,no,others,Seniority_q0,Time_q0,Age_q1,Expenses_q0,Income_q0,Assets_q0,Amount_q0,Price_q0,no
good,owner,married,no,fixed,Seniority_q0,Time_q0,Age_q1,Expenses_q0,Income_q2,Assets_q0,Amount_q1,Price_q2,no
good,owner,married,no,freelance,Seniority_q3,Time_q0,Age_q3,Expenses_q1,Income_q3,Assets_q1,Amount_q0,Price_q1,yes
good,parents,single,no,partime,Seniority_q0,Time_q0,Age_q0,Expenses_q0,Income_q0,Assets_q0,Amount_q3,Price_q2,no
good,owner,married,yes,freelance,Seniority_q1,Time_q0,Age_q0,Expenses_q0,Income_q2,Assets_q1,Amount_q3,Price_q3,no
good,owner,single,yes,fixed,Seniority_q2,Time_q1,Age_q0,Expenses_q0,Income_q3,Assets_q0,Amount_q1,Price_q1,yes
bad,rent,married,no,freelance,Seniority_q0,Time_q0,Age_q0,Expenses_q2,Income_q3,Assets_q0,Amount_q0,Price_q0,no
good,parents,single,yes,fixed,Seniority_q1,Time_q1,Age_q0,Expenses_q0,Income_q0,Assets_q0,Amount_q0,Price_q1,no
good,owner,married,no,fixed,Seniority_q3,Time_q1,Age_q3,Expenses_q1,Income_q2,Assets_q0,Amount_q0,Price_q0,no
bad,owner,married,no,freelance,Seniority_q1,Time_q0,Age_q2,Expenses_q2,Income_q3,Assets_q0,Amount_q2,Price_q3,no
good,rent,married,yes,fixed,Seniority_q3,Time_q1,Age_q1,Expenses_q2,Income_q3,Assets_q0,Amount_q3,Price_q3,no
bad,other,married,yes,fixed,Seniority_q0,Time_q1,Age_q2,Expenses_q2,?,Assets_q0,Amount_q1,Price_q3,no
good,priv,married,no,fixed,Seniority_q1,Time_q1,Age_q1,Expenses_q1,Income_q0,Assets_q0,Amount_q3,Price_q3,no
good,parents,married,no,fixed,Seniority_q1,Time_q0,Age_q0,Expenses_q0,Income_q1,Assets_q0,Amount_q1,Price_q3,no
good,owner,married,no,fixed,Seniority_q0,Time_q1,Age_q2,Expenses_q2,Income_q3,Assets_q0,Amount_q3,Price_q2,no
bad,owner,married,no,fixed,Seniority_q2,Time_q1,Age_q1,Expenses_q1,Income_q0,Assets_q0,Amount_q1,Price_q0,no
good,rent,married,no,fixed,Seniority_q1,Time_q0,Age_q0,Expenses_q2,Income_q0,Assets_q0,Amount_q0,Price_q2,no
good,owner,married,no,fixed,Seniority_q3,Time_q1,Age_q1,Expenses_q1,Income_q1,Assets_q0,Amount_q3,Price_q3,yes
bad,rent,single,no,fixed,Seniority_q0,Time_q1,Age_q0,Expenses_q0,Income_q0,Assets_q0,Amount_q1,Price_q1,no
bad,parents,single,no,fixed,Seniority_q0,Time_q1,Age_q1,Expenses_q0,Income_q0,Assets_q0,Amount_q1,Price_q1,no
bad,owner,married,no,fixed,Seniority_q2,Time_q1,Age_q1,Expenses_q2,Income_q0,Assets_q0,Amount_q1,Price_q0,yes
good,owner,married,no,fixed,Seniority_q3,Time_q0,Age_q3,Expenses_q2,Income_q2,Assets_q0,Amount_q1,Price_q0,no
bad,priv,married,yes,fixed,Seniority_q0,Time_q1,Age_q0,Expenses_q2,Income_q2,Assets_q1,Amount_q3,Price_q2,no
bad,other,single,no,fixed,Seniority_q1,Time_q1,Age_q0,Expenses_q0,Income_q0,Assets_q0,Amount_q0,Price_q3,no
bad,rent,married,no,freelance,Seniority_q0,Time_q0,Age_q0,Expenses_q0,Income_q0,Assets_q0,Amount_q2,Price_q2,no
bad,rent,separated,yes,fixed,Seniority_q0,Time_q1,Age_q3,Expenses_q2,Income_q3,Assets_q0,Amount_q0,Price_q0,no
good,owner,married,no,fixed,Seniority_q2,Time_q1,Age_q1,Expenses_q2,Income_q2,Assets_q0,Amount_q3,Price_q3,yes
good,rent,married,no,freelance,Seniority_q3,Time_q0,Age_q2,Expenses_q2,Income_q3,Assets_q0,Amount_q0,Price_q2,no
good,owner,married,no,partime,Seniority_q1,Time_q1,Age_q1,Expenses_q0,Income_q2,Assets_q0,Amount_q3,Price_q3,yes
good,rent,married,no,fixed,Seniority_q1,Time_q0,Age_q3,Expenses_q2,Income_q3,Assets_q0,Amount_q0,Price_q0,no
good,parents,married,yes,fixed,Seniority_q1,Time_q0,Age_q3,Expenses_q1,Income_q3,Assets_q0,Amount_q0,Price_q3,no
good,owner,married,no,fixed,Seniority_q2,Time_q1,Age_q3,Expenses_q1,Income_q2,Assets_q1,Amount_q2,Price_q2,no
good,rent,married,no,fixed,Seniority_q2,Time_q1,Age_q1,Expenses_q2,Income_q1,Assets_q0,Amount_q1,Price_q1,no
good,owner,married,no,fixed,Seniority_q2,Time_q0,Age_q0,Expenses_q0,Income_q1,Assets_q0,Amount_q1,Price_q2,yes
good,rent,married,no,fixed,Seniority_q3,Time_q1,Age_q3,Expenses_q2,Income_q1,Assets_q0,Amount_q2,Price_q2,no
bad,other,married,no,freelance,Seniority_q0,Time_q1,Age_q2,Expenses_q2,Income_q1,Assets_q0,Amount_q1,Price_q0,no
good,owner,married,no,fixed,Seniority_q3,Time_q1,Age_q3,Expenses_q1,Income_q1,Assets_q0,Amount_q1,Price_q0,no
bad,other,single,no,fixed,Seniority_q0,Time_q1,Age_q0,Expenses_q0,Income_q0,Assets_q0,Amount_q3,Price_q2,no
good,other,married,no,partime,Seniority_q0,Time_q0,Age_q3,Expenses_q1,Income_q2,Assets_q1,Amount_q1,Price_q2,no
bad,owner,married,yes,others,Seniority_q0,Time_q1,Age_q3,Expenses_q2,Income_q3,Assets_q0,Amount_q3,Price_q2,yes
good,priv,married,no,fixed,Seniority_q2,Time_q1,Age_q3,Expenses_q1,Income_q3,Assets_q1,Amount_q3,Price_q3,no
good,rent,single,no,fixed,Seniority_q1,Time_q1,Age_q0,Expenses_q0,Income_q0,Assets_q0,Amount_q0,Price_q0,no
good,owner,married,no,fixed,Seniority_q2,Time_q0,Age_q1,Expenses_q1,Income_q3,Assets_q1,Amount_q0,Price_q3,no
good,parents,single,no,partime,Seniority_q0,Time_q1,Age_q0,Expenses_q0,Income_q1,Assets_q0,Amount_q0,Price_q1,no
good,owner,married,no,fixed,Seniority_q3,Time_q0,Age_q2,Expenses_q2,Income_q1,Assets_q1,Amount_q0,Price_q3,no
bad,parents,single,no,fixed,Seniority_q1,Time_q1,Age_q1,Expenses_q0,Income_q1,Assets_q0,Amount_q3,Price_q3,no
good,rent,divorced,no,fixed,Seniority_q0,Time_q0,Age_q1,Expenses_q0,Income_q0,Assets_q0,Amount_q0,Price_q0,no
good,priv,married,no,fixed,Seniority_q3,Time_q1,Age_q1,Expenses_q1,Income_q1,Assets_q0,Amount_q3,Price_q2,yes
good,rent,married,no,fixed,Seniority_q2,Time_q1,Age_q1,Expenses_q2,Income_q3,Assets_q0,Amount_q1,Price_q1,no
good,rent,married,no,fixed,Seniority_q3,Time_q1,Age_q1,Expenses_q2,Income_q3,Assets_q0,Amount_q1,Price_q1,yes
good,rent,married,no,fixed,Seniority_q0,Time_q1,Age_q0,Expenses_q1,Income_q0,Assets_q0,Amount_q1,Price_q1,no
bad,owner,single,no,freelance,Seniority_q1,Time_q0,Age_q0,Expenses_q0,?,Assets_q1,Amount_q1,Price_q0,yes
good,rent,married,yes,freelance,Seniority_q1,Time_q0,Age_q1,Expenses_q2,Income_q3,Assets_q0,Amount_q0,Price_q0,no
good,owner,single,no,fixed,Seniority_q1,Time_q1,Age_q2,Expenses_q0,Income_q1,Assets_q0,Amount_q2,Price_q2,no
good,other,married,no,fixed,Seniority_q1,Time_q1,Age_q3,Expenses_q0,Income_q0,Assets_q0,Amount_q0,Price_q0,no
good,owner,married,no,fixed,Seniority_q3,Time_q1,Age_q3,Expenses_q2,Income_q2,Assets_q0,Amount_q2,Price_q2,no
bad,parents,separated,no,fixed,Seniority_q1,Time_q1,Age_q2,Expenses_q0,Income_q1,Assets_q0,Amount_q2,Price_q2,no
good,owner,married,no,fixed,Seniority_q2,Time_q1,Age_q1,Expenses_q2,Income_q3,Assets_q1,Amount_q0,Price_q0,yes
good,owner,married,no,fixed,Seniority_q2,Time_q1,Age_q1,Expenses_q1,Income_q1,Assets_q0,Amount_q1,Price_q0,no
good,owner,married,no,fixed,Seniority_q3,Time_q1,Age_q3,Expenses_q1,Income_q1,Assets_q1,Amount_q3,Price_q2,no
bad,rent,married,yes,freelance,Seniority_q0,Time_q1,Age_q1,Expenses_q1,Income_q0,Assets_q0,Amount_q3,Price_q2,no
good,owner,married,no,fixed,Seniority_q2,Time_q1,Age_q1,Expenses_q2,Income_q0,Assets_q1,Amount_q0,Price_q1,no
good,rent,married,no,freelance,Seniority_q1,Time_q0,Age_q3,Expenses_q2,Income_q3,Assets_q0,Amount_q0,Price_q0,no
bad,owner,married,yes,fixed,Seniority_q0,Time_q1,Age_q1,Expenses_q1,Income_q3,Assets_q1,Amount_q3,Price_q3,yes
good,owner,married,no,fixed,Seniority_q1,Time_q1,Age_q2,Expenses_q2,Income_q1,Assets_q0,Amount_q2,Price_q1,no
good,owner,married,no,fixed,Seniority_q1,Time_q0,Age_q1,Expenses_q1,Income_q3,Assets_q0,Amount_q1,Price_q2,yes
good,owner,married,no,fixed,Seniority_q3,Time_q0,Age_q3,Expenses_q2,Income_q2,Assets_q1,Amount_q1,Price_q3,no
good,parents,married,no,fixed,Seniority_q2,Time_q1,Age_q1,Expenses_q0,Income_q3,Assets_q0,Amount_q3,Price_q3,no
good,owner,single,no,fixed,Seniority_q3,Time_q1,Age_q1,Expenses_q0,Income_q2,Assets_q0,Amount_q3,Price_q3,yes
good,owner,married,no,freelance,Seniority_q3,Time_q1,Age_q2,Expenses_q2,?,Assets_q0,Amount_q2,Price_q3,no
good,owner,married,no,freelance,Seniority_q2,Time_q0,Age_q2,Expenses_q2,Income_q2,Assets_q0,Amount_q0,Price_q0,no
good,owner,married,no,fixed,Seniority_q2,Time_q0,Age_q2,Expenses_q2,Income_q3,Assets_q1,Amount_q0,Price_q3,no
good,owner,married,no,partime,Seniority_q0,Time_q0,Age_q0,Expenses_q1,Income_q2,Assets_q0,Amount_q0,Price_q1,no
good,parents,single,no,freelance,Seniority_q0,Time_q1,Age_q1,Expenses_q0,Income_q3,Assets_q1,Amount_q3,Price_q3,no
good,other,divorced,no,fixed,Seniority_q2,Time_q0,Age_q2,Expenses_q1,Income_q0,Assets_q0,Amount_q0,Price_q2,no
good,priv,married,no,fixed,Seniority_q3,Time_q1,Age_q3,Expenses_q1,Income_q2,Assets_q0,Amount_q1,Price_q2,no
bad,owner,married,yes,freelance,Seniority_q3,Time_q1,Age_q3,Expenses_q0,Income_q1,Assets_q1,Amount_q2,Price_q1,no
bad,rent,married,no,freelance,Seniority_q1,Time_q0,Age_q1,Expenses_q1,Income_q0,Assets_q0,Amount_q0,Price_q0,no
good,owner,married,no,freelance,Seniority_q0,Time_q1,Age_q2,Expenses_q1,Income_q2,Assets_q0,Amount_q2,Price_q2,yes
good,rent,married,yes,fixed,Seniority_q1,Time_q1,Age_q1,Expenses_q2,Income_q3,Assets_q0,Amount_q3,Price_q3,no
good,owner,married,no,fixed,Seniority_q3,Time_q1,Age_q2,Expenses_q2,Income_q1,Assets_q0,Amount_q2,Price_q2,no
good,owner,single,no,partime,Seniority_q0,Time_q1,Age_q0,Expenses_q0,Income_q1,Assets_q1,Amount_q2,Price_q1,no
good,owner,married,no,fixed,Seniority_q1,Time_q0,Age_q0,Expenses_q2,Income_q2,Assets_q0,Amount_q2,Price_q1,no
good,owner,married,no,freelance,Seniority_q3,Time_q1,Age_q3,Expenses_q2,Income_q3,Assets_q0,Amount_q1,Price_q1,no
good,owner,married,no,freelance,Seniority_q3,Time_q1,Age_q0,Expenses_q2,Income_q1,Assets_q1,Amount_q3,Price_q3,yes
good,parents,single,no,fixed,Seniority_q0,Time_q0,Age_q0,Expenses_q0,Income_q0,Assets_q0,Amount_q0,Price_q0,no
bad,rent,married,yes,fixed,Seniority_q2,Time_q1,Age_q0,Expenses_q2,Income_q3,Assets_q0,Amount_q0,Price_q1,no
good,owner,married,no,fixed,Seniority_q3,Time_q1,Age_q1,Expenses_q2,Income_q3,Assets_q1,Amount_q2,Price_q3,no
good,owner,married,no,fixed,Seniority_q1,Time_q1,Age_q1,Expenses_q0,Income_q2,Assets_q0,Amount_q1,Price_q1,yes
good,owner,married,no,fixed,Seniority_q3,Time_q0,Age_q2,Expenses_q1,Income_q1,Assets_q0,Amount_q0,Price_q0,no
bad,parents,divorced,no,partime,Seniority_q0,Time_q1,Age_q0,Expenses_q0,Income_q0,Assets_q0,Amount_q1,Price_q0,no
good,owner,married,no,freelance,Seniority_q3,Time_q0,Age_q3,Expenses_q2,Income_q3,Assets_q1,Amount_q1,Price_q3,no
good,rent,single,no,freelance,Seniority_q3,Time_q1,Age_q2,Expenses_q1,Income_q2,Assets_q0,Amount_q1,Price_q1,no
bad,other,widow,yes,freelance,Seniority_q0,Time_q1,Age_q3,Expenses_q0,?,Assets_q0,Amount_q3,Price_q2,no
good,parents,single,no,fixed,Seniority_q0,Time_q0,Age_q0,Expenses_q0,Income_q0,Assets_q0,Amount_q0,Price_q0,no
good,parents,married,no,fixed,Seniority_q2,Time_q1,Age_q0,Expenses_q1,Income_q2,Assets_q0,Amount_q2,Price_q1,no
bad,owner,married,no,fixed,Seniority_q2,Time_q1,Age_q1,Expenses_q1,Income_q1,Assets_q0,Amount_q3,Price_q2,no
bad,rent,divorced,yes,fixed,Seniority_q0,Time_q1,Age_q1,Expenses_q0,Income_q0,Assets_q0,Amount_q0,Price_q1,no
good,owner,married,no,fixed,Seniority_q0,Time_q1,Age_q2,Expenses_q1,Income_q2,Assets_q0,Amount_q2,Price_q3,yes
bad,priv,married,yes,freelance,Seniority_q3,Time_q1,Age_q3,Expenses_q1,Income_q0,Assets_q1,Amount_q3,Price_q3,no
good,owner,married,no,freelance,Seniority_q3,Time_q1,Age_q3,Expenses_q1,?,Assets_q1,Amount_q3,Price_q3,no
good,parents,single,no,fixed,Seniority_q1,Time_q0,Age_q0,Expenses_q0,Income_q0,Assets_q1,Amount_q1,Price_q0,no
bad,parents,single,no,fixed,Seniority_q1,Time_q1,Age_q0,Expenses_q0,Income_q0,Assets_q0,Amount_q0,Price_q0,no
good,owner,widow,no,fixed,Seniority_q3,Time_q1,Age_q3,Expenses_q0,Income_q1,Assets_q0,Amount_q1,Price_q0,no
bad,owner,married,no,fixed,Seniority_q2,Time_q1,Age_q2,Expenses_q2,Income_q1,Assets_q0,Amount_q3,Price_q2,yes
good,parents,single,no,fixed,Seniority_q3,Time_q1,Age_q2,Expenses_q0,Income_q2,Assets_q0,Amount_q1,Price_q1,no
good,owner,married,no,fixed,Seniority_q3,Time_q1,Age_q3,Expenses_q1,Income_q3,Assets_q0,Amount_q2,Price_q3,no
good,parents,single,yes,fixed,Seniority_q0,Time_q1,Age_q0,Expenses_q0,Income_q0,Assets_q0,Amount_q1,Price_q1,no
good,priv,married,no,fixed,Seniority_q0,Time_q1,Age_q0,Expenses_q0,Income_q0,Assets_q0,Amount_q2,Price_q1,no
bad,other,single,no,partime,Seniority_q1,Time_q1,Age_q0,Expenses_q0,Income_q1,Assets_q0,Amount_q3,Price_q2,no
good,owner,married,no,fixed,Seniority_q2,Time_q1,Age_q1,Expenses_q2,Income_q1,Assets_q1,Amount_q1,Price_q1,yes
good,owner,married,no,fixed,Seniority_q1,Time_q0,Age_q1,Expenses_q0,Income_q3,Assets_q1,Amount_q0,Price_q1,yes
bad,rent,married,no,fixed,Seniority_q0,Time_q1,Age_q1,Expenses_q2,Income_q3,Assets_q0,Amount_q3,Price_q2,no
good,parents,single,no,partime,Seniority_q0,Time_q1,Age_q0,Expenses_q0,Income_q2,Assets_q0,Amount_q2,Price_q2,yes
good,parents,single,no,fixed,Seniority_q0,Time_q1,Age_q0,Expenses_q0,Income_q1,Assets_q0,Amount_q1,Price_q2,no
bad,parents,married,no,fixed,Seniority_q0,Time_q1,Age_q0,Expenses_q1,Income_q3,Assets_q0,Amount_q3,Price_q3,no
bad,other,single,no,fixed,Seniority_q0,Time_q1,Age_q1,Expenses_q0,Income_q2,Assets_q0,Amount_q3,Price_q2,no
good,other,separated,no,freelance,Seniority_q0,Time_q1,Age_q2,Expenses_q0,Income_q1,Assets_q0,Amount_q2,Price_q2,no
good,parents,single,no,fixed,Seniority_q2,Time_q1,Age_q0,Expenses_q0,Income_q1,Assets_q0,Amount_q0,Price_q0,no
good,rent,married,no,freelance,Seniority_q0,Time_q0,Age_q2,Expenses_q2,?,Assets_q0,Amount_q1,Price_q0,no
good,rent,single,no,fixed,Seniority_q1,Time_q0,Age_q1,Expenses_q0,Income_q0,Assets_q1,Amount_q0,Price_q0,no
bad,parents,single,no,fixed,Seniority_q0,Time_q1,Age_q0,Expenses_q0,Income_q0,Assets_q0,Amount_q3,Price_q2,no
good,rent,married,no,freelance,Seniority_q2,Time_q1,Age_q2,Expenses_q2,Income_q3,Assets_q0,Amount_q0,Price_q1,no
good,owner,single,yes,fixed,Seniority_q1,Time_q1,Age_q3,Expenses_q0,Income_q3,Assets_q1,Amount_q2,Price_q2,no
good,parents,single,no,freelance,Seniority_q0,Time_q0,Age_q0,Expenses_q0,?,Assets_q0,Amount_q0,Price_q0,no
bad,owner,married,no,others,Seniority_q0,Time_q0,Age_q1,Expenses_q0,Income_q0,Assets_q0,Amount_q2,Price_q3,no
good,priv,married,no,fixed,Seniority_q3,Time_q1,Age_q2,Expenses_q2,Income_q2,Assets_q0,Amount_q1,Price_q0,no
bad,rent,married,yes,freelance,Seniority_q2,Time_q1,Age_q2,Expenses_q2,Income_q3,Assets_q1,Amount_q3,Price_q3,yes
good,rent,married,no,partime,Seniority_q0,Time_q1,Age_q1,Expenses_q2,Income_q2,Assets_q0,Amount_q1,Price_q0,no
good,rent,married,no,fixed,Seniority_q3,Time_q0,Age_q2,Expenses_q2,Income_q2,Assets_q0,Amount_q0,Price_q1,no
bad,rent,separated,yes,fixed,Seniority_q1,Time_q1,Age_q3,Expenses_q1,Income_q1,Assets_q0,Amount_q1,Price_q0,no
good,owner,widow,no,fixed,Seniority_q0,Time_q0,Age_q0,Expenses_q0,Income_q2,Assets_q1,Amount_q1,Price_q1,no
bad,owner,married,no,freelance,Seniority_q1,Time_q0,Age_q2,Expenses_q0,?,Assets_q0,Amount_q0,Price_q0,no
bad,owner,married,yes,fixed,Seniority_q0,Time_q1,Age_q3,Expenses_q2,Income_q3,Assets_q1,Amount_q3,Price_q3,no
good,rent,single,no,fixed,Seniority_q3,Time_q0,Age_q2,Expenses_q0,Income_q1,Assets_q0,Amount_q0,Price_q0,no
bad,rent,single,no,freelance,Seniority_q1,Time_q0,Age_q0,Expenses_q1,Income_q2,Assets_q0,Amount_q0,Price_q0,no
bad,parents,married,yes,fixed,Seniority_q3,Time_q1,Age_q3,Expenses_q0,Income_q2,Assets_q0,Amount_q3,Price_q3,no
good,rent,single,no,fixed,Seniority_q0,Time_q1,Age_q0,Expenses_q0,Income_q1,Assets_q0,Amount_q2,Price_q1,no
good,parents,single,no,partime,Seniority_q1,Time_q0,Age_q0,Expenses_q0,Income_q0,Assets_q0,Amount_q1,Price_q0,no
good,rent,married,no,fixed,Seniority_q1,Time_q0,Age_q3,Expenses_q2,Income_q3,Assets_q1,Amount_q0,Price_q0,no
bad,rent,married,yes,freelance,Seniority_q2,Time_q0,Age_q2,Expenses_q2,?,Assets_q0,Amount_q1,Price_q0,no
good,rent,single,no,partime,Seniority_q2,Time_q0,Age_q3,Expenses_q2,Income_q1,Assets_q0,Amount_q0,Price_q0,no
good,rent,married,no,freelance,Seniority_q3,Time_q0,Age_q3,Expenses_q2,Income_q0,Assets_q0,Amount_q0,Price_q0,no
good,owner,single,no,fixed,Seniority_q0,Time_q0,Age_q0,Expenses_q0,Income_q2,Assets_q0,Amount_q0,Price_q0,no
bad,owner,married,no,others,Seniority_q0,Time_q1,Age_q3,Expenses_q0,Income_q0,Assets_q0,Amount_q0,Price_q0,no
bad,parents,single,no,fixed,Seniority_q0,Time_q0,Age_q0,Expenses_q0,Income_q0,Assets_q0,Amount_q1,Price_q1,no
good,owner,married,no,freelance,Seniority_q3,Time_q0,Age_q3,Expenses_q1,Income_q3,Assets_q1,Amount_q3,Price_q3,no
good,rent,married,no,fixed,Seniority_q0,Time_q1,Age_q1,Expenses_q2,Income_q2,Assets_q0,Amount_q2,Price_q2,no
good,owner,married,no,fixed,Seniority_q1,Time_q1,Age_q1,Expenses_q2,Income_q2,Assets_q0,Amount_q2,Price_q2,no
bad,parents,married,yes,fixed,Seniority_q1,Time_q0,Age_q2,Expenses_q2,Income_q0,Assets_q0,Amount_q3,Price_q3,no
good,owner,married,no,freelance,Seniority_q2,Time_q0,Age_q2,Expenses_q1,?,Assets_q1,Amount_q1,Price_q3,no
good,owner,married,yes,fixed,Seniority_q1,Time_q0,Age_q1,Expenses_q0,Income_q2,Assets_q0,Amount_q0,Price_q0,no
good,parents,married,no,freelance,Seniority_q2,Time_q1,Age_q2,Expenses_q2,Income_q0,Assets_q0,Amount_q1,Price_q2,no
good,rent,single,no,fixed,Seniority_q0,Time_q0,Age_q0,Expenses_q0,Income_q0,Assets_q0,Amount_q0,Price_q0,no
good,owner,separated,no,fixed,Seniority_q2,Time_q1,Age_q2,Expenses_q0,Income_q0,Assets_q1,Amount_q2,Price_q2,yes
good,rent,married,yes,freelance,Seniority_q2,Time_q0,Age_q1,Expenses_q2,Income_q3,Assets_q1,Amount_q3,Price_q3,no
bad,rent,married,yes,fixed,Seniority_q0,Time_q0,Age_q3,Expenses_q2,Income_q3,Assets_q0,Amount_q0,Price_q0,no
bad,rent,separated,yes,freelance,Seniority_q0,Time_q1,Age_q1,Expenses_q0,?,Assets_q0,Amount_q3,Price_q3,no
good,parents,single,yes,freelance,Seniority_q0,Time_q0,Age_q0,Expenses_q0,Income_q0,Assets_q1,Amount_q0,Price_q2,no
good,owner,married,no,fixed,Seniority_q3,Time_q1,Age_q3,Expenses_q2,Income_q3,Assets_q1,Amount_q1,Price_q0,no
good,owner,married,no,fixed,Seniority_q3,Time_q0,Age_q3,Expenses_q1,Income_q2,Assets_q0,Amount_q0,Price_q0,yes
bad,owner,married,no,fixed,Seniority_q2,Time_q1,Age_q0,Expenses_q1,Income_q0,Assets_q0,Amount_q3,Price_q2,yes
good,owner,married,no,fixed,Seniority_q2,Time_q1,Age_q2,Expenses_q2,Income_q3,Assets_q1,Amount_q2,Price_q2,yes
bad,owner,separated,no,fixed,Seniority_q3,Time_q0,Age_q2,Expenses_q0,Income_q3,Assets_q1,Amount_q3,Price_q3,no
good,rent,married,no,fixed,Seniority_q1,Time_q1,Age_q0,Expenses_q2,Income_q2,Assets_q0,Amount_q2,Price_q3,no
bad,owner,married,yes,fixed,Seniority_q0,Time_q1,Age_q2,Expenses_q2,Income_q3,Assets_q0,Amount_q1,Price_q1,yes
bad,rent,single,yes,freelance,Seniority_q0,Time_q0,Age_q0,Expenses_q2,Income_q3,Assets_q0,Amount_q1,Price_q0,no
good,rent,married,no,partime,Seniority_q0,Time_q1,Age_q2,Expenses_q1,Income_q2,Assets_q0,Amount_q3,Price_q2,no
bad,owner,married,yes,freelance,Seniority_q0,Time_q1,Age_q1,Expenses_q1,Income_q2,Assets_q1,Amount_q3,Price_q3,no
good,parents,married,no,fixed,Seniority_q3,Time_q1,Age_q0,Expenses_q1,Income_q1,Assets_q0,Amount_q1,Price_q1,no
good,owner,married,no,freelance,Seniority_q1,Time_q0,Age_q2,Expenses_q2,Income_q2,Assets_q1,Amount_q0,Price_q0,no
bad,rent,married,no,fixed,Seniority_q0,Time_q0,Age_q0,Expenses_q1,Income_q0,Assets_q0,Amount_q0,Price_q0,no
good,rent,married,no,fixed,Seniority_q2,Time_q1,Age_q0,Expenses_q2,Income_q3,Assets_q0,Amount_q1,Price_q1,no
good,owner,married,no,fixed,Seniority_q3,Time_q0,Age_q3,Expenses_q2,Income_q3,Assets_q0,Amount_q2,Price_q1,no
good,owner,married,no,fixed,Seniority_q2,Time_q0,Age_q3,Expenses_q1,Income_q2,Assets_q1,Amount_q0,Price_q2,no
good,owner,married,no,fixed,Seniority_q3,Time_q0,Age_q3,Expenses_q0,Income_q2,Assets_q1,Amount_q0,Price_q1,no
good,parents,single,no,fixed,Seniority_q0,Time_q1,Age_q0,Expenses_q0,Income_q0,Assets_q0,Amount_q1,Price_q1,no
good,parents,single,no,fixed,Seniority_q1,Time_q1,Age_q0,Expenses_q0,Income_q1,Assets_q0,Amount_q2,Price_q0,no
good,parents,married,yes,freelance,Seniority_q3,Time_q0,Age_q2,Expenses_q2,?,Assets_q0,Amount_q0,Price_q0,no
good,owner,married,no,fixed,Seniority_q1,Time_q1,Age_q1,Expenses_q2,Income_q3,Assets_q0,Amount_q3,Price_q3,no
good,owner,married,no,fixed,Seniority_q1,Time_q0,Age_q0,Expenses_q0,Income_q1,Assets_q0,Amount_q0,Price_q1,no
good,parents,single,no,fixed,Seniority_q1,Time_q0,Age_q0,Expenses_q0,Income_q0,Assets_q0,Amount_q0,Price_q1,no
good,parents,single,no,fixed,Seniority_q0,Time_q1,Age_q0,Expenses_q0,Income_q1,Assets_q0,Amount_q1,Price_q0,no
good,owner,married,no,freelance,Seniority_q1,Time_q0,Age_q2,Expenses_q2,Income_q0,Assets_q0,Amount_q1,Price_q0,no
good,owner,married,no,others,Seniority_q0,Time_q1,Age_q3,Expenses_q1,Income_q1,Assets_q0,Amount_q2,Price_q1,no
good,other,married,yes,fixed,Seniority_q0,Time_q1,Age_q1,Expenses_q2,Income_q2,Assets_q0,Amount_q3,Price_q3,yes
good,owner,married,no,fixed,Seniority_q2,Time_q1,Age_q2,Expenses_q0,Income_q0,Assets_q0,Amount_q1,Price_q0,no
good,parents,married,no,fixed,Seniority_q2,Time_q0,Age_q1,Expenses_q1,Income_q0,Assets_q0,Amount_q0,Price_q2,no
good,rent,married,no,freelance,Seniority_q3,Time_q0,Age_q3,Expenses_q2,Income_q2,Assets_q1,Amount_q1,Price_q3,no
good,owner,married,no,fixed,Seniority_q2,Time_q1,Age_q1,Expenses_q2,Income_q3,Assets_q1,Amount_q2,Price_q3,no
good,owner,married,no,freelance,Seniority_q1,Time_q1,Age_q1,Expenses_q2,Income_q0,Assets_q1,Amount_q3,Price_q3,yes
good,owner,married,no,freelance,Seniority_q3,Time_q1,Age_q3,Expenses_q0,Income_q1,Assets_q1,Amount_q3,Price_q3,no
good,parents,single,no,fixed,Seniority_q2,Time_q0,Age_q0,Expenses_q0,Income_q0,Assets_q0,Amount_q0,Price_q0,no
bad,rent,divorced,no,fixed,Seniority_q0,Time_q1,Age_q1,Expenses_q0,Income_q1,Assets_q0,Amount_q1,Price_q1,no
good,parents,married,no,fixed,Seniority_q1,Time_q1,Age_q0,Expenses_q0,Income_q3,Assets_q0,Amount_q2,Price_q2,no
good,owner,single,no,fixed,Seniority_q2,Time_q1,Age_q1,Expenses_q0,Income_q0,Assets_q0,Amount_q0,Price_q0,no
good,parents,single,no,partime,Seniority_q0,Time_q0,Age_q0,Expenses_q0,Income_q0,Assets_q0,Amount_q0,Price_q0,no
bad,rent,single,no,fixed,Seniority_q1,Time_q0,Age_q0,Expenses_q0,Income_q0,Assets_q0,Amount_q1,Price_q0,no
good,rent,married,no,fixed,Seniority_q0,Time_q1,Age_q2,Expenses_q2,Income_q1,Assets_q0,Amount_q2,Price_q2,no
bad,parents,single,yes,fixed,Seniority_q0,Time_q1,Age_q0,Expenses_q0,Income_q0,Assets_q0,Amount_q1,Price_q0,no
good,owner,married,no,freelance,Seniority_q3,Time_q1,Age_q2,Expenses_q2,Income_q0,Assets_q1,Amount_q3,Price_q3,no
good,parents,single,yes,fixed,Seniority_q2,Time_q1,Age_q1,Expenses_q0,Income_q0,Assets_q1,Amount_q1,Price_q0,no
good,parents,married,yes,fixed,Seniority_q1,Time_q0,Age_q1,Expenses_q1,Income_q0,Assets_q0,Amount_q3,Price_q3,no
good,owner,married,no,freelance,Seniority_q3,Time_q1,Age_q3,Expenses_q1,Income_q2,Assets_q1,Amount_q3,Price_q3,no
good,owner,married,yes,fixed,Seniority_q2,Time_q0,Age_q3,Expenses_q1,Income_q1,Assets_q0,Amount_q1,Price_q1,no
good,rent,married,no,fixed,Seniority_q1,Time_q0,Age_q1,Expenses_q1,Income_q1,Assets_q0,Amount_q0,Price_q0,no
good,priv,married,no,fixed,Seniority_q0,Time_q0,Age_q0,Expenses_q1,Income_q2,Assets_q0,Amount_q0,Price_q1,yes
good,owner,married,no,freelance,Seniority_q3,Time_q0,Age_q3,Expenses_q2,?,Assets_q1,Amount_q0,Price_q2,no
good,owner,married,no,freelance,Seniority_q3,Time_q0,Age_q3,Expenses_q1,?,Assets_q1,Amount_q0,Price_q2,no
bad,other,married,yes,fixed,Seniority_q0,Time_q1,Age_q1,Expenses_q2,?,Assets_q0,Amount_q3,Price_q2,no
good,owner,married,no,fixed,Seniority_q2,Time_q1,Age_q1,Expenses_q2,Income_q1,Assets_q0,Amount_q3,Price_q3,yes
good,owner,married,no,fixed,Seniority_q2,Time_q1,Age_q2,Expenses_q2,Income_q3,Assets_q1,Amount_q2,Price_q1,no
good,parents,single,no,fixed,Seniority_q0,Time_q1,Age_q0,Expenses_q0,Income_q0,Assets_q0,Amount_q1,Price_q0,no
bad,owner,single,no,freelance,Seniority_q0,Time_q1,Age_q0,Expenses_q0,Income_q3,Assets_q1,Amount_q3,Price_q3,no
bad,ignore,married,no,partime,Seniority_q0,Time_q0,Age_q2,Expenses_q2,Income_q0,Assets_q0,Amount_q0,Price_q0,no
good,owner,married,yes,fixed,Seniority_q0,Time_q1,Age_q1,Expenses_q0,Income_q3,Assets_q0,Amount_q2,Price_q3,yes
good,rent,married,no,fixed,Seniority_q0,Time_q1,Age_q0,Expenses_q1,Income_q2,Assets_q0,Amount_q2,Price_q1,no
bad,owner,married,no,fixed,Seniority_q2,Time_q0,Age_q2,Expenses_q2,Income_q2,Assets_q1,Amount_q0,Price_q0,yes
good,rent,married,no,freelance,Seniority_q0,Time_q0,Age_q1,Expenses_q2,Income_q3,Assets_q1,Amount_q3,Price_q3,yes
good,rent,married,yes,fixed,Seniority_q3,Time_q1,Age_q2,Expenses_q2,Income_q1,Assets_q0,Amount_q2,Price_q2,no
good,parents,single,no,fixed,Seniority_q2,Time_q0,Age_q1,Expenses_q0,Income_q0,Assets_q0,Amount_q0,Price_q1,no
good,rent,married,no,fixed,Seniority_q0,Time_q0,Age_q2,Expenses_q2,Income_q2,Assets_q0,Amount_q1,Price_q3,no
bad,rent,single,no,fixed,Seniority_q0,Time_q0,Age_q0,Expenses_q0,Income_q0,Assets_q0,Amount_q1,Price_q1,no
bad,owner,married,no,partime,Seniority_q0,Time_q0,Age_q0,Expenses_q0,Income_q2,Assets_q0,Amount_q0,Price_q0,yes
good,owner,married,no,freelance,Seniority_q2,Time_q1,Age_q3,Expenses_q2,Income_q2,Assets_q1,Amount_q2,Price_q1,no
good,owner,married,yes,fixed,Seniority_q0,Time_q1,Age_q2,Expenses_q0,Income_q0,Assets_q0,Amount_q2,Price_q2,no
good,owner,widow,no,fixed,Seniority_q0,Time_q0,Age_q0,Expenses_q0,Income_q0,Assets_q0,Amount_q0,Price_q0,no
good,rent,single,no,fixed,Seniority_q2,Time_q1,Age_q0,Expenses_q0,Income_q0,Assets_q0,Amount_q1,Price_q1,no
good,owner,married,no,fixed,Seniority_q1,Time_q1,Age_q1,Expenses_q2,Income_q0,Assets_q1,Amount_q2,Price_q3,yes
bad,rent,married,no,partime,Seniority_q0,Time_q1,Age_q1,Expenses_q2,Income_q2,Assets_q0,Amount_q2,Price_q3,no
good,rent,married,no,freelance,Seniority_q3,Time_q1,Age_q2,Expenses_q1,Income_q2,Assets_q0,Amount_q2,Price_q2,no
bad,other,single,yes,fixed,Seniority_q0,Time_q1,Age_q0,Expenses_q0,Income_q0,Assets_q0,Amount_q2,Price_q2,no
good,owner,married,no,fixed,Seniority_q2,Time_q0,Age_q1,Expenses_q0,Income_q1,Assets_q1,Amount_q0,Price_q2,yes
good,priv,married,no,fixed,Seniority_q2,Time_q1,Age_q3,Expenses_q1,Income_q3,Assets_q0,Amount_q3,Price_q3,no
good,rent,married,no,fixed,Seniority_q1,Time_q0,Age_q0,Expenses_q2,Income_q0,Assets_q0,Amount_q0,Price_q0,no
bad,owner,single,no,freelance,Seniority_q0,Time_q0,Age_q0,Expenses_q0,?,Assets_q1,Amount_q1,Price_q1,yes
good,other,single,no,fixed,Seniority_q0,Time_q1,Age_q0,Expenses_q0,Income_q0,Assets_q0,Amount_q1,Price_q2,no
good,other,single,no,fixed,Seniority_q2,Time_q0,Age_q1,Expenses_q0,Income_q1,Assets_q0,Amount_q1,Price_q3,no
good,rent,married,no,fixed,Seniority_q1,Time_q1,Age_q2,Expenses_q2,Income_q2,Assets_q0,Amount_q1,Price_q0,no
good,parents,single,no,partime,Seniority_q0,Time_q0,Age_q0,Expenses_q0,Income_q1,Assets_q0,Amount_q1,Price_q2,no
good,owner,married,no,freelance,Seniority_q2,Time_q0,Age_q1,Expenses_q1,Income_q2,Assets_q0,Amount_q0,Price_q2,no
good,parents,single,no,fixed,Seniority_q0,Time_q1,Age_q1,Expenses_q0,Income_q0,Assets_q0,Amount_q1,Price_q1,no
good,other,married,no,fixed,Seniority_q3,Time_q0,Age_q2,Expenses_q2,Income_q0,Assets_q0,Amount_q0,Price_q1,no
good,rent,separated,no,fixed,Seniority_q2,Time_q1,Age_q1,Expenses_q1,Income_q1,Assets_q0,Amount_q2,Price_q3,no
good,rent,separated,no,fixed,Seniority_q1,Time_q1,Age_q1,Expenses_q1,Income_q3,Assets_q0,Amount_q2,Price_q2,no
good,owner,married,no,freelance,Seniority_q1,Time_q1,Age_q0,Expenses_q1,Income_q3,Assets_q1,Amount_q2,Price_q1,yes
bad,owner,married,no,others,Seniority_q0,Time_q1,Age_q1,Expenses_q1,Income_q0,Assets_q0,Amount_q2,Price_q1,no
good,owner,married,no,fixed,Seniority_q1,Time_q0,Age_q0,Expenses_q1,Income_q1,Assets_q0,Amount_q0,Price_q2,yes
bad,owner,married,yes,fixed,Seniority_q2,Time_q1,Age_q3,Expenses_q0,Income_q2,Assets_q1,Amount_q2,Price_q3,no
good,priv,married,no,fixed,Seniority_q1,Time_q0,Age_q2,Expenses_q2,Income_q1,Assets_q0,Amount_q0,Price_q0,no
bad,parents,single,yes,fixed,Seniority_q2,Time_q1,Age_q1,Expenses_q0,Income_q1,Assets_q0,Amount_q1,Price_q1,no
good,parents,married,no,fixed,Seniority_q0,Time_q1,Age_q0,Expenses_q0,Income_q3,Assets_q0,Amount_q3,Price_q3,no
good,owner,married,no,partime,Seniority_q0,Time_q1,Age_q2,Expenses_q2,Income_q0,Assets_q1,Amount_q2,Price_q2,no
good,owner,single,no,fixed,Seniority_q3,Time_q1,Age_q2,Expenses_q0,Income_q0,Assets_q0,Amount_q2,Price_q1,no
good,other,married,no,fixed,Seniority_q0,Time_q1,Age_q0,Expenses_q1,Income_q3,Assets_q0,Amount_q2,Price_q3,no
good,owner,married,no,freelance,Seniority_q2,Time_q0,Age_q2,Expenses_q2,Income_q3,Assets_q1,Amount_q0,Price_q0,no
good,priv,married,no,fixed,Seniority_q3,Time_q0,Age_q3,Expenses_q2,Income_q2,Assets_q0,Amount_q0,Price_q2,yes
bad,rent,married,no,fixed,Seniority_q2,Time_q1,Age_q2,Expenses_q1,Income_q2,Assets_q0,Amount_q1,Price_q3,no
bad,owner,married,no,fixed,Seniority_q3,Time_q0,Age_q3,Expenses_q2,Income_q1,Assets_q0,Amount_q1,Price_q1,yes
good,parents,single,no,fixed,Seniority_q0,Time_q1,Age_q0,Expenses_q0,Income_q2,Assets_q0,Amount_q3,Price_q3,no
good,parents,married,no,fixed,Seniority_q3,Time_q1,Age_q0,Expenses_q0,Income_q2,Assets_q0,Amount_q2,Price_q1,no
good,owner,married,yes,fixed,Seniority_q3,Time_q1,Age_q3,Expenses_q0,Income_q0,Assets_q0,Amount_q1,Price_q1,no
good,owner,married,no,fixed,Seniority_q0,Time_q0,Age_q1,Expenses_q2,Income_q3,Assets_q1,Amount_q1,Price_q2,yes
good,rent,married,no,partime,Seniority_q0,Time_q1,Age_q0,Expenses_q2,Income_q2,Assets_q0,Amount_q2,Price_q3,no
bad,owner,married,yes,freelance,Seniority_q0,Time_q1,Age_q1,Expenses_q2,?,Assets_q1,Amount_q3,Price_q3,no
good,rent,married,no,fixed,Seniority_q2,Time_q1,Age_q0,Expenses_q2,Income_q3,Assets_q0,Amount_q1,Price_q1,no
good,parents,married,no,freelance,Seniority_q3,Time_q0,Age_q2,Expenses_q2,Income_q3,Assets_q0,Amount_q0,Price_q2,no
good,owner,married,no,fixed,Seniority_q2,Time_q0,Age_q1,Expenses_q1,Income_q0,Assets_q0,Amount_q0,Price_q3,yes
good,owner,married,no,fixed,Seniority_q0,Time_q0,Age_q0,Expenses_q0,Income_q1,Assets_q0,Amount_q2,Price_q3,no
bad,rent,single,no,fixed,Seniority_q0,Time_q1,Age_q0,Expenses_q0,Income_q1,Assets_q0,Amount_q3,Price_q3,no
bad,other,married,yes,fixed,Seniority_q0,Time_q1,Age_q0,Expenses_q2,?,Assets_q0,Amount_q3,Price_q3,no
good,owner,married,no,freelance,Seniority_q0,Time_q1,Age_q2,Expenses_q2,Income_q3,Assets_q1,Amount_q2,Price_q1,yes
good,other,single,no,fixed,Seniority_q0,Time_q0,Age_q1,Expenses_q0,Income_q0,Assets_q0,Amount_q1,Price_q1,no
good,owner,married,no,fixed,Seniority_q2,Time_q1,Age_q1,Expenses_q2,Income_q2,Assets_q0,Amount_q2,Price_q2,yes
good,owner,married,no,freelance,Seniority_q2,Time_q0,Age_q3,Expenses_q2,Income_q3,Assets_q1,Amount_q0,Price_q0,yes
good,rent,married,no,fixed,Seniority_q1,Time_q1,Age_q2,Expenses_q2,Income_q2,Assets_q0,Amount_q2,Price_q2,no
bad,parents,married,no,freelance,Seniority_q0,Time_q1,Age_q1,Expenses_q1,?,Assets_q0,Amount_q1,Price_q0,no
bad,owner,married,no,fixed,Seniority_q2,Time_q1,Age_q0,Expenses_q0,Income_q1,Assets_q0,Amount_q3,Price_q3,yes
good,rent,married,no,fixed,Seniority_q2,Time_q1,Age_q2,Expenses_q2,Income_q2,Assets_q0,Amount_q1,Price_q2,no
bad,owner,married,no,freelance,Seniority_q0,Time_q1,Age_q0,Expenses_q0,?,Assets_q1,Amount_q0,Price_q3,yes
good,rent,married,no,freelance,Seniority_q1,Time_q0,Age_q1,Expenses_q0,?,Assets_q0,Amount_q1,Price_q1,no
good,owner,married,no,freelance,Seniority_q2,Time_q0,Age_q3,Expenses_q0,Income_q0,Assets_q1,Amount_q0,Price_q0,no
bad,rent,married,no,partime,Seniority_q0,Time_q0,Age_q0,Expenses_q2,Income_q3,Assets_q0,Amount_q0,Price_q0,no
good,rent,single,no,fixed,Seniority_q0,Time_q1,Age_q1,Expenses_q2,Income_q3,Assets_q0,Amount_q3,Price_q2,no
bad,other,married,no,freelance,Seniority_q0,Time_q0,Age_q3,Expenses_q0,?,Assets_q0,Amount_q0,Price_q0,no
good,rent,married,no,fixed,Seniority_q2,Time_q0,Age_q0,Expenses_q2,Income_q2,Assets_q0,Amount_q0,Price_q1,no
good,owner,married,no,fixed,Seniority_q3,Time_q1,Age_q3,Expenses_q1,Income_q2,Assets_q0,Amount_q2,Price_q1,no
good,owner,married,no,fixed,Seniority_q2,Time_q1,Age_q1,Expenses_q2,Income_q3,Assets_q0,Amount_q3,Price_q2,no
good,owner,married,no,fixed,Seniority_q3,Time_q0,Age_q1,Expenses_q2,Income_q2,Assets_q0,Amount_q0,Price_q3,yes
good,owner,married,no,fixed,Seniority_q0,Time_q0,Age_q1,Expenses_q0,Income_q1,Assets_q0,Amount_q3,Price_q3,yes
good,parents,single,no,fixed,Seniority_q1,Time_q1,Age_q0,Expenses_q0,Income_q2,Assets_q1,Amount_q0,Price_q0,no
good,owner,married,no,freelance,Seniority_q0,Time_q0,Age_q2,Expenses_q2,Income_q3,Assets_q0,Amount_q0,Price_q0,yes
good,other,married,no,fixed,Seniority_q3,Time_q1,Age_q3,Expenses_q2,Income_q3,Assets_q0,Amount_q1,Price_q0,no
good,owner,married,no,fixed,Seniority_q3,Time_q1,Age_q3,Expenses_q0,Income_q1,Assets_q1,Amount_q0,Price_q1,yes
good,owner,married,yes,fixed,Seniority_q2,Time_q1,Age_q2,Expenses_q1,Income_q2,Assets_q0,Amount_q3,Price_q3,no
good,owner,single,no,fixed,Seniority_q2,Time_q1,Age_q0,Expenses_q1,Income_q2,Assets_q0,Amount_q2,Price_q1,no
good,rent,married,yes,partime,Seniority_q0,Time_q0,Age_q1,Expenses_q2,Income_q0,Assets_q0,Amount_q0,Price_q0,no
good,owner,married,no,fixed,Seniority_q0,Time_q1,Age_q1,Expenses_q1,Income_q2,Assets_q1,Amount_q1,Price_q2,no
good,owner,married,no,fixed,Seniority_q3,Time_q1,Age_q1,Expenses_q2,Income_q3,Assets_q0,Amount_q3,Price_q3,yes
bad,owner,single,yes,freelance,Seniority_q0,Time_q0,Age_q0,Expenses_q0,?,Assets_q1,Amount_q0,Price_q0,no
good,rent,married,no,fixed,Seniority_q3,Time_q1,Age_q1,Expenses_q2,Income_q2,Assets_q0,Amount_q1,Price_q2,no
good,parents,single,no,partime,Seniority_q0,Time_q1,Age_q0,Expenses_q0,Income_q0,Assets_q0,Amount_q3,Price_q2,no
good,owner,married,no,freelance,Seniority_q0,Time_q1,Age_q0,Expenses_q0,Income_q3,Assets_q1,Amount_q3,Price_q3,yes
good,parents,single,no,fixed,Seniority_q0,Time_q0,Age_q0,Expenses_q0,Income_q2,Assets_q0,Amount_q0,Price_q0,no
good,owner,married,no,fixed,Seniority_q0,Time_q0,Age_q2,Expenses_q2,Income_q0,Assets_q0,Amount_q0,Price_q1,no
bad,rent,separated,yes,partime,Seniority_q1,Time_q1,Age_q1,Expenses_q0,Income_q0,Assets_q0,Amount_q2,Price_q2,no
good,owner,married,no,fixed,Seniority_q2,Time_q1,Age_q1,Expenses_q0,Income_q1,Assets_q1,Amount_q0,Price_q2,no
good,other,single,no,freelance,Seniority_q0,Time_q0,Age_q0,Expenses_q0,Income_q1,Assets_q0,Amount_q3,Price_q3,no
good,owner,married,no,fixed,Seniority_q3,Time_q1,Age_q2,Expenses_q2,Income_q3,Assets_q1,Amount_q0,Price_q0,no
bad,parents,single,yes,fixed,Seniority_q1,Time_q0,Age_q0,Expenses_q0,Income_q0,Assets_q0,Amount_q0,Price_q0,no
good,parents,married,no,partime,Seniority_q0,Time_q0,Age_q1,Expenses_q0,Income_q0,Assets_q0,Amount_q0,Price_q0,no
bad,owner,married,yes,fixed,Seniority_q2,Time_q0,Age_q1,Expenses_q2,Income_q0,Assets_q1,Amount_q0,Price_q0,yes
bad,rent,married,no,fixed,Seniority_q0,Time_q0,Age_q1,Expenses_q2,Income_q1,Assets_q0,Amount_q3,Price_q3,no
good,owner,married,no,fixed,Seniority_q3,Time_q1,Age_q0,Expenses_q1,Income_q1,Assets_q0,Amount_q2,Price_q1,no
good,rent,married,no,fixed,Seniority_q0,Time_q1,Age_q0,Expenses_q1,Income_q2,Assets_q0,Amount_q0,Price_q1,no
good,other,single,no,freelance,Seniority_q1,Time_q1,Age_q0,Expenses_q1,Income_q1,Assets_q0,Amount_q2,Price_q3,no
good,owner,married,yes,freelance,Seniority_q3,Time_q1,Age_q2,Expenses_q2,?,Assets_q1,Amount_q2,Price_q3,no
good,parents,single,no,freelance,Seniority_q0,Time_q1,Age_q0,Expenses_q0,Income_q3,Assets_q0,Amount_q2,Price_q2,no
bad,rent,separated,no,fixed,Seniority_q2,Time_q1,Age_q2,Expenses_q2,Income_q1,Assets_q0,Amount_q2,Price_q2,no
bad,owner,single,no,fixed,Seniority_q0,Time_q1,Age_q3,Expenses_q0,Income_q2,Assets_q1,Amount_q3,Price_q3,no
bad,parents,single,no,partime,Seniority_q0,Time_q1,Age_q0,Expenses_q0,Income_q1,Assets_q0,Amount_q3,Price_q2,no
bad,owner,married,no,freelance,Seniority_q0,Time_q1,Age_q2,Expenses_q2,Income_q0,Assets_q0,Amount_q2,Price_q1,no
bad,rent,married,no,partime,Seniority_q0,Time_q0,Age_q0,Expenses_q2,Income_q0,Assets_q0,Amount_q1,Price_q0,no
bad,rent,married,yes,partime,Seniority_q1,Time_q1,Age_q2,Expenses_q2,Income_q1,Assets_q0,Amount_q2,Price_q1,no
good,owner,married,no,fixed,Seniority_q3,Time_q1,Age_q1,Expenses_q0,Income_q0,Assets_q0,Amount_q3,Price_q3,no
bad,owner,divorced,yes,fixed,Seniority_q0,Time_q1,Age_q2,Expenses_q1,Income_q0,Assets_q0,Amount_q3,Price_q3,yes
bad,owner,married,no,partime,Seniority_q1,Time_q1,Age_q1,Expenses_q2,Income_q0,Assets_q0,Amount_q2,Price_q3,yes
good,owner,single,no,fixed,Seniority_q0,Time_q0,Age_q1,Expenses_q0,Income_q3,Assets_q1,Amount_q3,Price_q3,no
good,parents,married,no,partime,Seniority_q0,Time_q0,Age_q0,Expenses_q1,Income_q2,Assets_q0,Amount_q1,Price_q2,no
good,owner,married,no,freelance,Seniority_q2,Time_q0,Age_q3,Expenses_q1,Income_q1,Assets_q1,Amount_q1,Price_q2,no
good,owner,married,no,fixed,Seniority_q0,Time_q1,Age_q2,Expenses_q2,Income_q2,Assets_q1,Amount_q2,Price_q2,yes
bad,other,single,no,partime,Seniority_q1,Time_q1,Age_q0,Expenses_q0,Income_q0,Assets_q0,Amount_q1,Price_q3,no
good,owner,single,no,fixed,Seniority_q1,Time_q0,Age_q0,Expenses_q0,Income_q0,Assets_q0,Amount_q1,Price_q2,no
bad,parents,married,no,fixed,Seniority_q2,Time_q1,Age_q2,Expenses_q2,Income_q1,Assets_q1,Amount_q2,Price_q2,no
good,owner,married,no,fixed,Seniority_q2,Time_q0,Age_q0,Expenses_q0,Income_q2,Assets_q1,Amount_q1,Price_q1,no
bad,priv,married,yes,fixed,Seniority_q1,Time_q1,Age_q1,Expenses_q1,Income_q0,Assets_q0,Amount_q1,Price_q0,no
good,owner,married,no,fixed,Seniority_q3,Time_q1,Age_q1,Expenses_q1,Income_q2,Assets_q0,Amount_q1,Price_q0,no
good,owner,single,no,fixed,Seniority_q1,Time_q1,Age_q0,Expenses_q0,Income_q1,Assets_q1,Amount_q2,Price_q2,no
bad,owner,married,no,others,Seniority_q0,Time_q1,Age_q3,Expenses_q0,Income_q0,Assets_q1,Amount_q1,Price_q0,no
good,parents,married,no,fixed,Seniority_q2,Time_q0,Age_q1,Expenses_q2,Income_q2,Assets_q0,Amount_q1,Price_q3,yes
good,owner,married,no,fixed,Seniority_q3,Time_q0,Age_q2,Expenses_q2,Income_q2,Assets_q0,Amount_q0,Price_q1,no
good,owner,married,no,fixed,Seniority_q1,Time_q0,Age_q1,Expenses_q2,Income_q0,Assets_q0,Amount_q0,Price_q0,yes
bad,owner,married,no,fixed,Seniority_q0,Time_q1,Age_q0,Expenses_q0,Income_q3,Assets_q1,Amount_q3,Price_q3,yes
good,parents,single,no,fixed,Seniority_q1,Time_q1,Age_q0,Expenses_q0,Income_q1,Assets_q0,Amount_q2,Price_q3,no
good,other,married,no,fixed,Seniority_q2,Time_q1,Age_q3,Expenses_q0,Income_q3,Assets_q0,Amount_q0,Price_q0,no
good,owner,married,no,fixed,Seniority_q1,Time_q1,Age_q2,Expenses_q2,Income_q3,Assets_q1,Amount_q3,Price_q3,yes
good,owner,married,no,freelance,Seniority_q3,Time_q1,Age_q2,Expenses_q2,Income_q3,Assets_q1,Amount_q3,Price_q3,yes
bad,rent,separated,yes,fixed,Seniority_q0,Time_q1,Age_q2,Expenses_q1,Income_q1,Assets_q0,Amount_q1,Price_q1,no
bad,owner,married,no,freelance,Seniority_q1,Time_q1,Age_q2,Expenses_q0,Income_q0,Assets_q0,Amount_q3,Price_q3,no
good,rent,married,no,freelance,Seniority_q0,Time_q0,Age_q1,Expenses_q2,Income_q3,Assets_q0,Amount_q1,Price_q1,no
bad,rent,married,yes,partime,Seniority_q0,Time_q1,Age_q2,Expenses_q2,Income_q3,Assets_q1,Amount_q3,Price_q3,yes
bad,owner,married,no,fixed,Seniority_q2,Time_q0,Age_q2,Expenses_q2,Income_q0,Assets_q0,Amount_q0,Price_q0,no
bad,owner,married,no,freelance,Seniority_q3,Time_q1,Age_q3,Expenses_q2,?,Assets_q1,Amount_q1,Price_q0,no
good,owner,married,no,fixed,Seniority_q0,Time_q1,Age_q1,Expenses_q2,Income_q2,Assets_q0,Amount_q0,Price_q2,yes
good,owner,married,no,fixed,Seniority_q3,Time_q1,Age_q2,Expenses_q0,Income_q3,Assets_q1,Amount_q1,Price_q3,no
good,other,married,no,fixed,Seniority_q1,Time_q0,Age_q0,Expenses_q0,Income_q1,Assets_q0,Amount_q0,Price_q0,no
bad,rent,married,no,freelance,Seniority_q0,Time_q1,Age_q0,Expenses_q0,?,Assets_q0,Amount_q1,Price_q1,no
good,priv,married,no,fixed,Seniority_q3,Time_q1,Age_q1,Expenses_q1,Income_q2,Assets_q0,Amount_q0,Price_q1,yes
bad,parents,single,no,fixed,Seniority_q1,Time_q1,Age_q0,Expenses_q0,Income_q0,Assets_q0,Amount_q1,Price_q1,no
good,owner,married,no,fixed,Seniority_q3,Time_q1,Age_q2,Expenses_q1,Income_q0,Assets_q0,Amount_q0,Price_q3,no
good,owner,married,no,partime,Seniority_q0,Time_q0,Age_q1,Expenses_q0,Income_q0,Assets_q0,Amount_q1,Price_q2,no
good,owner,married,no,freelance,Seniority_q2,Time_q1,Age_q2,Expenses_q1,Income_q0,Assets_q1,Amount_q2,Price_q3,no
good,rent,married,no,fixed,Seniority_q3,Time_q1,Age_q3,Expenses_q1,Income_q1,Assets_q0,Amount_q1,Price_q0,no
good,owner,married,no,freelance,Seniority_q3,Time_q0,Age_q2,Expenses_q2,Income_q3,Assets_q1,Amount_q3,Price_q3,no
good,owner,married,no,fixed,Seniority_q0,Time_q1,Age_q1,Expenses_q0,Income_q1,Assets_q1,Amount_q2,Price_q1,no
good,owner,married,no,freelance,Seniority_q2,Time_q1,Age_q1,Expenses_q0,Income_q0,Assets_q0,Amount_q2,Price_q2,no
good,parents,single,no,fixed,Seniority_q0,Time_q1,Age_q1,Expenses_q0,Income_q2,Assets_q0,Amount_q3,Price_q3,no
good,rent,married,no,fixed,Seniority_q0,Time_q1,Age_q2,Expenses_q2,Income_q3,Assets_q0,Amount_q3,Price_q3,no
good,parents,separated,no,fixed,Seniority_q3,Time_q1,Age_q1,Expenses_q1,Income_q1,Assets_q0,Amount_q0,Price_q0,no
bad,parents,married,no,fixed,Seniority_q2,Time_q1,Age_q2,Expenses_q0,Income_q0,Assets_q0,Amount_q2,Price_q3,no
bad,rent,married,no,fixed,Seniority_q2,Time_q1,Age_q0,Expenses_q1,Income_q3,Assets_q0,Amount_q3,Price_q3,no
bad,parents,single,yes,fixed,Seniority_q0,Time_q0,Age_q0,Expenses_q0,Income_q0,Assets_q0,Amount_q0,Price_q0,no
good,owner,married,no,fixed,Seniority_q3,Time_q0,Age_q2,Expenses_q2,Income_q3,Assets_q0,Amount_q1,Price_q3,no
good,owner,married,no,others,Seniority_q0,Time_q0,Age_q2,Expenses_q0,?,Assets_q1,Amount_q0,Price_q0,no
good,owner,married,no,fixed,Seniority_q1,Time_q1,Age_q2,Expenses_q2,Income_q1,Assets_q0,Amount_q1,Price_q3,no
bad,priv,single,no,partime,Seniority_q2,Time_q0,Age_q1,Expenses_q0,Income_q0,Assets_q0,Amount_q0,Price_q0,no
good,parents,single,no,partime,Seniority_q0,Time_q0,Age_q0,Expenses_q0,Income_q0,Assets_q1,Amount_q1,Price_q2,no
good,rent,married,no,fixed,Seniority_q3,Time_q1,Age_q3,Expenses_q1,Income_q2,Assets_q0,Amount_q1,Price_q1,no
bad,owner,married,no,freelance,Seniority_q0,Time_q1,Age_q2,Expenses_q1,?,Assets_q1,Amount_q1,Price_q0,yes
good,owner,widow,no,freelance,Seniority_q0,Time_q0,Age_q3,Expenses_q1,?,Assets_q1,Amount_q3,Price_q3,no
bad,owner,married,no,freelance,Seniority_q0,Time_q1,Age_q3,Expenses_q1,Income_q3,Assets_q0,Amount_q3,Price_q3,no
good,rent,married,no,fixed,Seniority_q1,Time_q1,Age_q0,Expenses_q2,Income_q2,Assets_q0,Amount_q1,Price_q1,no
good,owner,married,no,fixed,Seniority_q2,Time_q1,Age_q1,Expenses_q1,Income_q1,Assets_q0,Amount_q3,Price_q2,no
good,parents,married,no,fixed,Seniority_q2,Time_q1,Age_q2,Expenses_q2,Income_q1,Assets_q0,Amount_q2,Price_q1,no
bad,parents,single,no,partime,Seniority_q0,Time_q1,Age_q0,Expenses_q0,Income_q0,Assets_q0,Amount_q1,Price_q0,no
good,owner,married,no,freelance,Seniority_q0,Time_q0,Age_q3,Expenses_q1,Income_q2,Assets_q1,Amount_q0,Price_q0,no
good,ignore,married,no,partime,Seniority_q0,Time_q0,Age_q0,Expenses_q1,Income_q2,Assets_q0,Amount_q0,Price_q1,no
bad,owner,married,no,freelance,Seniority_q2,Time_q0,Age_q2,Expenses_q1,?,Assets_q0,Amount_q1,Price_q3,no
good,owner,married,no,freelance,Seniority_q3,Time_q1,Age_q3,Expenses_q2,Income_q3,Assets_q0,Amount_q2,Price_q1,no
bad,other,married,no,fixed,Seniority_q0,Time_q1,Age_q1,Expenses_q2,Income_q2,Assets_q0,Amount_q2,Price_q1,no
good,other,married,no,fixed,Seniority_q2,Time_q0,Age_q1,Expenses_q1,Income_q2,Assets_q0,Amount_q0,Price_q0,no
good,parents,single,no,fixed,Seniority_q1,Time_q1,Age_q0,Expenses_q0,Income_q0,Assets_q1,Amount_q2,Price_q2,no
bad,other,married,yes,fixed,Seniority_q0,Time_q1,Age_q1,Expenses_q1,?,Assets_q0,Amount_q3,Price_q3,no
good,priv,married,no,freelance,Seniority_q2,Time_q0,Age_q2,Expenses_q2,Income_q0,Assets_q1,Amount_q1,Price_q0,no
good,rent,married,no,fixed,Seniority_q1,Time_q0,Age_q3,Expenses_q2,Income_q3,Assets_q1,Amount_q0,Price_q2,no
good,owner,married,no,fixed,Seniority_q2,Time_q1,Age_q2,Expenses_q2,Income_q3,Assets_q0,Amount_q0,Price_q3,yes
good,owner,married,no,fixed,Seniority_q3,Time_q0,Age_q3,Expenses_q2,Income_q2,Assets_q0,Amount_q0,Price_q1,no
bad,owner,married,no,partime,Seniority_q0,Time_q1,Age_q1,Expenses_q0,Income_q2,Assets_q0,Amount_q2,Price_q2,no
bad,rent,married,no,fixed,Seniority_q2,Time_q1,Age_q2,Expenses_q2,Income_q1,Assets_q0,Amount_q2,Price_q1,yes
bad,other,married,no,fixed,Seniority_q2,Time_q1,Age_q1,Expenses_q1,Income_q0,Assets_q0,Amount_q3,Price_q2,no
good,rent,married,no,fixed,Seniority_q3,Time_q1,Age_q2,Expenses_q2,Income_q1,Assets_q0,Amount_q3,Price_q2,no
bad,owner,married,no,partime,Seniority_q1,Time_q1,Age_q3,Expenses_q1,Income_q0,Assets_q0,Amount_q3,Price_q3,no
bad,owner,married,yes,freelance,Seniority_q2,Time_q0,Age_q2,Expenses_q2,Income_q2,Assets_q0,Amount_q0,Price_q0,yes
good,rent,married,no,fixed,Seniority_q2,Time_q0,Age_q1,Expenses_q2,Income_q3,Assets_q0,Amount_q1,Price_q1,no
good,rent,married,no,freelance,Seniority_q2,Time_q1,Age_q3,Expenses_q2,Income_q1,Assets_q0,Amount_q1,Price_q0,no
good,owner,married,no,fixed,Seniority_q3,Time_q0,Age_q2,Expenses_q1,Income_q0,Assets_q0,Amount_q0,Price_q0,no
good,owner,married,no,others,Seniority_q0,Time_q0,Age_q3,Expenses_q0,Income_q0,Assets_q0,Amount_q0,Price_q1,no
bad,parents,married,no,freelance,Seniority_q2,Time_q1,Age_q2,Expenses_q2,?,Assets_q0,Amount_q0,Price_q2,no
good,priv,married,no,fixed,Seniority_q0,Time_q1,Age_q1,Expenses_q1,Income_q3,Assets_q1,Amount_q2,Price_q1,yes
bad,owner,married,yes,others,Seniority_q0,Time_q1,Age_q1,Expenses_q0,Income_q3,Assets_q1,Amount_q3,Price_q3,yes
good,owner,married,no,partime,Seniority_q2,Time_q1,Age_q3,Expenses_q0,Income_q0,Assets_q0,Amount_q1,Price_q1,no
good,owner,married,no,freelance,Seniority_q0,Time_q1,Age_q3,Expenses_q2,Income_q3,Assets_q1,Amount_q1,Price_q1,no
good,rent,single,no,fixed,Seniority_q2,Time_q0,Age_q1,Expenses_q1,Income_q2,Assets_q0,Amount_q1,Price_q0,no
bad,other,married,no,fixed,Seniority_q3,Time_q0,Age_q1,Expenses_q2,Income_q0,Assets_q0,Amount_q0,Price_q0,no
bad,priv,married,yes,fixed,Seniority_q1,Time_q1,Age_q2,Expenses_q2,Income_q3,Assets_q0,Amount_q3,Price_q3,no
bad,rent,married,no,partime,Seniority_q0,Time_q1,Age_q1,Expenses_q1,Income_q2,Assets_q0,Amount_q2,Price_q2,no
good,rent,married,no,freelance,Seniority_q1,Time_q1,Age_q2,Expenses_q2,Income_q2,Assets_q0,Amount_q1,Price_q0,no
good,other,single,no,fixed,Seniority_q0,Time_q1,Age_q0,Expenses_q0,Income_q3,Assets_q1,Amount_q3,Price_q2,no
bad,owner,married,yes,freelance,Seniority_q3,Time_q1,Age_q3,Expenses_q0,Income_q1,Assets_q0,Amount_q3,Price_q2,no
good,parents,single,no,fixed,Seniority_q2,Time_q1,Age_q0,Expenses_q0,Income_q0,Assets_q0,Amount_q0,Price_q3,no
good,owner,married,no,fixed,Seniority_q2,Time_q0,Age_q3,Expenses_q0,Income_q0,Assets_q0,Amount_q0,Price_q0,no
bad,owner,divorced,no,fixed,Seniority_q0,Time_q1,Age_q2,Expenses_q0,Income_q3,Assets_q1,Amount_q3,Price_q2,yes
good,owner,married,no,freelance,Seniority_q3,Time_q0,Age_q3,Expenses_q1,Income_q1,Assets_q1,Amount_q0,Price_q1,no
bad,other,married,no,freelance,Seniority_q2,Time_q1,Age_q0,Expenses_q0,?,Assets_q0,Amount_q2,Price_q3,no
bad,rent,married,no,freelance,Seniority_q0,Time_q1,Age_q0,Expenses_q2,Income_q1,Assets_q0,Amount_q2,Price_q1,no
good,priv,married,no,fixed,Seniority_q2,Time_q1,Age_q1,Expenses_q2,Income_q1,Assets_q0,Amount_q3,Price_q2,yes
bad,parents,single,no,freelance,Seniority_q2,Time_q0,Age_q0,Expenses_q0,?,Assets_q0,Amount_q0,Price_q1,no
good,other,single,no,fixed,Seniority_q0,Time_q0,Age_q0,Expenses_q0,Income_q1,Assets_q0,Amount_q0,Price_q1,no
bad,owner,married,no,freelance,Seniority_q0,Time_q1,Age_q0,Expenses_q2,Income_q3,Assets_q0,Amount_q3,Price_q2,no
bad,rent,married,no,fixed,Seniority_q2,Time_q1,Age_q1,Expenses_q2,Income_q0,Assets_q0,Amount_q2,Price_q1,no
good,owner,married,yes,fixed,Seniority_q1,Time_q1,Age_q1,Expenses_q2,Income_q3,Assets_q1,Amount_q2,Price_q1,no
bad,owner,married,yes,freelance,Seniority_q2,Time_q0,Age_q2,Expenses_q1,Income_q3,Assets_q1,Amount_q0,Price_q0,yes
good,owner,married,no,fixed,Seniority_q2,Time_q1,Age_q0,Expenses_q1,Income_q1,Assets_q1,Amount_q1,Price_q1,yes
good,parents,single,no,fixed,Seniority_q0,Time_q1,Age_q0,Expenses_q0,Income_q1,Assets_q0,Amount_q1,Price_q3,no
good,other,single,no,fixed,Seniority_q2,Time_q0,Age_q2,Expenses_q0,Income_q2,Assets_q0,Amount_q1,Price_q1,no
good,owner,married,no,freelance,Seniority_q2,Time_q1,Age_q0,Expenses_q2,Income_q1,Assets_q0,Amount_q2,Price_q2,yes
good,parents,single,no,fixed,Seniority_q1,Time_q1,Age_q0,Expenses_q0,Income_q0,Assets_q0,Amount_q2,Price_q1,no
bad,rent,single,no,partime,Seniority_q0,Time_q0,Age_q0,Expenses_q0,Income_q0,Assets_q0,Amount_q0,Price_q0,no
good,owner,married,no,fixed,Seniority_q3,Time_q1,Age_q1,Expenses_q0,Income_q2,Assets_q0,Amount_q1,Price_q1,no
good,owner,married,no,fixed,Seniority_q3,Time_q0,Age_q1,Expenses_q1,Income_q2,Assets_q0,Amount_q3,Price_q3,no
bad,rent,single,no,freelance,Seniority_q1,Time_q1,Age_q0,Expenses_q1,Income_q2,Assets_q0,Amount_q2,Price_q1,no
good,owner,married,no,freelance,Seniority_q1,Time_q0,Age_q1,Expenses_q2,?,Assets_q0,Amount_q1,Price_q3,no
bad,priv,married,no,freelance,Seniority_q0,Time_q1,Age_q1,Expenses_q2,?,Assets_q0,Amount_q2,Price_q2,no
bad,priv,married,no,fixed,Seniority_q2,Time_q1,Age_q2,Expenses_q2,Income_q1,Assets_q0,Amount_q1,Price_q0,yes
bad,owner,married,yes,partime,Seniority_q0,Time_q1,Age_q2,Expenses_q0,Income_q2,Assets_q0,Amount_q1,Price_q2,no
good,other,married,no,fixed,Seniority_q3,Time_q0,Age_q3,Expenses_q1,Income_q3,Assets_q0,Amount_q0,Price_q2,no
bad,owner,married,no,others,Seniority_q0,Time_q0,Age_q1,Expenses_q2,Income_q0,Assets_q0,Amount_q0,Price_q0,no
good,rent,single,no,fixed,Seniority_q0,Time_q0,Age_q0,Expenses_q1,Income_q1,Assets_q0,Amount_q0,Price_q0,no
bad,parents,married,yes,freelance,Seniority_q0,Time_q0,Age_q2,Expenses_q2,Income_q1,Assets_q1,Amount_q3,Price_q3,no
good,parents,single,no,fixed,Seniority_q0,Time_q1,Age_q0,Expenses_q0,Income_q3,Assets_q0,Amount_q3,Price_q3,no
good,parents,single,no,fixed,Seniority_q0,Time_q1,Age_q0,Expenses_q0,Income_q1,Assets_q0,Amount_q2,Price_q3,no
good,parents,separated,yes,fixed,Seniority_q2,Time_q1,Age_q2,Expenses_q0,Income_q1,Assets_q0,Amount_q2,Price_q2,no
good,owner,married,no,freelance,Seniority_q2,Time_q0,Age_q3,Expenses_q2,Income_q3,Assets_q1,Amount_q2,Price_q3,yes
good,owner,married,no,fixed,Seniority_q0,Time_q1,Age_q1,Expenses_q2,Income_q1,Assets_q1,Amount_q1,Price_q1,yes
good,rent,single,no,fixed,Seniority_q0,Time_q0,Age_q0,Expenses_q1,Income_q3,Assets_q0,Amount_q2,Price_q2,no
good,owner,married,no,fixed,Seniority_q1,Time_q1,Age_q0,Expenses_q0,Income_q2,Assets_q0,Amount_q1,Price_q0,yes
good,rent,married,no,freelance,Seniority_q0,Time_q0,Age_q1,Expenses_q1,Income_q0,Assets_q0,Amount_q0,Price_q2,no
good,owner,married,no,fixed,Seniority_q1,Time_q0,Age_q2,Expenses_q0,Income_q1,Assets_q1,Amount_q3,Price_q3,no
good,owner,married,no,fixed,Seniority_q3,Time_q0,Age_q2,Expenses_q2,Income_q3,Assets_q0,Amount_q1,Price_q1,no
bad,other,single,no,fixed,Seniority_q0,Time_q1,Age_q3,Expenses_q0,Income_q2,Assets_q0,Amount_q3,Price_q2,no
good,owner,married,no,fixed,Seniority_q2,Time_q0,Age_q0,Expenses_q0,Income_q1,Assets_q0,Amount_q1,Price_q2,no
good,parents,married,no,fixed,Seniority_q2,Time_q0,Age_q1,Expenses_q1,Income_q2,Assets_q0,Amount_q0,Price_q0,yes
bad,other,married,no,fixed,Seniority_q0,Time_q1,Age_q2,Expenses_q2,?,Assets_q0,Amount_q3,Price_q1,no
good,owner,married,no,fixed,Seniority_q3,Time_q1,Age_q2,Expenses_q2,Income_q3,Assets_q1,Amount_q1,Price_q3,yes
bad,rent,married,no,fixed,Seniority_q3,Time_q1,Age_q3,Expenses_q2,Income_q2,Assets_q0,Amount_q3,Price_q2,no
bad,rent,single,no,partime,Seniority_q0,Time_q0,Age_q0,Expenses_q0,Income_q0,Assets_q0,Amount_q0,Price_q0,no
good,owner,married,no,freelance,Seniority_q3,Time_q0,Age_q2,Expenses_q2,Income_q0,Assets_q1,Amount_q1,Price_q3,no
bad,parents,single,no,partime,Seniority_q0,Time_q0,Age_q0,Expenses_q0,Income_q0,Assets_q0,Amount_q0,Price_q0,yes
good,rent,married,no,fixed,Seniority_q2,Time_q0,Age_q0,Expenses_q2,Income_q3,Assets_q0,Amount_q1,Price_q0,no
good,rent,married,no,fixed,Seniority_q3,Time_q1,Age_q1,Expenses_q1,Income_q0,Assets_q0,Amount_q1,Price_q1,no
bad,parents,divorced,yes,fixed,Seniority_q0,Time_q1,Age_q0,Expenses_q0,Income_q3,Assets_q0,Amount_q2,Price_q3,no
good,owner,married,yes,fixed,Seniority_q2,Time_q1,Age_q2,Expenses_q2,Income_q3,Assets_q1,Amount_q3,Price_q3,no
good,parents,single,no,freelance,Seniority_q2,Time_q1,Age_q1,Expenses_q0,?,Assets_q1,Amount_q0,Price_q0,no
good,owner,married,no,partime,Seniority_q3,Time_q1,Age_q2,Expenses_q1,Income_q2,Assets_q1,Amount_q1,Price_q1,no
good,rent,married,no,fixed,Seniority_q2,Time_q1,Age_q2,Expenses_q2,Income_q3,Assets_q0,Amount_q3,Price_q3,no
good,rent,married,no,fixed,Seniority_q1,Time_q1,Age_q1,Expenses_q1,Income_q2,Assets_q0,Amount_q1,Price_q0,no
good,parents,single,no,fixed,Seniority_q0,Time_q1,Age_q0,Expenses_q0,Income_q0,Assets_q0,Amount_q0,Price_q1,no
good,rent,single,no,fixed,Seniority_q3,Time_q1,Age_q2,Expenses_q0,Income_q1,Assets_q0,Amount_q1,Price_q1,no
good,owner,married,no,fixed,Seniority_q3,Time_q1,Age_q3,Expenses_q0,Income_q0,Assets_q0,Amount_q2,Price_q1,no
good,priv,married,no,fixed,Seniority_q1,Time_q1,Age_q3,Expenses_q0,Income_q2,Assets_q0,Amount_q2,Price_q1,no
good,parents,single,no,fixed,Seniority_q1,Time_q0,Age_q0,Expenses_q0,Income_q0,Assets_q0,Amount_q1,Price_q2,no
good,owner,married,no,fixed,Seniority_q0,Time_q0,Age_q2,Expenses_q2,Income_q2,Assets_q1,Amount_q2,Price_q1,no
good,owner,married,no,freelance,Seniority_q3,Time_q0,Age_q3,Expenses_q0,Income_q0,Assets_q1,Amount_q0,Price_q0,no
good,owner,married,no,freelance,Seniority_q2,Time_q0,Age_q2,Expenses_q2,Income_q0,Assets_q0,Amount_q0,Price_q0,no
good,owner,married,yes,fixed,Seniority_q3,Time_q1,Age_q2,Expenses_q1,Income_q1,Assets_q0,Amount_q1,Price_q1,no
good,rent,married,no,fixed,Seniority_q0,Time_q1,Age_q1,Expenses_q2,Income_q0,Assets_q0,Amount_q1,Price_q1,no
good,other,married,no,fixed,Seniority_q0,Time_q0,Age_q0,Expenses_q1,Income_q1,Assets_q0,Amount_q1,Price_q2,no
good,owner,married,no,fixed,Seniority_q2,Time_q1,Age_q0,Expenses_q1,Income_q1,Assets_q0,Amount_q2,Price_q1,no
good,owner,married,yes,freelance,Seniority_q2,Time_q0,Age_q1,Expenses_q2,Income_q3,Assets_q1,Amount_q1,Price_q3,no
good,parents,married,no,fixed,Seniority_q3,Time_q0,Age_q3,Expenses_q1,Income_q3,Assets_q0,Amount_q3,Price_q2,no
bad,owner,married,no,freelance,Seniority_q0,Time_q1,Age_q1,Expenses_q2,Income_q3,Assets_q1,Amount_q3,Price_q3,yes
bad,rent,married,no,freelance,Seniority_q0,Time_q1,Age_q2,Expenses_q0,?,Assets_q0,Amount_q0,Price_q0,no
bad,rent,married,no,fixed,Seniority_q2,Time_q1,Age_q2,Expenses_q2,Income_q2,Assets_q0,Amount_q1,Price_q0,no
bad,rent,separated,no,fixed,Seniority_q1,Time_q0,Age_q0,Expenses_q1,Income_q1,Assets_q0,Amount_q2,Price_q3,no
good,owner,married,no,freelance,Seniority_q2,Time_q0,Age_q1,Expenses_q0,Income_q3,Assets_q1,Amount_q2,Price_q3,no
good,rent,married,no,others,Seniority_q1,Time_q0,Age_q3,Expenses_q1,Income_q0,Assets_q0,Amount_q0,Price_q0,no
bad,rent,single,no,fixed,Seniority_q1,Time_q1,Age_q0,Expenses_q1,Income_q1,Assets_q0,Amount_q3,Price_q3,no
good,owner,single,no,fixed,Seniority_q2,Time_q1,Age_q0,Expenses_q0,Income_q1,Assets_q1,Amount_q1,Price_q0,no
bad,parents,married,yes,fixed,Seniority_q0,Time_q0,Age_q0,Expenses_q1,Income_q1,Assets_q0,Amount_q0,Price_q0,no
good,other,married,yes,fixed,Seniority_q2,Time_q1,Age_q2,Expenses_q2,Income_q2,Assets_q0,Amount_q3,Price_q2,no
bad,owner,married,yes,fixed,Seniority_q0,Time_q1,Age_q0,Expenses_q1,Income_q1,Assets_q0,Amount_q3,Price_q3,yes
good,owner,married,no,fixed,Seniority_q0,Time_q1,Age_q3,Expenses_q2,Income_q3,Assets_q0,Amount_q3,Price_q2,yes
good,owner,married,no,freelance,Seniority_q2,Time_q1,Age_q2,Expenses_q2,Income_q3,Assets_q0,Amount_q2,Price_q3,no
good,owner,married,no,fixed,Seniority_q2,Time_q1,Age_q3,Expenses_q0,Income_q3,Assets_q1,Amount_q0,Price_q0,no
good,owner,married,no,fixed,Seniority_q1,Time_q1,Age_q1,Expenses_q2,Income_q2,Assets_q0,Amount_q0,Price_q1,yes
good,priv,single,no,freelance,Seniority_q2,Time_q0,Age_q1,Expenses_q0,?,Assets_q0,Amount_q0,Price_q0,no
bad,rent,married,no,freelance,Seniority_q3,Time_q1,Age_q3,Expenses_q1,Income_q0,Assets_q0,Amount_q3,Price_q3,no
bad,other,married,no,fixed,Seniority_q0,Time_q1,Age_q1,Expenses_q2,Income_q1,Assets_q1,Amount_q2,Price_q2,yes
good,owner,single,no,fixed,Seniority_q0,Time_q0,Age_q0,Expenses_q0,Income_q1,Assets_q0,Amount_q0,Price_q1,no
bad,rent,married,no,fixed,Seniority_q0,Time_q1,Age_q1,Expenses_q2,Income_q0,Assets_q0,Amount_q2,Price_q2,no
bad,rent,married,no,partime,Seniority_q0,Time_q1,Age_q2,Expenses_q1,Income_q2,Assets_q0,Amount_q3,Price_q3,no
good,owner,married,no,fixed,Seniority_q2,Time_q1,Age_q3,Expenses_q1,Income_q1,Assets_q0,Amount_q1,Price_q3,no
good,rent,married,no,freelance,Seniority_q3,Time_q0,Age_q3,Expenses_q2,Income_q1,Assets_q0,Amount_q0,Price_q0,no
good,parents,single,no,fixed,Seniority_q0,Time_q1,Age_q0,Expenses_q0,Income_q3,?,Amount_q1,Price_q1,no
good,owner,married,no,partime,Seniority_q0,Time_q0,Age_q0,Expenses_q0,Income_q3,Assets_q1,Amount_q0,Price_q0,no
good,owner,married,no,fixed,Seniority_q2,Time_q1,Age_q0,Expenses_q1,Income_q1,Assets_q0,Amount_q3,Price_q2,yes
bad,rent,divorced,no,fixed,Seniority_q0,Time_q1,Age_q1,Expenses_q1,Income_q3,Assets_q0,Amount_q2,Price_q2,no
good,owner,married,no,freelance,Seniority_q0,Time_q1,Age_q2,Expenses_q1,Income_q1,Assets_q1,Amount_q1,Price_q0,yes
good,parents,single,no,fixed,Seniority_q0,Time_q0,Age_q0,Expenses_q0,Income_q0,Assets_q0,Amount_q0,Price_q1,no
bad,rent,married,no,fixed,Seniority_q2,Time_q0,Age_q2,Expenses_q2,Income_q0,Assets_q1,Amount_q2,Price_q1,no
bad,?,married,yes,freelance,Seniority_q1,Time_q1,Age_q3,Expenses_q0,?,?,Amount_q3,Price_q3,no
good,rent,single,no,fixed,Seniority_q2,Time_q1,Age_q0,Expenses_q0,Income_q1,Assets_q0,Amount_q2,Price_q2,no
good,parents,single,no,fixed,Seniority_q0,Time_q1,Age_q0,Expenses_q0,Income_q1,Assets_q0,Amount_q2,Price_q1,no
good,parents,single,no,fixed,Seniority_q1,Time_q0,Age_q0,Expenses_q0,Income_q0,Assets_q0,Amount_q0,Price_q0,no
bad,owner,married,yes,fixed,Seniority_q3,Time_q1,Age_q3,Expenses_q1,Income_q1,Assets_q1,Amount_q3,Price_q2,no
good,rent,separated,no,freelance,Seniority_q3,Time_q0,Age_q2,Expenses_q1,Income_q3,Assets_q1,Amount_q3,Price_q3,no
bad,parents,single,no,fixed,Seniority_q0,Time_q1,Age_q0,Expenses_q0,Income_q1,Assets_q1,Amount_q2,Price_q1,yes
good,owner,married,no,fixed,Seniority_q3,Time_q0,Age_q3,Expenses_q0,Income_q0,Assets_q1,Amount_q0,Price_q2,no
good,owner,married,no,freelance,Seniority_q0,Time_q1,Age_q0,Expenses_q1,?,Assets_q1,Amount_q2,Price_q2,yes
good,parents,married,no,fixed,Seniority_q3,Time_q0,Age_q2,Expenses_q2,Income_q3,Assets_q0,Amount_q1,Price_q3,no
bad,owner,married,yes,fixed,Seniority_q0,Time_q1,Age_q2,Expenses_q2,Income_q0,Assets_q0,Amount_q3,Price_q3,yes
good,owner,married,no,fixed,Seniority_q2,Time_q1,Age_q2,Expenses_q1,Income_q3,Assets_q1,Amount_q3,Price_q3,yes
good,owner,married,no,fixed,Seniority_q0,Time_q0,Age_q1,Expenses_q0,Income_q3,Assets_q1,Amount_q3,Price_q2,yes
good,owner,married,no,fixed,Seniority_q3,Time_q0,Age_q3,Expenses_q1,Income_q3,Assets_q0,Amount_q0,Price_q0,no
good,parents,single,no,fixed,Seniority_q2,Time_q1,Age_q2,Expenses_q0,Income_q3,Assets_q0,Amount_q2,Price_q3,no
good,owner,married,no,freelance,Seniority_q2,Time_q1,Age_q3,Expenses_q1,Income_q0,Assets_q1,Amount_q1,Price_q1,no
good,owner,married,no,freelance,Seniority_q3,Time_q1,Age_q3,Expenses_q0,Income_q3,Assets_q1,Amount_q3,Price_q3,no
good,parents,single,no,fixed,Seniority_q0,Time_q1,Age_q0,Expenses_q0,Income_q1,Assets_q0,Amount_q2,Price_q2,no
good,priv,married,no,fixed,Seniority_q3,Time_q1,Age_q3,Expenses_q0,Income_q2,Assets_q0,Amount_q0,Price_q3,yes
good,owner,single,no,freelance,Seniority_q3,Time_q0,Age_q3,Expenses_q0,Income_q0,Assets_q1,Amount_q0,Price_q1,yes
good,priv,single,no,freelance,Seniority_q2,Time_q0,Age_q0,Expenses_q0,Income_q2,Assets_q1,Amount_q3,Price_q2,no
good,owner,married,no,fixed,Seniority_q3,Time_q0,Age_q2,Expenses_q2,Income_q3,Assets_q0,Amount_q2,Price_q3,no
bad,rent,married,no,fixed,Seniority_q1,Time_q0,Age_q1,Expenses_q2,Income_q1,Assets_q0,Amount_q1,Price_q1,no
good,owner,single,no,fixed,Seniority_q0,Time_q1,Age_q0,Expenses_q0,Income_q1,Assets_q0,Amount_q1,Price_q1,no
bad,owner,married,no,others,Seniority_q0,Time_q1,Age_q3,Expenses_q0,Income_q0,Assets_q1,Amount_q3,Price_q3,no
good,rent,married,no,freelance,Seniority_q3,Time_q0,Age_q3,Expenses_q1,Income_q0,Assets_q1,Amount_q1,Price_q1,no
good,parents,separated,no,fixed,Seniority_q3,Time_q0,Age_q2,Expenses_q0,Income_q2,Assets_q0,Amount_q0,Price_q0,no
good,owner,married,no,fixed,Seniority_q1,Time_q1,Age_q0,Expenses_q2,Income_q1,Assets_q0,Amount_q3,Price_q3,no
good,other,single,no,partime,Seniority_q0,Time_q0,Age_q0,Expenses_q0,Income_q2,Assets_q0,Amount_q0,Price_q0,no
good,rent,married,no,fixed,Seniority_q3,Time_q1,Age_q3,Expenses_q2,Income_q3,Assets_q0,Amount_q3,Price_q2,no
good,rent,married,no,fixed,Seniority_q1,Time_q1,Age_q1,Expenses_q2,Income_q1,Assets_q0,Amount_q1,Price_q3,no
good,owner,married,no,fixed,Seniority_q3,Time_q1,Age_q3,Expenses_q1,Income_q2,Assets_q0,Amount_q1,Price_q1,no
good,rent,married,no,fixed,Seniority_q2,Time_q1,Age_q0,Expenses_q1,Income_q2,Assets_q0,Amount_q3,Price_q2,no
good,parents,single,no,fixed,Seniority_q1,Time_q1,Age_q0,Expenses_q0,Income_q0,Assets_q1,Amount_q2,Price_q1,no
good,other,single,no,fixed,Seniority_q0,Time_q1,Age_q0,Expenses_q0,Income_q0,Assets_q0,Amount_q1,Price_q1,no
good,parents,single,no,freelance,Seniority_q2,Time_q1,Age_q0,Expenses_q0,Income_q0,Assets_q0,Amount_q1,Price_q2,no
bad,owner,married,no,partime,Seniority_q1,Time_q1,Age_q2,Expenses_q2,Income_q1,Assets_q0,Amount_q3,Price_q2,yes
bad,owner,married,no,fixed,Seniority_q2,Time_q1,Age_q3,Expenses_q1,Income_q2,Assets_q0,Amount_q3,Price_q3,no
good,parents,single,no,fixed,Seniority_q0,Time_q1,Age_q0,Expenses_q0,Income_q0,Assets_q0,Amount_q1,Price_q1,no
good,owner,married,no,freelance,Seniority_q0,Time_q0,Age_q0,Expenses_q0,Income_q1,Assets_q1,Amount_q0,Price_q0,no
bad,rent,married,no,partime,Seniority_q0,Time_q0,Age_q0,Expenses_q2,Income_q0,Assets_q0,Amount_q0,Price_q0,no
good,rent,married,yes,fixed,Seniority_q2,Time_q0,Age_q1,Expenses_q2,Income_q2,Assets_q0,Amount_q1,Price_q1,no
good,owner,married,no,fixed,Seniority_q0,Time_q1,Age_q2,Expenses_q2,Income_q1,Assets_q1,Amount_q1,Price_q1,no
good,priv,married,no,fixed,Seniority_q0,Time_q0,Age_q2,Expenses_q0,Income_q3,Assets_q0,Amount_q0,Price_q0,no
good,rent,single,no,fixed,Seniority_q0,Time_q0,Age_q2,Expenses_q0,Income_q1,Assets_q0,Amount_q1,Price_q0,no
good,owner,married,no,freelance,Seniority_q2,Time_q0,Age_q2,Expenses_q1,?,Assets_q1,Amount_q1,Price_q2,no
good,owner,married,no,freelance,Seniority_q3,Time_q0,Age_q3,Expenses_q1,Income_q3,Assets_q1,Amount_q1,Price_q3,no
good,owner,married,no,freelance,Seniority_q0,Time_q1,Age_q0,Expenses_q0,?,Assets_q0,Amount_q3,Price_q3,no
good,rent,single,no,freelance,Seniority_q0,Time_q0,Age_q0,Expenses_q1,Income_q3,Assets_q0,Amount_q0,Price_q0,no
bad,other,married,no,freelance,Seniority_q0,Time_q1,Age_q2,Expenses_q2,Income_q2,Assets_q1,Amount_q3,Price_q2,no
bad,rent,married,yes,fixed,Seniority_q0,Time_q0,Age_q0,Expenses_q2,Income_q0,Assets_q0,Amount_q0,Price_q0,no
good,owner,married,no,fixed,Seniority_q0,Time_q1,Age_q2,Expenses_q2,Income_q2,Assets_q0,Amount_q2,Price_q2,yes
good,parents,single,no,fixed,Seniority_q1,Time_q1,Age_q0,Expenses_q0,Income_q3,Assets_q0,Amount_q2,Price_q1,no
bad,priv,married,no,fixed,Seniority_q0,Time_q1,Age_q1,Expenses_q2,Income_q2,Assets_q0,Amount_q1,Price_q0,yes
bad,rent,married,no,fixed,Seniority_q0,Time_q1,Age_q1,Expenses_q2,Income_q3,Assets_q0,Amount_q3,Price_q1,no
bad,parents,single,no,freelance,Seniority_q1,Time_q1,Age_q0,Expenses_q0,Income_q3,Assets_q0,Amount_q2,Price_q2,no
good,owner,married,no,freelance,Seniority_q0,Time_q0,Age_q1,Expenses_q2,?,Assets_q1,Amount_q0,Price_q0,no
good,owner,married,no,others,Seniority_q0,Time_q1,Age_q0,Expenses_q1,Income_q0,Assets_q0,Amount_q1,Price_q0,no
good,rent,married,no,fixed,Seniority_q2,Time_q1,Age_q0,Expenses_q2,Income_q3,Assets_q0,Amount_q3,Price_q3,yes
good,owner,married,no,fixed,Seniority_q3,Time_q0,Age_q2,Expenses_q2,Income_q0,Assets_q1,Amount_q0,Price_q3,yes
bad,rent,married,no,freelance,Seniority_q2,Time_q1,Age_q2,Expenses_q2,Income_q1,Assets_q0,Amount_q2,Price_q3,no
good,rent,married,yes,fixed,Seniority_q1,Time_q0,Age_q2,Expenses_q2,Income_q3,Assets_q0,Amount_q3,Price_q3,no
good,owner,married,no,freelance,Seniority_q3,Time_q1,Age_q2,Expenses_q1,Income_q0,Assets_q1,Amount_q1,Price_q2,no
bad,other,single,no,fixed,Seniority_q1,Time_q1,Age_q0,Expenses_q0,Income_q2,Assets_q0,Amount_q3,Price_q2,no
bad,rent,single,no,fixed,Seniority_q0,Time_q1,Age_q0,Expenses_q0,?,Assets_q0,Amount_q2,Price_q2,no
good,rent,married,no,fixed,Seniority_q3,Time_q1,Age_q1,Expenses_q1,Income_q1,Assets_q0,Amount_q1,Price_q1,no
bad,other,married,yes,freelance,Seniority_q2,Time_q0,Age_q1,Expenses_q2,Income_q1,Assets_q0,Amount_q2,Price_q3,yes
good,owner,separated,no,fixed,Seniority_q2,Time_q0,Age_q2,Expenses_q0,Income_q0,Assets_q1,Amount_q0,Price_q0,no
bad,other,married,yes,freelance,Seniority_q2,Time_q0,Age_q2,Expenses_q2,?,Assets_q0,Amount_q2,Price_q3,no
good,owner,separated,no,freelance,Seniority_q3,Time_q1,Age_q2,Expenses_q0,Income_q0,Assets_q1,Amount_q3,Price_q3,no
bad,other,single,no,fixed,Seniority_q0,Time_q1,Age_q0,Expenses_q0,Income_q2,Assets_q0,Amount_q3,Price_q2,no
good,other,married,no,fixed,Seniority_q2,Time_q1,Age_q0,Expenses_q0,Income_q0,Assets_q0,Amount_q1,Price_q1,no
good,owner,married,no,fixed,Seniority_q3,Time_q1,Age_q2,Expenses_q2,Income_q3,Assets_q1,Amount_q2,Price_q2,no
bad,owner,married,no,partime,Seniority_q0,Time_q1,Age_q1,Expenses_q2,Income_q0,Assets_q0,Amount_q1,Price_q1,no
bad,owner,single,no,partime,Seniority_q0,Time_q1,Age_q0,Expenses_q1,Income_q2,Assets_q0,Amount_q2,Price_q2,no
good,owner,widow,no,fixed,Seniority_q3,Time_q1,Age_q3,Expenses_q0,Income_q3,Assets_q1,Amount_q2,Price_q3,no
bad,other,single,no,partime,Seniority_q0,Time_q1,Age_q0,Expenses_q0,?,Assets_q0,Amount_q2,Price_q1,no
good,owner,married,yes,fixed,Seniority_q2,Time_q1,Age_q2,Expenses_q2,Income_q1,Assets_q0,Amount_q2,Price_q1,no
good,owner,married,yes,fixed,Seniority_q0,Time_q1,Age_q1,Expenses_q0,Income_q3,Assets_q0,Amount_q3,Price_q3,no
good,rent,single,no,fixed,Seniority_q3,Time_q0,Age_q3,Expenses_q0,Income_q0,Assets_q0,Amount_q0,Price_q0,no
good,rent,married,no,fixed,Seniority_q2,Time_q1,Age_q3,Expenses_q2,Income_q3,Assets_q0,Amount_q2,Price_q2,no
bad,rent,married,no,freelance,Seniority_q0,Time_q0,Age_q1,Expenses_q2,Income_q3,Assets_q0,Amount_q1,Price_q1,no
good,parents,married,no,fixed,Seniority_q0,Time_q1,Age_q1,Expenses_q2,Income_q1,Assets_q1,Amount_q0,Price_q2,no
good,owner,married,no,fixed,Seniority_q3,Time_q1,Age_q3,Expenses_q0,Income_q1,Assets_q0,Amount_q1,Price_q1,no
good,parents,married,no,freelance,Seniority_q2,Time_q1,Age_q1,Expenses_q2,Income_q2,Assets_q0,Amount_q2,Price_q2,no
bad,parents,single,yes,freelance,Seniority_q2,Time_q1,Age_q1,Expenses_q0,?,Assets_q0,Amount_q2,Price_q1,no
good,owner,married,no,fixed,Seniority_q2,Time_q0,Age_q0,Expenses_q0,Income_q2,Assets_q0,Amount_q0,Price_q1,yes
bad,owner,married,yes,freelance,Seniority_q3,Time_q0,Age_q3,Expenses_q0,Income_q2,Assets_q1,Amount_q1,Price_q1,no
good,priv,married,yes,fixed,Seniority_q0,Time_q0,Age_q1,Expenses_q2,Income_q0,Assets_q0,Amount_q0,Price_q1,no
good,owner,married,no,freelance,Seniority_q3,Time_q1,Age_q2,Expenses_q2,?,Assets_q1,Amount_q3,Price_q3,no
good,parents,single,no,partime,Seniority_q0,Time_q0,Age_q0,Expenses_q0,Income_q1,Assets_q0,Amount_q0,Price_q0,no
good,rent,married,no,fixed,Seniority_q1,Time_q0,Age_q0,Expenses_q1,Income_q1,Assets_q0,Amount_q0,Price_q1,no
good,priv,married,no,fixed,Seniority_q2,Time_q0,Age_q3,Expenses_q2,Income_q2,Assets_q1,Amount_q0,Price_q0,no
good,parents,married,no,others,Seniority_q1,Time_q0,Age_q3,Expenses_q2,Income_q2,Assets_q0,Amount_q1,Price_q1,no
good,rent,married,no,freelance,Seniority_q1,Time_q1,Age_q3,Expenses_q2,?,Assets_q0,Amount_q2,Price_q1,no
good,parents,separated,no,fixed,Seniority_q0,Time_q1,Age_q2,Expenses_q0,Income_q2,Assets_q0,Amount_q0,Price_q3,no
bad,other,single,no,partime,Seniority_q0,Time_q1,Age_q1,Expenses_q0,Income_q2,Assets_q0,Amount_q1,Price_q0,no
good,owner,married,no,fixed,Seniority_q1,Time_q1,Age_q3,Expenses_q1,Income_q3,Assets_q0,Amount_q2,Price_q1,no
good,owner,married,no,fixed,Seniority_q2,Time_q0,Age_q3,Expenses_q0,Income_q1,Assets_q0,Amount_q2,Price_q2,no
good,owner,widow,no,freelance,Seniority_q0,Time_q1,Age_q1,Expenses_q0,Income_q3,Assets_q0,Amount_q1,Price_q0,no
good,owner,married,no,fixed,Seniority_q1,Time_q0,Age_q1,Expenses_q0,Income_q2,Assets_q1,Amount_q0,Price_q2,yes
good,owner,married,no,fixed,Seniority_q2,Time_q1,Age_q3,Expenses_q0,Income_q1,Assets_q1,Amount_q0,Price_q0,no
bad,other,separated,yes,fixed,Seniority_q0,Time_q1,Age_q1,Expenses_q0,Income_q2,Assets_q0,Amount_q2,Price_q3,no
good,rent,married,no,fixed,Seniority_q2,Time_q1,Age_q0,Expenses_q1,Income_q2,Assets_q0,Amount_q2,Price_q1,no
bad,rent,married,no,fixed,Seniority_q2,Time_q1,Age_q0,Expenses_q1,Income_q0,Assets_q0,Amount_q3,Price_q3,no
bad,other,single,no,partime,Seniority_q0,Time_q1,Age_q0,Expenses_q0,Income_q0,Assets_q0,Amount_q3,Price_q1,no
good,owner,married,no,freelance,Seniority_q3,Time_q0,Age_q3,Expenses_q1,Income_q3,Assets_q1,Amount_q0,Price_q1,no
good,owner,married,no,fixed,Seniority_q0,Time_q1,Age_q1,Expenses_q1,Income_q1,Assets_q0,Amount_q3,Price_q2,yes
good,priv,married,no,fixed,Seniority_q2,Time_q1,Age_q1,Expenses_q1,Income_q0,Assets_q0,Amount_q1,Price_q1,yes
bad,parents,married,yes,fixed,Seniority_q0,Time_q1,Age_q0,Expenses_q0,Income_q2,Assets_q0,Amount_q3,Price_q2,no
good,rent,married,no,fixed,Seniority_q3,Time_q1,Age_q3,Expenses_q1,Income_q1,Assets_q0,Amount_q2,Price_q1,no
good,owner,married,no,fixed,Seniority_q3,Time_q0,Age_q3,Expenses_q2,Income_q2,Assets_q1,Amount_q3,Price_q3,no
good,parents,single,no,partime,Seniority_q0,Time_q0,Age_q0,Expenses_q0,Income_q1,Assets_q0,Amount_q2,Price_q2,no
good,owner,married,no,fixed,Seniority_q3,Time_q0,Age_q3,Expenses_q2,Income_q0,Assets_q0,Amount_q0,Price_q2,no
bad,parents,single,no,fixed,Seniority_q1,Time_q0,Age_q0,Expenses_q0,Income_q1,Assets_q0,Amount_q1,Price_q3,no
good,owner,married,yes,freelance,Seniority_q2,Time_q0,Age_q3,Expenses_q2,Income_q1,Assets_q1,Amount_q0,Price_q1,no
bad,owner,married,no,fixed,Seniority_q2,Time_q1,Age_q3,Expenses_q0,Income_q2,Assets_q1,Amount_q3,Price_q2,no
good,owner,married,no,freelance,Seniority_q2,Time_q1,Age_q3,Expenses_q0,Income_q0,Assets_q0,Amount_q1,Price_q1,no
good,owner,married,no,fixed,Seniority_q0,Time_q1,Age_q0,Expenses_q0,Income_q2,Assets_q0,Amount_q3,Price_q2,no
good,parents,single,no,partime,Seniority_q0,Time_q1,Age_q0,Expenses_q0,Income_q0,Assets_q0,Amount_q1,Price_q0,no
bad,owner,married,no,freelance,Seniority_q1,Time_q0,Age_q3,Expenses_q2,Income_q0,Assets_q1,Amount_q3,Price_q3,no
bad,rent,married,no,freelance,Seniority_q0,Time_q1,Age_q1,Expenses_q2,?,Assets_q0,Amount_q2,Price_q1,yes
bad,rent,married,no,partime,Seniority_q0,Time_q1,Age_q1,Expenses_q2,Income_q3,Assets_q0,Amount_q3,Price_q3,no
bad,rent,married,no,partime,Seniority_q0,Time_q1,Age_q1,Expenses_q2,Income_q1,Assets_q0,Amount_q3,Price_q3,no
good,rent,single,no,fixed,Seniority_q0,Time_q1,Age_q1,Expenses_q1,Income_q1,Assets_q0,Amount_q2,Price_q0,no
good,parents,single,no,others,Seniority_q0,Time_q0,Age_q0,Expenses_q0,?,Assets_q1,Amount_q3,Price_q1,no
good,parents,single,no,freelance,Seniority_q2,Time_q0,Age_q0,Expenses_q0,?,Assets_q1,Amount_q0,Price_q0,yes
good,other,married,no,fixed,Seniority_q1,Time_q1,Age_q0,Expenses_q1,Income_q2,Assets_q0,Amount_q2,Price_q2,no
good,ignore,single,no,fixed,Seniority_q2,Time_q0,Age_q1,Expenses_q0,Income_q3,Assets_q1,Amount_q1,Price_q3,no
good,rent,married,no,freelance,Seniority_q0,Time_q0,Age_q1,Expenses_q2,Income_q3,Assets_q0,Amount_q0,Price_q1,no
bad,rent,married,no,others,Seniority_q0,Time_q1,Age_q1,Expenses_q2,?,Assets_q0,Amount_q3,Price_q3,no
good,priv,married,no,fixed,Seniority_q0,Time_q1,Age_q2,Expenses_q2,Income_q3,Assets_q0,Amount_q1,Price_q2,yes
good,owner,married,no,freelance,Seniority_q3,Time_q0,Age_q3,Expenses_q2,Income_q3,Assets_q1,Amount_q1,Price_q1,no
bad,rent,married,yes,fixed,Seniority_q1,Time_q1,Age_q2,Expenses_q2,Income_q3,Assets_q0,Amount_q3,Price_q3,no
good,rent,married,no,freelance,Seniority_q0,Time_q1,Age_q0,Expenses_q2,?,Assets_q0,Amount_q0,Price_q2,no
good,owner,married,no,fixed,Seniority_q3,Time_q0,Age_q3,Expenses_q1,Income_q1,?,Amount_q3,Price_q3,no
good,owner,widow,no,fixed,Seniority_q3,Time_q1,Age_q3,Expenses_q0,Income_q3,Assets_q1,Amount_q2,Price_q1,no
good,owner,married,no,partime,Seniority_q1,Time_q1,Age_q2,Expenses_q2,Income_q0,Assets_q0,Amount_q1,Price_q1,no
good,owner,married,no,fixed,Seniority_q3,Time_q1,Age_q1,Expenses_q1,Income_q3,Assets_q1,Amount_q2,Price_q1,no
good,owner,married,no,freelance,Seniority_q3,Time_q0,Age_q3,Expenses_q1,Income_q2,Assets_q1,Amount_q0,Price_q0,no
good,owner,married,yes,fixed,Seniority_q3,Time_q0,Age_q3,Expenses_q2,Income_q2,Assets_q1,Amount_q1,Price_q0,no
good,owner,married,no,fixed,Seniority_q2,Time_q0,Age_q0,Expenses_q1,Income_q1,Assets_q0,Amount_q0,Price_q0,yes
good,priv,married,no,fixed,Seniority_q0,Time_q0,Age_q1,Expenses_q0,Income_q1,Assets_q0,Amount_q0,Price_q1,yes
good,other,married,no,fixed,Seniority_q3,Time_q1,Age_q2,Expenses_q2,Income_q2,Assets_q0,Amount_q3,Price_q3,no
good,parents,single,no,freelance,Seniority_q0,Time_q0,Age_q0,Expenses_q0,Income_q0,Assets_q0,Amount_q0,Price_q1,no
good,parents,single,no,fixed,Seniority_q0,Time_q1,Age_q0,Expenses_q0,Income_q2,Assets_q0,Amount_q3,Price_q3,no
good,owner,single,no,fixed,Seniority_q2,Time_q1,Age_q1,Expenses_q0,Income_q0,Assets_q0,Amount_q1,Price_q0,yes
good,owner,married,no,fixed,Seniority_q3,Time_q0,Age_q1,Expenses_q2,Income_q3,Assets_q1,Amount_q3,Price_q3,no
good,owner,married,no,fixed,Seniority_q1,Time_q1,Age_q1,Expenses_q2,Income_q3,Assets_q0,Amount_q3,Price_q2,yes
bad,priv,married,yes,fixed,Seniority_q0,Time_q1,Age_q1,Expenses_q2,Income_q2,Assets_q0,Amount_q2,Price_q2,no
good,owner,married,no,fixed,Seniority_q1,Time_q1,Age_q1,Expenses_q2,Income_q1,Assets_q1,Amount_q0,Price_q3,yes
good,owner,married,no,fixed,Seniority_q2,Time_q1,Age_q2,Expenses_q1,Income_q2,Assets_q0,Amount_q3,Price_q3,no
bad,parents,separated,yes,fixed,Seniority_q2,Time_q1,Age_q1,Expenses_q0,Income_q0,Assets_q0,Amount_q0,Price_q0,no
bad,rent,married,no,fixed,Seniority_q0,Time_q1,Age_q2,Expenses_q1,Income_q0,Assets_q0,Amount_q1,Price_q0,no
good,owner,married,no,others,Seniority_q0,Time_q0,Age_q3,Expenses_q0,Income_q1,Assets_q1,Amount_q1,Price_q0,no
bad,owner,single,no,freelance,Seniority_q1,Time_q1,Age_q0,Expenses_q0,Income_q1,Assets_q1,Amount_q1,Price_q0,no
good,owner,married,no,fixed,Seniority_q2,Time_q0,Age_q3,Expenses_q1,Income_q2,Assets_q1,Amount_q0,Price_q1,no
good,priv,married,no,fixed,Seniority_q3,Time_q0,Age_q3,Expenses_q1,Income_q1,Assets_q0,Amount_q0,Price_q0,no
good,parents,single,no,freelance,Seniority_q1,Time_q1,Age_q0,Expenses_q0,Income_q1,Assets_q1,Amount_q3,Price_q3,yes
good,owner,married,no,fixed,Seniority_q3,Time_q0,Age_q3,Expenses_q2,Income_q1,Assets_q1,Amount_q0,Price_q2,no
good,other,single,no,fixed,Seniority_q0,Time_q0,Age_q0,Expenses_q0,Income_q0,Assets_q0,Amount_q0,Price_q0,no
good,owner,married,no,fixed,Seniority_q3,Time_q0,Age_q3,Expenses_q0,Income_q1,Assets_q0,Amount_q0,Price_q1,no
bad,owner,widow,yes,fixed,Seniority_q3,Time_q1,Age_q3,Expenses_q0,Income_q3,Assets_q1,Amount_q3,Price_q3,no
good,parents,separated,no,fixed,Seniority_q2,Time_q1,Age_q0,Expenses_q0,Income_q0,Assets_q0,Amount_q3,Price_q3,no
bad,rent,married,no,fixed,Seniority_q1,Time_q1,Age_q1,Expenses_q2,Income_q1,Assets_q0,Amount_q2,Price_q1,no
good,other,married,no,others,Seniority_q1,Time_q0,Age_q3,Expenses_q1,Income_q0,Assets_q1,Amount_q0,Price_q0,no
good,owner,married,no,fixed,Seniority_q3,Time_q0,Age_q1,Expenses_q2,Income_q3,Assets_q1,Amount_q3,Price_q3,no
good,parents,married,no,freelance,Seniority_q1,Time_q0,Age_q1,Expenses_q2,?,Assets_q0,Amount_q0,Price_q0,no
bad,rent,separated,no,partime,Seniority_q0,Time_q0,Age_q1,Expenses_q0,Income_q0,?,Amount_q0,Price_q0,no
bad,rent,married,no,fixed,Seniority_q0,Time_q1,Age_q0,Expenses_q1,Income_q1,Assets_q0,Amount_q3,Price_q2,no
good,owner,married,no,fixed,Seniority_q3,Time_q1,Age_q3,Expenses_q1,Income_q2,Assets_q1,Amount_q2,Price_q1,no
good,owner,widow,no,fixed,Seniority_q3,Time_q1,Age_q3,Expenses_q0,Income_q1,Assets_q0,Amount_q1,Price_q0,no
good,owner,married,no,fixed,Seniority_q3,Time_q1,Age_q1,Expenses_q1,Income_q2,Assets_q0,Amount_q1,Price_q2,no
good,owner,married,yes,fixed,Seniority_q0,Time_q0,Age_q1,Expenses_q0,Income_q2,Assets_q1,Amount_q0,Price_q1,no
good,owner,married,no,freelance,Seniority_q3,Time_q0,Age_q3,Expenses_q2,?,Assets_q1,Amount_q0,Price_q0,no
good,parents,single,no,freelance,Seniority_q2,Time_q1,Age_q0,Expenses_q0,?,Assets_q0,Amount_q1,Price_q0,no
good,owner,married,yes,fixed,Seniority_q3,Time_q0,Age_q3,Expenses_q2,Income_q3,Assets_q0,Amount_q2,Price_q2,no
good,parents,single,no,fixed,Seniority_q1,Time_q1,Age_q0,Expenses_q0,Income_q0,Assets_q0,Amount_q2,Price_q1,no
good,other,married,no,fixed,Seniority_q1,Time_q0,Age_q3,Expenses_q0,Income_q3,Assets_q0,Amount_q1,Price_q1,no
bad,rent,single,no,freelance,Seniority_q1,Time_q1,Age_q1,Expenses_q0,Income_q1,Assets_q0,Amount_q3,Price_q2,no
good,owner,married,no,fixed,Seniority_q1,Time_q0,Age_q1,Expenses_q2,Income_q2,Assets_q0,Amount_q1,Price_q2,no
good,owner,married,no,freelance,Seniority_q3,Time_q1,Age_q2,Expenses_q1,Income_q1,Assets_q1,Amount_q3,Price_q3,no
good,owner,married,no,fixed,Seniority_q0,Time_q0,Age_q0,Expenses_q0,Income_q2,Assets_q1,Amount_q1,Price_q3,yes
good,parents,single,no,fixed,Seniority_q0,Time_q1,Age_q0,Expenses_q0,Income_q2,Assets_q0,Amount_q2,Price_q2,no
good,other,single,no,fixed,Seniority_q2,Time_q0,Age_q0,Expenses_q0,Income_q0,Assets_q0,Amount_q2,Price_q0,no
good,owner,married,no,fixed,Seniority_q3,Time_q1,Age_q2,Expenses_q2,Income_q2,Assets_q0,Amount_q1,Price_q2,no
good,owner,married,no,freelance,Seniority_q1,Time_q1,Age_q0,Expenses_q1,Income_q1,Assets_q1,Amount_q2,Price_q3,yes
good,rent,married,no,freelance,Seniority_q0,Time_q1,Age_q0,Expenses_q2,Income_q2,Assets_q0,Amount_q3,Price_q3,no
good,owner,widow,no,fixed,Seniority_q3,Time_q1,Age_q3,Expenses_q0,Income_q1,Assets_q0,Amount_q2,Price_q1,no
bad,rent,married,no,fixed,Seniority_q0,Time_q1,Age_q1,Expenses_q2,Income_q0,Assets_q0,Amount_q3,Price_q3,no
bad,owner,married,yes,fixed,Seniority_q1,Time_q1,Age_q3,Expenses_q2,Income_q1,Assets_q0,Amount_q1,Price_q0,yes
good,owner,married,no,freelance,Seniority_q0,Time_q0,Age_q1,Expenses_q2,Income_q3,Assets_q0,Amount_q2,Price_q3,no
good,parents,married,no,fixed,Seniority_q3,Time_q1,Age_q1,Expenses_q2,Income_q3,Assets_q1,Amount_q2,Price_q2,no
bad,owner,married,yes,freelance,Seniority_q3,Time_q0,Age_q3,Expenses_q1,?,Assets_q1,Amount_q3,Price_q3,no
good,parents,married,no,fixed,Seniority_q3,Time_q0,Age_q2,Expenses_q2,Income_q2,Assets_q0,Amount_q1,Price_q2,no
good,parents,single,no,freelance,Seniority_q1,Time_q0,Age_q0,Expenses_q0,?,Assets_q0,Amount_q1,Price_q0,no
good,owner,married,no,fixed,Seniority_q0,Time_q1,Age_q1,Expenses_q2,Income_q2,Assets_q0,Amount_q2,Price_q1,no
bad,other,married,yes,fixed,Seniority_q2,Time_q0,Age_q1,Expenses_q1,Income_q2,Assets_q0,Amount_q1,Price_q0,no
good,owner,married,no,fixed,Seniority_q2,Time_q0,Age_q3,Expenses_q2,Income_q3,Assets_q0,Amount_q1,Price_q3,no
good,owner,married,no,fixed,Seniority_q0,Time_q0,Age_q2,Expenses_q2,Income_q0,Assets_q0,Amount_q0,Price_q1,no
good,rent,married,no,fixed,Seniority_q1,Time_q1,Age_q1,Expenses_q2,Income_q1,Assets_q0,Amount_q3,Price_q3,no
bad,priv,married,no,fixed,Seniority_q2,Time_q0,Age_q0,Expenses_q0,Income_q1,?,Amount_q0,Price_q1,no
good,rent,single,no,partime,Seniority_q0,Time_q1,Age_q0,Expenses_q0,Income_q1,Assets_q0,Amount_q3,Price_q3,no
good,owner,married,yes,fixed,Seniority_q1,Time_q1,Age_q3,Expenses_q0,Income_q2,Assets_q1,Amount_q1,Price_q0,no
good,owner,single,no,others,Seniority_q1,Time_q1,Age_q1,Expenses_q0,Income_q0,Assets_q0,Amount_q2,Price_q2,no
bad,other,single,yes,partime,Seniority_q0,Time_q0,Age_q0,Expenses_q0,?,Assets_q0,Amount_q0,Price_q0,no
bad,other,married,yes,partime,Seniority_q0,Time_q1,Age_q1,Expenses_q2,?,Assets_q0,Amount_q3,Price_q3,no
good,owner,married,no,fixed,Seniority_q1,Time_q1,Age_q1,Expenses_q1,Income_q1,Assets_q0,Amount_q1,Price_q1,no
bad,priv,married,no,fixed,Seniority_q1,Time_q0,Age_q3,Expenses_q1,Income_q2,Assets_q1,Amount_q1,Price_q0,no
good,rent,married,no,freelance,Seniority_q0,Time_q1,Age_q2,Expenses_q2,Income_q2,Assets_q0,Amount_q1,Price_q0,no
good,rent,married,no,freelance,Seniority_q3,Time_q1,Age_q2,Expenses_q2,Income_q2,Assets_q1,Amount_q3,Price_q3,no
good,rent,married,no,fixed,Seniority_q0,Time_q0,Age_q0,Expenses_q2,Income_q3,Assets_q0,Amount_q0,Price_q0,no
bad,owner,married,no,fixed,Seniority_q3,Time_q1,Age_q1,Expenses_q2,Income_q0,Assets_q0,Amount_q0,Price_q2,yes
good,rent,married,no,fixed,Seniority_q3,Time_q1,Age_q2,Expenses_q2,Income_q2,Assets_q0,Amount_q3,Price_q2,no
good,owner,married,no,fixed,Seniority_q3,Time_q1,Age_q1,Expenses_q2,Income_q0,Assets_q0,Amount_q1,Price_q1,yes
good,other,married,no,fixed,Seniority_q3,Time_q1,Age_q3,Expenses_q2,Income_q2,Assets_q0,Amount_q1,Price_q1,no
bad,owner,married,yes,freelance,Seniority_q3,Time_q0,Age_q3,Expenses_q2,?,?,Amount_q3,Price_q3,no
good,rent,single,no,fixed,Seniority_q2,Time_q1,Age_q1,Expenses_q0,Income_q1,Assets_q0,Amount_q2,Price_q2,no
good,owner,married,no,fixed,Seniority_q3,Time_q1,Age_q3,Expenses_q0,Income_q3,Assets_q0,Amount_q1,Price_q1,no
good,owner,married,no,fixed,Seniority_q1,Time_q1,Age_q1,Expenses_q2,Income_q2,Assets_q0,Amount_q2,Price_q2,yes
good,parents,single,no,fixed,Seniority_q2,Time_q1,Age_q0,Expenses_q0,Income_q1,Assets_q0,Amount_q2,Price_q2,no
bad,rent,married,yes,others,Seniority_q0,Time_q0,Age_q3,Expenses_q0,?,Assets_q0,Amount_q3,Price_q3,no
bad,priv,married,no,fixed,Seniority_q2,Time_q0,Age_q2,Expenses_q2,Income_q0,Assets_q0,Amount_q0,Price_q0,yes
bad,rent,married,yes,fixed,Seniority_q2,Time_q1,Age_q3,Expenses_q2,Income_q0,Assets_q0,Amount_q2,Price_q2,no
bad,parents,married,no,freelance,Seniority_q0,Time_q0,Age_q0,Expenses_q0,Income_q0,Assets_q0,Amount_q0,Price_q0,no
good,other,married,no,fixed,Seniority_q2,Time_q1,Age_q1,Expenses_q0,Income_q1,Assets_q0,Amount_q2,Price_q2,no
bad,other,married,no,partime,Seniority_q0,Time_q0,Age_q0,Expenses_q1,?,Assets_q0,Amount_q1,Price_q1,no
good,owner,single,no,fixed,Seniority_q3,Time_q1,Age_q3,Expenses_q0,Income_q2,Assets_q0,Amount_q2,Price_q2,no
bad,owner,married,yes,fixed,Seniority_q0,Time_q1,Age_q0,Expenses_q1,Income_q1,Assets_q1,Amount_q3,Price_q2,yes
bad,parents,single,no,partime,Seniority_q0,Time_q1,Age_q0,Expenses_q0,Income_q0,Assets_q1,Amount_q2,Price_q1,no
good,owner,married,no,freelance,Seniority_q3,Time_q0,Age_q2,Expenses_q2,?,Assets_q0,Amount_q0,Price_q3,no
bad,parents,single,no,freelance,Seniority_q0,Time_q1,Age_q0,Expenses_q0,Income_q0,Assets_q0,Amount_q2,Price_q2,yes
bad,rent,married,no,fixed,Seniority_q0,Time_q1,Age_q0,Expenses_q1,Income_q1,Assets_q0,Amount_q3,Price_q2,no
good,owner,married,no,fixed,Seniority_q1,Time_q1,Age_q1,Expenses_q2,Income_q3,Assets_q0,Amount_q3,Price_q3,no
good,owner,married,no,partime,Seniority_q2,Time_q1,Age_q1,Expenses_q2,Income_q0,Assets_q0,Amount_q1,Price_q1,no
good,owner,married,no,fixed,Seniority_q2,Time_q0,Age_q3,Expenses_q2,Income_q1,Assets_q1,Amount_q1,Price_q1,no
good,owner,married,no,freelance,Seniority_q3,Time_q0,Age_q2,Expenses_q2,Income_q3,Assets_q1,Amount_q0,Price_q3,no
good,other,single,no,partime,Seniority_q0,Time_q0,Age_q0,Expenses_q0,Income_q2,Assets_q0,Amount_q0,Price_q0,no
good,owner,married,no,fixed,Seniority_q2,Time_q0,Age_q0,Expenses_q0,Income_q1,Assets_q0,Amount_q0,Price_q0,yes
good,owner,married,no,freelance,Seniority_q3,Time_q0,Age_q3,Expenses_q0,Income_q3,Assets_q1,Amount_q0,Price_q1,no
good,rent,married,no,fixed,Seniority_q0,Time_q0,Age_q0,Expenses_q1,Income_q1,Assets_q0,Amount_q1,Price_q1,no
good,owner,married,yes,fixed,Seniority_q3,Time_q0,Age_q3,Expenses_q0,Income_q3,Assets_q0,Amount_q3,Price_q3,yes
good,parents,single,no,fixed,Seniority_q1,Time_q1,Age_q1,Expenses_q0,Income_q0,Assets_q0,Amount_q1,Price_q0,no
bad,rent,single,no,freelance,Seniority_q0,Time_q1,Age_q0,Expenses_q0,?,Assets_q0,Amount_q2,Price_q1,no
bad,priv,married,no,freelance,Seniority_q2,Time_q1,Age_q2,Expenses_q1,Income_q0,Assets_q1,Amount_q2,Price_q1,yes
good,owner,married,no,fixed,Seniority_q2,Time_q1,Age_q0,Expenses_q0,Income_q1,Assets_q0,Amount_q3,Price_q2,no
good,owner,single,no,freelance,Seniority_q3,Time_q1,Age_q3,Expenses_q0,Income_q1,Assets_q1,Amount_q1,Price_q1,no
good,owner,married,no,freelance,Seniority_q2,Time_q1,Age_q3,Expenses_q1,Income_q0,Assets_q1,Amount_q3,Price_q3,no
good,owner,married,no,fixed,Seniority_q2,Time_q1,Age_q2,Expenses_q2,Income_q1,Assets_q1,Amount_q3,Price_q3,no
bad,rent,single,no,fixed,Seniority_q0,Time_q1,Age_q1,Expenses_q0,Income_q0,Assets_q0,Amount_q1,Price_q2,no
bad,owner,married,no,fixed,Seniority_q1,Time_q1,Age_q2,Expenses_q2,Income_q2,Assets_q0,Amount_q1,Price_q0,no
good,owner,married,no,fixed,Seniority_q3,Time_q0,Age_q3,Expenses_q2,Income_q1,Assets_q0,Amount_q0,Price_q0,no
good,owner,married,no,freelance,Seniority_q0,Time_q0,Age_q2,Expenses_q2,Income_q2,Assets_q1,Amount_q3,Price_q3,no
good,owner,married,no,freelance,Seniority_q0,Time_q1,Age_q1,Expenses_q2,Income_q1,Assets_q0,Amount_q3,Price_q3,yes
good,owner,married,no,fixed,Seniority_q0,Time_q1,Age_q1,Expenses_q1,Income_q0,Assets_q1,Amount_q2,Price_q3,no
good,rent,married,no,others,Seniority_q0,Time_q0,Age_q3,Expenses_q1,Income_q0,Assets_q1,Amount_q0,Price_q2,no
good,owner,single,no,fixed,Seniority_q0,Time_q0,Age_q0,Expenses_q0,Income_q0,Assets_q0,Amount_q0,Price_q1,no
bad,owner,married,no,fixed,Seniority_q0,Time_q1,Age_q0,Expenses_q0,Income_q0,Assets_q1,Amount_q3,Price_q3,no
good,owner,single,no,fixed,Seniority_q1,Time_q1,Age_q0,Expenses_q0,Income_q1,Assets_q0,Amount_q1,Price_q1,no
good,owner,married,yes,freelance,Seniority_q3,Time_q0,Age_q3,Expenses_q0,?,Assets_q1,Amount_q1,Price_q2,no
good,other,single,no,fixed,Seniority_q0,Time_q1,Age_q1,Expenses_q0,Income_q0,Assets_q0,Amount_q0,Price_q0,no
good,owner,married,no,fixed,Seniority_q1,Time_q1,Age_q1,Expenses_q2,Income_q3,Assets_q1,Amount_q0,Price_q0,no
good,owner,married,no,fixed,Seniority_q2,Time_q0,Age_q2,Expenses_q1,Income_q3,Assets_q1,Amount_q3,Price_q3,yes
good,rent,married,no,fixed,Seniority_q2,Time_q1,Age_q3,Expenses_q2,Income_q3,Assets_q0,Amount_q2,Price_q2,no
bad,parents,married,no,fixed,Seniority_q2,Time_q1,Age_q3,Expenses_q2,Income_q0,Assets_q0,Amount_q3,Price_q2,no
good,rent,married,no,fixed,Seniority_q2,Time_q0,Age_q2,Expenses_q2,Income_q1,Assets_q1,Amount_q0,Price_q0,no
good,rent,married,no,freelance,Seniority_q3,Time_q0,Age_q2,Expenses_q2,Income_q3,Assets_q1,Amount_q0,Price_q3,yes
good,owner,married,no,freelance,Seniority_q2,Time_q0,Age_q2,Expenses_q2,Income_q2,Assets_q1,Amount_q1,Price_q0,yes
good,owner,single,no,fixed,Seniority_q1,Time_q1,Age_q0,Expenses_q0,Income_q2,Assets_q0,Amount_q0,Price_q2,no
bad,parents,single,no,freelance,Seniority_q0,Time_q1,Age_q0,Expenses_q0,?,Assets_q0,Amount_q3,Price_q3,no
bad,rent,divorced,yes,fixed,Seniority_q2,Time_q1,Age_q2,Expenses_q1,Income_q1,Assets_q1,Amount_q3,Price_q3,yes
bad,other,single,no,freelance,Seniority_q1,Time_q0,Age_q1,Expenses_q0,?,Assets_q0,Amount_q0,Price_q0,no
good,owner,married,no,fixed,Seniority_q0,Time_q0,Age_q2,Expenses_q2,Income_q2,Assets_q1,Amount_q3,Price_q3,no
good,parents,single,no,partime,Seniority_q0,Time_q0,Age_q0,Expenses_q0,Income_q0,Assets_q0,Amount_q0,Price_q0,no
good,owner,married,yes,fixed,Seniority_q2,Time_q0,Age_q1,Expenses_q1,Income_q2,Assets_q0,Amount_q0,Price_q3,yes
good,other,married,yes,freelance,Seniority_q0,Time_q0,Age_q2,Expenses_q2,Income_q2,Assets_q0,Amount_q1,Price_q0,no
good,rent,married,yes,freelance,Seniority_q3,Time_q0,Age_q3,Expenses_q2,Income_q3,Assets_q0,Amount_q1,Price_q3,no
good,owner,married,yes,fixed,Seniority_q3,Time_q1,Age_q2,Expenses_q1,Income_q3,Assets_q1,Amount_q3,Price_q3,no
good,owner,married,no,fixed,Seniority_q2,Time_q0,Age_q1,Expenses_q1,Income_q1,Assets_q1,Amount_q1,Price_q3,yes
good,owner,married,no,freelance,Seniority_q3,Time_q0,Age_q1,Expenses_q2,Income_q0,Assets_q1,Amount_q1,Price_q1,yes
good,rent,married,no,fixed,Seniority_q2,Time_q0,Age_q1,Expenses_q2,Income_q3,Assets_q0,Amount_q0,Price_q2,no
good,owner,married,no,fixed,Seniority_q2,Time_q0,Age_q3,Expenses_q2,Income_q2,Assets_q0,Amount_q0,Price_q0,no
bad,rent,married,yes,partime,Seniority_q1,Time_q1,Age_q1,Expenses_q1,Income_q2,Assets_q0,Amount_q3,Price_q2,no
bad,owner,married,yes,freelance,Seniority_q0,Time_q0,Age_q3,Expenses_q0,Income_q3,Assets_q1,Amount_q3,Price_q2,no
bad,parents,married,no,fixed,Seniority_q2,Time_q0,Age_q0,Expenses_q2,Income_q0,Assets_q1,Amount_q0,Price_q0,no
bad,rent,married,no,freelance,Seniority_q0,Time_q1,Age_q2,Expenses_q2,?,Assets_q0,Amount_q0,Price_q0,no
good,owner,married,no,freelance,Seniority_q3,Time_q0,Age_q3,Expenses_q2,?,Assets_q1,Amount_q1,Price_q3,no
good,owner,married,no,fixed,Seniority_q2,Time_q0,Age_q1,Expenses_q1,Income_q3,Assets_q0,Amount_q0,Price_q0,no
bad,other,married,no,freelance,Seniority_q0,Time_q1,Age_q2,Expenses_q2,?,Assets_q0,Amount_q2,Price_q1,no
good,owner,widow,no,others,Seniority_q1,Time_q1,Age_q2,Expenses_q0,Income_q1,Assets_q1,Amount_q3,Price_q3,no
bad,rent,single,no,fixed,Seniority_q2,Time_q1,Age_q1,Expenses_q1,Income_q2,Assets_q0,Amount_q0,Price_q0,no
good,rent,married,no,fixed,Seniority_q0,Time_q0,Age_q2,Expenses_q2,Income_q3,Assets_q0,Amount_q0,Price_q0,no
good,owner,single,no,fixed,Seniority_q0,Time_q0,Age_q0,Expenses_q0,Income_q2,Assets_q0,Amount_q0,Price_q0,no
bad,owner,married,no,freelance,Seniority_q3,Time_q1,Age_q2,Expenses_q2,?,Assets_q1,Amount_q2,Price_q3,no
good,rent,married,no,fixed,Seniority_q0,Time_q1,Age_q1,Expenses_q2,Income_q2,Assets_q0,Amount_q2,Price_q1,no
good,parents,single,no,freelance,Seniority_q0,Time_q0,Age_q0,Expenses_q0,?,Assets_q1,Amount_q0,Price_q1,no
good,other,married,yes,fixed,Seniority_q2,Time_q0,Age_q1,Expenses_q2,Income_q3,Assets_q1,Amount_q1,Price_q1,no
bad,owner,married,yes,fixed,Seniority_q0,Time_q0,Age_q3,Expenses_q0,Income_q2,Assets_q0,Amount_q0,Price_q2,no
good,owner,married,no,freelance,Seniority_q2,Time_q0,Age_q3,Expenses_q2,Income_q2,Assets_q0,Amount_q0,Price_q0,no
bad,parents,single,no,freelance,Seniority_q0,Time_q1,Age_q3,Expenses_q0,Income_q1,Assets_q0,Amount_q0,Price_q0,no
bad,other,married,no,fixed,Seniority_q0,Time_q1,Age_q2,Expenses_q2,?,Assets_q0,Amount_q2,Price_q1,no
good,parents,single,no,fixed,Seniority_q3,Time_q1,Age_q3,Expenses_q0,Income_q1,Assets_q1,Amount_q0,Price_q0,no
bad,parents,single,no,freelance,Seniority_q1,Time_q0,Age_q0,Expenses_q0,?,Assets_q0,Amount_q3,Price_q3,no
bad,other,married,no,others,Seniority_q0,Time_q1,Age_q0,Expenses_q0,?,Assets_q0,Amount_q3,Price_q2,no
good,owner,single,yes,fixed,Seniority_q1,Time_q1,Age_q0,Expenses_q0,Income_q2,Assets_q0,Amount_q3,Price_q2,no
good,owner,married,no,fixed,Seniority_q2,Time_q1,Age_q3,Expenses_q0,Income_q2,Assets_q1,Amount_q1,Price_q0,yes
bad,parents,single,no,others,Seniority_q0,Time_q1,Age_q0,Expenses_q0,Income_q0,Assets_q0,Amount_q3,Price_q1,no
good,owner,married,no,freelance,Seniority_q3,Time_q1,Age_q3,Expenses_q0,?,Assets_q1,Amount_q3,Price_q3,yes
good,owner,widow,no,fixed,Seniority_q2,Time_q1,Age_q3,Expenses_q0,Income_q1,Assets_q0,Amount_q3,Price_q2,no
good,owner,married,no,fixed,Seniority_q2,Time_q1,Age_q3,Expenses_q0,Income_q0,Assets_q0,Amount_q2,Price_q2,no
good,owner,married,no,partime,Seniority_q0,Time_q1,Age_q2,Expenses_q2,Income_q1,Assets_q0,Amount_q1,Price_q1,no
good,owner,married,no,others,Seniority_q1,Time_q1,Age_q2,Expenses_q2,Income_q2,Assets_q0,Amount_q2,Price_q2,yes
good,parents,single,no,freelance,Seniority_q1,Time_q1,Age_q1,Expenses_q0,Income_q1,Assets_q1,Amount_q2,Price_q2,no
good,rent,married,no,fixed,Seniority_q2,Time_q1,Age_q1,Expenses_q1,Income_q2,Assets_q0,Amount_q3,Price_q3,no
good,other,single,no,fixed,Seniority_q0,Time_q1,Age_q0,Expenses_q0,Income_q1,Assets_q0,Amount_q3,Price_q2,yes
good,owner,single,no,fixed,Seniority_q0,Time_q1,Age_q0,Expenses_q0,Income_q2,Assets_q1,Amount_q1,Price_q1,no
bad,owner,married,no,freelance,Seniority_q0,Time_q0,Age_q1,Expenses_q2,Income_q0,Assets_q0,Amount_q1,Price_q0,yes
good,rent,married,no,fixed,Seniority_q3,Time_q1,Age_q3,Expenses_q2,Income_q3,Assets_q1,Amount_q2,Price_q3,no
bad,other,married,no,others,Seniority_q0,Time_q0,Age_q2,Expenses_q2,Income_q0,Assets_q0,Amount_q0,Price_q0,no
good,priv,married,no,fixed,Seniority_q0,Time_q0,Age_q0,Expenses_q1,Income_q1,Assets_q0,Amount_q0,Price_q0,no
good,owner,married,no,fixed,Seniority_q0,Time_q1,Age_q2,Expenses_q2,Income_q3,Assets_q1,Amount_q2,Price_q2,no
bad,rent,single,no,partime,Seniority_q0,Time_q1,Age_q0,Expenses_q1,Income_q2,Assets_q0,Amount_q3,Price_q2,no
good,parents,single,no,fixed,Seniority_q1,Time_q1,Age_q0,Expenses_q0,Income_q3,Assets_q0,Amount_q0,Price_q0,no
good,owner,married,no,fixed,Seniority_q0,Time_q1,Age_q0,Expenses_q0,Income_q0,Assets_q0,Amount_q0,Price_q2,no
good,rent,married,no,fixed,Seniority_q0,Time_q0,Age_q1,Expenses_q2,Income_q3,Assets_q0,Amount_q1,Price_q0,no
good,rent,married,no,fixed,Seniority_q1,Time_q1,Age_q2,Expenses_q2,Income_q3,Assets_q0,Amount_q2,Price_q1,no
good,owner,married,no,fixed,Seniority_q1,Time_q0,Age_q0,Expenses_q0,Income_q2,Assets_q1,Amount_q1,Price_q1,no
good,rent,married,no,fixed,Seniority_q1,Time_q1,Age_q1,Expenses_q2,Income_q3,Assets_q0,Amount_q1,Price_q2,no
good,owner,married,no,fixed,Seniority_q0,Time_q0,Age_q3,Expenses_q1,Income_q0,Assets_q0,Amount_q2,Price_q1,no
bad,other,married,yes,freelance,Seniority_q0,Time_q0,Age_q3,Expenses_q1,?,Assets_q0,Amount_q1,Price_q3,no
good,owner,married,yes,freelance,Seniority_q3,Time_q0,Age_q3,Expenses_q0,Income_q2,Assets_q1,Amount_q3,Price_q3,no
good,parents,single,no,freelance,Seniority_q0,Time_q0,Age_q0,Expenses_q0,Income_q3,Assets_q1,Amount_q1,Price_q3,no
good,rent,married,no,fixed,Seniority_q1,Time_q1,Age_q2,Expenses_q2,Income_q2,Assets_q1,Amount_q1,Price_q1,no
bad,rent,single,yes,fixed,Seniority_q1,Time_q1,Age_q3,Expenses_q1,Income_q1,Assets_q1,Amount_q3,Price_q3,no
bad,parents,single,no,fixed,Seniority_q0,Time_q1,Age_q0,Expenses_q0,Income_q1,Assets_q0,Amount_q2,Price_q0,no
good,owner,married,no,fixed,Seniority_q3,Time_q1,Age_q2,Expenses_q2,Income_q1,Assets_q0,Amount_q2,Price_q2,no
good,rent,married,no,fixed,Seniority_q3,Time_q0,Age_q1,Expenses_q2,Income_q1,Assets_q0,Amount_q0,Price_q0,no
good,owner,married,no,freelance,Seniority_q1,Time_q1,Age_q2,Expenses_q2,Income_q0,Assets_q1,Amount_q2,Price_q2,yes
good,owner,married,no,fixed,Seniority_q0,Time_q1,Age_q0,Expenses_q0,Income_q0,Assets_q1,Amount_q2,Price_q2,yes
good,owner,married,no,freelance,Seniority_q0,Time_q0,Age_q1,Expenses_q2,?,Assets_q1,Amount_q0,Price_q0,no
good,rent,married,no,fixed,Seniority_q3,Time_q1,Age_q0,Expenses_q1,Income_q2,Assets_q0,Amount_q3,Price_q2,no
good,parents,separated,no,fixed,Seniority_q2,Time_q1,Age_q1,Expenses_q2,Income_q1,Assets_q0,Amount_q3,Price_q3,no
good,parents,single,no,fixed,Seniority_q0,Time_q0,Age_q0,Expenses_q0,Income_q0,Assets_q0,Amount_q0,Price_q2,no
bad,owner,married,yes,fixed,Seniority_q3,Time_q1,Age_q3,Expenses_q1,Income_q2,Assets_q0,Amount_q2,Price_q2,no
bad,owner,married,no,partime,Seniority_q0,Time_q1,Age_q1,Expenses_q2,Income_q1,Assets_q0,Amount_q0,Price_q0,yes
good,parents,married,no,freelance,Seniority_q0,Time_q0,Age_q0,Expenses_q1,?,Assets_q0,Amount_q0,Price_q0,no
good,owner,married,no,fixed,Seniority_q1,Time_q0,Age_q0,Expenses_q1,Income_q2,Assets_q0,Amount_q0,Price_q1,yes
good,owner,widow,no,others,Seniority_q0,Time_q0,Age_q3,Expenses_q0,Income_q1,Assets_q1,Amount_q2,Price_q3,no
good,owner,single,no,fixed,Seniority_q0,Time_q1,Age_q3,Expenses_q1,?,Assets_q1,Amount_q3,Price_q3,no
bad,priv,married,yes,fixed,Seniority_q1,Time_q1,Age_q0,Expenses_q2,Income_q1,Assets_q1,Amount_q1,Price_q0,yes
bad,rent,single,no,partime,Seniority_q0,Time_q1,Age_q0,Expenses_q0,Income_q0,Assets_q0,Amount_q1,Price_q0,no
bad,parents,single,no,partime,Seniority_q0,Time_q0,Age_q0,Expenses_q0,Income_q0,Assets_q0,Amount_q0,Price_q2,no
good,parents,single,no,fixed,Seniority_q2,Time_q0,Age_q1,Expenses_q0,Income_q0,Assets_q0,Amount_q0,Price_q1,no
good,owner,married,no,fixed,Seniority_q0,Time_q1,Age_q2,Expenses_q2,Income_q2,Assets_q0,Amount_q1,Price_q2,no
good,parents,single,no,fixed,Seniority_q0,Time_q0,Age_q0,Expenses_q0,Income_q1,Assets_q0,Amount_q1,Price_q0,no
good,owner,married,no,fixed,Seniority_q3,Time_q1,Age_q1,Expenses_q1,Income_q1,Assets_q0,Amount_q1,Price_q1,yes
good,priv,married,no,fixed,Seniority_q1,Time_q0,Age_q0,Expenses_q0,Income_q0,Assets_q0,Amount_q1,Price_q1,yes
good,owner,married,yes,fixed,Seniority_q0,Time_q1,Age_q1,Expenses_q1,Income_q1,Assets_q0,Amount_q1,Price_q0,yes
good,owner,married,no,fixed,Seniority_q2,Time_q0,Age_q0,Expenses_q0,Income_q0,Assets_q0,Amount_q0,Price_q2,no
good,rent,married,no,fixed,Seniority_q2,Time_q0,Age_q0,Expenses_q2,Income_q0,Assets_q0,Amount_q0,Price_q0,no
bad,owner,married,yes,fixed,Seniority_q3,Time_q1,Age_q2,Expenses_q2,Income_q0,Assets_q0,Amount_q3,Price_q2,no
bad,owner,married,yes,fixed,Seniority_q2,Time_q0,Age_q3,Expenses_q1,Income_q0,Assets_q0,Amount_q3,Price_q3,no
good,rent,married,no,fixed,Seniority_q3,Time_q0,Age_q2,Expenses_q2,Income_q1,Assets_q0,Amount_q0,Price_q0,no
good,owner,married,yes,freelance,Seniority_q3,Time_q0,Age_q2,Expenses_q0,Income_q1,Assets_q1,Amount_q0,Price_q0,no
good,owner,married,no,fixed,Seniority_q2,Time_q0,Age_q3,Expenses_q1,Income_q0,Assets_q0,Amount_q0,Price_q0,no
bad,rent,married,no,fixed,Seniority_q0,Time_q1,Age_q3,Expenses_q2,?,Assets_q0,Amount_q3,Price_q3,no
bad,rent,single,yes,freelance,Seniority_q0,Time_q0,Age_q1,Expenses_q0,?,Assets_q0,Amount_q1,Price_q2,no
good,owner,married,no,fixed,Seniority_q1,Time_q1,Age_q1,Expenses_q1,Income_q3,Assets_q0,Amount_q2,Price_q2,no
good,owner,married,no,fixed,Seniority_q3,Time_q1,Age_q3,Expenses_q0,Income_q0,Assets_q0,Amount_q1,Price_q1,no
good,parents,single,no,fixed,Seniority_q1,Time_q1,Age_q1,Expenses_q0,Income_q2,Assets_q0,Amount_q0,Price_q3,no
good,parents,married,no,fixed,Seniority_q1,Time_q1,Age_q0,Expenses_q0,Income_q1,Assets_q0,Amount_q2,Price_q2,no
good,owner,single,no,partime,Seniority_q0,Time_q1,Age_q0,Expenses_q0,Income_q2,Assets_q0,Amount_q3,Price_q2,no
good,owner,married,no,fixed,Seniority_q2,Time_q0,Age_q1,Expenses_q0,Income_q3,Assets_q1,Amount_q0,Price_q1,yes
good,rent,single,no,freelance,Seniority_q2,Time_q0,Age_q1,Expenses_q2,Income_q3,Assets_q0,Amount_q3,Price_q3,no
good,owner,married,no,fixed,Seniority_q2,Time_q1,Age_q3,Expenses_q1,Income_q3,Assets_q1,Amount_q3,Price_q3,no
good,priv,married,no,fixed,Seniority_q0,Time_q0,Age_q3,Expenses_q1,Income_q2,Assets_q0,Amount_q1,Price_q3,no
good,owner,divorced,no,fixed,Seniority_q2,Time_q0,Age_q3,Expenses_q0,Income_q3,Assets_q0,Amount_q0,Price_q1,no
good,owner,married,no,fixed,Seniority_q1,Time_q1,Age_q1,Expenses_q1,Income_q2,Assets_q0,Amount_q1,Price_q0,yes
good,owner,married,no,fixed,Seniority_q0,Time_q1,Age_q2,Expenses_q1,Income_q0,Assets_q0,Amount_q2,Price_q1,yes
good,owner,married,no,fixed,Seniority_q3,Time_q0,Age_q2,Expenses_q2,Income_q3,Assets_q1,Amount_q0,Price_q3,no
good,owner,married,no,freelance,Seniority_q2,Time_q1,Age_q2,Expenses_q2,Income_q3,Assets_q1,Amount_q3,Price_q2,no
good,rent,married,yes,fixed,Seniority_q0,Time_q1,Age_q1,Expenses_q1,Income_q0,Assets_q0,Amount_q1,Price_q1,no
good,owner,married,no,fixed,Seniority_q3,Time_q0,Age_q3,Expenses_q0,Income_q0,Assets_q0,Amount_q0,Price_q1,no
bad,rent,married,yes,fixed,Seniority_q0,Time_q1,Age_q2,Expenses_q2,Income_q2,Assets_q0,Amount_q3,Price_q3,no
good,owner,married,no,fixed,Seniority_q3,Time_q1,Age_q0,Expenses_q1,Income_q1,Assets_q0,Amount_q1,Price_q1,yes
bad,rent,married,no,fixed,Seniority_q3,Time_q1,Age_q2,Expenses_q2,Income_q2,Assets_q0,Amount_q3,Price_q2,no
good,rent,married,no,fixed,Seniority_q2,Time_q0,Age_q1,Expenses_q2,Income_q1,Assets_q1,Amount_q1,Price_q1,no
bad,rent,married,no,freelance,Seniority_q0,Time_q1,Age_q1,Expenses_q2,Income_q1,Assets_q0,Amount_q2,Price_q3,no
good,rent,married,no,partime,Seniority_q1,Time_q1,Age_q1,Expenses_q2,Income_q0,Assets_q0,Amount_q1,Price_q1,no
good,owner,married,no,fixed,Seniority_q3,Time_q1,Age_q1,Expenses_q1,Income_q2,Assets_q0,Amount_q2,Price_q2,no
bad,parents,single,yes,fixed,Seniority_q0,Time_q1,Age_q0,Expenses_q0,Income_q1,Assets_q1,Amount_q2,Price_q3,no
good,owner,married,no,freelance,Seniority_q3,Time_q0,Age_q3,Expenses_q2,Income_q3,Assets_q1,Amount_q1,Price_q3,yes
good,other,married,no,freelance,Seniority_q2,Time_q0,Age_q3,Expenses_q2,Income_q3,Assets_q1,Amount_q3,Price_q2,no
bad,priv,married,no,fixed,Seniority_q1,Time_q1,Age_q1,Expenses_q2,Income_q0,Assets_q0,Amount_q2,Price_q2,yes
good,owner,married,yes,freelance,Seniority_q1,Time_q1,Age_q2,Expenses_q0,Income_q1,Assets_q1,Amount_q3,Price_q3,no
good,other,single,no,fixed,Seniority_q2,Time_q0,Age_q2,Expenses_q0,Income_q1,Assets_q0,Amount_q0,Price_q2,no
good,owner,separated,yes,fixed,Seniority_q1,Time_q1,Age_q1,Expenses_q0,Income_q0,Assets_q0,Amount_q0,Price_q0,no
good,priv,married,no,fixed,Seniority_q0,Time_q0,Age_q0,Expenses_q0,Income_q1,?,Amount_q2,Price_q2,no
good,owner,married,no,freelance,Seniority_q3,Time_q0,Age_q3,Expenses_q0,Income_q0,Assets_q1,Amount_q0,Price_q1,no
bad,rent,married,yes,freelance,Seniority_q2,Time_q0,Age_q1,Expenses_q1,?,Assets_q0,Amount_q0,Price_q0,no
good,owner,married,no,fixed,Seniority_q1,Time_q1,Age_q2,Expenses_q2,?,Assets_q0,Amount_q0,Price_q1,yes
good,owner,single,no,fixed,Seniority_q0,Time_q0,Age_q0,Expenses_q0,Income_q3,Assets_q0,Amount_q3,Price_q2,no
bad,owner,married,yes,fixed,Seniority_q3,Time_q1,Age_q3,Expenses_q0,Income_q3,Assets_q0,Amount_q2,Price_q1,yes
good,rent,married,no,fixed,Seniority_q2,Time_q1,Age_q1,Expenses_q2,Income_q1,Assets_q0,Amount_q2,Price_q1,no
good,rent,married,no,partime,Seniority_q0,Time_q1,Age_q0,Expenses_q2,Income_q1,Assets_q1,Amount_q2,Price_q1,no
good,owner,married,no,fixed,Seniority_q0,Time_q1,Age_q1,Expenses_q2,Income_q3,Assets_q0,Amount_q3,Price_q3,no
bad,priv,single,no,freelance,Seniority_q1,Time_q0,Age_q0,Expenses_q1,?,Assets_q0,Amount_q2,Price_q2,no
bad,parents,single,no,fixed,Seniority_q0,Time_q1,Age_q0,Expenses_q0,Income_q0,Assets_q0,Amount_q3,Price_q3,no
good,owner,married,no,freelance,Seniority_q3,Time_q1,Age_q3,Expenses_q1,Income_q1,Assets_q1,Amount_q2,Price_q2,no
bad,rent,married,yes,fixed,Seniority_q0,Time_q1,Age_q3,Expenses_q2,Income_q2,Assets_q0,Amount_q3,Price_q3,no
bad,priv,married,no,fixed,Seniority_q3,Time_q1,Age_q1,Expenses_q0,Income_q3,Assets_q0,Amount_q3,Price_q3,no
bad,other,married,no,fixed,Seniority_q0,Time_q1,Age_q1,Expenses_q1,Income_q0,Assets_q0,Amount_q3,Price_q3,no
good,owner,married,no,fixed,Seniority_q3,Time_q0,Age_q3,Expenses_q0,Income_q3,Assets_q1,Amount_q1,Price_q3,no
good,priv,married,no,fixed,Seniority_q1,Time_q1,Age_q0,Expenses_q0,Income_q0,Assets_q0,Amount_q1,Price_q0,yes
good,parents,single,no,fixed,Seniority_q0,Time_q0,Age_q0,Expenses_q0,Income_q0,Assets_q0,Amount_q1,Price_q3,no
good,owner,married,no,fixed,Seniority_q2,Time_q1,Age_q2,Expenses_q2,Income_q2,Assets_q0,Amount_q3,Price_q3,no
good,owner,married,no,fixed,Seniority_q0,Time_q0,Age_q0,Expenses_q0,Income_q0,Assets_q1,Amount_q0,Price_q2,yes
bad,rent,married,yes,fixed,Seniority_q2,Time_q1,Age_q1,Expenses_q2,Income_q1,Assets_q0,Amount_q2,Price_q3,no
good,owner,married,no,fixed,Seniority_q3,Time_q0,Age_q3,Expenses_q2,Income_q3,Assets_q1,Amount_q1,Price_q3,no
good,rent,married,no,freelance,Seniority_q1,Time_q1,Age_q1,Expenses_q2,Income_q3,Assets_q0,Amount_q1,Price_q0,no
good,owner,single,no,partime,Seniority_q0,Time_q0,Age_q0,Expenses_q0,Income_q3,Assets_q0,Amount_q0,Price_q0,no
bad,parents,single,no,fixed,Seniority_q0,Time_q1,Age_q0,Expenses_q0,Income_q2,Assets_q0,Amount_q1,Price_q0,no
bad,other,married,yes,freelance,Seniority_q1,Time_q1,Age_q2,Expenses_q0,Income_q2,Assets_q0,Amount_q1,Price_q1,no
good,rent,married,no,fixed,Seniority_q1,Time_q1,Age_q1,Expenses_q2,Income_q1,Assets_q0,Amount_q0,Price_q2,no
good,owner,married,no,fixed,Seniority_q1,Time_q0,Age_q0,Expenses_q1,Income_q1,Assets_q1,Amount_q1,Price_q3,no
good,owner,married,no,fixed,Seniority_q2,Time_q1,Age_q1,Expenses_q2,Income_q3,Assets_q1,Amount_q3,Price_q3,yes
good,parents,single,no,fixed,Seniority_q0,Time_q0,Age_q1,Expenses_q0,Income_q0,Assets_q0,Amount_q0,Price_q0,no
good,rent,married,no,fixed,Seniority_q0,Time_q1,Age_q0,Expenses_q1,Income_q1,Assets_q0,Amount_q1,Price_q1,no
good,other,single,no,fixed,Seniority_q0,Time_q0,Age_q1,Expenses_q0,Income_q0,Assets_q0,Amount_q0,Price_q0,no
good,owner,married,no,fixed,Seniority_q2,Time_q1,Age_q2,Expenses_q2,Income_q2,Assets_q1,Amount_q2,Price_q2,no
good,owner,married,no,fixed,Seniority_q3,Time_q1,Age_q2,Expenses_q2,Income_q2,Assets_q1,Amount_q1,Price_q3,no
good,owner,married,no,fixed,Seniority_q3,Time_q0,Age_q3,Expenses_q2,Income_q3,Assets_q1,Amount_q3,Price_q2,yes
good,owner,married,no,freelance,Seniority_q2,Time_q0,Age_q2,Expenses_q2,Income_q2,Assets_q1,Amount_q3,Price_q3,no
good,owner,married,no,freelance,Seniority_q3,Time_q0,Age_q3,Expenses_q1,Income_q3,Assets_q1,Amount_q1,Price_q1,no
good,parents,married,no,fixed,Seniority_q3,Time_q0,Age_q1,Expenses_q0,Income_q3,Assets_q1,Amount_q0,Price_q3,yes
good,parents,single,no,fixed,Seniority_q0,Time_q0,Age_q0,Expenses_q0,Income_q0,Assets_q0,Amount_q1,Price_q2,no
bad,rent,married,no,fixed,Seniority_q2,Time_q1,Age_q0,Expenses_q1,Income_q0,Assets_q0,Amount_q2,Price_q1,no
good,rent,married,no,fixed,Seniority_q2,Time_q0,Age_q3,Expenses_q2,Income_q2,Assets_q0,Amount_q0,Price_q0,no
bad,rent,married,no,freelance,Seniority_q2,Time_q1,Age_q3,Expenses_q2,Income_q3,Assets_q0,Amount_q3,Price_q3,no
bad,owner,married,no,freelance,Seniority_q3,Time_q1,Age_q3,Expenses_q0,Income_q0,Assets_q0,Amount_q3,Price_q3,no
good,parents,married,no,fixed,Seniority_q0,Time_q1,Age_q1,Expenses_q1,Income_q2,Assets_q0,Amount_q3,Price_q3,no
bad,rent,single,no,fixed,Seniority_q0,Time_q0,Age_q1,Expenses_q1,Income_q1,Assets_q0,Amount_q1,Price_q1,no
good,parents,married,no,fixed,Seniority_q3,Time_q1,Age_q1,Expenses_q2,Income_q0,Assets_q0,Amount_q1,Price_q2,no
good,owner,married,no,freelance,Seniority_q1,Time_q1,Age_q2,Expenses_q1,Income_q1,Assets_q1,Amount_q3,Price_q3,no
bad,owner,married,no,fixed,Seniority_q3,Time_q1,Age_q2,Expenses_q2,Income_q3,Assets_q1,Amount_q1,Price_q0,yes
good,priv,married,no,freelance,Seniority_q2,Time_q1,Age_q3,Expenses_q2,Income_q3,Assets_q0,Amount_q3,Price_q2,no
good,owner,married,no,fixed,Seniority_q3,Time_q0,Age_q1,Expenses_q1,Income_q1,Assets_q1,Amount_q1,Price_q0,no
good,parents,single,no,fixed,Seniority_q2,Time_q0,Age_q1,Expenses_q0,Income_q3,Assets_q0,Amount_q0,Price_q2,no
good,owner,married,no,partime,Seniority_q0,Time_q1,Age_q1,Expenses_q2,Income_q0,Assets_q0,Amount_q2,Price_q2,no
good,owner,married,no,fixed,Seniority_q3,Time_q1,Age_q1,Expenses_q0,Income_q1,Assets_q1,Amount_q1,Price_q0,yes
good,owner,married,no,fixed,Seniority_q2,Time_q0,Age_q0,Expenses_q0,Income_q0,Assets_q0,Amount_q1,Price_q0,no
good,owner,married,no,freelance,Seniority_q1,Time_q1,Age_q3,Expenses_q2,Income_q0,Assets_q1,Amount_q1,Price_q1,no
good,owner,married,no,fixed,Seniority_q3,Time_q1,Age_q3,Expenses_q1,Income_q3,Assets_q0,Amount_q2,Price_q1,no
good,rent,married,no,fixed,Seniority_q0,Time_q0,Age_q0,Expenses_q2,Income_q1,Assets_q0,Amount_q0,Price_q1,no
good,rent,married,no,fixed,Seniority_q3,Time_q0,Age_q3,Expenses_q2,Income_q3,Assets_q0,Amount_q2,Price_q2,no
good,owner,married,no,fixed,Seniority_q2,Time_q1,Age_q1,Expenses_q2,Income_q3,Assets_q1,Amount_q1,Price_q2,yes
bad,owner,single,no,fixed,Seniority_q0,Time_q1,Age_q0,Expenses_q1,Income_q0,Assets_q0,Amount_q0,Price_q1,no
good,parents,married,no,fixed,Seniority_q1,Time_q1,Age_q3,Expenses_q1,Income_q0,Assets_q0,Amount_q0,Price_q0,no
bad,priv,married,no,partime,Seniority_q0,Time_q1,Age_q2,Expenses_q2,Income_q0,Assets_q0,Amount_q2,Price_q2,yes
bad,owner,married,no,fixed,Seniority_q1,Time_q1,Age_q1,Expenses_q2,Income_q3,Assets_q1,Amount_q3,Price_q3,yes
good,parents,married,no,freelance,Seniority_q2,Time_q1,Age_q1,Expenses_q2,Income_q2,Assets_q0,Amount_q2,Price_q2,no
good,owner,single,no,others,Seniority_q1,Time_q1,Age_q0,Expenses_q0,Income_q2,Assets_q0,Amount_q1,Price_q0,no
good,owner,married,no,freelance,Seniority_q3,Time_q0,Age_q3,Expenses_q1,Income_q1,Assets_q1,Amount_q3,Price_q3,no
good,priv,married,no,fixed,Seniority_q0,Time_q0,Age_q3,Expenses_q1,Income_q3,Assets_q1,Amount_q3,Price_q3,no
bad,rent,married,no,partime,Seniority_q0,Time_q1,Age_q3,Expenses_q2,Income_q2,Assets_q0,Amount_q1,Price_q0,no
good,rent,married,no,fixed,Seniority_q2,Time_q1,Age_q1,Expenses_q2,Income_q0,Assets_q1,Amount_q1,Price_q2,no
bad,owner,married,yes,fixed,Seniority_q0,Time_q0,Age_q1,Expenses_q2,Income_q1,Assets_q0,Amount_q1,Price_q0,no
good,owner,married,yes,fixed,Seniority_q1,Time_q0,Age_q2,Expenses_q1,Income_q1,Assets_q0,Amount_q0,Price_q0,no
bad,parents,single,no,fixed,Seniority_q0,Time_q1,Age_q0,Expenses_q0,Income_q0,Assets_q0,Amount_q3,Price_q2,no
good,owner,married,no,fixed,Seniority_q0,Time_q1,Age_q0,Expenses_q0,Income_q3,Assets_q1,Amount_q0,Price_q3,no
good,parents,married,no,fixed,Seniority_q2,Time_q1,Age_q1,Expenses_q1,Income_q1,Assets_q0,Amount_q1,Price_q2,no
good,owner,married,no,fixed,Seniority_q2,Time_q0,Age_q3,Expenses_q2,Income_q3,Assets_q1,Amount_q0,Price_q0,yes
good,owner,married,no,fixed,Seniority_q1,Time_q1,Age_q2,Expenses_q2,Income_q2,Assets_q0,Amount_q3,Price_q2,no
bad,priv,married,yes,fixed,Seniority_q0,Time_q0,Age_q1,Expenses_q2,Income_q2,Assets_q0,Amount_q0,Price_q0,no
bad,priv,married,no,partime,Seniority_q0,Time_q1,Age_q3,Expenses_q2,Income_q1,Assets_q1,Amount_q3,Price_q3,no
good,owner,divorced,no,fixed,Seniority_q2,Time_q1,Age_q1,Expenses_q0,Income_q1,Assets_q0,Amount_q0,Price_q0,no
good,owner,married,yes,fixed,Seniority_q3,Time_q0,Age_q3,Expenses_q1,Income_q3,Assets_q1,Amount_q0,Price_q1,yes
good,parents,married,yes,fixed,Seniority_q0,Time_q1,Age_q2,Expenses_q2,Income_q3,Assets_q0,Amount_q3,Price_q3,no
good,rent,married,no,fixed,Seniority_q0,Time_q0,Age_q1,Expenses_q2,Income_q2,Assets_q0,Amount_q0,Price_q0,no
bad,other,married,no,freelance,Seniority_q0,Time_q1,Age_q2,Expenses_q0,?,Assets_q0,Amount_q3,Price_q3,no
bad,rent,married,no,freelance,Seniority_q0,Time_q0,Age_q1,Expenses_q2,?,Assets_q0,Amount_q0,Price_q0,no
bad,owner,married,yes,fixed,Seniority_q0,Time_q0,Age_q3,Expenses_q0,Income_q3,Assets_q0,Amount_q1,Price_q0,no
good,rent,separated,no,fixed,Seniority_q0,Time_q1,Age_q2,Expenses_q1,Income_q2,Assets_q0,Amount_q0,Price_q3,no
bad,priv,married,yes,fixed,Seniority_q1,Time_q1,Age_q1,Expenses_q1,Income_q3,Assets_q0,Amount_q3,Price_q3,yes
good,rent,married,no,fixed,Seniority_q0,Time_q1,Age_q3,Expenses_q2,Income_q3,Assets_q0,Amount_q3,Price_q2,no
good,owner,married,no,partime,Seniority_q1,Time_q1,Age_q0,Expenses_q2,Income_q0,Assets_q0,Amount_q2,Price_q2,yes
good,owner,married,no,fixed,Seniority_q1,Time_q1,Age_q3,Expenses_q2,Income_q2,Assets_q0,Amount_q2,Price_q3,no
good,owner,married,no,fixed,Seniority_q3,Time_q0,Age_q2,Expenses_q2,Income_q2,Assets_q0,Amount_q1,Price_q1,no
good,priv,married,no,fixed,Seniority_q0,Time_q1,Age_q0,Expenses_q0,Income_q1,Assets_q1,Amount_q3,Price_q2,no
good,owner,married,no,freelance,Seniority_q3,Time_q0,Age_q3,Expenses_q2,Income_q3,Assets_q1,Amount_q3,Price_q3,no
good,rent,married,no,partime,Seniority_q2,Time_q1,Age_q1,Expenses_q2,Income_q0,Assets_q0,Amount_q0,Price_q1,no
good,owner,married,no,fixed,Seniority_q3,Time_q0,Age_q3,Expenses_q1,Income_q2,Assets_q0,Amount_q0,Price_q0,no
good,owner,married,no,fixed,Seniority_q3,Time_q1,Age_q1,Expenses_q2,Income_q2,Assets_q0,Amount_q1,Price_q0,yes
good,owner,married,no,fixed,Seniority_q3,Time_q0,Age_q3,Expenses_q1,Income_q0,Assets_q0,Amount_q0,Price_q0,no
good,rent,single,no,fixed,Seniority_q1,Time_q0,Age_q0,Expenses_q1,Income_q0,Assets_q0,Amount_q0,Price_q0,no
good,owner,married,no,freelance,Seniority_q3,Time_q0,Age_q3,Expenses_q1,Income_q1,Assets_q0,Amount_q0,Price_q0,no
good,rent,separated,no,fixed,Seniority_q3,Time_q1,Age_q3,Expenses_q1,Income_q3,Assets_q0,Amount_q1,Price_q3,no
good,rent,single,no,fixed,Seniority_q1,Time_q1,Age_q0,Expenses_q1,Income_q1,Assets_q1,Amount_q3,Price_q3,no
good,rent,married,no,fixed,Seniority_q0,Time_q1,Age_q0,Expenses_q2,Income_q2,Assets_q0,Amount_q3,Price_q3,no
good,owner,married,no,freelance,Seniority_q3,Time_q1,Age_q2,Expenses_q2,Income_q3,Assets_q1,Amount_q0,Price_q0,no
bad,other,married,no,others,Seniority_q2,Time_q0,Age_q1,Expenses_q2,Income_q0,Assets_q0,Amount_q0,Price_q0,no
good,parents,married,yes,fixed,Seniority_q2,Time_q1,Age_q1,Expenses_q0,Income_q1,Assets_q0,Amount_q0,Price_q2,no
bad,rent,single,no,partime,Seniority_q0,Time_q0,Age_q2,Expenses_q1,Income_q2,Assets_q0,Amount_q1,Price_q1,no
good,priv,married,no,fixed,Seniority_q3,Time_q0,Age_q3,Expenses_q1,Income_q2,Assets_q0,Amount_q1,Price_q1,no
bad,parents,single,yes,partime,Seniority_q0,Time_q0,Age_q0,Expenses_q0,Income_q0,Assets_q0,Amount_q1,Price_q1,no
good,owner,married,no,others,Seniority_q1,Time_q1,Age_q3,Expenses_q0,Income_q0,Assets_q1,Amount_q1,Price_q2,no
bad,owner,married,no,fixed,Seniority_q0,Time_q1,Age_q2,Expenses_q2,Income_q2,Assets_q0,Amount_q3,Price_q1,no
good,owner,married,no,fixed,Seniority_q2,Time_q1,Age_q2,Expenses_q2,Income_q1,Assets_q1,Amount_q3,Price_q3,yes
good,owner,married,no,partime,Seniority_q0,Time_q0,Age_q2,Expenses_q2,Income_q1,Assets_q0,Amount_q0,Price_q0,no
good,parents,single,no,partime,Seniority_q1,Time_q1,Age_q1,Expenses_q0,?,Assets_q0,Amount_q2,Price_q2,no
bad,owner,married,no,fixed,Seniority_q0,Time_q0,Age_q1,Expenses_q2,Income_q0,Assets_q0,Amount_q0,Price_q0,no
good,owner,married,no,fixed,Seniority_q0,Time_q1,Age_q1,Expenses_q2,Income_q3,Assets_q0,Amount_q2,Price_q2,no
good,owner,married,no,fixed,Seniority_q1,Time_q0,Age_q3,Expenses_q0,Income_q2,Assets_q1,Amount_q0,Price_q0,yes
bad,parents,married,no,freelance,Seniority_q0,Time_q0,Age_q1,Expenses_q2,Income_q0,Assets_q0,Amount_q0,Price_q0,no
good,parents,single,no,freelance,Seniority_q1,Time_q1,Age_q0,Expenses_q0,Income_q0,Assets_q0,Amount_q0,Price_q0,no
good,owner,married,no,freelance,Seniority_q1,Time_q1,Age_q1,Expenses_q2,Income_q1,Assets_q1,Amount_q2,Price_q1,no
good,rent,married,no,fixed,Seniority_q3,Time_q1,Age_q2,Expenses_q2,Income_q2,Assets_q0,Amount_q2,Price_q2,no
good,parents,separated,no,fixed,Seniority_q2,Time_q1,Age_q2,Expenses_q0,Income_q2,Assets_q0,Amount_q2,Price_q3,no
good,owner,married,no,fixed,Seniority_q2,Time_q1,Age_q1,Expenses_q1,Income_q3,Assets_q1,Amount_q2,Price_q1,yes
good,parents,single,no,freelance,Seniority_q1,Time_q0,Age_q0,Expenses_q0,Income_q1,Assets_q1,Amount_q0,Price_q0,no
bad,rent,married,no,freelance,Seniority_q2,Time_q1,Age_q2,Expenses_q2,?,Assets_q0,Amount_q3,Price_q1,no
good,parents,single,no,fixed,Seniority_q0,Time_q1,Age_q1,Expenses_q0,Income_q1,Assets_q0,Amount_q1,Price_q0,no
bad,owner,married,no,freelance,Seniority_q0,Time_q1,Age_q1,Expenses_q1,Income_q3,Assets_q0,Amount_q3,Price_q3,no
bad,ignore,married,no,fixed,Seniority_q0,Time_q1,Age_q2,Expenses_q1,Income_q0,Assets_q1,Amount_q1,Price_q0,no
good,rent,married,no,fixed,Seniority_q2,Time_q1,Age_q3,Expenses_q2,Income_q0,Assets_q0,Amount_q1,Price_q0,no
good,rent,married,no,freelance,Seniority_q2,Time_q1,Age_q0,Expenses_q2,Income_q3,Assets_q0,Amount_q3,Price_q2,no
good,owner,separated,no,freelance,Seniority_q0,Time_q1,Age_q2,Expenses_q2,Income_q3,Assets_q0,Amount_q2,Price_q3,no
good,rent,married,yes,freelance,Seniority_q3,Time_q1,Age_q2,Expenses_q2,Income_q3,Assets_q0,Amount_q3,Price_q2,no
bad,owner,married,yes,freelance,Seniority_q1,Time_q1,Age_q0,Expenses_q2,?,Assets_q1,Amount_q3,Price_q3,no
good,owner,married,no,fixed,Seniority_q3,Time_q1,Age_q1,Expenses_q2,Income_q3,Assets_q1,Amount_q1,Price_q2,yes
good,parents,divorced,no,fixed,Seniority_q1,Time_q1,Age_q0,Expenses_q0,Income_q3,Assets_q0,Amount_q3,Price_q3,no
good,owner,married,no,fixed,Seniority_q3,Time_q1,Age_q1,Expenses_q1,Income_q3,Assets_q1,Amount_q2,Price_q3,yes
good,rent,married,no,fixed,Seniority_q0,Time_q1,Age_q0,Expenses_q1,Income_q0,Assets_q0,Amount_q1,Price_q0,no
good,owner,married,no,freelance,Seniority_q3,Time_q0,Age_q3,Expenses_q0,Income_q0,Assets_q0,Amount_q0,Price_q0,no
bad,rent,married,no,partime,Seniority_q0,Time_q0,Age_q1,Expenses_q2,Income_q0,Assets_q0,Amount_q0,Price_q1,no
bad,parents,married,no,partime,Seniority_q0,Time_q1,Age_q0,Expenses_q0,Income_q0,Assets_q0,Amount_q2,Price_q2,no
bad,owner,married,no,freelance,Seniority_q2,Time_q0,Age_q2,Expenses_q2,Income_q0,Assets_q1,Amount_q0,Price_q0,no
good,owner,single,no,fixed,Seniority_q0,Time_q0,Age_q0,Expenses_q0,Income_q3,Assets_q0,Amount_q0,Price_q1,no
good,parents,single,no,fixed,Seniority_q0,Time_q1,Age_q0,Expenses_q0,Income_q0,Assets_q0,Amount_q0,Price_q1,no
good,rent,married,no,partime,Seniority_q0,Time_q1,Age_q1,Expenses_q2,Income_q0,Assets_q1,Amount_q1,Price_q1,no
good,ignore,married,no,fixed,Seniority_q3,Time_q0,Age_q2,Expenses_q2,Income_q1,Assets_q0,Amount_q0,Price_q2,yes
bad,rent,married,yes,fixed,Seniority_q2,Time_q1,Age_q3,Expenses_q1,?,Assets_q0,Amount_q3,Price_q3,no
good,owner,separated,no,fixed,Seniority_q0,Time_q0,Age_q1,Expenses_q0,Income_q2,Assets_q0,Amount_q0,Price_q2,no
bad,other,married,no,fixed,Seniority_q1,Time_q1,Age_q2,Expenses_q2,Income_q1,Assets_q0,Amount_q1,Price_q0,no
bad,owner,married,no,partime,Seniority_q0,Time_q1,Age_q2,Expenses_q1,Income_q1,Assets_q0,Amount_q0,Price_q0,yes
bad,rent,single,no,partime,Seniority_q0,Time_q0,Age_q0,Expenses_q0,Income_q0,Assets_q0,Amount_q0,Price_q0,no
good,owner,married,yes,fixed,Seniority_q2,Time_q1,Age_q1,Expenses_q2,Income_q2,Assets_q0,Amount_q3,Price_q2,yes
bad,owner,married,no,fixed,Seniority_q0,Time_q1,Age_q3,Expenses_q2,Income_q0,Assets_q0,Amount_q1,Price_q1,no
good,owner,married,yes,fixed,Seniority_q3,Time_q1,Age_q2,Expenses_q1,Income_q2,Assets_q0,Amount_q2,Price_q1,no
good,parents,married,no,freelance,Seniority_q0,Time_q1,Age_q0,Expenses_q1,Income_q2,Assets_q0,Amount_q1,Price_q1,no
bad,parents,single,no,partime,Seniority_q0,Time_q0,Age_q0,Expenses_q0,?,Assets_q0,Amount_q0,Price_q0,no
bad,other,single,no,fixed,Seniority_q0,Time_q0,Age_q0,Expenses_q0,Income_q0,Assets_q0,Amount_q0,Price_q0,no
good,owner,married,no,fixed,Seniority_q1,Time_q1,Age_q1,Expenses_q0,Income_q3,Assets_q1,Amount_q3,Price_q3,yes
good,rent,widow,no,fixed,Seniority_q0,Time_q1,Age_q1,Expenses_q0,Income_q1,Assets_q0,Amount_q2,Price_q1,no
good,parents,married,no,fixed,Seniority_q3,Time_q0,Age_q2,Expenses_q2,Income_q1,Assets_q0,Amount_q1,Price_q3,no
good,owner,married,no,fixed,Seniority_q3,Time_q1,Age_q3,Expenses_q0,Income_q2,Assets_q0,Amount_q0,Price_q0,no
bad,other,married,yes,freelance,Seniority_q0,Time_q0,Age_q2,Expenses_q1,?,Assets_q0,Amount_q1,Price_q3,no
good,parents,married,no,fixed,Seniority_q0,Time_q1,Age_q2,Expenses_q2,Income_q1,Assets_q0,Amount_q3,Price_q2,no
good,rent,divorced,no,freelance,Seniority_q1,Time_q1,Age_q1,Expenses_q1,Income_q1,Assets_q1,Amount_q1,Price_q1,no
good,owner,married,no,fixed,Seniority_q3,Time_q1,Age_q3,Expenses_q1,Income_q1,Assets_q0,Amount_q1,Price_q0,no
good,other,married,no,fixed,Seniority_q3,Time_q1,Age_q3,Expenses_q1,Income_q1,?,Amount_q1,Price_q2,no
good,rent,married,no,partime,Seniority_q1,Time_q0,Age_q0,Expenses_q1,Income_q0,Assets_q0,Amount_q0,Price_q0,no
good,rent,single,no,fixed,Seniority_q0,Time_q1,Age_q1,Expenses_q0,Income_q1,Assets_q1,Amount_q1,Price_q0,yes
good,owner,married,no,freelance,Seniority_q3,Time_q0,Age_q2,Expenses_q2,?,Assets_q1,Amount_q0,Price_q0,yes
good,owner,married,no,freelance,Seniority_q3,Time_q1,Age_q3,Expenses_q0,Income_q0,Assets_q1,Amount_q3,Price_q3,no
good,parents,single,no,fixed,Seniority_q0,Time_q1,Age_q0,Expenses_q0,Income_q3,Assets_q0,Amount_q3,Price_q3,no
good,owner,married,no,fixed,Seniority_q2,Time_q1,Age_q0,Expenses_q1,Income_q2,Assets_q0,Amount_q3,Price_q2,yes
good,owner,married,no,fixed,Seniority_q0,Time_q1,Age_q0,Expenses_q0,Income_q1,Assets_q0,Amount_q1,Price_q1,yes
good,other,married,yes,fixed,Seniority_q2,Time_q1,Age_q0,Expenses_q0,Income_q3,Assets_q0,Amount_q3,Price_q2,no
bad,owner,married,yes,fixed,Seniority_q3,Time_q1,Age_q3,Expenses_q2,Income_q0,Assets_q0,Amount_q1,Price_q1,no
good,other,single,no,partime,Seniority_q0,Time_q1,Age_q0,Expenses_q0,Income_q0,Assets_q0,Amount_q2,Price_q1,no
good,owner,married,yes,others,Seniority_q1,Time_q1,Age_q3,Expenses_q0,Income_q0,Assets_q1,Amount_q1,Price_q2,no
good,parents,married,no,freelance,Seniority_q2,Time_q1,Age_q0,Expenses_q0,Income_q0,Assets_q0,Amount_q3,Price_q3,no
good,rent,married,no,fixed,Seniority_q3,Time_q1,Age_q1,Expenses_q2,Income_q1,Assets_q0,Amount_q2,Price_q1,no
good,parents,married,no,fixed,Seniority_q3,Time_q0,Age_q3,Expenses_q1,Income_q2,Assets_q0,Amount_q1,Price_q3,no
good,owner,married,no,others,Seniority_q0,Time_q0,Age_q3,Expenses_q1,Income_q1,Assets_q0,Amount_q0,Price_q0,no
bad,rent,married,no,partime,Seniority_q0,Time_q0,Age_q1,Expenses_q2,Income_q0,Assets_q0,Amount_q0,Price_q0,no
good,rent,married,no,fixed,Seniority_q1,Time_q1,Age_q2,Expenses_q2,Income_q3,Assets_q0,Amount_q3,Price_q3,no
good,owner,married,yes,freelance,Seniority_q2,Time_q0,Age_q3,Expenses_q2,Income_q3,Assets_q1,Amount_q1,Price_q2,no
good,owner,married,no,fixed,Seniority_q2,Time_q0,Age_q0,Expenses_q1,Income_q1,Assets_q0,Amount_q2,Price_q2,no
good,parents,single,no,freelance,Seniority_q0,Time_q0,Age_q0,Expenses_q0,?,Assets_q0,Amount_q1,Price_q1,no
bad,rent,married,no,fixed,Seniority_q0,Time_q1,Age_q0,Expenses_q1,Income_q0,Assets_q0,Amount_q2,Price_q1,no
good,owner,married,no,freelance,Seniority_q2,Time_q0,Age_q3,Expenses_q1,Income_q1,Assets_q0,Amount_q0,Price_q2,no
good,rent,single,no,fixed,Seniority_q0,Time_q1,Age_q1,Expenses_q0,Income_q0,Assets_q0,Amount_q1,Price_q0,no
good,owner,married,no,fixed,Seniority_q2,Time_q1,Age_q3,Expenses_q1,Income_q0,Assets_q1,Amount_q3,Price_q2,no
good,rent,married,no,fixed,Seniority_q0,Time_q1,Age_q1,Expenses_q2,Income_q2,Assets_q0,Amount_q2,Price_q2,no
good,other,married,no,others,Seniority_q3,Time_q1,Age_q3,Expenses_q2,Income_q2,Assets_q0,Amount_q2,Price_q1,no
bad,owner,married,yes,partime,Seniority_q0,Time_q1,Age_q2,Expenses_q2,Income_q1,Assets_q0,Amount_q3,Price_q3,no
good,owner,married,no,fixed,Seniority_q2,Time_q1,Age_q3,Expenses_q1,Income_q1,Assets_q1,Amount_q2,Price_q2,no
good,owner,married,no,fixed,Seniority_q3,Time_q1,Age_q2,Expenses_q1,Income_q3,Assets_q0,Amount_q1,Price_q1,yes
bad,rent,married,yes,fixed,Seniority_q0,Time_q1,Age_q2,Expenses_q2,Income_q0,Assets_q1,Amount_q3,Price_q2,yes
bad,priv,married,no,fixed,Seniority_q3,Time_q1,Age_q2,Expenses_q2,Income_q0,Assets_q0,Amount_q2,Price_q2,no
good,owner,married,yes,freelance,Seniority_q1,Time_q1,Age_q2,Expenses_q2,Income_q0,Assets_q1,Amount_q1,Price_q0,no
good,other,married,no,freelance,Seniority_q3,Time_q1,Age_q3,Expenses_q2,Income_q0,Assets_q0,Amount_q3,Price_q3,no
good,parents,separated,no,fixed,Seniority_q2,Time_q1,Age_q0,Expenses_q0,Income_q3,Assets_q0,Amount_q3,Price_q3,no
good,owner,married,no,freelance,Seniority_q1,Time_q0,Age_q3,Expenses_q1,Income_q1,Assets_q0,Amount_q2,Price_q3,no
good,rent,single,no,fixed,Seniority_q2,Time_q0,Age_q0,Expenses_q1,Income_q2,Assets_q0,Amount_q0,Price_q1,no
good,rent,single,no,fixed,Seniority_q0,Time_q1,Age_q0,Expenses_q0,Income_q1,Assets_q0,Amount_q1,Price_q0,no
good,owner,married,no,fixed,Seniority_q3,Time_q0,Age_q3,Expenses_q1,Income_q1,Assets_q1,Amount_q1,Price_q2,no
good,priv,married,no,fixed,Seniority_q0,Time_q1,Age_q1,Expenses_q2,Income_q2,Assets_q1,Amount_q2,Price_q3,no
bad,owner,married,no,fixed,Seniority_q2,Time_q0,Age_q2,Expenses_q2,Income_q2,Assets_q1,Amount_q3,Price_q2,no
bad,owner,single,yes,partime,Seniority_q0,Time_q0,Age_q0,Expenses_q0,Income_q1,Assets_q0,Amount_q0,Price_q0,no
good,other,married,no,fixed,Seniority_q3,Time_q1,Age_q3,Expenses_q1,Income_q2,Assets_q0,Amount_q0,Price_q1,no
bad,other,married,yes,fixed,Seniority_q0,Time_q1,Age_q2,Expenses_q2,?,Assets_q0,Amount_q2,Price_q3,no
good,rent,married,no,freelance,Seniority_q3,Time_q1,Age_q3,Expenses_q2,Income_q0,Assets_q0,Amount_q3,Price_q3,no
bad,other,single,yes,fixed,Seniority_q2,Time_q0,Age_q0,Expenses_q0,Income_q2,Assets_q0,Amount_q0,Price_q0,no
good,rent,married,no,fixed,Seniority_q1,Time_q1,Age_q1,Expenses_q2,Income_q3,Assets_q0,Amount_q0,Price_q0,no
bad,parents,separated,no,freelance,Seniority_q0,Time_q1,Age_q0,Expenses_q0,Income_q2,Assets_q0,Amount_q1,Price_q0,no
good,rent,married,no,fixed,Seniority_q3,Time_q1,Age_q2,Expenses_q1,Income_q0,Assets_q0,Amount_q0,Price_q0,no
good,owner,married,no,fixed,Seniority_q3,Time_q1,Age_q2,Expenses_q1,Income_q1,Assets_q1,Amount_q2,Price_q2,no
good,parents,single,no,fixed,Seniority_q0,Time_q0,Age_q1,Expenses_q0,Income_q1,Assets_q0,Amount_q1,Price_q1,no
good,owner,married,no,fixed,Seniority_q3,Time_q0,Age_q3,Expenses_q0,Income_q2,Assets_q1,Amount_q0,Price_q1,no
good,rent,single,no,fixed,Seniority_q1,Time_q1,Age_q0,Expenses_q0,Income_q1,Assets_q0,Amount_q1,Price_q0,no
good,owner,married,no,freelance,Seniority_q1,Time_q0,Age_q3,Expenses_q2,Income_q3,Assets_q0,Amount_q1,Price_q1,no
good,owner,married,no,freelance,Seniority_q3,Time_q0,Age_q3,Expenses_q1,?,?,Amount_q0,Price_q2,no
bad,owner,married,yes,fixed,Seniority_q2,Time_q1,Age_q2,Expenses_q2,Income_q1,Assets_q0,Amount_q3,Price_q3,yes
good,other,single,no,fixed,Seniority_q0,Time_q1,Age_q0,Expenses_q0,Income_q0,Assets_q0,Amount_q1,Price_q2,no
bad,owner,married,yes,freelance,Seniority_q3,Time_q1,Age_q2,Expenses_q2,Income_q0,Assets_q0,Amount_q3,Price_q3,no
bad,owner,married,yes,freelance,Seniority_q1,Time_q1,Age_q2,Expenses_q2,Income_q2,Assets_q1,Amount_q2,Price_q2,no
good,owner,married,no,freelance,Seniority_q3,Time_q0,Age_q3,Expenses_q2,Income_q0,Assets_q1,Amount_q0,Price_q0,yes
good,rent,single,no,others,Seniority_q0,Time_q0,Age_q1,Expenses_q0,?,Assets_q0,Amount_q0,Price_q0,no
good,owner,married,no,freelance,Seniority_q2,Time_q1,Age_q1,Expenses_q2,Income_q2,Assets_q0,Amount_q3,Price_q3,no
good,owner,married,no,fixed,Seniority_q2,Time_q1,Age_q2,Expenses_q2,Income_q3,Assets_q0,Amount_q2,Price_q1,no
good,other,widow,no,fixed,Seniority_q3,Time_q1,Age_q2,Expenses_q0,Income_q1,Assets_q0,Amount_q0,Price_q2,no
bad,rent,married,no,partime,Seniority_q0,Time_q0,Age_q2,Expenses_q2,Income_q2,Assets_q0,Amount_q0,Price_q0,no
good,owner,married,no,fixed,Seniority_q0,Time_q0,Age_q2,Expenses_q2,Income_q0,Assets_q1,Amount_q1,Price_q2,no
good,rent,married,no,fixed,Seniority_q2,Time_q1,Age_q1,Expenses_q1,Income_q1,Assets_q0,Amount_q2,Price_q3,no
bad,parents,married,no,freelance,Seniority_q1,Time_q1,Age_q0,Expenses_q0,?,Assets_q0,Amount_q0,Price_q0,no
bad,owner,married,yes,fixed,Seniority_q2,Time_q1,Age_q1,Expenses_q2,Income_q3,Assets_q0,Amount_q3,Price_q3,no
bad,owner,married,no,others,Seniority_q0,Time_q1,Age_q3,Expenses_q1,Income_q0,Assets_q0,Amount_q1,Price_q0,no
good,owner,married,no,fixed,Seniority_q3,Time_q0,Age_q2,Expenses_q1,Income_q1,Assets_q0,Amount_q0,Price_q2,no
good,owner,married,no,fixed,Seniority_q2,Time_q1,Age_q2,Expenses_q2,Income_q2,Assets_q1,Amount_q2,Price_q2,no
bad,owner,married,yes,fixed,Seniority_q0,Time_q1,Age_q1,Expenses_q1,Income_q0,Assets_q0,Amount_q1,Price_q1,no
good,owner,married,no,freelance,Seniority_q3,Time_q1,Age_q2,Expenses_q2,?,Assets_q1,Amount_q2,Price_q3,no
good,owner,married,no,fixed,Seniority_q2,Time_q0,Age_q1,Expenses_q0,Income_q3,Assets_q0,Amount_q0,Price_q1,no
bad,rent,married,yes,fixed,Seniority_q3,Time_q0,Age_q2,Expenses_q2,Income_q3,Assets_q0,Amount_q0,Price_q0,no
good,owner,married,yes,fixed,Seniority_q2,Time_q0,Age_q2,Expenses_q2,Income_q2,Assets_q0,Amount_q0,Price_q3,yes
good,priv,married,no,fixed,Seniority_q2,Time_q1,Age_q0,Expenses_q0,Income_q1,Assets_q0,Amount_q1,Price_q0,yes
good,rent,separated,yes,fixed,Seniority_q3,Time_q0,Age_q2,Expenses_q1,Income_q3,Assets_q0,Amount_q1,Price_q0,no
bad,rent,married,no,partime,Seniority_q0,Time_q1,Age_q2,Expenses_q2,Income_q2,Assets_q0,Amount_q2,Price_q1,no
good,owner,married,no,partime,Seniority_q0,Time_q0,Age_q0,Expenses_q0,Income_q2,Assets_q1,Amount_q0,Price_q3,yes
good,owner,married,no,fixed,Seniority_q3,Time_q1,Age_q1,Expenses_q2,Income_q3,Assets_q0,Amount_q3,Price_q2,no
good,other,married,no,fixed,Seniority_q0,Time_q0,Age_q0,Expenses_q0,Income_q2,Assets_q0,Amount_q0,Price_q1,no
good,parents,single,no,fixed,Seniority_q1,Time_q1,Age_q0,Expenses_q0,Income_q3,Assets_q0,Amount_q1,Price_q1,no
good,owner,married,no,fixed,Seniority_q3,Time_q1,Age_q3,Expenses_q1,Income_q0,Assets_q0,Amount_q1,Price_q2,no
good,priv,married,no,freelance,Seniority_q1,Time_q0,Age_q0,Expenses_q1,Income_q0,Assets_q0,Amount_q1,Price_q2,yes
bad,other,single,no,fixed,Seniority_q0,Time_q0,Age_q0,Expenses_q0,?,Assets_q0,Amount_q1,Price_q0,no
good,rent,single,no,fixed,Seniority_q2,Time_q1,Age_q0,Expenses_q1,Income_q2,Assets_q0,Amount_q1,Price_q1,no
bad,parents,single,yes,partime,Seniority_q0,Time_q1,Age_q1,Expenses_q0,Income_q1,Assets_q0,Amount_q2,Price_q1,no
good,rent,married,no,fixed,Seniority_q1,Time_q1,Age_q1,Expenses_q1,Income_q1,Assets_q0,Amount_q2,Price_q3,no
bad,rent,married,no,fixed,Seniority_q2,Time_q0,Age_q2,Expenses_q2,Income_q1,Assets_q0,Amount_q0,Price_q0,no
good,owner,married,no,fixed,Seniority_q0,Time_q1,Age_q1,Expenses_q2,Income_q0,Assets_q1,Amount_q1,Price_q3,no
good,rent,married,no,fixed,Seniority_q3,Time_q1,Age_q3,Expenses_q1,Income_q1,Assets_q0,Amount_q1,Price_q1,no
good,owner,married,no,fixed,Seniority_q2,Time_q1,Age_q0,Expenses_q0,Income_q0,Assets_q0,Amount_q1,Price_q1,yes
bad,owner,married,yes,freelance,Seniority_q0,Time_q0,Age_q3,Expenses_q2,?,Assets_q1,Amount_q3,Price_q3,no
good,parents,single,no,partime,Seniority_q0,Time_q1,Age_q1,Expenses_q0,Income_q0,Assets_q0,Amount_q1,Price_q2,no
good,owner,married,no,fixed,Seniority_q3,Time_q0,Age_q2,Expenses_q1,Income_q3,Assets_q1,Amount_q1,Price_q1,no
good,owner,married,no,fixed,Seniority_q2,Time_q0,Age_q2,Expenses_q2,Income_q0,Assets_q1,Amount_q1,Price_q1,no
good,rent,married,no,fixed,Seniority_q2,Time_q1,Age_q1,Expenses_q2,Income_q1,Assets_q0,Amount_q1,Price_q2,no
good,rent,married,no,fixed,Seniority_q2,Time_q0,Age_q1,Expenses_q2,Income_q2,Assets_q0,Amount_q1,Price_q2,no
good,parents,single,no,others,Seniority_q0,Time_q0,Age_q1,Expenses_q0,?,Assets_q0,Amount_q0,Price_q1,no
bad,other,married,yes,fixed,Seniority_q0,Time_q1,Age_q0,Expenses_q1,Income_q2,Assets_q0,Amount_q2,Price_q2,no
good,rent,single,no,fixed,Seniority_q1,Time_q1,Age_q0,Expenses_q1,Income_q2,Assets_q0,Amount_q3,Price_q3,no
good,parents,single,no,fixed,Seniority_q0,Time_q0,Age_q0,Expenses_q0,Income_q0,Assets_q0,Amount_q0,Price_q0,no
good,owner,widow,no,fixed,Seniority_q2,Time_q1,Age_q1,Expenses_q0,Income_q0,Assets_q1,Amount_q1,Price_q0,no
good,other,married,no,fixed,Seniority_q1,Time_q1,Age_q1,Expenses_q2,Income_q1,Assets_q0,Amount_q2,Price_q1,no
bad,parents,single,no,fixed,Seniority_q2,Time_q1,Age_q0,Expenses_q0,Income_q1,Assets_q0,Amount_q3,Price_q2,no
good,owner,married,no,fixed,Seniority_q0,Time_q0,Age_q2,Expenses_q2,Income_q0,Assets_q0,Amount_q0,Price_q1,no
good,owner,married,no,fixed,Seniority_q3,Time_q0,Age_q2,Expenses_q0,Income_q1,Assets_q0,Amount_q0,Price_q2,no
good,owner,married,no,partime,Seniority_q0,Time_q1,Age_q3,Expenses_q1,Income_q1,Assets_q0,Amount_q3,Price_q3,no
good,owner,married,no,fixed,Seniority_q3,Time_q1,Age_q3,Expenses_q1,Income_q2,Assets_q0,Amount_q2,Price_q3,no
good,priv,married,no,fixed,Seniority_q3,Time_q1,Age_q1,Expenses_q2,Income_q3,Assets_q0,Amount_q2,Price_q2,no
good,owner,married,no,freelance,Seniority_q2,Time_q1,Age_q1,Expenses_q2,?,Assets_q0,Amount_q2,Price_q1,no
bad,parents,single,no,fixed,Seniority_q1,Time_q0,Age_q0,Expenses_q0,Income_q0,Assets_q0,Amount_q0,Price_q0,no
good,owner,married,no,others,Seniority_q0,Time_q0,Age_q3,Expenses_q0,Income_q0,Assets_q0,Amount_q0,Price_q0,no
good,owner,married,no,fixed,Seniority_q2,Time_q0,Age_q2,Expenses_q2,Income_q3,Assets_q1,Amount_q0,Price_q0,no
good,owner,married,no,fixed,Seniority_q3,Time_q0,Age_q3,Expenses_q2,Income_q2,Assets_q0,Amount_q0,Price_q0,no
good,parents,married,no,fixed,Seniority_q3,Time_q1,Age_q1,Expenses_q2,Income_q2,Assets_q0,Amount_q3,Price_q2,no
good,parents,married,no,others,Seniority_q0,Time_q1,Age_q0,Expenses_q0,Income_q3,Assets_q0,Amount_q1,Price_q2,no
good,owner,married,no,fixed,Seniority_q3,Time_q1,Age_q2,Expenses_q2,Income_q3,Assets_q1,Amount_q1,Price_q3,yes
bad,parents,single,yes,fixed,Seniority_q1,Time_q1,Age_q2,Expenses_q0,Income_q0,Assets_q0,Amount_q1,Price_q0,no
bad,owner,married,no,fixed,Seniority_q0,Time_q1,Age_q0,Expenses_q0,Income_q1,Assets_q0,Amount_q2,Price_q2,yes
good,owner,married,no,fixed,Seniority_q0,Time_q1,Age_q1,Expenses_q1,Income_q1,Assets_q0,Amount_q2,Price_q2,no
bad,owner,married,yes,freelance,Seniority_q0,Time_q1,Age_q2,Expenses_q0,Income_q0,Assets_q1,Amount_q2,Price_q1,no
good,owner,married,no,fixed,Seniority_q2,Time_q1,Age_q2,Expenses_q1,Income_q2,Assets_q1,Amount_q1,Price_q1,yes
good,owner,married,no,fixed,Seniority_q1,Time_q0,Age_q0,Expenses_q0,Income_q3,Assets_q1,Amount_q0,Price_q3,no
good,owner,married,no,freelance,Seniority_q2,Time_q1,Age_q1,Expenses_q2,Income_q3,Assets_q1,Amount_q1,Price_q2,no
good,parents,single,no,fixed,Seniority_q1,Time_q0,Age_q1,Expenses_q0,Income_q0,Assets_q0,Amount_q0,Price_q0,no
bad,owner,married,yes,freelance,Seniority_q2,Time_q0,Age_q2,Expenses_q2,?,Assets_q1,Amount_q3,Price_q3,no
good,owner,married,no,freelance,Seniority_q3,Time_q1,Age_q3,Expenses_q1,Income_q0,Assets_q1,Amount_q2,Price_q2,no
good,owner,married,no,partime,Seniority_q1,Time_q0,Age_q0,Expenses_q0,Income_q3,Assets_q0,Amount_q0,Price_q0,no
good,other,married,no,fixed,Seniority_q3,Time_q1,Age_q3,Expenses_q1,Income_q2,?,Amount_q3,Price_q2,no
bad,owner,married,no,fixed,Seniority_q3,Time_q1,Age_q3,Expenses_q1,?,Assets_q0,Amount_q3,Price_q3,no
good,rent,married,no,fixed,Seniority_q2,Time_q1,Age_q0,Expenses_q1,Income_q1,Assets_q0,Amount_q2,Price_q2,no
good,rent,married,no,partime,Seniority_q0,Time_q0,Age_q0,Expenses_q1,Income_q0,Assets_q0,Amount_q0,Price_q0,no
good,parents,single,no,fixed,Seniority_q1,Time_q1,Age_q0,Expenses_q0,Income_q0,Assets_q1,Amount_q1,Price_q2,no
good,owner,married,no,freelance,Seniority_q2,Time_q0,Age_q3,Expenses_q2,Income_q1,Assets_q0,Amount_q0,Price_q0,no
good,parents,married,no,fixed,Seniority_q2,Time_q0,Age_q1,Expenses_q2,Income_q2,Assets_q1,Amount_q0,Price_q0,no
good,owner,married,no,fixed,Seniority_q3,Time_q1,Age_q2,Expenses_q2,Income_q3,Assets_q0,Amount_q3,Price_q3,yes
good,parents,single,no,fixed,Seniority_q0,Time_q1,Age_q0,Expenses_q0,Income_q0,Assets_q0,Amount_q1,Price_q0,no
good,owner,married,no,fixed,Seniority_q3,Time_q1,Age_q3,Expenses_q2,Income_q2,Assets_q0,Amount_q0,Price_q1,no
good,owner,separated,no,fixed,Seniority_q2,Time_q0,Age_q1,Expenses_q0,Income_q1,Assets_q0,Amount_q1,Price_q1,no
bad,owner,single,yes,freelance,Seniority_q1,Time_q1,Age_q0,Expenses_q0,Income_q2,Assets_q1,Amount_q1,Price_q0,yes
good,owner,married,no,fixed,Seniority_q2,Time_q1,Age_q1,Expenses_q2,Income_q3,Assets_q1,Amount_q1,Price_q0,yes
good,owner,married,no,fixed,Seniority_q3,Time_q1,Age_q3,Expenses_q1,Income_q3,Assets_q1,Amount_q1,Price_q2,no
bad,rent,single,no,fixed,Seniority_q0,Time_q0,Age_q0,Expenses_q0,Income_q0,Assets_q0,Amount_q1,Price_q0,no
good,priv,married,no,fixed,Seniority_q3,Time_q0,Age_q2,Expenses_q0,Income_q3,Assets_q1,Amount_q1,Price_q2,no
good,owner,married,no,fixed,Seniority_q2,Time_q0,Age_q2,Expenses_q2,Income_q1,Assets_q0,Amount_q0,Price_q2,no
bad,parents,married,yes,fixed,Seniority_q0,Time_q0,Age_q2,Expenses_q1,Income_q0,Assets_q0,Amount_q3,Price_q3,no
good,parents,single,no,fixed,Seniority_q3,Time_q1,Age_q2,Expenses_q0,Income_q1,Assets_q0,Amount_q2,Price_q3,no
bad,rent,single,no,freelance,Seniority_q3,Time_q1,Age_q2,Expenses_q0,?,Assets_q0,Amount_q1,Price_q1,no
good,priv,single,no,fixed,Seniority_q2,Time_q1,Age_q0,Expenses_q0,Income_q3,Assets_q0,Amount_q3,Price_q2,yes
bad,?,married,no,partime,Seniority_q0,Time_q1,Age_q0,Expenses_q0,Income_q0,?,Amount_q3,Price_q2,no
bad,owner,married,no,freelance,Seniority_q1,Time_q1,Age_q2,Expenses_q2,Income_q3,Assets_q1,Amount_q3,Price_q3,no
good,owner,married,no,fixed,Seniority_q3,Time_q0,Age_q2,Expenses_q2,Income_q3,Assets_q1,Amount_q0,Price_q0,no
good,rent,married,yes,fixed,Seniority_q2,Time_q1,Age_q2,Expenses_q2,Income_q3,Assets_q0,Amount_q3,Price_q2,no
good,rent,married,no,fixed,Seniority_q3,Time_q0,Age_q2,Expenses_q2,Income_q2,Assets_q0,Amount_q0,Price_q2,no
good,owner,married,yes,fixed,Seniority_q3,Time_q0,Age_q1,Expenses_q2,Income_q2,Assets_q0,Amount_q3,Price_q3,no
good,parents,single,no,fixed,Seniority_q0,Time_q0,Age_q0,Expenses_q0,Income_q0,Assets_q0,Amount_q0,Price_q0,no
good,rent,single,yes,freelance,Seniority_q3,Time_q0,Age_q3,Expenses_q0,?,Assets_q0,Amount_q0,Price_q0,no
good,owner,separated,no,fixed,Seniority_q2,Time_q1,Age_q1,Expenses_q0,Income_q1,Assets_q1,Amount_q1,Price_q1,no
good,owner,married,no,freelance,Seniority_q1,Time_q1,Age_q2,Expenses_q2,Income_q0,Assets_q0,Amount_q2,Price_q2,no
bad,rent,separated,yes,freelance,Seniority_q0,Time_q1,Age_q2,Expenses_q0,?,Assets_q0,Amount_q3,Price_q3,no
bad,rent,single,no,fixed,Seniority_q3,Time_q1,Age_q3,Expenses_q0,Income_q0,Assets_q0,Amount_q1,Price_q0,no
good,other,married,no,fixed,Seniority_q3,Time_q1,Age_q3,Expenses_q2,Income_q2,Assets_q0,Amount_q3,Price_q3,no
good,owner,married,no,freelance,Seniority_q2,Time_q0,Age_q3,Expenses_q2,?,Assets_q1,Amount_q1,Price_q2,no
good,owner,married,no,others,Seniority_q0,Time_q0,Age_q0,Expenses_q2,Income_q1,Assets_q1,Amount_q1,Price_q3,yes
bad,parents,married,no,freelance,Seniority_q0,Time_q0,Age_q1,Expenses_q2,?,Assets_q0,Amount_q3,Price_q2,no
good,rent,separated,no,fixed,Seniority_q2,Time_q0,Age_q1,Expenses_q1,Income_q2,Assets_q0,Amount_q0,Price_q0,no
good,owner,married,no,partime,Seniority_q1,Time_q0,Age_q1,Expenses_q0,Income_q2,Assets_q1,Amount_q0,Price_q3,no
good,priv,married,no,fixed,Seniority_q3,Time_q1,Age_q2,Expenses_q2,Income_q2,Assets_q1,Amount_q0,Price_q0,no
good,rent,married,no,fixed,Seniority_q3,Time_q0,Age_q3,Expenses_q2,Income_q3,Assets_q0,Amount_q0,Price_q2,no
good,rent,married,no,fixed,Seniority_q3,Time_q1,Age_q3,Expenses_q2,Income_q3,Assets_q0,Amount_q1,Price_q1,no
good,owner,married,no,fixed,Seniority_q1,Time_q0,Age_q1,Expenses_q1,Income_q3,Assets_q0,Amount_q0,Price_q1,yes
bad,parents,single,no,partime,Seniority_q1,Time_q1,Age_q0,Expenses_q0,Income_q2,Assets_q0,Amount_q1,Price_q2,no
good,owner,married,yes,fixed,Seniority_q2,Time_q1,Age_q0,Expenses_q2,Income_q1,Assets_q0,Amount_q1,Price_q0,yes
bad,parents,single,no,partime,Seniority_q0,Time_q0,Age_q0,Expenses_q0,Income_q0,Assets_q0,Amount_q0,Price_q0,no
good,owner,married,no,fixed,Seniority_q1,Time_q1,Age_q2,Expenses_q0,Income_q0,Assets_q1,Amount_q2,Price_q2,no
bad,priv,married,no,fixed,Seniority_q3,Time_q1,Age_q2,Expenses_q2,Income_q1,Assets_q0,Amount_q3,Price_q2,yes
good,parents,married,no,fixed,Seniority_q0,Time_q0,Age_q0,Expenses_q0,Income_q0,Assets_q0,Amount_q2,Price_q1,no
good,parents,single,no,fixed,Seniority_q1,Time_q1,Age_q0,Expenses_q0,Income_q0,Assets_q0,Amount_q3,Price_q3,no
good,rent,married,no,fixed,Seniority_q2,Time_q0,Age_q3,Expenses_q2,Income_q3,Assets_q0,Amount_q0,Price_q2,no
bad,parents,married,no,partime,Seniority_q0,Time_q1,Age_q1,Expenses_q1,Income_q0,Assets_q0,Amount_q3,Price_q2,no
good,rent,single,no,partime,Seniority_q1,Time_q0,Age_q0,Expenses_q1,Income_q3,Assets_q0,Amount_q3,Price_q3,no
bad,rent,married,yes,freelance,Seniority_q1,Time_q1,Age_q2,Expenses_q1,Income_q0,Assets_q0,Amount_q2,Price_q2,no
bad,priv,married,no,fixed,Seniority_q0,Time_q0,Age_q1,Expenses_q2,Income_q0,Assets_q0,Amount_q2,Price_q3,no
bad,rent,separated,yes,fixed,Seniority_q3,Time_q1,Age_q2,Expenses_q0,Income_q0,Assets_q0,Amount_q3,Price_q3,no
good,owner,married,no,fixed,Seniority_q0,Time_q1,Age_q3,Expenses_q1,Income_q3,Assets_q0,Amount_q3,Price_q3,no
good,priv,separated,no,freelance,Seniority_q1,Time_q0,Age_q1,Expenses_q0,Income_q2,Assets_q1,Amount_q0,Price_q1,no
good,rent,married,no,fixed,Seniority_q2,Time_q1,Age_q1,Expenses_q0,Income_q0,Assets_q0,Amount_q1,Price_q1,no
good,rent,married,no,fixed,Seniority_q3,Time_q1,Age_q3,Expenses_q2,Income_q2,Assets_q0,Amount_q3,Price_q2,no
good,owner,married,no,fixed,Seniority_q2,Time_q0,Age_q1,Expenses_q1,Income_q1,Assets_q1,Amount_q1,Price_q1,yes
bad,owner,married,no,freelance,Seniority_q3,Time_q1,Age_q3,Expenses_q1,Income_q0,Assets_q1,Amount_q3,Price_q2,no
good,owner,married,no,fixed,Seniority_q3,Time_q1,Age_q3,Expenses_q0,Income_q2,Assets_q1,Amount_q3,Price_q3,no
bad,rent,married,yes,others,Seniority_q0,Time_q1,Age_q3,Expenses_q2,Income_q3,Assets_q0,Amount_q2,Price_q1,no
good,rent,separated,no,fixed,Seniority_q1,Time_q0,Age_q2,Expenses_q0,Income_q0,Assets_q0,Amount_q0,Price_q1,no
good,parents,married,no,partime,Seniority_q2,Time_q0,Age_q2,Expenses_q1,Income_q1,Assets_q0,Amount_q0,Price_q0,no
bad,parents,single,no,partime,Seniority_q0,Time_q1,Age_q0,Expenses_q0,Income_q0,Assets_q0,Amount_q3,Price_q2,no
good,parents,single,no,fixed,Seniority_q2,Time_q1,Age_q0,Expenses_q0,Income_q1,Assets_q1,Amount_q1,Price_q1,yes
good,owner,married,yes,fixed,Seniority_q3,Time_q0,Age_q3,Expenses_q0,Income_q2,Assets_q1,Amount_q0,Price_q3,no
bad,rent,married,no,freelance,Seniority_q0,Time_q1,Age_q3,Expenses_q2,?,Assets_q0,Amount_q3,Price_q3,no
bad,parents,single,yes,freelance,Seniority_q2,Time_q0,Age_q1,Expenses_q0,Income_q3,Assets_q0,Amount_q2,Price_q3,no
good,other,married,no,fixed,Seniority_q1,Time_q0,Age_q2,Expenses_q1,Income_q0,?,Amount_q0,Price_q2,no
good,owner,married,no,freelance,Seniority_q0,Time_q0,Age_q1,Expenses_q0,Income_q1,Assets_q0,Amount_q0,Price_q0,yes
good,parents,married,no,freelance,Seniority_q0,Time_q1,Age_q1,Expenses_q1,Income_q1,Assets_q0,Amount_q3,Price_q2,no
good,owner,married,no,fixed,Seniority_q3,Time_q0,Age_q2,Expenses_q2,Income_q1,Assets_q0,Amount_q1,Price_q2,yes
good,parents,single,no,partime,Seniority_q0,Time_q0,Age_q0,Expenses_q0,Income_q1,Assets_q0,Amount_q0,Price_q0,no
good,rent,married,no,fixed,Seniority_q3,Time_q1,Age_q1,Expenses_q2,Income_q2,Assets_q0,Amount_q1,Price_q2,no
bad,rent,married,no,partime,Seniority_q0,Time_q1,Age_q2,Expenses_q2,?,Assets_q0,Amount_q2,Price_q1,no
good,parents,married,yes,freelance,Seniority_q0,Time_q0,Age_q0,Expenses_q0,?,Assets_q0,Amount_q1,Price_q3,no
good,owner,married,no,freelance,Seniority_q2,Time_q1,Age_q3,Expenses_q1,Income_q0,Assets_q1,Amount_q3,Price_q3,yes
good,rent,married,no,fixed,Seniority_q2,Time_q1,Age_q1,Expenses_q2,Income_q2,Assets_q0,Amount_q1,Price_q0,no
bad,owner,married,no,others,Seniority_q1,Time_q1,Age_q3,Expenses_q2,Income_q0,?,Amount_q3,Price_q2,no
good,parents,single,no,fixed,Seniority_q0,Time_q1,Age_q0,Expenses_q0,Income_q1,Assets_q0,Amount_q1,Price_q0,no
good,parents,married,no,freelance,Seniority_q3,Time_q1,Age_q3,Expenses_q1,Income_q2,Assets_q0,Amount_q0,Price_q0,no
bad,parents,single,yes,fixed,Seniority_q2,Time_q1,Age_q0,Expenses_q0,Income_q0,Assets_q0,Amount_q2,Price_q2,no
bad,owner,married,no,fixed,Seniority_q0,Time_q1,Age_q2,Expenses_q0,?,Assets_q0,Amount_q3,Price_q3,yes
good,other,married,no,fixed,Seniority_q3,Time_q1,Age_q2,Expenses_q0,Income_q1,Assets_q0,Amount_q2,Price_q2,no
bad,parents,single,no,freelance,Seniority_q0,Time_q0,Age_q0,Expenses_q0,Income_q0,Assets_q0,Amount_q1,Price_q2,no
good,rent,widow,no,fixed,Seniority_q3,Time_q1,Age_q3,Expenses_q2,Income_q3,Assets_q0,Amount_q2,Price_q2,no
good,owner,married,no,fixed,Seniority_q3,Time_q1,Age_q3,Expenses_q2,Income_q0,Assets_q0,Amount_q0,Price_q0,no
bad,rent,married,no,freelance,Seniority_q1,Time_q0,Age_q3,Expenses_q2,Income_q3,Assets_q0,Amount_q2,Price_q3,no
bad,other,married,yes,fixed,Seniority_q0,Time_q0,Age_q2,Expenses_q1,Income_q2,Assets_q0,Amount_q3,Price_q3,no
bad,parents,separated,no,freelance,Seniority_q0,Time_q0,Age_q1,Expenses_q0,?,Assets_q0,Amount_q0,Price_q0,no
bad,rent,married,no,freelance,Seniority_q1,Time_q1,Age_q3,Expenses_q2,Income_q1,Assets_q0,Amount_q3,Price_q3,no
good,parents,single,no,fixed,Seniority_q0,Time_q0,Age_q0,Expenses_q0,Income_q0,Assets_q0,Amount_q1,Price_q1,no
good,other,single,no,fixed,Seniority_q0,Time_q1,Age_q1,Expenses_q0,Income_q0,Assets_q0,Amount_q0,Price_q0,no
good,owner,married,yes,freelance,Seniority_q3,Time_q1,Age_q3,Expenses_q1,Income_q0,Assets_q1,Amount_q1,Price_q1,yes
good,rent,married,yes,fixed,Seniority_q3,Time_q0,Age_q2,Expenses_q1,Income_q2,Assets_q0,Amount_q0,Price_q0,no
good,parents,married,yes,fixed,Seniority_q3,Time_q1,Age_q2,Expenses_q1,Income_q1,Assets_q0,Amount_q1,Price_q1,no
bad,other,single,no,fixed,Seniority_q0,Time_q1,Age_q0,Expenses_q0,?,Assets_q0,Amount_q0,Price_q0,no
good,owner,married,no,fixed,Seniority_q3,Time_q0,Age_q3,Expenses_q2,Income_q1,Assets_q1,Amount_q2,Price_q0,no
bad,rent,married,no,freelance,Seniority_q3,Time_q1,Age_q2,Expenses_q2,Income_q0,Assets_q0,Amount_q3,Price_q3,no
good,owner,married,yes,fixed,Seniority_q3,Time_q0,Age_q2,Expenses_q2,Income_q1,Assets_q1,Amount_q1,Price_q1,no
good,parents,single,no,fixed,Seniority_q0,Time_q0,Age_q0,Expenses_q0,Income_q0,Assets_q0,Amount_q1,Price_q0,no
good,owner,single,no,fixed,Seniority_q3,Time_q0,Age_q2,Expenses_q0,Income_q0,Assets_q0,Amount_q1,Price_q1,yes
good,owner,married,no,freelance,Seniority_q1,Time_q1,Age_q1,Expenses_q0,?,?,Amount_q0,Price_q0,no
good,rent,married,yes,fixed,Seniority_q1,Time_q1,Age_q0,Expenses_q1,Income_q2,Assets_q0,Amount_q1,Price_q2,no
bad,owner,married,no,freelance,Seniority_q0,Time_q1,Age_q2,Expenses_q1,Income_q0,Assets_q0,Amount_q1,Price_q0,no
good,owner,married,no,freelance,Seniority_q0,Time_q0,Age_q1,Expenses_q2,Income_q3,Assets_q1,Amount_q3,Price_q3,no
good,parents,married,no,fixed,Seniority_q3,Time_q1,Age_q0,Expenses_q2,Income_q1,Assets_q0,Amount_q2,Price_q2,no
good,rent,married,no,fixed,Seniority_q2,Time_q0,Age_q2,Expenses_q2,Income_q3,Assets_q0,Amount_q0,Price_q1,no
good,owner,married,no,fixed,Seniority_q0,Time_q1,Age_q1,Expenses_q0,Income_q2,Assets_q1,Amount_q1,Price_q3,yes
good,parents,separated,no,freelance,Seniority_q0,Time_q1,Age_q1,Expenses_q0,Income_q2,Assets_q0,Amount_q3,Price_q2,no
bad,owner,married,no,others,Seniority_q0,Time_q0,Age_q1,Expenses_q0,Income_q1,Assets_q0,Amount_q1,Price_q2,yes
good,owner,married,no,fixed,Seniority_q3,Time_q1,Age_q0,Expenses_q0,Income_q2,Assets_q0,Amount_q3,Price_q2,yes
good,priv,married,no,others,Seniority_q0,Time_q1,Age_q3,Expenses_q0,Income_q0,Assets_q0,Amount_q0,Price_q0,yes
good,rent,married,no,freelance,Seniority_q2,Time_q1,Age_q2,Expenses_q2,Income_q0,Assets_q0,Amount_q0,Price_q2,no
good,owner,married,no,freelance,Seniority_q1,Time_q0,Age_q3,Expenses_q0,Income_q0,Assets_q1,Amount_q3,Price_q2,no
good,parents,single,no,fixed,Seniority_q3,Time_q1,Age_q1,Expenses_q0,Income_q3,Assets_q1,Amount_q3,Price_q2,yes
good,owner,married,no,fixed,Seniority_q0,Time_q1,Age_q1,Expenses_q0,Income_q2,Assets_q0,Amount_q1,Price_q3,no
bad,rent,married,no,fixed,Seniority_q3,Time_q1,Age_q3,Expenses_q2,Income_q1,Assets_q1,Amount_q2,Price_q1,no
good,owner,married,no,others,Seniority_q0,Time_q1,Age_q1,Expenses_q1,Income_q3,Assets_q0,Amount_q2,Price_q2,no
bad,other,single,no,partime,Seniority_q0,Time_q1,Age_q1,Expenses_q0,?,Assets_q0,Amount_q0,Price_q2,no
good,rent,single,no,fixed,Seniority_q0,Time_q1,Age_q1,Expenses_q1,Income_q2,Assets_q0,Amount_q1,Price_q1,no
good,other,married,no,fixed,Seniority_q3,Time_q0,Age_q1,Expenses_q0,Income_q2,Assets_q0,Amount_q0,Price_q1,no
good,owner,married,no,fixed,Seniority_q3,Time_q1,Age_q2,Expenses_q2,Income_q1,Assets_q1,Amount_q1,Price_q2,yes
good,owner,married,no,freelance,Seniority_q3,Time_q1,Age_q3,Expenses_q0,Income_q3,Assets_q1,Amount_q2,Price_q3,no
bad,rent,single,no,freelance,Seniority_q0,Time_q0,Age_q1,Expenses_q0,?,Assets_q0,Amount_q0,Price_q0,no
good,rent,married,no,fixed,Seniority_q3,Time_q0,Age_q2,Expenses_q1,Income_q1,Assets_q0,Amount_q0,Price_q0,no
bad,rent,single,no,partime,Seniority_q0,Time_q0,Age_q0,Expenses_q0,Income_q0,Assets_q0,Amount_q1,Price_q1,no
bad,parents,single,yes,partime,Seniority_q0,Time_q1,Age_q0,Expenses_q0,Income_q0,Assets_q0,Amount_q2,Price_q1,no
good,parents,single,no,fixed,Seniority_q0,Time_q1,Age_q0,Expenses_q0,Income_q2,Assets_q0,Amount_q1,Price_q0,no
good,parents,married,no,fixed,Seniority_q0,Time_q0,Age_q0,Expenses_q0,Income_q1,Assets_q0,Amount_q0,Price_q0,no
good,rent,married,no,fixed,Seniority_q3,Time_q0,Age_q3,Expenses_q2,Income_q1,Assets_q0,Amount_q0,Price_q0,no
good,parents,single,no,fixed,Seniority_q0,Time_q1,Age_q0,Expenses_q0,Income_q1,Assets_q0,Amount_q3,Price_q2,no
good,rent,married,yes,freelance,Seniority_q2,Time_q1,Age_q2,Expenses_q2,Income_q2,Assets_q0,Amount_q1,Price_q0,no
good,owner,married,no,fixed,Seniority_q2,Time_q1,Age_q1,Expenses_q0,Income_q2,Assets_q0,Amount_q0,Price_q2,yes
good,other,married,yes,freelance,Seniority_q0,Time_q0,Age_q0,Expenses_q1,?,Assets_q0,Amount_q1,Price_q1,no
good,other,married,no,fixed,Seniority_q0,Time_q1,Age_q2,Expenses_q1,Income_q0,Assets_q0,Amount_q3,Price_q2,no
bad,priv,married,no,partime,Seniority_q0,Time_q1,Age_q0,Expenses_q0,Income_q0,Assets_q0,Amount_q2,Price_q2,no
bad,owner,separated,no,freelance,Seniority_q0,Time_q0,Age_q1,Expenses_q1,Income_q0,Assets_q1,Amount_q0,Price_q0,no
good,parents,single,no,partime,Seniority_q0,Time_q1,Age_q0,Expenses_q0,Income_q3,Assets_q1,Amount_q2,Price_q1,no
good,parents,single,no,partime,Seniority_q0,Time_q0,Age_q0,Expenses_q0,Income_q0,Assets_q0,Amount_q0,Price_q1,no
bad,rent,married,yes,fixed,Seniority_q0,Time_q0,Age_q0,Expenses_q2,Income_q0,Assets_q0,Amount_q0,Price_q0,no
good,owner,married,no,fixed,Seniority_q2,Time_q0,Age_q1,Expenses_q1,Income_q0,Assets_q0,Amount_q0,Price_q0,no
good,parents,single,no,freelance,Seniority_q0,Time_q0,Age_q0,Expenses_q0,Income_q0,Assets_q1,Amount_q0,Price_q3,no
good,parents,married,no,others,Seniority_q0,Time_q0,Age_q1,Expenses_q2,Income_q0,Assets_q0,Amount_q0,Price_q0,no
bad,rent,single,no,fixed,Seniority_q0,Time_q1,Age_q0,Expenses_q1,Income_q1,Assets_q0,Amount_q2,Price_q1,no
good,owner,married,no,fixed,Seniority_q1,Time_q1,Age_q0,Expenses_q0,Income_q0,Assets_q0,Amount_q1,Price_q2,yes
good,parents,married,no,fixed,Seniority_q1,Time_q0,Age_q0,Expenses_q0,Income_q1,Assets_q0,Amount_q0,Price_q3,no
good,owner,married,yes,fixed,Seniority_q2,Time_q0,Age_q1,Expenses_q0,Income_q3,Assets_q1,Amount_q3,Price_q3,no
good,parents,married,no,others,Seniority_q2,Time_q1,Age_q3,Expenses_q0,Income_q3,Assets_q0,Amount_q2,Price_q2,no
good,owner,married,no,fixed,Seniority_q1,Time_q1,Age_q1,Expenses_q0,Income_q2,Assets_q1,Amount_q3,Price_q3,no
bad,owner,married,yes,freelance,Seniority_q3,Time_q0,Age_q3,Expenses_q0,Income_q0,Assets_q1,Amount_q1,Price_q1,no
good,rent,widow,no,fixed,Seniority_q0,Time_q1,Age_q3,Expenses_q1,Income_q1,Assets_q0,Amount_q2,Price_q1,no
good,parents,single,no,fixed,Seniority_q0,Time_q1,Age_q0,Expenses_q0,Income_q1,Assets_q1,Amount_q3,Price_q2,no
good,owner,married,no,fixed,Seniority_q3,Time_q1,Age_q2,Expenses_q0,Income_q3,Assets_q1,Amount_q1,Price_q0,no
good,owner,married,no,others,Seniority_q0,Time_q0,Age_q3,Expenses_q0,Income_q0,Assets_q1,Amount_q3,Price_q3,no
good,parents,single,no,fixed,Seniority_q2,Time_q1,Age_q0,Expenses_q0,Income_q0,Assets_q0,Amount_q2,Price_q3,no
good,owner,married,no,fixed,Seniority_q0,Time_q1,Age_q1,Expenses_q1,Income_q0,Assets_q0,Amount_q2,Price_q2,no
good,owner,married,no,fixed,Seniority_q2,Time_q1,Age_q0,Expenses_q0,Income_q0,Assets_q0,Amount_q2,Price_q2,no
bad,rent,married,no,partime,Seniority_q0,Time_q0,Age_q1,Expenses_q1,Income_q0,Assets_q0,Amount_q0,Price_q0,no
bad,owner,married,no,freelance,Seniority_q3,Time_q1,Age_q3,Expenses_q0,Income_q0,?,Amount_q2,Price_q2,no
bad,priv,married,no,partime,Seniority_q0,Time_q1,Age_q2,Expenses_q2,Income_q0,Assets_q0,Amount_q0,Price_q0,no
good,owner,married,no,fixed,Seniority_q1,Time_q1,Age_q2,Expenses_q2,Income_q1,Assets_q1,Amount_q1,Price_q3,yes
good,owner,married,no,freelance,Seniority_q3,Time_q1,Age_q3,Expenses_q2,Income_q0,Assets_q1,Amount_q1,Price_q1,no
good,other,separated,no,fixed,Seniority_q3,Time_q1,Age_q2,Expenses_q1,Income_q3,Assets_q0,Amount_q1,Price_q0,no
good,rent,married,no,fixed,Seniority_q1,Time_q1,Age_q1,Expenses_q1,Income_q2,Assets_q1,Amount_q3,Price_q3,yes
good,owner,married,yes,freelance,Seniority_q2,Time_q1,Age_q2,Expenses_q0,Income_q3,Assets_q0,Amount_q1,Price_q1,yes
good,owner,married,no,freelance,Seniority_q2,Time_q1,Age_q2,Expenses_q0,Income_q0,Assets_q0,Amount_q1,Price_q0,no
good,owner,married,no,fixed,Seniority_q2,Time_q0,Age_q1,Expenses_q0,Income_q3,Assets_q0,Amount_q0,Price_q3,no
bad,owner,single,yes,partime,Seniority_q0,Time_q0,Age_q1,Expenses_q0,Income_q3,Assets_q0,Amount_q0,Price_q1,no
good,parents,single,no,freelance,Seniority_q0,Time_q1,Age_q0,Expenses_q0,Income_q3,Assets_q1,Amount_q2,Price_q2,no
bad,other,married,no,freelance,Seniority_q2,Time_q1,Age_q2,Expenses_q0,Income_q0,Assets_q0,Amount_q3,Price_q3,no
good,owner,married,no,fixed,Seniority_q2,Time_q1,Age_q1,Expenses_q1,Income_q0,Assets_q0,Amount_q1,Price_q0,no
good,parents,separated,yes,fixed,Seniority_q3,Time_q0,Age_q1,Expenses_q0,Income_q1,Assets_q0,Amount_q0,Price_q0,no
good,rent,married,no,fixed,Seniority_q3,Time_q1,Age_q2,Expenses_q1,Income_q2,Assets_q0,Amount_q2,Price_q2,no
good,owner,married,no,fixed,Seniority_q0,Time_q1,Age_q2,Expenses_q2,Income_q2,Assets_q1,Amount_q0,Price_q2,no
good,rent,single,no,fixed,Seniority_q3,Time_q1,Age_q2,Expenses_q0,Income_q0,Assets_q0,Amount_q1,Price_q0,no
bad,rent,married,yes,fixed,Seniority_q0,Time_q0,Age_q2,Expenses_q2,Income_q3,Assets_q0,Amount_q3,Price_q3,no
good,owner,married,no,fixed,Seniority_q2,Time_q1,Age_q2,Expenses_q0,Income_q2,Assets_q0,Amount_q3,Price_q3,no
good,other,married,yes,fixed,Seniority_q3,Time_q1,Age_q3,Expenses_q0,Income_q0,Assets_q0,Amount_q0,Price_q0,no
good,rent,single,yes,partime,Seniority_q0,Time_q0,Age_q2,Expenses_q1,Income_q2,Assets_q0,Amount_q0,Price_q0,no
good,owner,married,no,fixed,Seniority_q1,Time_q1,Age_q3,Expenses_q0,Income_q1,Assets_q0,Amount_q3,Price_q3,no
good,owner,married,no,freelance,Seniority_q2,Time_q0,Age_q1,Expenses_q1,Income_q0,Assets_q0,Amount_q0,Price_q1,no
good,parents,single,no,fixed,Seniority_q2,Time_q0,Age_q0,Expenses_q0,Income_q2,Assets_q0,Amount_q0,Price_q3,no
good,other,married,no,fixed,Seniority_q1,Time_q1,Age_q0,Expenses_q0,Income_q1,Assets_q0,Amount_q3,Price_q2,no
good,owner,married,no,freelance,Seniority_q0,Time_q0,Age_q2,Expenses_q1,Income_q3,Assets_q0,Amount_q2,Price_q1,yes
good,rent,married,no,fixed,Seniority_q2,Time_q1,Age_q2,Expenses_q2,Income_q2,Assets_q0,Amount_q1,Price_q0,no
good,owner,married,no,fixed,Seniority_q3,Time_q0,Age_q3,Expenses_q2,Income_q2,Assets_q0,Amount_q0,Price_q0,no
bad,owner,married,no,fixed,Seniority_q3,Time_q1,Age_q1,Expenses_q2,Income_q2,Assets_q0,Amount_q1,Price_q3,no
good,rent,married,no,fixed,Seniority_q3,Time_q1,Age_q2,Expenses_q2,Income_q2,Assets_q0,Amount_q3,Price_q2,no
good,owner,married,no,fixed,Seniority_q3,Time_q1,Age_q2,Expenses_q0,Income_q2,Assets_q0,Amount_q2,Price_q2,no
good,priv,married,no,fixed,Seniority_q2,Time_q1,Age_q3,Expenses_q2,Income_q0,Assets_q1,Amount_q2,Price_q2,yes
good,owner,married,no,partime,Seniority_q2,Time_q1,Age_q1,Expenses_q1,Income_q2,Assets_q1,Amount_q2,Price_q3,no
good,owner,single,no,fixed,Seniority_q0,Time_q1,Age_q0,Expenses_q0,Income_q2,Assets_q0,Amount_q3,Price_q3,no
good,owner,married,no,fixed,Seniority_q3,Time_q1,Age_q2,Expenses_q2,Income_q1,Assets_q0,Amount_q2,Price_q1,no
bad,priv,married,no,others,Seniority_q0,Time_q1,Age_q0,Expenses_q2,Income_q0,Assets_q0,Amount_q2,Price_q2,yes
good,priv,married,no,freelance,Seniority_q1,Time_q0,Age_q2,Expenses_q0,?,Assets_q0,Amount_q1,Price_q2,no
good,parents,single,no,fixed,Seniority_q0,Time_q1,Age_q0,Expenses_q0,Income_q2,Assets_q0,Amount_q0,Price_q0,no
good,parents,single,no,partime,Seniority_q0,Time_q0,Age_q0,Expenses_q0,Income_q1,Assets_q1,Amount_q3,Price_q3,no
good,rent,single,no,fixed,Seniority_q3,Time_q1,Age_q1,Expenses_q1,Income_q2,Assets_q0,Amount_q2,Price_q1,no
good,owner,married,no,fixed,Seniority_q1,Time_q1,Age_q3,Expenses_q2,Income_q2,Assets_q0,Amount_q2,Price_q2,no
good,rent,married,no,fixed,Seniority_q0,Time_q1,Age_q2,Expenses_q1,Income_q1,Assets_q0,Amount_q3,Price_q3,no
good,rent,married,no,freelance,Seniority_q0,Time_q1,Age_q3,Expenses_q0,?,Assets_q0,Amount_q1,Price_q3,no
good,owner,married,no,fixed,Seniority_q2,Time_q0,Age_q2,Expenses_q2,Income_q0,Assets_q0,Amount_q3,Price_q3,no
good,rent,single,yes,fixed,Seniority_q3,Time_q1,Age_q3,Expenses_q1,Income_q2,Assets_q0,Amount_q2,Price_q2,no
good,parents,single,no,others,Seniority_q0,Time_q1,Age_q1,Expenses_q0,Income_q0,Assets_q0,Amount_q2,Price_q1,no
good,owner,married,no,freelance,Seniority_q2,Time_q0,Age_q3,Expenses_q0,Income_q3,Assets_q1,Amount_q2,Price_q3,no
bad,rent,married,yes,freelance,Seniority_q1,Time_q1,Age_q2,Expenses_q2,Income_q0,Assets_q0,Amount_q3,Price_q2,no
bad,other,married,yes,fixed,Seniority_q0,Time_q1,Age_q2,Expenses_q0,?,Assets_q0,Amount_q3,Price_q3,no
good,owner,single,no,fixed,Seniority_q0,Time_q1,Age_q0,Expenses_q0,Income_q2,Assets_q0,Amount_q2,Price_q1,no
bad,parents,single,no,partime,Seniority_q0,Time_q0,Age_q0,Expenses_q0,Income_q0,Assets_q0,Amount_q0,Price_q0,no
good,rent,single,no,fixed,Seniority_q0,Time_q1,Age_q0,Expenses_q0,Income_q0,Assets_q0,Amount_q2,Price_q2,no
good,other,married,no,fixed,Seniority_q2,Time_q1,Age_q3,Expenses_q1,Income_q0,Assets_q1,Amount_q3,Price_q2,no
good,other,married,yes,freelance,Seniority_q1,Time_q1,Age_q2,Expenses_q1,Income_q0,Assets_q0,Amount_q3,Price_q2,no
good,parents,married,no,freelance,Seniority_q1,Time_q1,Age_q0,Expenses_q0,?,Assets_q0,Amount_q2,Price_q1,no
bad,owner,married,no,fixed,Seniority_q0,Time_q1,Age_q1,Expenses_q0,Income_q0,Assets_q0,Amount_q0,Price_q1,yes
good,other,married,no,fixed,Seniority_q3,Time_q0,Age_q3,Expenses_q1,Income_q3,Assets_q0,Amount_q0,Price_q2,no
good,parents,single,no,fixed,Seniority_q2,Time_q1,Age_q1,Expenses_q0,Income_q0,Assets_q0,Amount_q1,Price_q1,no
good,owner,married,no,fixed,Seniority_q2,Time_q1,Age_q0,Expenses_q0,Income_q1,Assets_q0,Amount_q0,Price_q3,no
good,priv,single,no,fixed,Seniority_q2,Time_q1,Age_q0,Expenses_q0,Income_q3,Assets_q0,Amount_q2,Price_q1,no
good,other,married,no,fixed,Seniority_q3,Time_q1,Age_q3,Expenses_q0,Income_q3,Assets_q0,Amount_q0,Price_q0,no
bad,owner,married,no,fixed,Seniority_q0,Time_q1,Age_q2,Expenses_q1,Income_q2,Assets_q0,Amount_q3,Price_q3,no
good,parents,married,no,fixed,Seniority_q1,Time_q0,Age_q1,Expenses_q0,Income_q1,Assets_q0,Amount_q0,Price_q0,no
bad,rent,married,yes,others,Seniority_q0,Time_q1,Age_q3,Expenses_q0,Income_q0,Assets_q1,Amount_q2,Price_q2,no
good,owner,single,yes,fixed,Seniority_q0,Time_q1,Age_q0,Expenses_q0,Income_q0,Assets_q0,Amount_q3,Price_q3,no
bad,owner,married,no,freelance,Seniority_q2,Time_q1,Age_q3,Expenses_q0,Income_q0,Assets_q0,Amount_q2,Price_q0,no
bad,other,married,no,freelance,Seniority_q1,Time_q0,Age_q3,Expenses_q1,?,Assets_q0,Amount_q0,Price_q0,no
good,other,married,no,fixed,Seniority_q3,Time_q0,Age_q1,Expenses_q0,Income_q3,Assets_q0,Amount_q0,Price_q2,no
good,owner,married,no,fixed,Seniority_q2,Time_q1,Age_q3,Expenses_q0,Income_q1,Assets_q0,Amount_q1,Price_q0,no
bad,parents,single,no,fixed,Seniority_q0,Time_q1,Age_q0,Expenses_q0,Income_q2,Assets_q1,Amount_q2,Price_q2,yes
bad,owner,married,no,fixed,Seniority_q2,Time_q1,Age_q1,Expenses_q1,Income_q1,Assets_q0,Amount_q2,Price_q1,yes
good,other,married,no,fixed,Seniority_q2,Time_q1,Age_q3,Expenses_q2,Income_q1,Assets_q1,Amount_q2,Price_q3,no
good,owner,married,no,fixed,Seniority_q3,Time_q0,Age_q2,Expenses_q2,Income_q3,Assets_q1,Amount_q2,Price_q3,yes
good,owner,married,no,fixed,Seniority_q2,Time_q0,Age_q3,Expenses_q0,Income_q2,Assets_q1,Amount_q0,Price_q0,no
good,owner,married,no,fixed,Seniority_q3,Time_q1,Age_q3,Expenses_q1,Income_q3,Assets_q1,Amount_q2,Price_q1,no
bad,parents,single,no,freelance,Seniority_q0,Time_q1,Age_q0,Expenses_q0,?,Assets_q1,Amount_q0,Price_q0,no
good,rent,married,no,others,Seniority_q0,Time_q1,Age_q3,Expenses_q0,Income_q0,Assets_q0,Amount_q2,Price_q2,no
bad,rent,married,yes,freelance,Seniority_q1,Time_q1,Age_q3,Expenses_q2,Income_q0,Assets_q0,Amount_q2,Price_q2,no
good,parents,married,no,fixed,Seniority_q3,Time_q1,Age_q0,Expenses_q0,Income_q2,Assets_q0,Amount_q2,Price_q1,no
good,rent,married,no,fixed,Seniority_q0,Time_q0,Age_q3,Expenses_q1,Income_q3,Assets_q0,Amount_q2,Price_q3,no
bad,owner,married,no,freelance,Seniority_q0,Time_q1,Age_q3,Expenses_q0,Income_q2,Assets_q1,Amount_q3,Price_q3,no
good,parents,single,no,fixed,Seniority_q2,Time_q1,Age_q0,Expenses_q0,Income_q0,Assets_q1,Amount_q2,Price_q1,no
good,other,single,no,fixed,Seniority_q3,Time_q0,Age_q2,Expenses_q0,Income_q0,Assets_q0,Amount_q0,Price_q1,no
bad,rent,separated,no,others,Seniority_q0,Time_q0,Age_q2,Expenses_q2,Income_q0,Assets_q0,Amount_q0,Price_q0,no
good,owner,married,no,freelance,Seniority_q2,Time_q1,Age_q1,Expenses_q1,?,Assets_q0,Amount_q2,Price_q2,yes
bad,owner,widow,no,others,Seniority_q0,Time_q1,Age_q2,Expenses_q0,Income_q0,Assets_q1,Amount_q0,Price_q0,no
good,owner,married,no,fixed,Seniority_q2,Time_q1,Age_q1,Expenses_q1,Income_q0,Assets_q0,Amount_q0,Price_q3,no
good,parents,single,no,fixed,Seniority_q2,Time_q1,Age_q1,Expenses_q0,Income_q1,Assets_q0,Amount_q1,Price_q1,no
good,owner,married,no,fixed,Seniority_q3,Time_q0,Age_q2,Expenses_q0,Income_q1,Assets_q1,Amount_q1,Price_q2,yes
good,owner,married,no,fixed,Seniority_q2,Time_q0,Age_q3,Expenses_q1,Income_q3,Assets_q1,Amount_q1,Price_q3,no
good,owner,married,no,fixed,Seniority_q2,Time_q1,Age_q3,Expenses_q2,Income_q3,Assets_q1,Amount_q3,Price_q3,no
good,priv,married,no,fixed,Seniority_q2,Time_q1,Age_q0,Expenses_q1,Income_q0,Assets_q0,Amount_q1,Price_q2,no
good,parents,married,no,fixed,Seniority_q0,Time_q0,Age_q1,Expenses_q0,Income_q3,Assets_q0,Amount_q0,Price_q2,no
bad,owner,separated,no,fixed,Seniority_q0,Time_q1,Age_q3,Expenses_q0,Income_q0,Assets_q0,Amount_q2,Price_q2,no
bad,parents,separated,yes,freelance,Seniority_q0,Time_q1,Age_q2,Expenses_q0,?,Assets_q0,Amount_q0,Price_q3,no
good,owner,married,no,freelance,Seniority_q2,Time_q0,Age_q2,Expenses_q0,?,Assets_q1,Amount_q2,Price_q3,no
bad,owner,married,no,fixed,Seniority_q3,Time_q0,Age_q1,Expenses_q0,Income_q0,Assets_q0,Amount_q1,Price_q0,no
good,owner,married,no,freelance,Seniority_q2,Time_q0,Age_q3,Expenses_q0,Income_q2,Assets_q0,Amount_q1,Price_q1,no
good,owner,married,no,fixed,Seniority_q2,Time_q1,Age_q3,Expenses_q0,Income_q1,Assets_q0,Amount_q2,Price_q3,no
good,owner,married,no,fixed,Seniority_q3,Time_q1,Age_q2,Expenses_q0,Income_q0,Assets_q0,Amount_q1,Price_q3,no
good,rent,married,no,freelance,Seniority_q0,Time_q0,Age_q1,Expenses_q2,Income_q3,Assets_q0,Amount_q0,Price_q1,no
good,rent,married,yes,freelance,Seniority_q2,Time_q0,Age_q3,Expenses_q1,?,Assets_q0,Amount_q0,Price_q0,no
bad,owner,married,yes,freelance,Seniority_q0,Time_q1,Age_q1,Expenses_q0,?,Assets_q0,Amount_q3,Price_q3,yes
good,other,married,yes,freelance,Seniority_q3,Time_q1,Age_q2,Expenses_q2,Income_q3,Assets_q0,Amount_q3,Price_q3,no
bad,parents,single,no,partime,Seniority_q2,Time_q0,Age_q0,Expenses_q0,Income_q0,Assets_q0,Amount_q0,Price_q0,no
bad,owner,married,no,freelance,Seniority_q0,Time_q0,Age_q2,Expenses_q2,Income_q0,Assets_q1,Amount_q2,Price_q2,yes
good,other,married,no,fixed,Seniority_q3,Time_q1,Age_q2,Expenses_q1,Income_q2,Assets_q0,Amount_q0,Price_q2,no
good,parents,single,no,fixed,Seniority_q0,Time_q1,Age_q0,Expenses_q0,Income_q0,Assets_q0,Amount_q0,Price_q0,no
good,owner,married,no,freelance,Seniority_q2,Time_q1,Age_q2,Expenses_q0,Income_q3,Assets_q1,Amount_q3,Price_q3,yes
good,rent,married,no,fixed,Seniority_q0,Time_q1,Age_q1,Expenses_q0,Income_q0,Assets_q0,Amount_q1,Price_q0,no
good,rent,married,no,fixed,Seniority_q2,Time_q1,Age_q2,Expenses_q2,Income_q2,Assets_q0,Amount_q1,Price_q1,no
good,priv,married,no,fixed,Seniority_q2,Time_q0,Age_q1,Expenses_q1,Income_q1,Assets_q0,Amount_q0,Price_q0,yes
good,other,married,no,fixed,Seniority_q1,Time_q1,Age_q0,Expenses_q0,Income_q1,Assets_q0,Amount_q2,Price_q2,no
bad,parents,married,no,freelance,Seniority_q2,Time_q0,Age_q1,Expenses_q0,Income_q0,Assets_q0,Amount_q0,Price_q3,no
good,owner,married,no,fixed,Seniority_q1,Time_q0,Age_q0,Expenses_q0,Income_q1,Assets_q1,Amount_q1,Price_q3,no
good,owner,married,no,fixed,Seniority_q2,Time_q0,Age_q2,Expenses_q0,Income_q2,Assets_q1,Amount_q3,Price_q3,no
good,parents,single,no,fixed,Seniority_q0,Time_q0,Age_q0,Expenses_q0,Income_q0,Assets_q0,Amount_q1,Price_q1,no
good,owner,married,no,freelance,Seniority_q3,Time_q1,Age_q3,Expenses_q0,Income_q1,Assets_q1,Amount_q2,Price_q1,no
good,owner,married,no,fixed,Seniority_q1,Time_q1,Age_q1,Expenses_q0,Income_q2,Assets_q1,Amount_q3,Price_q3,no
good,owner,married,no,fixed,Seniority_q3,Time_q1,Age_q2,Expenses_q1,Income_q3,Assets_q0,Amount_q0,Price_q1,no
bad,rent,single,no,fixed,Seniority_q2,Time_q1,Age_q2,Expenses_q1,Income_q1,Assets_q0,Amount_q3,Price_q3,no
bad,other,married,yes,fixed,Seniority_q0,Time_q1,Age_q2,Expenses_q0,?,Assets_q0,Amount_q1,Price_q1,no
bad,other,married,no,freelance,Seniority_q0,Time_q1,Age_q3,Expenses_q1,?,Assets_q0,Amount_q2,Price_q1,no
bad,owner,married,no,freelance,Seniority_q3,Time_q0,Age_q1,Expenses_q0,?,?,Amount_q2,Price_q3,no
good,owner,married,no,freelance,Seniority_q3,Time_q0,Age_q2,Expenses_q1,Income_q1,Assets_q0,Amount_q0,Price_q0,no
good,owner,married,no,fixed,Seniority_q0,Time_q1,Age_q3,Expenses_q2,Income_q3,Assets_q1,Amount_q3,Price_q2,no
good,priv,single,no,fixed,Seniority_q1,Time_q1,Age_q0,Expenses_q0,Income_q2,Assets_q0,Amount_q1,Price_q1,no
good,rent,married,yes,freelance,Seniority_q1,Time_q1,Age_q1,Expenses_q2,Income_q1,Assets_q1,Amount_q1,Price_q0,no
good,owner,married,no,partime,Seniority_q0,Time_q0,Age_q1,Expenses_q0,Income_q1,Assets_q1,Amount_q0,Price_q3,no
good,owner,married,no,fixed,Seniority_q2,Time_q1,Age_q2,Expenses_q0,Income_q2,Assets_q1,Amount_q3,Price_q3,no
good,owner,married,no,freelance,Seniority_q3,Time_q0,Age_q2,Expenses_q1,Income_q3,Assets_q1,Amount_q0,Price_q1,no
good,owner,married,no,fixed,Seniority_q3,Time_q0,Age_q3,Expenses_q0,Income_q1,Assets_q1,Amount_q1,Price_q1,no
good,owner,married,no,freelance,Seniority_q2,Time_q1,Age_q3,Expenses_q2,Income_q3,Assets_q1,Amount_q1,Price_q0,no
good,owner,married,no,fixed,Seniority_q1,Time_q1,Age_q1,Expenses_q0,Income_q1,Assets_q1,Amount_q3,Price_q2,yes
good,owner,married,no,fixed,Seniority_q3,Time_q1,Age_q1,Expenses_q0,Income_q0,Assets_q0,Amount_q2,Price_q1,no
good,owner,married,no,fixed,Seniority_q1,Time_q1,Age_q1,Expenses_q0,Income_q3,Assets_q1,Amount_q2,Price_q3,yes
bad,other,single,no,fixed,Seniority_q1,Time_q0,Age_q0,Expenses_q0,Income_q0,Assets_q0,Amount_q1,Price_q3,no
good,owner,married,no,fixed,Seniority_q3,Time_q1,Age_q3,Expenses_q0,Income_q2,Assets_q0,Amount_q1,Price_q0,no
bad,rent,married,yes,freelance,Seniority_q1,Time_q0,Age_q2,Expenses_q0,?,Assets_q0,Amount_q3,Price_q3,no
bad,owner,married,yes,fixed,Seniority_q2,Time_q1,Age_q2,Expenses_q2,Income_q3,Assets_q0,Amount_q3,Price_q3,yes
good,owner,married,no,fixed,Seniority_q2,Time_q0,Age_q3,Expenses_q0,Income_q2,Assets_q1,Amount_q0,Price_q0,yes
good,rent,married,no,fixed,Seniority_q2,Time_q1,Age_q3,Expenses_q1,Income_q0,Assets_q0,Amount_q1,Price_q1,no
good,other,single,no,fixed,Seniority_q3,Time_q1,Age_q2,Expenses_q0,Income_q1,Assets_q0,Amount_q1,Price_q1,no
good,owner,married,no,freelance,Seniority_q0,Time_q1,Age_q3,Expenses_q0,Income_q3,Assets_q1,Amount_q2,Price_q3,no
bad,owner,married,yes,fixed,Seniority_q0,Time_q1,Age_q2,Expenses_q1,Income_q0,Assets_q0,Amount_q3,Price_q3,no
good,priv,married,no,others,Seniority_q1,Time_q0,Age_q3,Expenses_q0,Income_q3,Assets_q0,Amount_q0,Price_q0,yes
bad,owner,married,yes,freelance,Seniority_q3,Time_q1,Age_q3,Expenses_q0,?,Assets_q1,Amount_q1,Price_q0,no
good,owner,single,no,fixed,Seniority_q3,Time_q1,Age_q1,Expenses_q0,Income_q0,Assets_q0,Amount_q1,Price_q1,no
good,parents,married,no,freelance,Seniority_q1,Time_q0,Age_q0,Expenses_q0,Income_q0,Assets_q1,Amount_q1,Price_q0,no
good,parents,single,yes,fixed,Seniority_q1,Time_q0,Age_q0,Expenses_q0,Income_q0,Assets_q0,Amount_q0,Price_q1,no
good,parents,married,yes,fixed,Seniority_q0,Time_q1,Age_q2,Expenses_q0,Income_q0,Assets_q0,Amount_q1,Price_q2,no
good,owner,married,no,freelance,Seniority_q2,Time_q1,Age_q0,Expenses_q0,?,Assets_q0,Amount_q2,Price_q1,no
bad,rent,married,no,fixed,Seniority_q1,Time_q0,Age_q0,Expenses_q1,Income_q3,Assets_q0,Amount_q3,Price_q3,no
bad,rent,separated,yes,freelance,Seniority_q0,Time_q0,Age_q2,Expenses_q0,?,Assets_q0,Amount_q1,Price_q0,no
good,owner,married,no,freelance,Seniority_q2,Time_q1,Age_q0,Expenses_q0,Income_q3,Assets_q1,Amount_q3,Price_q3,yes
good,owner,married,no,fixed,Seniority_q3,Time_q1,Age_q3,Expenses_q0,Income_q1,Assets_q0,Amount_q3,Price_q2,no
bad,owner,married,no,freelance,Seniority_q0,Time_q1,Age_q2,Expenses_q0,Income_q3,Assets_q1,Amount_q2,Price_q2,yes
bad,other,married,yes,fixed,Seniority_q2,Time_q1,Age_q1,Expenses_q1,Income_q1,Assets_q0,Amount_q1,Price_q0,no
good,rent,married,no,fixed,Seniority_q3,Time_q1,Age_q3,Expenses_q1,Income_q1,Assets_q0,Amount_q3,Price_q2,no
good,owner,married,no,fixed,Seniority_q3,Time_q0,Age_q2,Expenses_q2,Income_q1,Assets_q1,Amount_q1,Price_q3,no
bad,ignore,married,no,freelance,Seniority_q1,Time_q1,Age_q3,Expenses_q2,Income_q1,Assets_q1,Amount_q3,Price_q3,no
good,parents,single,no,fixed,Seniority_q2,Time_q1,Age_q0,Expenses_q0,Income_q1,Assets_q0,Amount_q3,Price_q1,no
bad,owner,married,no,others,Seniority_q0,Time_q0,Age_q3,Expenses_q1,Income_q0,Assets_q1,Amount_q1,Price_q2,no
good,owner,married,no,fixed,Seniority_q2,Time_q1,Age_q2,Expenses_q1,Income_q3,Assets_q1,Amount_q3,Price_q2,yes
good,other,single,no,fixed,Seniority_q2,Time_q1,Age_q0,Expenses_q0,Income_q0,Assets_q0,Amount_q1,Price_q1,no
good,owner,married,no,freelance,Seniority_q2,Time_q1,Age_q1,Expenses_q1,?,Assets_q1,Amount_q3,Price_q3,yes
bad,priv,married,no,freelance,Seniority_q0,Time_q1,Age_q2,Expenses_q0,?,Assets_q0,Amount_q1,Price_q3,no
good,rent,single,no,partime,Seniority_q0,Time_q1,Age_q1,Expenses_q0,Income_q0,Assets_q0,Amount_q2,Price_q2,no
good,owner,married,no,fixed,Seniority_q2,Time_q0,Age_q0,Expenses_q0,Income_q0,Assets_q0,Amount_q2,Price_q2,no
bad,owner,married,no,partime,Seniority_q0,Time_q1,Age_q0,Expenses_q0,Income_q0,Assets_q0,Amount_q1,Price_q0,no
good,owner,married,yes,fixed,Seniority_q3,Time_q1,Age_q1,Expenses_q0,Income_q3,Assets_q1,Amount_q2,Price_q2,no
good,owner,married,no,fixed,Seniority_q3,Time_q0,Age_q3,Expenses_q0,Income_q3,Assets_q1,Amount_q0,Price_q0,no
bad,owner,married,yes,fixed,Seniority_q1,Time_q1,Age_q2,Expenses_q2,Income_q1,Assets_q1,Amount_q2,Price_q3,yes
good,owner,married,no,freelance,Seniority_q1,Time_q0,Age_q2,Expenses_q0,Income_q2,Assets_q0,Amount_q1,Price_q3,yes
good,priv,married,no,fixed,Seniority_q3,Time_q1,Age_q1,Expenses_q2,Income_q0,Assets_q0,Amount_q2,Price_q1,no
good,rent,married,no,fixed,Seniority_q2,Time_q1,Age_q0,Expenses_q1,Income_q1,Assets_q0,Amount_q1,Price_q3,no
good,parents,single,yes,fixed,Seniority_q2,Time_q1,Age_q0,Expenses_q0,Income_q1,Assets_q0,Amount_q2,Price_q1,no
good,owner,married,no,freelance,Seniority_q1,Time_q1,Age_q1,Expenses_q0,?,Assets_q0,Amount_q3,Price_q2,no
bad,owner,single,no,fixed,Seniority_q0,Time_q1,Age_q0,Expenses_q0,Income_q2,Assets_q1,Amount_q3,Price_q2,yes
good,rent,married,no,fixed,Seniority_q3,Time_q1,Age_q1,Expenses_q2,Income_q3,Assets_q0,Amount_q3,Price_q3,no
good,parents,single,no,fixed,Seniority_q2,Time_q0,Age_q2,Expenses_q0,Income_q1,Assets_q0,Amount_q0,Price_q0,no
good,rent,married,no,fixed,Seniority_q1,Time_q0,Age_q0,Expenses_q2,Income_q3,Assets_q0,Amount_q0,Price_q0,no
good,owner,married,no,freelance,Seniority_q1,Time_q1,Age_q0,Expenses_q0,Income_q0,Assets_q0,Amount_q2,Price_q0,no
good,owner,married,no,freelance,Seniority_q3,Time_q1,Age_q3,Expenses_q1,Income_q0,Assets_q1,Amount_q0,Price_q0,no
bad,parents,single,no,fixed,Seniority_q2,Time_q1,Age_q0,Expenses_q0,Income_q0,Assets_q0,Amount_q2,Price_q3,no
good,owner,married,no,freelance,Seniority_q1,Time_q1,Age_q0,Expenses_q0,Income_q1,Assets_q1,Amount_q3,Price_q2,yes
bad,rent,separated,no,fixed,Seniority_q0,Time_q1,Age_q2,Expenses_q0,Income_q0,Assets_q0,Amount_q1,Price_q1,no
bad,parents,single,no,fixed,Seniority_q0,Time_q1,Age_q0,Expenses_q0,Income_q1,Assets_q1,Amount_q0,Price_q0,no
good,owner,married,no,fixed,Seniority_q3,Time_q0,Age_q3,Expenses_q0,Income_q1,Assets_q0,Amount_q0,Price_q0,no
good,parents,married,no,fixed,Seniority_q3,Time_q0,Age_q2,Expenses_q2,Income_q2,Assets_q0,Amount_q1,Price_q2,no
good,owner,married,no,freelance,Seniority_q1,Time_q1,Age_q3,Expenses_q2,?,?,Amount_q1,Price_q0,no
bad,other,single,no,fixed,Seniority_q0,Time_q0,Age_q1,Expenses_q0,Income_q0,Assets_q0,Amount_q1,Price_q1,no
good,owner,married,no,partime,Seniority_q0,Time_q1,Age_q2,Expenses_q0,Income_q1,Assets_q0,Amount_q2,Price_q2,no
bad,rent,married,no,freelance,Seniority_q2,Time_q0,Age_q1,Expenses_q1,?,Assets_q0,Amount_q0,Price_q0,no
good,owner,married,no,freelance,Seniority_q2,Time_q1,Age_q2,Expenses_q0,Income_q1,Assets_q0,Amount_q1,Price_q0,no
good,rent,married,yes,freelance,Seniority_q1,Time_q1,Age_q2,Expenses_q2,?,Assets_q0,Amount_q3,Price_q3,no
good,owner,married,no,freelance,Seniority_q2,Time_q0,Age_q3,Expenses_q1,Income_q0,Assets_q1,Amount_q2,Price_q3,no
good,rent,married,no,freelance,Seniority_q3,Time_q1,Age_q3,Expenses_q1,Income_q2,Assets_q0,Amount_q1,Price_q2,no
bad,parents,separated,no,fixed,Seniority_q3,Time_q1,Age_q1,Expenses_q0,Income_q1,Assets_q0,Amount_q1,Price_q0,no
bad,rent,married,no,fixed,Seniority_q0,Time_q0,Age_q1,Expenses_q1,Income_q0,Assets_q0,Amount_q0,Price_q0,no
good,owner,married,no,freelance,Seniority_q2,Time_q0,Age_q2,Expenses_q1,?,Assets_q0,Amount_q0,Price_q2,no
bad,other,single,no,partime,Seniority_q0,Time_q1,Age_q0,Expenses_q0,Income_q2,Assets_q0,Amount_q1,Price_q3,no
bad,owner,married,yes,fixed,Seniority_q0,Time_q1,Age_q2,Expenses_q2,Income_q0,Assets_q1,Amount_q3,Price_q3,yes
good,owner,married,no,fixed,Seniority_q2,Time_q1,Age_q3,Expenses_q1,Income_q0,Assets_q0,Amount_q0,Price_q2,no
good,rent,married,no,fixed,Seniority_q2,Time_q1,Age_q1,Expenses_q2,Income_q1,Assets_q0,Amount_q1,Price_q0,no
good,owner,married,no,freelance,Seniority_q2,Time_q1,Age_q1,Expenses_q0,Income_q2,Assets_q1,Amount_q3,Price_q3,no
good,parents,single,no,partime,Seniority_q0,Time_q0,Age_q0,Expenses_q0,Income_q1,Assets_q0,Amount_q1,Price_q0,no
good,owner,married,yes,freelance,Seniority_q3,Time_q0,Age_q3,Expenses_q2,Income_q3,Assets_q1,Amount_q1,Price_q0,yes
good,parents,divorced,no,fixed,Seniority_q3,Time_q1,Age_q3,Expenses_q0,Income_q1,Assets_q0,Amount_q1,Price_q1,no
good,parents,single,no,partime,Seniority_q0,Time_q0,Age_q0,Expenses_q0,Income_q0,Assets_q0,Amount_q0,Price_q1,no
good,owner,married,no,fixed,Seniority_q1,Time_q1,Age_q1,Expenses_q0,Income_q1,Assets_q0,Amount_q2,Price_q2,yes
good,rent,married,no,fixed,Seniority_q3,Time_q1,Age_q2,Expenses_q1,Income_q3,Assets_q0,Amount_q2,Price_q1,no
good,owner,divorced,no,fixed,Seniority_q3,Time_q1,Age_q2,Expenses_q0,Income_q2,Assets_q1,Amount_q1,Price_q1,no
good,parents,single,no,fixed,Seniority_q0,Time_q1,Age_q0,Expenses_q0,Income_q0,Assets_q0,Amount_q1,Price_q1,no
good,parents,married,no,fixed,Seniority_q3,Time_q1,Age_q1,Expenses_q2,Income_q3,Assets_q0,Amount_q3,Price_q3,no
good,parents,single,no,fixed,Seniority_q2,Time_q0,Age_q0,Expenses_q0,Income_q1,Assets_q0,Amount_q0,Price_q1,no
good,priv,married,no,fixed,Seniority_q2,Time_q1,Age_q0,Expenses_q0,Income_q3,Assets_q0,Amount_q1,Price_q2,no
good,owner,married,no,others,Seniority_q0,Time_q0,Age_q3,Expenses_q0,Income_q0,Assets_q1,Amount_q0,Price_q1,no
good,owner,married,no,fixed,Seniority_q2,Time_q0,Age_q1,Expenses_q1,Income_q3,Assets_q1,Amount_q0,Price_q0,no
good,parents,single,no,partime,Seniority_q2,Time_q0,Age_q0,Expenses_q0,Income_q1,Assets_q0,Amount_q1,Price_q0,no
bad,owner,married,yes,fixed,Seniority_q1,Time_q1,Age_q2,Expenses_q0,Income_q0,Assets_q0,Amount_q0,Price_q1,no
good,parents,single,no,fixed,Seniority_q0,Time_q1,Age_q0,Expenses_q0,Income_q0,Assets_q0,Amount_q1,Price_q1,no
good,other,married,no,fixed,Seniority_q0,Time_q1,Age_q2,Expenses_q1,Income_q3,Assets_q0,Amount_q1,Price_q0,no
good,owner,married,yes,fixed,Seniority_q2,Time_q1,Age_q2,Expenses_q1,Income_q3,Assets_q1,Amount_q3,Price_q3,yes
good,owner,married,yes,fixed,Seniority_q2,Time_q0,Age_q1,Expenses_q0,Income_q2,Assets_q1,Amount_q0,Price_q2,no
bad,parents,married,no,freelance,Seniority_q2,Time_q1,Age_q3,Expenses_q2,Income_q0,Assets_q0,Amount_q2,Price_q2,no
good,owner,married,no,fixed,Seniority_q3,Time_q1,Age_q3,Expenses_q0,Income_q2,Assets_q0,Amount_q3,Price_q2,no
good,owner,married,no,fixed,Seniority_q1,Time_q1,Age_q1,Expenses_q0,Income_q2,Assets_q0,Amount_q1,Price_q1,no
good,parents,single,no,fixed,Seniority_q0,Time_q0,Age_q0,Expenses_q0,Income_q2,Assets_q0,Amount_q1,Price_q2,no
bad,owner,married,no,fixed,Seniority_q2,Time_q1,Age_q2,Expenses_q0,Income_q0,Assets_q1,Amount_q3,Price_q1,no
good,rent,married,no,fixed,Seniority_q2,Time_q1,Age_q2,Expenses_q2,Income_q1,Assets_q1,Amount_q3,Price_q3,yes
good,owner,married,no,freelance,Seniority_q2,Time_q0,Age_q1,Expenses_q0,Income_q0,Assets_q1,Amount_q1,Price_q3,yes
good,rent,married,no,freelance,Seniority_q2,Time_q0,Age_q2,Expenses_q1,Income_q0,Assets_q0,Amount_q0,Price_q0,no
bad,parents,single,yes,partime,Seniority_q0,Time_q0,Age_q0,Expenses_q0,Income_q1,Assets_q0,Amount_q0,Price_q0,no
good,owner,married,no,freelance,Seniority_q3,Time_q1,Age_q3,Expenses_q1,Income_q3,Assets_q1,Amount_q3,Price_q3,no
good,owner,married,no,fixed,Seniority_q3,Time_q0,Age_q1,Expenses_q1,Income_q2,Assets_q1,Amount_q0,Price_q2,no
good,owner,married,no,fixed,Seniority_q2,Time_q1,Age_q0,Expenses_q0,Income_q1,Assets_q0,Amount_q3,Price_q3,no
good,rent,married,no,fixed,Seniority_q2,Time_q1,Age_q2,Expenses_q2,Income_q3,Assets_q0,Amount_q1,Price_q0,no
good,rent,single,no,fixed,Seniority_q2,Time_q1,Age_q1,Expenses_q1,Income_q1,Assets_q0,Amount_q1,Price_q0,no
bad,rent,married,no,freelance,Seniority_q1,Time_q0,Age_q0,Expenses_q1,?,Assets_q0,Amount_q1,Price_q1,no
good,owner,married,no,fixed,Seniority_q3,Time_q1,Age_q3,Expenses_q1,Income_q2,Assets_q1,Amount_q1,Price_q1,no
bad,priv,married,no,fixed,Seniority_q2,Time_q1,Age_q2,Expenses_q1,Income_q2,Assets_q0,Amount_q2,Price_q1,no
good,owner,married,no,partime,Seniority_q0,Time_q0,Age_q3,Expenses_q0,Income_q0,?,Amount_q0,Price_q0,no
bad,owner,married,yes,freelance,Seniority_q2,Time_q0,Age_q1,Expenses_q1,Income_q3,Assets_q1,Amount_q2,Price_q1,no
good,other,single,no,fixed,Seniority_q2,Time_q1,Age_q0,Expenses_q0,Income_q0,Assets_q0,Amount_q2,Price_q1,no
bad,other,single,no,fixed,Seniority_q0,Time_q1,Age_q0,Expenses_q0,Income_q0,Assets_q1,Amount_q3,Price_q2,no
bad,other,married,no,fixed,Seniority_q3,Time_q1,Age_q2,Expenses_q1,Income_q1,Assets_q0,Amount_q1,Price_q1,no
good,owner,married,no,fixed,Seniority_q3,Time_q1,Age_q2,Expenses_q2,Income_q3,Assets_q0,Amount_q1,Price_q2,no
good,owner,married,no,freelance,Seniority_q2,Time_q1,Age_q2,Expenses_q1,Income_q3,Assets_q1,Amount_q3,Price_q3,no
good,parents,single,yes,fixed,Seniority_q2,Time_q0,Age_q2,Expenses_q0,Income_q2,Assets_q0,Amount_q1,Price_q3,no
bad,other,single,no,partime,Seniority_q0,Time_q1,Age_q0,Expenses_q0,?,Assets_q0,Amount_q1,Price_q0,no
good,owner,married,yes,freelance,Seniority_q2,Time_q0,Age_q3,Expenses_q1,?,Assets_q1,Amount_q0,Price_q3,no
good,priv,married,no,fixed,Seniority_q2,Time_q1,Age_q1,Expenses_q1,Income_q1,Assets_q0,Amount_q3,Price_q3,no
good,owner,married,no,fixed,Seniority_q0,Time_q1,Age_q1,Expenses_q1,Income_q3,Assets_q0,Amount_q1,Price_q3,no
good,priv,widow,no,freelance,Seniority_q3,Time_q1,Age_q3,Expenses_q0,Income_q3,Assets_q1,Amount_q2,Price_q1,yes
good,owner,married,no,fixed,Seniority_q3,Time_q1,Age_q0,Expenses_q1,Income_q1,Assets_q1,Amount_q1,Price_q2,yes
good,parents,single,no,partime,Seniority_q0,Time_q0,Age_q1,Expenses_q0,Income_q2,Assets_q0,Amount_q0,Price_q1,no
bad,owner,single,yes,fixed,Seniority_q3,Time_q1,Age_q2,Expenses_q0,Income_q1,Assets_q0,Amount_q2,Price_q2,yes
good,owner,single,no,fixed,Seniority_q1,Time_q1,Age_q1,Expenses_q0,Income_q3,Assets_q1,Amount_q1,Price_q3,no
good,owner,single,no,fixed,Seniority_q1,Time_q0,Age_q1,Expenses_q0,Income_q3,Assets_q1,Amount_q1,Price_q2,no
good,owner,widow,no,fixed,Seniority_q3,Time_q0,Age_q2,Expenses_q0,Income_q1,Assets_q1,Amount_q1,Price_q0,yes
good,owner,single,no,fixed,Seniority_q2,Time_q1,Age_q0,Expenses_q0,Income_q3,Assets_q1,Amount_q1,Price_q1,no
bad,owner,single,no,fixed,Seniority_q2,Time_q1,Age_q2,Expenses_q0,Income_q1,Assets_q0,Amount_q3,Price_q2,no
bad,parents,married,yes,fixed,Seniority_q1,Time_q1,Age_q1,Expenses_q0,Income_q3,Assets_q0,Amount_q3,Price_q3,no
good,parents,single,no,partime,Seniority_q1,Time_q1,Age_q0,Expenses_q0,Income_q0,Assets_q0,Amount_q3,Price_q2,no
good,parents,single,no,fixed,Seniority_q2,Time_q1,Age_q0,Expenses_q0,Income_q1,Assets_q0,Amount_q0,Price_q2,no
good,owner,married,no,fixed,Seniority_q2,Time_q0,Age_q1,Expenses_q0,Income_q1,Assets_q0,Amount_q1,Price_q1,no
good,other,single,no,fixed,Seniority_q0,Time_q1,Age_q0,Expenses_q0,Income_q2,Assets_q0,Amount_q1,Price_q1,no
good,parents,single,no,others,Seniority_q0,Time_q1,Age_q0,Expenses_q2,Income_q3,Assets_q0,Amount_q3,Price_q3,no
good,owner,married,no,fixed,Seniority_q3,Time_q0,Age_q3,Expenses_q0,Income_q3,Assets_q0,Amount_q0,Price_q1,no
bad,owner,married,no,fixed,Seniority_q0,Time_q0,Age_q3,Expenses_q0,Income_q0,Assets_q1,Amount_q2,Price_q3,no
good,other,married,no,fixed,Seniority_q3,Time_q1,Age_q1,Expenses_q2,Income_q2,Assets_q0,Amount_q3,Price_q3,no
good,owner,separated,no,freelance,Seniority_q0,Time_q0,Age_q3,Expenses_q0,?,Assets_q1,Amount_q0,Price_q0,yes
bad,parents,single,no,fixed,Seniority_q0,Time_q0,Age_q0,Expenses_q0,Income_q0,Assets_q0,Amount_q1,Price_q2,no
bad,owner,married,no,partime,Seniority_q0,Time_q0,Age_q1,Expenses_q0,Income_q3,Assets_q0,Amount_q0,Price_q0,yes
bad,owner,single,no,freelance,Seniority_q0,Time_q1,Age_q0,Expenses_q0,?,Assets_q1,Amount_q3,Price_q3,yes
good,owner,married,no,freelance,Seniority_q2,Time_q1,Age_q3,Expenses_q0,?,Assets_q0,Amount_q0,Price_q0,no
good,other,single,no,freelance,Seniority_q0,Time_q0,Age_q1,Expenses_q0,?,Assets_q0,Amount_q1,Price_q1,no
good,owner,single,no,others,Seniority_q0,Time_q0,Age_q0,Expenses_q0,Income_q0,Assets_q1,Amount_q0,Price_q1,yes
good,rent,separated,yes,fixed,Seniority_q2,Time_q0,Age_q1,Expenses_q1,Income_q1,Assets_q0,Amount_q0,Price_q0,no
good,other,married,no,freelance,Seniority_q0,Time_q0,Age_q3,Expenses_q1,?,Assets_q0,Amount_q0,Price_q1,no
good,owner,married,no,fixed,Seniority_q3,Time_q0,Age_q2,Expenses_q1,Income_q3,Assets_q1,Amount_q0,Price_q2,no
good,owner,married,no,freelance,Seniority_q3,Time_q1,Age_q3,Expenses_q0,Income_q3,Assets_q1,Amount_q3,Price_q3,no
good,parents,married,no,freelance,Seniority_q2,Time_q0,Age_q0,Expenses_q0,?,Assets_q0,Amount_q1,Price_q2,no
good,parents,single,no,fixed,Seniority_q0,Time_q1,Age_q0,Expenses_q0,Income_q1,Assets_q0,Amount_q3,Price_q3,no
bad,other,married,yes,freelance,Seniority_q0,Time_q0,Age_q2,Expenses_q0,?,Assets_q0,Amount_q1,Price_q2,no
bad,rent,married,no,fixed,Seniority_q1,Time_q0,Age_q3,Expenses_q0,Income_q0,Assets_q1,Amount_q3,Price_q3,no
good,parents,single,no,fixed,Seniority_q2,Time_q1,Age_q0,Expenses_q0,Income_q2,Assets_q0,Amount_q1,Price_q1,no
good,parents,married,no,fixed,Seniority_q1,Time_q0,Age_q0,Expenses_q0,Income_q1,Assets_q1,Amount_q0,Price_q0,no
bad,parents,single,no,fixed,Seniority_q1,Time_q1,Age_q0,Expenses_q0,Income_q0,Assets_q0,Amount_q2,Price_q1,no
good,rent,single,no,fixed,Seniority_q0,Time_q0,Age_q0,Expenses_q1,Income_q2,Assets_q0,Amount_q0,Price_q3,no
bad,owner,married,no,freelance,Seniority_q1,Time_q0,Age_q1,Expenses_q2,Income_q0,Assets_q0,Amount_q2,Price_q2,no
good,rent,married,no,freelance,Seniority_q0,Time_q1,Age_q2,Expenses_q1,Income_q1,Assets_q0,Amount_q3,Price_q3,no
good,parents,married,no,fixed,Seniority_q1,Time_q0,Age_q2,Expenses_q2,Income_q3,Assets_q0,Amount_q0,Price_q0,no
good,parents,married,yes,fixed,Seniority_q1,Time_q0,Age_q1,Expenses_q0,Income_q3,Assets_q0,Amount_q1,Price_q3,no
bad,owner,married,yes,freelance,Seniority_q1,Time_q1,Age_q1,Expenses_q0,?,Assets_q1,Amount_q3,Price_q3,yes
good,parents,married,no,freelance,Seniority_q2,Time_q0,Age_q0,Expenses_q0,Income_q3,Assets_q0,Amount_q3,Price_q3,no
bad,owner,married,yes,fixed,Seniority_q0,Time_q1,Age_q1,Expenses_q1,Income_q3,Assets_q0,Amount_q3,Price_q3,yes
good,priv,single,no,fixed,Seniority_q3,Time_q0,Age_q3,Expenses_q0,Income_q1,Assets_q0,Amount_q1,Price_q1,no
good,other,married,no,fixed,Seniority_q3,Time_q1,Age_q1,Expenses_q0,Income_q1,Assets_q0,Amount_q1,Price_q2,no
good,parents,single,no,fixed,Seniority_q0,Time_q0,Age_q0,Expenses_q0,Income_q3,Assets_q0,Amount_q0,Price_q2,no
bad,owner,married,yes,fixed,Seniority_q1,Time_q1,Age_q2,Expenses_q1,Income_q3,Assets_q1,Amount_q3,Price_q3,no
good,rent,married,no,freelance,Seniority_q1,Time_q1,Age_q2,Expenses_q2,Income_q3,Assets_q0,Amount_q3,Price_q2,no
bad,owner,married,no,others,Seniority_q1,Time_q1,Age_q2,Expenses_q2,Income_q0,Assets_q0,Amount_q1,Price_q0,yes
bad,owner,married,no,fixed,Seniority_q2,Time_q1,Age_q1,Expenses_q1,Income_q1,Assets_q0,Amount_q1,Price_q0,yes
bad,rent,married,no,partime,Seniority_q0,Time_q1,Age_q1,Expenses_q2,Income_q1,Assets_q0,Amount_q1,Price_q0,no
good,owner,married,no,fixed,Seniority_q3,Time_q1,Age_q2,Expenses_q1,Income_q2,Assets_q0,Amount_q3,Price_q2,no
good,parents,single,no,fixed,Seniority_q2,Time_q1,Age_q0,Expenses_q0,Income_q2,Assets_q0,Amount_q3,Price_q3,no
good,owner,married,no,fixed,Seniority_q2,Time_q1,Age_q2,Expenses_q0,Income_q1,Assets_q0,Amount_q3,Price_q2,no
good,owner,married,yes,fixed,Seniority_q1,Time_q1,Age_q2,Expenses_q1,Income_q2,Assets_q0,Amount_q2,Price_q1,no
bad,owner,married,yes,fixed,Seniority_q0,Time_q1,Age_q1,Expenses_q1,Income_q1,Assets_q1,Amount_q3,Price_q3,yes
good,owner,married,no,fixed,Seniority_q3,Time_q1,Age_q1,Expenses_q0,Income_q2,Assets_q0,Amount_q3,Price_q2,no
bad,priv,married,no,fixed,Seniority_q1,Time_q2,Age_q1,Expenses_q0,Income_q1,Assets_q0,Amount_q3,Price_q2,yes
bad,other,married,yes,fixed,Seniority_q0,Time_q0,Age_q2,Expenses_q2,Income_q2,Assets_q0,Amount_q1,Price_q0,no
good,rent,separated,no,fixed,Seniority_q0,Time_q1,Age_q2,Expenses_q2,Income_q2,Assets_q0,Amount_q1,Price_q1,no
bad,owner,married,no,others,Seniority_q0,Time_q1,Age_q1,Expenses_q1,Income_q0,Assets_q0,Amount_q1,Price_q2,no
good,owner,single,no,fixed,Seniority_q3,Time_q0,Age_q2,Expenses_q0,Income_q1,Assets_q0,Amount_q1,Price_q2,no
good,owner,married,no,fixed,Seniority_q2,Time_q1,Age_q2,Expenses_q1,Income_q1,Assets_q0,Amount_q1,Price_q1,no
good,parents,married,no,partime,Seniority_q0,Time_q0,Age_q0,Expenses_q0,Income_q0,Assets_q0,Amount_q0,Price_q0,no
good,parents,single,no,freelance,Seniority_q2,Time_q0,Age_q0,Expenses_q0,Income_q2,Assets_q0,Amount_q0,Price_q3,no
good,parents,single,no,partime,Seniority_q1,Time_q0,Age_q1,Expenses_q0,Income_q1,Assets_q0,Amount_q1,Price_q2,no
good,owner,married,no,others,Seniority_q1,Time_q0,Age_q3,Expenses_q0,Income_q0,Assets_q1,Amount_q1,Price_q1,no
good,owner,married,no,fixed,Seniority_q2,Time_q0,Age_q1,Expenses_q1,Income_q1,Assets_q0,Amount_q0,Price_q1,yes
good,owner,married,no,fixed,Seniority_q3,Time_q1,Age_q2,Expenses_q0,Income_q1,Assets_q0,Amount_q1,Price_q1,no
bad,owner,married,no,fixed,Seniority_q0,Time_q0,Age_q2,Expenses_q2,?,Assets_q1,Amount_q3,Price_q3,no
bad,owner,married,yes,fixed,Seniority_q3,Time_q1,Age_q1,Expenses_q0,Income_q1,Assets_q0,Amount_q1,Price_q0,no
bad,priv,married,no,fixed,Seniority_q0,Time_q1,Age_q3,Expenses_q1,Income_q1,Assets_q1,Amount_q1,Price_q0,yes
good,parents,single,no,fixed,Seniority_q2,Time_q0,Age_q0,Expenses_q0,Income_q1,?,Amount_q0,Price_q3,no
good,parents,single,no,fixed,Seniority_q0,Time_q1,Age_q0,Expenses_q0,Income_q2,Assets_q1,Amount_q2,Price_q1,no
good,owner,married,no,fixed,Seniority_q0,Time_q1,Age_q2,Expenses_q2,Income_q3,Assets_q1,Amount_q3,Price_q3,no
good,parents,married,no,others,Seniority_q1,Time_q1,Age_q3,Expenses_q0,Income_q2,Assets_q0,Amount_q0,Price_q0,no
good,rent,widow,yes,freelance,Seniority_q3,Time_q1,Age_q2,Expenses_q0,Income_q0,Assets_q0,Amount_q0,Price_q2,no
good,parents,single,no,fixed,Seniority_q0,Time_q0,Age_q0,Expenses_q0,Income_q1,Assets_q0,Amount_q1,Price_q3,no
bad,rent,single,no,partime,Seniority_q0,Time_q0,Age_q1,Expenses_q0,Income_q0,Assets_q0,Amount_q0,Price_q0,no
bad,owner,widow,no,fixed,Seniority_q3,Time_q1,Age_q3,Expenses_q0,Income_q3,Assets_q1,Amount_q2,Price_q1,no
good,ignore,married,no,fixed,Seniority_q2,Time_q0,Age_q2,Expenses_q2,Income_q3,Assets_q1,Amount_q3,Price_q2,yes
good,owner,married,no,fixed,Seniority_q1,Time_q1,Age_q2,Expenses_q0,Income_q2,Assets_q1,Amount_q3,Price_q3,yes
bad,parents,single,no,partime,Seniority_q0,Time_q1,Age_q0,Expenses_q0,Income_q0,Assets_q0,Amount_q2,Price_q2,no
good,rent,married,no,partime,Seniority_q1,Time_q0,Age_q1,Expenses_q1,Income_q0,Assets_q0,Amount_q0,Price_q0,no
good,owner,married,no,freelance,Seniority_q0,Time_q0,Age_q2,Expenses_q1,?,Assets_q1,Amount_q0,Price_q0,no
good,owner,married,no,fixed,Seniority_q3,Time_q0,Age_q3,Expenses_q0,Income_q2,Assets_q0,Amount_q1,Price_q2,no
good,parents,married,no,fixed,Seniority_q2,Time_q1,Age_q1,Expenses_q0,Income_q1,Assets_q0,Amount_q3,Price_q3,no
good,owner,married,no,freelance,Seniority_q1,Time_q1,Age_q3,Expenses_q0,Income_q1,Assets_q1,Amount_q3,Price_q3,no
good,owner,married,no,freelance,Seniority_q3,Time_q1,Age_q3,Expenses_q2,Income_q3,Assets_q1,Amount_q1,Price_q2,no
good,owner,married,yes,freelance,Seniority_q3,Time_q1,Age_q3,Expenses_q0,Income_q2,Assets_q1,Amount_q2,Price_q1,no
good,owner,married,no,fixed,Seniority_q3,Time_q1,Age_q3,Expenses_q0,Income_q1,Assets_q0,Amount_q2,Price_q2,no
good,rent,married,no,freelance,Seniority_q1,Time_q0,Age_q2,Expenses_q2,Income_q2,Assets_q1,Amount_q1,Price_q2,no
good,owner,separated,no,fixed,Seniority_q3,Time_q1,Age_q2,Expenses_q0,Income_q2,Assets_q1,Amount_q2,Price_q3,yes
good,parents,married,no,partime,Seniority_q0,Time_q0,Age_q0,Expenses_q0,Income_q2,Assets_q0,Amount_q0,Price_q1,no
bad,rent,married,no,fixed,Seniority_q1,Time_q1,Age_q1,Expenses_q1,Income_q1,Assets_q0,Amount_q3,Price_q1,no
good,parents,single,no,fixed,Seniority_q0,Time_q1,Age_q0,Expenses_q0,Income_q0,Assets_q0,Amount_q1,Price_q2,no
bad,owner,married,no,fixed,Seniority_q1,Time_q0,Age_q0,Expenses_q0,Income_q0,Assets_q0,Amount_q1,Price_q2,no
bad,rent,married,no,freelance,Seniority_q1,Time_q1,Age_q1,Expenses_q0,?,Assets_q0,Amount_q1,Price_q2,no
good,rent,married,no,fixed,Seniority_q2,Time_q1,Age_q2,Expenses_q1,Income_q2,Assets_q0,Amount_q1,Price_q1,no
good,other,married,no,freelance,Seniority_q1,Time_q1,Age_q1,Expenses_q0,?,Assets_q0,Amount_q1,Price_q3,no
good,owner,married,no,fixed,Seniority_q1,Time_q0,Age_q3,Expenses_q0,Income_q1,Assets_q0,Amount_q0,Price_q2,no
bad,rent,married,no,fixed,Seniority_q1,Time_q0,Age_q1,Expenses_q2,Income_q2,Assets_q0,Amount_q1,Price_q1,no
bad,owner,married,no,partime,Seniority_q1,Time_q0,Age_q0,Expenses_q0,Income_q1,Assets_q0,Amount_q1,Price_q3,no
bad,other,married,no,freelance,Seniority_q0,Time_q0,Age_q2,Expenses_q1,Income_q0,Assets_q0,Amount_q1,Price_q0,no
good,owner,married,no,fixed,Seniority_q1,Time_q0,Age_q2,Expenses_q2,Income_q2,Assets_q1,Amount_q0,Price_q0,yes
bad,rent,married,no,fixed,Seniority_q3,Time_q1,Age_q1,Expenses_q2,Income_q0,Assets_q0,Amount_q2,Price_q3,no
good,owner,married,yes,fixed,Seniority_q3,Time_q0,Age_q3,Expenses_q0,Income_q2,Assets_q0,Amount_q0,Price_q1,no
good,owner,married,no,fixed,Seniority_q0,Time_q1,Age_q2,Expenses_q0,Income_q2,Assets_q1,Amount_q2,Price_q1,no
good,owner,married,yes,fixed,Seniority_q3,Time_q0,Age_q2,Expenses_q0,?,Assets_q1,Amount_q0,Price_q0,yes
good,owner,married,no,fixed,Seniority_q3,Time_q0,Age_q1,Expenses_q0,Income_q2,Assets_q0,Amount_q0,Price_q0,no
good,owner,married,no,fixed,Seniority_q3,Time_q1,Age_q1,Expenses_q0,Income_q3,Assets_q0,Amount_q3,Price_q3,yes
good,owner,married,yes,freelance,Seniority_q3,Time_q1,Age_q3,Expenses_q1,Income_q3,Assets_q1,Amount_q0,Price_q0,yes
bad,owner,married,no,others,Seniority_q0,Time_q1,Age_q0,Expenses_q0,Income_q1,Assets_q1,Amount_q3,Price_q2,yes
good,owner,married,no,fixed,Seniority_q2,Time_q0,Age_q1,Expenses_q0,Income_q1,Assets_q0,Amount_q0,Price_q2,no
good,rent,married,no,fixed,Seniority_q2,Time_q1,Age_q0,Expenses_q1,Income_q1,Assets_q0,Amount_q3,Price_q2,no
bad,rent,married,no,partime,Seniority_q0,Time_q0,Age_q1,Expenses_q2,Income_q3,Assets_q0,Amount_q2,Price_q1,no
good,other,married,no,fixed,Seniority_q3,Time_q0,Age_q3,Expenses_q0,Income_q1,Assets_q0,Amount_q0,Price_q2,no
good,priv,married,no,fixed,Seniority_q3,Time_q1,Age_q3,Expenses_q0,Income_q0,Assets_q0,Amount_q2,Price_q2,no
good,rent,single,no,fixed,Seniority_q0,Time_q0,Age_q2,Expenses_q0,Income_q1,Assets_q0,Amount_q0,Price_q0,no
good,owner,married,no,fixed,Seniority_q2,Time_q0,Age_q3,Expenses_q0,Income_q3,Assets_q1,Amount_q0,Price_q0,no
good,owner,married,no,fixed,Seniority_q2,Time_q1,Age_q0,Expenses_q0,Income_q2,Assets_q0,Amount_q1,Price_q2,no
good,rent,married,yes,fixed,Seniority_q3,Time_q1,Age_q3,Expenses_q2,Income_q1,Assets_q0,Amount_q2,Price_q2,no
good,owner,married,no,fixed,Seniority_q3,Time_q0,Age_q2,Expenses_q2,Income_q1,Assets_q1,Amount_q3,Price_q3,no
good,owner,married,no,fixed,Seniority_q3,Time_q0,Age_q3,Expenses_q1,Income_q2,Assets_q1,Amount_q1,Price_q3,no
good,priv,married,no,freelance,Seniority_q2,Time_q0,Age_q2,Expenses_q2,Income_q1,Assets_q1,Amount_q2,Price_q3,no
good,owner,married,no,others,Seniority_q0,Time_q1,Age_q3,Expenses_q0,Income_q3,Assets_q1,Amount_q2,Price_q1,no
good,owner,married,yes,fixed,Seniority_q3,Time_q1,Age_q3,Expenses_q1,Income_q1,Assets_q0,Amount_q1,Price_q3,no
good,rent,married,no,fixed,Seniority_q2,Time_q1,Age_q3,Expenses_q1,Income_q1,Assets_q0,Amount_q1,Price_q0,no
good,parents,single,no,fixed,Seniority_q3,Time_q0,Age_q0,Expenses_q0,Income_q1,Assets_q0,Amount_q0,Price_q0,no
bad,parents,married,no,partime,Seniority_q0,Time_q1,Age_q1,Expenses_q1,Income_q2,Assets_q0,Amount_q1,Price_q1,no
good,priv,married,no,freelance,Seniority_q0,Time_q1,Age_q1,Expenses_q0,?,Assets_q0,Amount_q3,Price_q3,no
good,owner,married,yes,fixed,Seniority_q1,Time_q1,Age_q3,Expenses_q1,Income_q1,Assets_q1,Amount_q1,Price_q1,no
good,rent,married,no,freelance,Seniority_q3,Time_q0,Age_q3,Expenses_q2,Income_q3,Assets_q1,Amount_q1,Price_q3,no
good,owner,married,no,fixed,Seniority_q3,Time_q1,Age_q3,Expenses_q0,Income_q1,Assets_q0,Amount_q1,Price_q2,no
good,owner,married,no,freelance,Seniority_q2,Time_q1,Age_q2,Expenses_q0,Income_q1,Assets_q0,Amount_q1,Price_q1,no
good,rent,married,no,freelance,Seniority_q2,Time_q1,Age_q3,Expenses_q1,Income_q2,Assets_q0,Amount_q3,Price_q2,no
good,parents,single,no,fixed,Seniority_q1,Time_q1,Age_q0,Expenses_q0,Income_q0,Assets_q0,Amount_q0,Price_q1,no
bad,rent,married,no,freelance,Seniority_q0,Time_q1,Age_q2,Expenses_q0,Income_q0,Assets_q0,Amount_q3,Price_q3,no
good,owner,married,no,freelance,Seniority_q3,Time_q0,Age_q3,Expenses_q0,Income_q0,Assets_q1,Amount_q1,Price_q3,no
good,owner,married,no,freelance,Seniority_q3,Time_q1,Age_q3,Expenses_q1,Income_q3,Assets_q1,Amount_q3,Price_q3,no
good,owner,married,no,fixed,Seniority_q3,Time_q0,Age_q3,Expenses_q1,Income_q2,Assets_q0,Amount_q1,Price_q3,no
good,parents,single,no,fixed,Seniority_q0,Time_q0,Age_q0,Expenses_q0,Income_q2,Assets_q1,Amount_q0,Price_q2,no
good,priv,married,no,freelance,Seniority_q2,Time_q0,Age_q1,Expenses_q0,?,Assets_q1,Amount_q0,Price_q1,no
good,priv,married,no,freelance,Seniority_q2,Time_q1,Age_q2,Expenses_q1,Income_q1,Assets_q1,Amount_q2,Price_q3,no
good,owner,married,no,freelance,Seniority_q1,Time_q1,Age_q2,Expenses_q0,Income_q2,Assets_q1,Amount_q1,Price_q2,no
good,owner,married,no,freelance,Seniority_q1,Time_q1,Age_q2,Expenses_q0,Income_q2,Assets_q1,Amount_q1,Price_q2,no
bad,priv,married,yes,fixed,Seniority_q1,Time_q1,Age_q2,Expenses_q0,Income_q1,Assets_q0,Amount_q2,Price_q2,no
good,owner,married,no,fixed,Seniority_q0,Time_q1,Age_q1,Expenses_q1,Income_q3,Assets_q0,Amount_q0,Price_q0,yes
bad,rent,married,yes,fixed,Seniority_q3,Time_q1,Age_q0,Expenses_q1,Income_q3,Assets_q0,Amount_q1,Price_q1,no
good,owner,married,no,fixed,Seniority_q3,Time_q0,Age_q3,Expenses_q0,Income_q0,Assets_q0,Amount_q0,Price_q0,no
bad,parents,single,yes,freelance,Seniority_q1,Time_q0,Age_q0,Expenses_q0,?,Assets_q0,Amount_q0,Price_q0,no
good,owner,divorced,no,freelance,Seniority_q3,Time_q1,Age_q1,Expenses_q0,?,Assets_q1,Amount_q3,Price_q2,yes
good,owner,married,no,fixed,Seniority_q3,Time_q0,Age_q3,Expenses_q2,Income_q2,Assets_q0,Amount_q1,Price_q1,no
good,owner,married,yes,partime,Seniority_q1,Time_q1,Age_q0,Expenses_q1,Income_q1,Assets_q0,Amount_q1,Price_q2,yes
good,owner,married,no,freelance,Seniority_q0,Time_q0,Age_q1,Expenses_q0,?,Assets_q0,Amount_q2,Price_q3,no
good,owner,married,no,fixed,Seniority_q3,Time_q1,Age_q3,Expenses_q0,Income_q2,Assets_q0,Amount_q3,Price_q3,no
good,priv,married,no,fixed,Seniority_q2,Time_q1,Age_q2,Expenses_q1,Income_q2,Assets_q0,Amount_q2,Price_q2,yes
good,parents,single,no,fixed,Seniority_q1,Time_q0,Age_q2,Expenses_q0,Income_q2,Assets_q1,Amount_q0,Price_q2,yes
good,rent,married,no,fixed,Seniority_q0,Time_q1,Age_q1,Expenses_q1,Income_q2,Assets_q0,Amount_q0,Price_q1,no
good,priv,married,no,fixed,Seniority_q1,Time_q0,Age_q1,Expenses_q2,Income_q1,Assets_q1,Amount_q3,Price_q2,no
bad,parents,single,no,fixed,Seniority_q0,Time_q0,Age_q0,Expenses_q0,Income_q0,Assets_q0,Amount_q1,Price_q0,no
good,owner,single,no,partime,Seniority_q0,Time_q1,Age_q1,Expenses_q0,Income_q3,Assets_q1,Amount_q1,Price_q1,no
good,priv,married,no,fixed,Seniority_q3,Time_q1,Age_q2,Expenses_q2,Income_q2,Assets_q1,Amount_q1,Price_q2,yes
bad,rent,married,no,partime,Seniority_q0,Time_q1,Age_q3,Expenses_q1,Income_q0,Assets_q0,Amount_q0,Price_q0,no
bad,rent,single,no,fixed,Seniority_q1,Time_q1,Age_q1,Expenses_q0,Income_q0,Assets_q0,Amount_q3,Price_q3,no
bad,owner,single,no,freelance,Seniority_q0,Time_q0,Age_q1,Expenses_q0,Income_q0,Assets_q0,Amount_q1,Price_q1,no
bad,owner,married,yes,freelance,Seniority_q3,Time_q1,Age_q3,Expenses_q1,?,?,Amount_q3,Price_q3,no
bad,owner,married,no,fixed,Seniority_q2,Time_q1,Age_q0,Expenses_q0,Income_q2,Assets_q0,Amount_q0,Price_q3,no
good,owner,married,yes,fixed,Seniority_q3,Time_q1,Age_q3,Expenses_q0,Income_q3,Assets_q0,Amount_q1,Price_q3,no
good,owner,divorced,no,freelance,Seniority_q3,Time_q0,Age_q3,Expenses_q0,?,Assets_q1,Amount_q2,Price_q2,no
bad,owner,single,yes,freelance,Seniority_q0,Time_q0,Age_q0,Expenses_q0,Income_q0,Assets_q1,Amount_q1,Price_q1,yes
good,owner,married,no,freelance,Seniority_q3,Time_q0,Age_q3,Expenses_q0,Income_q1,Assets_q1,Amount_q1,Price_q2,no
good,owner,married,no,fixed,Seniority_q2,Time_q1,Age_q1,Expenses_q0,Income_q1,Assets_q0,Amount_q2,Price_q1,no
good,owner,married,no,fixed,Seniority_q3,Time_q1,Age_q3,Expenses_q1,Income_q3,Assets_q0,Amount_q1,Price_q1,no
good,parents,single,no,fixed,Seniority_q1,Time_q1,Age_q0,Expenses_q0,Income_q0,Assets_q0,Amount_q2,Price_q1,no
bad,other,married,yes,partime,Seniority_q0,Time_q1,Age_q1,Expenses_q0,Income_q1,Assets_q0,Amount_q2,Price_q2,yes
good,owner,married,yes,fixed,Seniority_q3,Time_q1,Age_q0,Expenses_q0,Income_q3,Assets_q1,Amount_q1,Price_q3,yes
good,rent,married,yes,fixed,Seniority_q2,Time_q1,Age_q1,Expenses_q2,Income_q3,Assets_q0,Amount_q1,Price_q2,no
good,owner,widow,yes,freelance,Seniority_q2,Time_q0,Age_q2,Expenses_q2,Income_q3,Assets_q1,Amount_q0,Price_q1,no
good,parents,single,no,fixed,Seniority_q0,Time_q0,Age_q0,Expenses_q0,Income_q0,Assets_q0,Amount_q0,Price_q1,no
good,owner,married,no,fixed,Seniority_q3,Time_q0,Age_q1,Expenses_q1,Income_q0,Assets_q0,Amount_q0,Price_q1,no
good,owner,married,no,fixed,Seniority_q2,Time_q1,Age_q0,Expenses_q0,Income_q2,Assets_q0,Amount_q3,Price_q2,yes
good,owner,married,no,fixed,Seniority_q2,Time_q1,Age_q0,Expenses_q0,Income_q0,Assets_q0,Amount_q2,Price_q1,no
good,parents,single,no,partime,Seniority_q0,Time_q1,Age_q0,Expenses_q0,Income_q2,Assets_q0,Amount_q3,Price_q2,no
good,owner,married,no,freelance,Seniority_q0,Time_q0,Age_q2,Expenses_q1,?,Assets_q0,Amount_q0,Price_q2,no
good,parents,married,no,fixed,Seniority_q2,Time_q1,Age_q2,Expenses_q0,Income_q3,Assets_q0,Amount_q1,Price_q2,no
good,owner,married,no,freelance,Seniority_q1,Time_q1,Age_q1,Expenses_q0,?,Assets_q1,Amount_q3,Price_q3,no
good,priv,married,no,fixed,Seniority_q3,Time_q1,Age_q3,Expenses_q0,Income_q2,Assets_q0,Amount_q3,Price_q3,yes
bad,owner,widow,yes,freelance,Seniority_q3,Time_q1,Age_q3,Expenses_q0,Income_q0,Assets_q1,Amount_q1,Price_q0,yes
good,parents,single,no,partime,Seniority_q1,Time_q0,Age_q0,Expenses_q0,Income_q1,Assets_q0,Amount_q1,Price_q1,no
good,owner,married,no,fixed,Seniority_q3,Time_q1,Age_q2,Expenses_q0,Income_q1,Assets_q0,Amount_q3,Price_q3,no
good,rent,married,no,fixed,Seniority_q3,Time_q1,Age_q3,Expenses_q2,Income_q3,Assets_q0,Amount_q1,Price_q2,yes
good,parents,married,no,fixed,Seniority_q2,Time_q1,Age_q2,Expenses_q2,Income_q3,Assets_q0,Amount_q2,Price_q1,no
good,owner,married,no,fixed,Seniority_q3,Time_q0,Age_q3,Expenses_q0,Income_q3,Assets_q1,Amount_q2,Price_q3,no
good,owner,married,no,freelance,Seniority_q3,Time_q0,Age_q3,Expenses_q1,?,Assets_q1,Amount_q3,Price_q3,yes
good,owner,married,no,others,Seniority_q0,Time_q1,Age_q3,Expenses_q0,Income_q1,Assets_q0,Amount_q2,Price_q3,no
good,other,married,no,fixed,Seniority_q3,Time_q1,Age_q3,Expenses_q0,Income_q3,Assets_q0,Amount_q2,Price_q2,no
good,parents,separated,no,fixed,Seniority_q3,Time_q1,Age_q1,Expenses_q0,Income_q2,Assets_q0,Amount_q1,Price_q0,no
bad,owner,separated,no,freelance,Seniority_q1,Time_q0,Age_q1,Expenses_q0,?,Assets_q0,Amount_q1,Price_q0,no
good,parents,single,no,fixed,Seniority_q1,Time_q0,Age_q0,Expenses_q0,Income_q2,Assets_q0,Amount_q0,Price_q2,no
good,owner,married,no,fixed,Seniority_q0,Time_q1,Age_q3,Expenses_q0,Income_q3,Assets_q0,Amount_q1,Price_q2,no
bad,owner,married,no,partime,Seniority_q0,Time_q1,Age_q2,Expenses_q2,Income_q2,Assets_q1,Amount_q1,Price_q1,yes
good,owner,married,no,fixed,Seniority_q2,Time_q0,Age_q2,Expenses_q1,Income_q3,Assets_q1,Amount_q3,Price_q3,no
good,owner,married,no,fixed,Seniority_q3,Time_q1,Age_q1,Expenses_q0,Income_q0,Assets_q1,Amount_q3,Price_q3,yes
bad,rent,married,no,fixed,Seniority_q0,Time_q1,Age_q2,Expenses_q2,Income_q0,Assets_q0,Amount_q2,Price_q2,no
good,rent,single,no,partime,Seniority_q0,Time_q0,Age_q0,Expenses_q0,Income_q1,Assets_q0,Amount_q1,Price_q1,no
bad,owner,married,no,freelance,Seniority_q0,Time_q0,Age_q0,Expenses_q0,?,Assets_q0,Amount_q0,Price_q0,yes
good,other,single,no,fixed,Seniority_q1,Time_q1,Age_q0,Expenses_q0,Income_q3,Assets_q0,Amount_q2,Price_q2,no
bad,rent,married,yes,fixed,Seniority_q0,Time_q0,Age_q2,Expenses_q1,Income_q0,Assets_q0,Amount_q0,Price_q0,no
bad,owner,married,no,fixed,Seniority_q3,Time_q1,Age_q2,Expenses_q0,Income_q2,Assets_q0,Amount_q3,Price_q3,yes
good,parents,single,no,others,Seniority_q0,Time_q0,Age_q0,Expenses_q0,Income_q0,Assets_q0,Amount_q0,Price_q0,no
bad,?,married,yes,freelance,Seniority_q2,Time_q0,Age_q3,Expenses_q0,?,?,Amount_q0,Price_q2,no
good,owner,married,no,freelance,Seniority_q3,Time_q1,Age_q1,Expenses_q0,Income_q3,Assets_q1,Amount_q3,Price_q3,no
good,rent,married,yes,fixed,Seniority_q3,Time_q0,Age_q2,Expenses_q0,Income_q0,Assets_q0,Amount_q0,Price_q0,no
good,priv,single,yes,freelance,Seniority_q2,Time_q0,Age_q1,Expenses_q0,?,Assets_q0,Amount_q3,Price_q3,no
good,priv,married,no,fixed,Seniority_q2,Time_q1,Age_q1,Expenses_q0,Income_q0,Assets_q1,Amount_q3,Price_q3,yes
bad,owner,single,no,fixed,Seniority_q1,Time_q0,Age_q0,Expenses_q0,Income_q1,Assets_q0,Amount_q1,Price_q0,no
good,owner,married,no,fixed,Seniority_q2,Time_q1,Age_q3,Expenses_q0,Income_q3,Assets_q1,Amount_q2,Price_q2,no
good,owner,married,no,fixed,Seniority_q1,Time_q0,Age_q3,Expenses_q1,Income_q1,Assets_q0,Amount_q0,Price_q1,no
bad,rent,married,no,fixed,Seniority_q2,Time_q1,Age_q2,Expenses_q0,Income_q1,Assets_q0,Amount_q2,Price_q2,no
good,rent,single,no,fixed,Seniority_q2,Time_q1,Age_q1,Expenses_q0,Income_q0,Assets_q0,Amount_q2,Price_q1,no
good,owner,single,no,fixed,Seniority_q2,Time_q1,Age_q0,Expenses_q0,Income_q2,Assets_q1,Amount_q3,Price_q1,no
good,parents,single,no,fixed,Seniority_q1,Time_q0,Age_q1,Expenses_q0,Income_q2,Assets_q0,Amount_q0,Price_q0,no
good,owner,married,no,freelance,Seniority_q3,Time_q0,Age_q3,Expenses_q1,?,Assets_q1,Amount_q3,Price_q3,no
good,parents,single,no,freelance,Seniority_q1,Time_q1,Age_q0,Expenses_q0,Income_q0,Assets_q0,Amount_q1,Price_q1,no
good,owner,married,no,fixed,Seniority_q2,Time_q0,Age_q2,Expenses_q0,Income_q3,Assets_q1,Amount_q1,Price_q2,yes
good,parents,single,no,partime,Seniority_q0,Time_q0,Age_q0,Expenses_q0,Income_q0,Assets_q0,Amount_q0,Price_q1,no
good,rent,married,no,fixed,Seniority_q3,Time_q1,Age_q3,Expenses_q2,Income_q3,Assets_q0,Amount_q0,Price_q0,no
good,owner,married,no,freelance,Seniority_q2,Time_q0,Age_q3,Expenses_q0,Income_q1,Assets_q1,Amount_q1,Price_q3,no
bad,parents,single,no,partime,Seniority_q0,Time_q1,Age_q0,Expenses_q0,?,Assets_q0,Amount_q3,Price_q3,no
bad,priv,married,no,fixed,Seniority_q1,Time_q0,Age_q3,Expenses_q1,Income_q1,Assets_q0,Amount_q1,Price_q0,yes
good,owner,married,yes,fixed,Seniority_q2,Time_q1,Age_q2,Expenses_q1,Income_q3,Assets_q0,Amount_q2,Price_q3,no
good,rent,single,no,fixed,Seniority_q0,Time_q1,Age_q1,Expenses_q1,Income_q2,Assets_q0,Amount_q2,Price_q1,no
good,owner,married,no,fixed,Seniority_q3,Time_q1,Age_q1,Expenses_q0,Income_q1,Assets_q0,Amount_q1,Price_q1,no
bad,priv,married,yes,fixed,Seniority_q3,Time_q1,Age_q3,Expenses_q1,Income_q1,Assets_q0,Amount_q1,Price_q0,yes
bad,rent,single,yes,fixed,Seniority_q0,Time_q1,Age_q2,Expenses_q2,Income_q2,Assets_q0,Amount_q3,Price_q3,yes
good,parents,married,no,freelance,Seniority_q1,Time_q0,Age_q2,Expenses_q0,?,Assets_q0,Amount_q1,Price_q3,no
good,parents,single,no,fixed,Seniority_q3,Time_q0,Age_q1,Expenses_q0,Income_q0,Assets_q0,Amount_q0,Price_q0,no
bad,priv,widow,no,others,Seniority_q1,Time_q0,Age_q3,Expenses_q2,Income_q0,Assets_q0,Amount_q0,Price_q0,yes
bad,rent,married,no,partime,Seniority_q0,Time_q0,Age_q0,Expenses_q0,Income_q0,Assets_q0,Amount_q0,Price_q0,no
bad,parents,single,no,fixed,Seniority_q0,Time_q0,Age_q0,Expenses_q0,Income_q3,Assets_q0,Amount_q2,Price_q3,no
bad,other,married,no,freelance,Seniority_q0,Time_q1,Age_q0,Expenses_q1,?,Assets_q0,Amount_q3,Price_q2,no
bad,owner,married,no,partime,Seniority_q0,Time_q1,Age_q3,Expenses_q0,Income_q2,Assets_q0,Amount_q1,Price_q1,yes
good,owner,married,no,fixed,Seniority_q2,Time_q1,Age_q0,Expenses_q0,Income_q1,Assets_q0,Amount_q1,Price_q1,no
good,owner,married,no,freelance,Seniority_q2,Time_q0,Age_q3,Expenses_q0,Income_q0,Assets_q1,Amount_q1,Price_q1,yes
good,other,married,no,freelance,Seniority_q0,Time_q1,Age_q0,Expenses_q0,Income_q2,Assets_q0,Amount_q3,Price_q2,no
bad,parents,single,no,freelance,Seniority_q2,Time_q1,Age_q1,Expenses_q0,?,Assets_q0,Amount_q1,Price_q1,no
good,rent,married,no,fixed,Seniority_q2,Time_q1,Age_q0,Expenses_q2,Income_q3,Assets_q0,Amount_q0,Price_q3,no
good,owner,single,no,fixed,Seniority_q3,Time_q1,Age_q2,Expenses_q0,Income_q1,Assets_q0,Amount_q1,Price_q2,no
bad,priv,married,no,partime,Seniority_q0,Time_q1,Age_q2,Expenses_q0,Income_q0,Assets_q0,Amount_q2,Price_q2,no
good,owner,single,no,fixed,Seniority_q0,Time_q1,Age_q0,Expenses_q0,Income_q0,Assets_q1,Amount_q1,Price_q0,no
bad,owner,married,yes,freelance,Seniority_q3,Time_q0,Age_q2,Expenses_q1,Income_q1,Assets_q1,Amount_q1,Price_q1,no
good,parents,separated,no,fixed,Seniority_q2,Time_q0,Age_q3,Expenses_q0,Income_q0,Assets_q0,Amount_q0,Price_q2,no
bad,priv,married,no,others,Seniority_q0,Time_q1,Age_q3,Expenses_q0,?,Assets_q0,Amount_q0,Price_q1,no
good,other,single,no,fixed,Seniority_q0,Time_q0,Age_q0,Expenses_q0,Income_q0,Assets_q0,Amount_q1,Price_q2,no
good,owner,married,no,freelance,Seniority_q3,Time_q1,Age_q3,Expenses_q0,?,Assets_q1,Amount_q3,Price_q3,no
good,parents,single,no,fixed,Seniority_q1,Time_q0,Age_q0,Expenses_q0,Income_q1,Assets_q0,Amount_q1,Price_q3,no
good,owner,married,no,fixed,Seniority_q3,Time_q1,Age_q3,Expenses_q0,Income_q1,Assets_q0,Amount_q0,Price_q0,no
good,other,single,no,fixed,Seniority_q2,Time_q1,Age_q3,Expenses_q0,Income_q2,Assets_q0,Amount_q2,Price_q1,no
bad,parents,single,yes,partime,Seniority_q0,Time_q0,Age_q0,Expenses_q0,Income_q3,Assets_q0,Amount_q0,Price_q0,no
bad,parents,married,no,fixed,Seniority_q1,Time_q1,Age_q0,Expenses_q0,Income_q3,Assets_q0,Amount_q3,Price_q2,no
good,rent,single,no,fixed,Seniority_q1,Time_q1,Age_q0,Expenses_q1,Income_q2,Assets_q0,Amount_q2,Price_q1,no
good,owner,married,no,fixed,Seniority_q2,Time_q1,Age_q0,Expenses_q2,Income_q3,Assets_q1,Amount_q3,Price_q3,no
bad,rent,married,no,partime,Seniority_q1,Time_q0,Age_q0,Expenses_q1,Income_q1,Assets_q0,Amount_q0,Price_q0,no
good,owner,single,no,fixed,Seniority_q2,Time_q1,Age_q1,Expenses_q0,Income_q3,Assets_q1,Amount_q1,Price_q2,yes
good,owner,married,no,fixed,Seniority_q1,Time_q0,Age_q3,Expenses_q0,Income_q2,Assets_q1,Amount_q1,Price_q1,no
good,parents,single,no,fixed,Seniority_q0,Time_q1,Age_q0,Expenses_q0,Income_q0,Assets_q1,Amount_q2,Price_q2,no
good,owner,married,no,fixed,Seniority_q1,Time_q1,Age_q3,Expenses_q0,Income_q1,Assets_q1,Amount_q3,Price_q3,no
good,priv,married,no,fixed,Seniority_q2,Time_q1,Age_q2,Expenses_q0,Income_q3,?,Amount_q1,Price_q0,no
bad,rent,married,yes,fixed,Seniority_q3,Time_q1,Age_q3,Expenses_q0,Income_q1,Assets_q0,Amount_q3,Price_q2,no
good,owner,widow,no,others,Seniority_q1,Time_q1,Age_q3,Expenses_q0,Income_q2,Assets_q0,Amount_q0,Price_q0,no
good,owner,married,yes,partime,Seniority_q0,Time_q1,Age_q2,Expenses_q0,Income_q0,Assets_q0,Amount_q2,Price_q2,yes
bad,ignore,married,yes,fixed,Seniority_q0,Time_q0,Age_q1,Expenses_q0,Income_q0,Assets_q0,Amount_q1,Price_q3,no
good,owner,married,no,fixed,Seniority_q3,Time_q1,Age_q3,Expenses_q0,Income_q2,Assets_q0,Amount_q2,Price_q2,no
good,owner,married,yes,freelance,Seniority_q3,Time_q0,Age_q2,Expenses_q1,Income_q2,Assets_q1,Amount_q1,Price_q2,no
good,parents,single,yes,fixed,Seniority_q0,Time_q1,Age_q0,Expenses_q0,Income_q0,Assets_q0,Amount_q3,Price_q2,no
good,owner,married,no,fixed,Seniority_q3,Time_q1,Age_q3,Expenses_q0,Income_q1,Assets_q0,Amount_q3,Price_q2,no
good,parents,married,no,fixed,Seniority_q3,Time_q0,Age_q1,Expenses_q0,Income_q3,Assets_q0,Amount_q2,Price_q2,no
good,other,married,no,fixed,Seniority_q1,Time_q0,Age_q1,Expenses_q1,Income_q1,Assets_q0,Amount_q0,Price_q2,no
good,owner,married,yes,fixed,Seniority_q2,Time_q0,Age_q2,Expenses_q2,Income_q3,Assets_q1,Amount_q1,Price_q3,no
good,owner,married,no,fixed,Seniority_q1,Time_q1,Age_q0,Expenses_q0,Income_q0,Assets_q1,Amount_q2,Price_q1,no
good,owner,married,no,fixed,Seniority_q3,Time_q1,Age_q2,Expenses_q2,Income_q3,Assets_q1,Amount_q0,Price_q0,yes
good,owner,married,yes,fixed,Seniority_q0,Time_q1,Age_q0,Expenses_q0,Income_q0,Assets_q1,Amount_q2,Price_q3,no
bad,rent,married,no,partime,Seniority_q0,Time_q0,Age_q0,Expenses_q0,Income_q0,Assets_q0,Amount_q0,Price_q1,no
good,owner,married,no,freelance,Seniority_q3,Time_q0,Age_q3,Expenses_q0,?,Assets_q1,Amount_q0,Price_q2,yes
good,owner,single,no,fixed,Seniority_q2,Time_q1,Age_q0,Expenses_q0,Income_q3,Assets_q1,Amount_q1,Price_q0,no
good,parents,married,no,fixed,Seniority_q0,Time_q1,Age_q1,Expenses_q1,Income_q3,Assets_q1,Amount_q3,Price_q3,no
good,parents,single,no,fixed,Seniority_q1,Time_q1,Age_q0,Expenses_q0,Income_q0,Assets_q0,Amount_q0,Price_q0,no
bad,parents,single,no,partime,Seniority_q0,Time_q1,Age_q0,Expenses_q0,Income_q0,Assets_q0,Amount_q2,Price_q1,no
good,owner,married,no,fixed,Seniority_q2,Time_q0,Age_q0,Expenses_q0,Income_q3,Assets_q0,Amount_q3,Price_q3,no
good,rent,single,no,fixed,Seniority_q0,Time_q1,Age_q0,Expenses_q1,Income_q1,Assets_q0,Amount_q1,Price_q0,no
good,parents,single,yes,freelance,Seniority_q0,Time_q1,Age_q0,Expenses_q0,Income_q0,Assets_q0,Amount_q1,Price_q0,no
bad,owner,separated,yes,fixed,Seniority_q0,Time_q1,Age_q2,Expenses_q1,Income_q1,Assets_q1,Amount_q1,Price_q0,no
bad,priv,married,yes,fixed,Seniority_q1,Time_q1,Age_q1,Expenses_q0,Income_q3,Assets_q0,Amount_q1,Price_q1,no
good,owner,married,no,fixed,Seniority_q3,Time_q1,Age_q2,Expenses_q1,Income_q1,Assets_q0,Amount_q0,Price_q3,no
bad,rent,married,no,fixed,Seniority_q2,Time_q1,Age_q3,Expenses_q0,?,Assets_q0,Amount_q3,Price_q3,no
good,rent,married,no,fixed,Seniority_q2,Time_q1,Age_q0,Expenses_q1,Income_q2,Assets_q0,Amount_q1,Price_q0,no
bad,owner,married,no,partime,Seniority_q0,Time_q1,Age_q2,Expenses_q0,Income_q0,Assets_q0,Amount_q1,Price_q0,yes
good,other,single,no,fixed,Seniority_q1,Time_q1,Age_q0,Expenses_q0,Income_q3,Assets_q0,Amount_q3,Price_q2,yes
good,parents,married,no,partime,Seniority_q0,Time_q1,Age_q0,Expenses_q0,Income_q0,Assets_q0,Amount_q3,Price_q2,no
bad,rent,married,no,partime,Seniority_q2,Time_q1,Age_q0,Expenses_q1,Income_q1,Assets_q0,Amount_q2,Price_q1,no
good,priv,single,no,freelance,Seniority_q0,Time_q1,Age_q0,Expenses_q0,Income_q2,Assets_q0,Amount_q1,Price_q2,no
good,priv,married,no,fixed,Seniority_q3,Time_q1,Age_q3,Expenses_q0,Income_q1,Assets_q0,Amount_q2,Price_q2,no
good,parents,single,no,freelance,Seniority_q0,Time_q0,Age_q0,Expenses_q0,Income_q0,Assets_q0,Amount_q0,Price_q0,no
good,parents,single,no,fixed,Seniority_q0,Time_q0,Age_q0,Expenses_q0,Income_q1,Assets_q0,Amount_q1,Price_q2,no
good,rent,married,no,fixed,Seniority_q1,Time_q1,Age_q1,Expenses_q1,Income_q2,Assets_q0,Amount_q3,Price_q3,no
good,parents,single,no,fixed,Seniority_q1,Time_q0,Age_q1,Expenses_q0,Income_q0,Assets_q0,Amount_q0,Price_q0,no
good,priv,married,no,fixed,Seniority_q0,Time_q1,Age_q1,Expenses_q0,Income_q3,Assets_q1,Amount_q0,Price_q0,yes
good,owner,married,no,fixed,Seniority_q3,Time_q1,Age_q3,Expenses_q1,Income_q3,Assets_q0,Amount_q0,Price_q1,no
good,other,married,no,partime,Seniority_q0,Time_q0,Age_q3,Expenses_q0,Income_q0,Assets_q0,Amount_q0,Price_q0,no
good,rent,married,no,fixed,Seniority_q2,Time_q1,Age_q3,Expenses_q1,Income_q2,Assets_q0,Amount_q0,Price_q0,no
bad,rent,married,yes,freelance,Seniority_q1,Time_q1,Age_q3,Expenses_q1,?,Assets_q0,Amount_q1,Price_q3,no
good,owner,married,no,freelance,Seniority_q1,Time_q1,Age_q2,Expenses_q1,Income_q2,Assets_q1,Amount_q3,Price_q3,no
good,owner,married,no,fixed,Seniority_q3,Time_q1,Age_q2,Expenses_q0,Income_q1,Assets_q1,Amount_q1,Price_q0,no
good,rent,separated,no,fixed,Seniority_q1,Time_q1,Age_q0,Expenses_q1,Income_q3,Assets_q0,Amount_q2,Price_q3,no
good,owner,married,no,fixed,Seniority_q3,Time_q1,Age_q3,Expenses_q1,Income_q3,Assets_q0,Amount_q3,Price_q3,no
good,owner,married,no,fixed,Seniority_q2,Time_q0,Age_q0,Expenses_q0,Income_q1,Assets_q0,Amount_q0,Price_q1,yes
good,rent,married,no,fixed,Seniority_q2,Time_q1,Age_q1,Expenses_q0,Income_q0,Assets_q0,Amount_q1,Price_q1,no
bad,owner,married,no,freelance,Seniority_q3,Time_q1,Age_q3,Expenses_q0,Income_q3,Assets_q1,Amount_q3,Price_q3,yes
good,parents,single,no,others,Seniority_q0,Time_q0,Age_q0,Expenses_q0,?,Assets_q0,Amount_q1,Price_q2,no
good,owner,married,no,fixed,Seniority_q2,Time_q0,Age_q0,Expenses_q0,Income_q0,Assets_q0,Amount_q0,Price_q0,yes
bad,rent,married,yes,freelance,Seniority_q2,Time_q1,Age_q2,Expenses_q1,?,Assets_q1,Amount_q3,Price_q3,no
good,owner,married,no,fixed,Seniority_q3,Time_q0,Age_q3,Expenses_q0,Income_q1,Assets_q1,Amount_q3,Price_q3,yes
good,owner,married,no,fixed,Seniority_q2,Time_q1,Age_q0,Expenses_q0,Income_q2,Assets_q0,Amount_q0,Price_q0,yes
good,priv,married,no,fixed,Seniority_q2,Time_q0,Age_q2,Expenses_q0,Income_q2,Assets_q1,Amount_q0,Price_q0,yes
good,parents,married,yes,freelance,Seniority_q3,Time_q0,Age_q2,Expenses_q1,?,Assets_q1,Amount_q3,Price_q2,no
bad,priv,married,yes,freelance,Seniority_q0,Time_q0,Age_q2,Expenses_q2,Income_q0,Assets_q0,Amount_q1,Price_q3,no
good,rent,married,no,fixed,Seniority_q1,Time_q0,Age_q1,Expenses_q2,Income_q1,Assets_q0,Amount_q0,Price_q3,no
good,other,married,no,fixed,Seniority_q0,Time_q0,Age_q1,Expenses_q0,Income_q2,Assets_q0,Amount_q0,Price_q1,no
bad,priv,married,no,others,Seniority_q0,Time_q1,Age_q2,Expenses_q1,Income_q1,Assets_q0,Amount_q2,Price_q1,no
good,parents,single,no,freelance,Seniority_q1,Time_q1,Age_q0,Expenses_q0,Income_q0,Assets_q0,Amount_q1,Price_q1,no
good,rent,married,yes,fixed,Seniority_q2,Time_q0,Age_q2,Expenses_q2,Income_q3,Assets_q0,Amount_q1,Price_q3,no
bad,owner,married,no,fixed,Seniority_q2,Time_q1,Age_q1,Expenses_q0,Income_q0,Assets_q0,Amount_q1,Price_q2,yes
good,parents,single,no,partime,Seniority_q0,Time_q1,Age_q0,Expenses_q0,Income_q3,Assets_q1,Amount_q2,Price_q0,no
good,parents,single,no,fixed,Seniority_q1,Time_q1,Age_q0,Expenses_q0,Income_q1,Assets_q0,Amount_q2,Price_q0,yes
good,parents,married,no,fixed,Seniority_q0,Time_q1,Age_q0,Expenses_q0,Income_q2,Assets_q0,Amount_q2,Price_q2,no
good,owner,married,no,freelance,Seniority_q3,Time_q0,Age_q3,Expenses_q2,?,Assets_q1,Amount_q2,Price_q3,no
good,parents,single,no,partime,Seniority_q0,Time_q1,Age_q0,Expenses_q0,Income_q0,Assets_q0,Amount_q2,Price_q1,no
good,owner,married,no,freelance,Seniority_q0,Time_q0,Age_q1,Expenses_q1,?,Assets_q1,Amount_q0,Price_q0,no
good,rent,married,yes,fixed,Seniority_q1,Time_q1,Age_q1,Expenses_q1,Income_q2,Assets_q0,Amount_q2,Price_q1,no
good,owner,married,yes,fixed,Seniority_q3,Time_q1,Age_q3,Expenses_q0,Income_q3,Assets_q0,Amount_q3,Price_q2,no
good,rent,married,yes,fixed,Seniority_q0,Time_q1,Age_q0,Expenses_q1,Income_q1,Assets_q0,Amount_q3,Price_q2,no
good,priv,married,no,fixed,Seniority_q3,Time_q1,Age_q1,Expenses_q1,Income_q1,Assets_q0,Amount_q1,Price_q1,yes
bad,rent,married,no,others,Seniority_q0,Time_q1,Age_q1,Expenses_q1,Income_q1,Assets_q0,Amount_q1,Price_q2,no
good,other,married,no,fixed,Seniority_q2,Time_q1,Age_q0,Expenses_q0,Income_q2,Assets_q0,Amount_q2,Price_q2,no
bad,priv,married,no,fixed,Seniority_q2,Time_q1,Age_q1,Expenses_q0,Income_q1,Assets_q0,Amount_q3,Price_q2,no
bad,owner,married,no,fixed,Seniority_q2,Time_q1,Age_q3,Expenses_q1,Income_q0,Assets_q1,Amount_q2,Price_q1,no
good,other,single,no,freelance,Seniority_q1,Time_q0,Age_q0,Expenses_q0,Income_q0,Assets_q0,Amount_q0,Price_q0,no
good,parents,single,no,fixed,Seniority_q2,Time_q1,Age_q0,Expenses_q0,Income_q1,Assets_q0,Amount_q1,Price_q0,no
good,priv,married,no,fixed,Seniority_q2,Time_q1,Age_q1,Expenses_q0,Income_q2,Assets_q0,Amount_q1,Price_q2,yes
good,owner,married,no,fixed,Seniority_q0,Time_q1,Age_q3,Expenses_q0,Income_q0,Assets_q0,Amount_q1,Price_q1,no
good,parents,married,no,fixed,Seniority_q3,Time_q1,Age_q1,Expenses_q0,Income_q1,Assets_q0,Amount_q3,Price_q2,no
bad,other,single,no,fixed,Seniority_q0,Time_q0,Age_q0,Expenses_q0,Income_q1,Assets_q0,Amount_q0,Price_q0,no
bad,parents,married,no,partime,Seniority_q0,Time_q1,Age_q2,Expenses_q1,Income_q1,Assets_q0,Amount_q1,Price_q0,no
bad,owner,married,yes,freelance,Seniority_q2,Time_q1,Age_q3,Expenses_q0,?,Assets_q0,Amount_q3,Price_q3,no
good,priv,married,no,fixed,Seniority_q1,Time_q1,Age_q0,Expenses_q0,Income_q3,Assets_q0,Amount_q0,Price_q0,yes
good,owner,single,no,freelance,Seniority_q0,Time_q0,Age_q0,Expenses_q0,Income_q2,Assets_q1,Amount_q2,Price_q1,no
bad,parents,single,yes,partime,Seniority_q0,Time_q1,Age_q0,Expenses_q0,Income_q0,Assets_q0,Amount_q3,Price_q3,no
good,parents,married,no,freelance,Seniority_q1,Time_q1,Age_q1,Expenses_q0,Income_q3,Assets_q0,Amount_q3,Price_q3,no
good,owner,married,yes,fixed,Seniority_q0,Time_q1,Age_q3,Expenses_q0,Income_q3,Assets_q1,Amount_q2,Price_q3,no
good,owner,married,no,fixed,Seniority_q1,Time_q0,Age_q2,Expenses_q0,Income_q2,Assets_q1,Amount_q0,Price_q0,no
good,owner,married,no,fixed,Seniority_q3,Time_q0,Age_q3,Expenses_q0,Income_q1,Assets_q0,Amount_q0,Price_q0,no
good,parents,married,no,fixed,Seniority_q2,Time_q1,Age_q0,Expenses_q0,Income_q3,Assets_q0,Amount_q2,Price_q2,no
good,owner,married,no,fixed,Seniority_q3,Time_q0,Age_q2,Expenses_q1,Income_q3,Assets_q0,Amount_q0,Price_q3,no
bad,owner,married,no,fixed,Seniority_q2,Time_q1,Age_q1,Expenses_q0,Income_q1,Assets_q0,Amount_q3,Price_q3,no
good,priv,married,no,fixed,Seniority_q3,Time_q1,Age_q3,Expenses_q0,Income_q2,Assets_q0,Amount_q0,Price_q0,yes
good,owner,married,no,fixed,Seniority_q3,Time_q1,Age_q3,Expenses_q2,Income_q2,Assets_q0,Amount_q1,Price_q0,no
good,owner,single,no,fixed,Seniority_q0,Time_q0,Age_q1,Expenses_q0,Income_q1,Assets_q1,Amount_q0,Price_q3,no
bad,owner,married,yes,fixed,Seniority_q3,Time_q1,Age_q2,Expenses_q1,Income_q2,Assets_q0,Amount_q2,Price_q1,yes
good,priv,married,no,fixed,Seniority_q3,Time_q1,Age_q2,Expenses_q1,Income_q0,Assets_q0,Amount_q1,Price_q1,no
good,rent,married,no,fixed,Seniority_q3,Time_q1,Age_q3,Expenses_q1,Income_q3,Assets_q0,Amount_q3,Price_q2,no
good,rent,married,no,freelance,Seniority_q0,Time_q1,Age_q1,Expenses_q2,Income_q3,Assets_q0,Amount_q3,Price_q3,no
good,owner,separated,no,fixed,Seniority_q3,Time_q1,Age_q3,Expenses_q0,Income_q2,Assets_q1,Amount_q2,Price_q2,no
good,priv,married,no,fixed,Seniority_q3,Time_q1,Age_q2,Expenses_q1,Income_q1,Assets_q0,Amount_q1,Price_q1,yes
good,parents,married,no,fixed,Seniority_q2,Time_q1,Age_q3,Expenses_q0,Income_q3,Assets_q0,Amount_q1,Price_q2,no
good,owner,married,no,others,Seniority_q0,Time_q0,Age_q3,Expenses_q2,Income_q1,Assets_q0,Amount_q0,Price_q1,no
good,rent,married,no,fixed,Seniority_q2,Time_q0,Age_q1,Expenses_q2,Income_q0,Assets_q0,Amount_q0,Price_q0,no
bad,parents,single,no,partime,Seniority_q2,Time_q0,Age_q0,Expenses_q0,Income_q0,Assets_q0,Amount_q1,Price_q0,no
good,owner,married,yes,fixed,Seniority_q3,Time_q0,Age_q1,Expenses_q1,Income_q2,Assets_q1,Amount_q0,Price_q0,yes
good,rent,single,no,fixed,Seniority_q0,Time_q0,Age_q1,Expenses_q1,Income_q2,Assets_q0,Amount_q0,Price_q0,no
good,priv,married,no,fixed,Seniority_q1,Time_q0,Age_q2,Expenses_q1,Income_q0,Assets_q0,Amount_q0,Price_q0,no
good,owner,married,no,fixed,Seniority_q0,Time_q1,Age_q0,Expenses_q0,Income_q1,Assets_q0,Amount_q1,Price_q1,yes
good,rent,separated,no,freelance,Seniority_q2,Time_q0,Age_q2,Expenses_q0,?,Assets_q0,Amount_q0,Price_q0,no
good,owner,married,no,fixed,Seniority_q0,Time_q1,Age_q1,Expenses_q1,Income_q1,Assets_q0,Amount_q2,Price_q1,no
bad,rent,married,yes,freelance,Seniority_q1,Time_q0,Age_q1,Expenses_q2,Income_q0,Assets_q1,Amount_q2,Price_q2,no
good,parents,married,no,freelance,Seniority_q0,Time_q1,Age_q2,Expenses_q0,?,Assets_q0,Amount_q2,Price_q3,no
good,parents,single,no,fixed,Seniority_q2,Time_q0,Age_q0,Expenses_q0,Income_q1,Assets_q0,Amount_q0,Price_q0,no
good,rent,married,no,fixed,Seniority_q2,Time_q1,Age_q1,Expenses_q2,Income_q3,Assets_q0,Amount_q3,Price_q3,no
bad,priv,married,no,fixed,Seniority_q3,Time_q0,Age_q0,Expenses_q0,Income_q0,Assets_q0,Amount_q0,Price_q0,no
good,owner,separated,no,fixed,Seniority_q3,Time_q1,Age_q3,Expenses_q0,Income_q3,Assets_q1,Amount_q3,Price_q3,no
good,owner,married,no,freelance,Seniority_q3,Time_q0,Age_q2,Expenses_q1,Income_q1,Assets_q0,Amount_q0,Price_q1,no
good,owner,married,yes,fixed,Seniority_q3,Time_q0,Age_q3,Expenses_q0,Income_q0,Assets_q0,Amount_q0,Price_q1,no
good,owner,married,no,fixed,Seniority_q0,Time_q1,Age_q1,Expenses_q0,Income_q1,Assets_q0,Amount_q1,Price_q2,no
good,rent,single,no,fixed,Seniority_q0,Time_q1,Age_q1,Expenses_q1,Income_q3,Assets_q0,Amount_q3,Price_q2,no
good,rent,married,no,fixed,Seniority_q3,Time_q1,Age_q3,Expenses_q2,Income_q3,Assets_q0,Amount_q1,Price_q0,no
good,parents,single,no,fixed,Seniority_q2,Time_q1,Age_q0,Expenses_q0,Income_q0,Assets_q1,Amount_q1,Price_q0,no
bad,priv,married,yes,freelance,Seniority_q2,Time_q0,Age_q2,Expenses_q0,Income_q0,Assets_q0,Amount_q0,Price_q0,yes
good,parents,single,no,fixed,Seniority_q1,Time_q1,Age_q0,Expenses_q0,Income_q1,Assets_q0,Amount_q1,Price_q1,no
good,owner,married,yes,freelance,Seniority_q1,Time_q1,Age_q0,Expenses_q0,?,?,Amount_q0,Price_q2,no
good,owner,married,no,freelance,Seniority_q0,Time_q0,Age_q2,Expenses_q2,Income_q0,Assets_q1,Amount_q1,Price_q1,no
bad,owner,married,no,freelance,Seniority_q0,Time_q1,Age_q2,Expenses_q1,?,Assets_q0,Amount_q3,Price_q3,no
good,owner,married,no,partime,Seniority_q0,Time_q1,Age_q0,Expenses_q0,Income_q2,Assets_q0,Amount_q1,Price_q2,yes
bad,rent,married,yes,freelance,Seniority_q1,Time_q1,Age_q2,Expenses_q0,?,Assets_q1,Amount_q2,Price_q2,no
good,rent,married,no,freelance,Seniority_q1,Time_q0,Age_q1,Expenses_q1,Income_q1,Assets_q0,Amount_q0,Price_q0,no
bad,priv,married,yes,fixed,Seniority_q0,Time_q1,Age_q2,Expenses_q0,Income_q0,Assets_q0,Amount_q2,Price_q2,no
bad,rent,separated,yes,others,Seniority_q0,Time_q0,Age_q2,Expenses_q1,Income_q0,Assets_q0,Amount_q0,Price_q0,no
good,rent,married,no,fixed,Seniority_q1,Time_q0,Age_q1,Expenses_q2,Income_q2,Assets_q0,Amount_q1,Price_q0,no
bad,priv,married,no,partime,Seniority_q0,Time_q1,Age_q1,Expenses_q0,Income_q1,Assets_q0,Amount_q1,Price_q1,yes
good,priv,single,no,fixed,Seniority_q1,Time_q1,Age_q0,Expenses_q0,Income_q3,Assets_q0,Amount_q3,Price_q2,no
bad,owner,married,no,partime,Seniority_q0,Time_q1,Age_q1,Expenses_q0,Income_q0,Assets_q0,Amount_q1,Price_q1,no
good,owner,married,no,freelance,Seniority_q0,Time_q1,Age_q3,Expenses_q1,Income_q3,Assets_q1,Amount_q1,Price_q0,yes
good,owner,married,no,fixed,Seniority_q3,Time_q0,Age_q3,Expenses_q0,Income_q3,?,Amount_q1,Price_q3,no
good,parents,single,no,fixed,Seniority_q2,Time_q0,Age_q0,Expenses_q0,Income_q2,Assets_q1,Amount_q1,Price_q1,no
good,parents,married,yes,partime,Seniority_q0,Time_q0,Age_q1,Expenses_q1,Income_q3,Assets_q0,Amount_q0,Price_q2,no
good,owner,married,no,fixed,Seniority_q0,Time_q1,Age_q0,Expenses_q0,Income_q2,Assets_q1,Amount_q3,Price_q2,yes
bad,owner,married,no,partime,Seniority_q0,Time_q1,Age_q0,Expenses_q2,Income_q0,Assets_q0,Amount_q3,Price_q3,yes
good,owner,married,yes,fixed,Seniority_q0,Time_q1,Age_q0,Expenses_q1,Income_q2,Assets_q0,Amount_q1,Price_q1,yes
good,rent,married,no,fixed,Seniority_q2,Time_q1,Age_q3,Expenses_q1,Income_q1,Assets_q0,Amount_q0,Price_q1,no
good,rent,married,no,others,Seniority_q0,Time_q1,Age_q1,Expenses_q1,?,Assets_q0,Amount_q2,Price_q2,no
good,owner,married,yes,freelance,Seniority_q0,Time_q0,Age_q3,Expenses_q0,Income_q1,Assets_q1,Amount_q1,Price_q3,no
good,owner,married,no,fixed,Seniority_q2,Time_q1,Age_q2,Expenses_q0,Income_q3,Assets_q1,Amount_q3,Price_q3,no
good,owner,married,no,freelance,Seniority_q3,Time_q0,Age_q2,Expenses_q1,Income_q3,Assets_q1,Amount_q3,Price_q2,no
good,rent,married,no,fixed,Seniority_q2,Time_q1,Age_q1,Expenses_q0,Income_q0,Assets_q0,Amount_q2,Price_q3,no
good,other,married,no,freelance,Seniority_q1,Time_q0,Age_q2,Expenses_q0,Income_q1,Assets_q0,Amount_q0,Price_q0,no
good,owner,married,no,fixed,Seniority_q3,Time_q1,Age_q1,Expenses_q0,Income_q1,Assets_q0,Amount_q2,Price_q2,yes
good,rent,married,no,fixed,Seniority_q0,Time_q1,Age_q2,Expenses_q2,Income_q2,Assets_q0,Amount_q2,Price_q1,no
bad,parents,single,no,freelance,Seniority_q1,Time_q1,Age_q0,Expenses_q0,Income_q0,Assets_q0,Amount_q3,Price_q3,no
good,owner,married,no,fixed,Seniority_q2,Time_q0,Age_q2,Expenses_q1,Income_q1,Assets_q0,Amount_q1,Price_q3,no
good,rent,divorced,no,fixed,Seniority_q3,Time_q1,Age_q2,Expenses_q2,Income_q1,Assets_q0,Amount_q3,Price_q2,no
bad,parents,married,yes,fixed,Seniority_q1,Time_q1,Age_q2,Expenses_q0,Income_q1,Assets_q0,Amount_q3,Price_q1,no
good,owner,separated,no,freelance,Seniority_q3,Time_q0,Age_q3,Expenses_q0,Income_q0,Assets_q1,Amount_q1,Price_q3,no
good,parents,single,no,fixed,Seniority_q0,Time_q1,Age_q1,Expenses_q0,Income_q0,Assets_q1,Amount_q1,Price_q1,no
bad,owner,married,no,others,Seniority_q0,Time_q1,Age_q1,Expenses_q0,Income_q0,Assets_q0,Amount_q3,Price_q3,no
bad,owner,married,no,freelance,Seniority_q3,Time_q0,Age_q1,Expenses_q1,?,?,Amount_q0,Price_q0,no
good,rent,divorced,yes,freelance,Seniority_q3,Time_q1,Age_q1,Expenses_q0,Income_q0,Assets_q0,Amount_q3,Price_q2,no
good,parents,married,no,partime,Seniority_q0,Time_q1,Age_q1,Expenses_q2,Income_q0,Assets_q0,Amount_q2,Price_q1,no
good,owner,married,no,fixed,Seniority_q0,Time_q1,Age_q1,Expenses_q0,Income_q3,Assets_q0,Amount_q0,Price_q0,yes
good,owner,married,no,freelance,Seniority_q2,Time_q1,Age_q3,Expenses_q0,?,Assets_q1,Amount_q3,Price_q2,no
bad,other,married,no,others,Seniority_q0,Time_q1,Age_q3,Expenses_q0,Income_q1,Assets_q1,Amount_q3,Price_q3,no
good,other,married,no,fixed,Seniority_q2,Time_q1,Age_q1,Expenses_q2,Income_q1,Assets_q0,Amount_q2,Price_q3,no
good,owner,married,no,fixed,Seniority_q1,Time_q0,Age_q1,Expenses_q0,Income_q0,Assets_q0,Amount_q1,Price_q0,no
bad,rent,single,no,partime,Seniority_q0,Time_q1,Age_q0,Expenses_q1,Income_q2,Assets_q0,Amount_q2,Price_q3,no
good,parents,married,no,freelance,Seniority_q3,Time_q0,Age_q2,Expenses_q1,Income_q3,Assets_q1,Amount_q3,Price_q3,no
bad,rent,married,yes,fixed,Seniority_q1,Time_q1,Age_q1,Expenses_q2,Income_q0,Assets_q0,Amount_q2,Price_q1,no
bad,owner,single,no,freelance,Seniority_q3,Time_q0,Age_q3,Expenses_q0,?,?,Amount_q1,Price_q0,no
bad,rent,married,no,partime,Seniority_q0,Time_q0,Age_q3,Expenses_q2,Income_q0,Assets_q0,Amount_q1,Price_q2,no
good,owner,married,no,fixed,Seniority_q0,Time_q0,Age_q1,Expenses_q0,Income_q3,Assets_q1,Amount_q0,Price_q0,no
good,parents,married,no,fixed,Seniority_q2,Time_q1,Age_q1,Expenses_q1,Income_q3,Assets_q0,Amount_q3,Price_q3,no
good,owner,divorced,yes,fixed,Seniority_q3,Time_q1,Age_q3,Expenses_q0,?,Assets_q1,Amount_q2,Price_q2,yes
bad,owner,married,no,fixed,Seniority_q3,Time_q1,Age_q1,Expenses_q1,Income_q1,Assets_q1,Amount_q2,Price_q1,yes
good,parents,single,no,partime,Seniority_q0,Time_q1,Age_q0,Expenses_q0,Income_q1,Assets_q0,Amount_q1,Price_q1,no
good,parents,single,no,fixed,Seniority_q0,Time_q1,Age_q0,Expenses_q0,Income_q0,Assets_q0,Amount_q2,Price_q2,no
bad,rent,single,yes,freelance,Seniority_q0,Time_q0,Age_q1,Expenses_q0,?,Assets_q0,Amount_q3,Price_q3,no
good,owner,married,no,fixed,Seniority_q3,Time_q0,Age_q2,Expenses_q2,Income_q1,Assets_q1,Amount_q0,Price_q2,no
good,rent,married,no,fixed,Seniority_q2,Time_q1,Age_q2,Expenses_q1,Income_q2,Assets_q0,Amount_q2,Price_q2,no
good,owner,married,no,freelance,Seniority_q1,Time_q0,Age_q3,Expenses_q1,Income_q0,Assets_q0,Amount_q0,Price_q0,no
bad,rent,married,no,freelance,Seniority_q1,Time_q1,Age_q0,Expenses_q2,Income_q1,Assets_q0,Amount_q3,Price_q3,no
good,owner,married,no,freelance,Seniority_q0,Time_q0,Age_q3,Expenses_q0,Income_q0,Assets_q0,Amount_q1,Price_q2,no
good,owner,married,no,fixed,Seniority_q0,Time_q0,Age_q2,Expenses_q1,Income_q1,Assets_q0,Amount_q0,Price_q2,no
good,owner,married,yes,fixed,Seniority_q3,Time_q0,Age_q3,Expenses_q0,Income_q2,Assets_q1,Amount_q0,Price_q0,no
bad,owner,married,no,freelance,Seniority_q2,Time_q1,Age_q2,Expenses_q2,?,Assets_q1,Amount_q1,Price_q1,no
good,owner,married,no,fixed,Seniority_q0,Time_q1,Age_q1,Expenses_q1,Income_q3,Assets_q0,Amount_q3,Price_q2,yes
good,owner,married,no,fixed,Seniority_q3,Time_q1,Age_q2,Expenses_q2,Income_q3,Assets_q0,Amount_q2,Price_q3,no
good,other,single,no,fixed,Seniority_q0,Time_q1,Age_q0,Expenses_q0,Income_q0,Assets_q0,Amount_q3,Price_q2,no
good,parents,married,no,fixed,Seniority_q0,Time_q1,Age_q0,Expenses_q0,Income_q2,Assets_q0,Amount_q3,Price_q3,no
bad,rent,married,yes,fixed,Seniority_q2,Time_q1,Age_q1,Expenses_q2,Income_q3,Assets_q0,Amount_q2,Price_q3,no
bad,rent,married,no,partime,Seniority_q0,Time_q0,Age_q0,Expenses_q0,Income_q0,Assets_q0,Amount_q0,Price_q0,no
good,parents,single,no,others,Seniority_q2,Time_q0,Age_q0,Expenses_q0,?,Assets_q0,Amount_q2,Price_q2,no
bad,rent,married,no,freelance,Seniority_q0,Time_q1,Age_q3,Expenses_q2,Income_q3,Assets_q1,Amount_q1,Price_q2,yes
good,owner,married,no,freelance,Seniority_q3,Time_q1,Age_q3,Expenses_q1,Income_q0,Assets_q1,Amount_q2,Price_q3,no
good,priv,married,no,fixed,Seniority_q3,Time_q1,Age_q3,Expenses_q1,Income_q1,Assets_q0,Amount_q1,Price_q1,yes
bad,parents,single,no,fixed,Seniority_q0,Time_q1,Age_q0,Expenses_q0,Income_q1,Assets_q0,Amount_q3,Price_q2,no
good,parents,single,no,fixed,Seniority_q1,Time_q0,Age_q1,Expenses_q0,Income_q1,Assets_q0,Amount_q1,Price_q1,no
good,priv,married,no,fixed,Seniority_q2,Time_q1,Age_q2,Expenses_q0,Income_q2,Assets_q0,Amount_q2,Price_q2,no
good,rent,married,no,others,Seniority_q0,Time_q1,Age_q3,Expenses_q1,Income_q1,Assets_q0,Amount_q1,Price_q1,no
good,owner,married,no,freelance,Seniority_q3,Time_q1,Age_q2,Expenses_q0,Income_q2,Assets_q1,Amount_q0,Price_q1,no
good,owner,married,no,fixed,Seniority_q2,Time_q0,Age_q3,Expenses_q2,Income_q1,Assets_q0,Amount_q0,Price_q0,no
good,priv,married,yes,fixed,Seniority_q2,Time_q1,Age_q3,Expenses_q0,Income_q1,Assets_q0,Amount_q2,Price_q1,yes
good,owner,married,no,freelance,Seniority_q3,Time_q1,Age_q3,Expenses_q1,Income_q2,Assets_q0,Amount_q0,Price_q1,no
bad,owner,married,yes,freelance,Seniority_q2,Time_q0,Age_q2,Expenses_q0,Income_q3,Assets_q1,Amount_q3,Price_q3,no
good,rent,married,no,partime,Seniority_q0,Time_q1,Age_q0,Expenses_q0,Income_q0,Assets_q0,Amount_q3,Price_q2,no
good,owner,married,no,freelance,Seniority_q3,Time_q0,Age_q3,Expenses_q1,?,Assets_q0,Amount_q1,Price_q3,no
bad,owner,married,yes,partime,Seniority_q0,Time_q1,Age_q3,Expenses_q1,Income_q0,Assets_q1,Amount_q2,Price_q3,no
good,owner,married,no,fixed,Seniority_q1,Time_q1,Age_q2,Expenses_q1,Income_q1,Assets_q0,Amount_q1,Price_q2,yes
good,owner,married,no,freelance,Seniority_q3,Time_q1,Age_q3,Expenses_q0,Income_q3,Assets_q1,Amount_q1,Price_q0,no
bad,parents,married,yes,partime,Seniority_q0,Time_q1,Age_q1,Expenses_q2,Income_q2,Assets_q0,Amount_q3,Price_q2,no
good,owner,married,yes,fixed,Seniority_q2,Time_q0,Age_q2,Expenses_q0,Income_q2,Assets_q0,Amount_q0,Price_q0,yes
bad,rent,married,no,partime,Seniority_q0,Time_q0,Age_q0,Expenses_q1,Income_q0,Assets_q0,Amount_q0,Price_q0,no
good,owner,married,no,fixed,Seniority_q3,Time_q0,Age_q2,Expenses_q1,Income_q1,Assets_q0,Amount_q0,Price_q3,no
bad,parents,single,no,freelance,Seniority_q0,Time_q1,Age_q0,Expenses_q0,Income_q0,Assets_q0,Amount_q1,Price_q3,no
good,owner,single,no,fixed,Seniority_q2,Time_q1,Age_q1,Expenses_q0,Income_q0,Assets_q0,Amount_q2,Price_q1,yes
bad,owner,married,yes,fixed,Seniority_q1,Time_q1,Age_q2,Expenses_q0,Income_q1,Assets_q0,Amount_q2,Price_q1,no
good,owner,married,yes,freelance,Seniority_q3,Time_q0,Age_q3,Expenses_q1,Income_q3,Assets_q1,Amount_q3,Price_q3,no
bad,rent,married,yes,fixed,Seniority_q1,Time_q1,Age_q1,Expenses_q2,Income_q3,Assets_q0,Amount_q3,Price_q3,no
bad,parents,married,no,fixed,Seniority_q2,Time_q1,Age_q3,Expenses_q1,Income_q0,Assets_q0,Amount_q2,Price_q2,no
good,owner,married,no,fixed,Seniority_q2,Time_q1,Age_q1,Expenses_q0,Income_q3,Assets_q1,Amount_q2,Price_q1,yes
good,rent,married,no,fixed,Seniority_q3,Time_q1,Age_q3,Expenses_q2,Income_q2,Assets_q0,Amount_q3,Price_q2,yes
bad,parents,single,no,partime,Seniority_q0,Time_q0,Age_q1,Expenses_q0,Income_q0,Assets_q0,Amount_q1,Price_q2,no
bad,priv,married,yes,partime,Seniority_q0,Time_q0,Age_q0,Expenses_q1,Income_q2,Assets_q0,Amount_q0,Price_q0,no
bad,owner,married,no,fixed,Seniority_q1,Time_q1,Age_q1,Expenses_q1,Income_q1,Assets_q1,Amount_q3,Price_q3,yes
bad,owner,married,no,partime,Seniority_q0,Time_q1,Age_q0,Expenses_q0,Income_q0,Assets_q0,Amount_q0,Price_q0,yes
bad,owner,married,no,freelance,Seniority_q1,Time_q1,Age_q2,Expenses_q1,?,Assets_q0,Amount_q3,Price_q2,no
good,parents,married,no,fixed,Seniority_q2,Time_q0,Age_q0,Expenses_q0,Income_q1,Assets_q0,Amount_q1,Price_q3,no
bad,parents,single,no,freelance,Seniority_q0,Time_q0,Age_q1,Expenses_q0,?,Assets_q1,Amount_q3,Price_q3,no
good,parents,single,no,fixed,Seniority_q2,Time_q0,Age_q0,Expenses_q0,Income_q1,Assets_q0,Amount_q0,Price_q1,no
good,rent,single,no,fixed,Seniority_q2,Time_q0,Age_q3,Expenses_q0,Income_q0,Assets_q0,Amount_q0,Price_q0,no
good,rent,single,yes,freelance,Seniority_q1,Time_q0,Age_q1,Expenses_q1,Income_q2,Assets_q0,Amount_q0,Price_q0,no
good,parents,single,yes,fixed,Seniority_q0,Time_q0,Age_q0,Expenses_q0,Income_q0,Assets_q0,Amount_q0,Price_q0,no
good,rent,married,yes,fixed,Seniority_q3,Time_q1,Age_q3,Expenses_q1,Income_q2,Assets_q0,Amount_q1,Price_q3,no
good,parents,single,no,fixed,Seniority_q1,Time_q1,Age_q0,Expenses_q0,Income_q0,Assets_q0,Amount_q2,Price_q1,no
good,owner,married,no,fixed,Seniority_q3,Time_q1,Age_q3,Expenses_q0,Income_q1,Assets_q0,Amount_q3,Price_q3,no
good,owner,married,no,fixed,Seniority_q3,Time_q0,Age_q1,Expenses_q0,Income_q1,Assets_q0,Amount_q0,Price_q2,no
good,owner,married,no,fixed,Seniority_q3,Time_q0,Age_q3,Expenses_q0,Income_q2,Assets_q0,Amount_q0,Price_q0,no
good,parents,divorced,no,fixed,Seniority_q2,Time_q1,Age_q2,Expenses_q0,Income_q1,Assets_q0,Amount_q0,Price_q0,no
good,rent,married,no,fixed,Seniority_q2,Time_q0,Age_q0,Expenses_q1,Income_q1,Assets_q0,Amount_q2,Price_q2,no
bad,parents,single,yes,partime,Seniority_q0,Time_q1,Age_q1,Expenses_q0,Income_q0,Assets_q0,Amount_q2,Price_q1,no
good,owner,married,yes,fixed,Seniority_q3,Time_q1,Age_q3,Expenses_q2,Income_q1,Assets_q0,Amount_q2,Price_q1,yes
good,priv,married,no,fixed,Seniority_q0,Time_q1,Age_q0,Expenses_q0,Income_q2,Assets_q0,Amount_q3,Price_q2,no
bad,parents,married,no,fixed,Seniority_q0,Time_q1,Age_q0,Expenses_q0,Income_q0,Assets_q1,Amount_q1,Price_q0,no
good,owner,married,yes,freelance,Seniority_q3,Time_q0,Age_q3,Expenses_q1,?,Assets_q1,Amount_q3,Price_q3,no
bad,parents,single,no,partime,Seniority_q0,Time_q1,Age_q0,Expenses_q0,Income_q0,Assets_q0,Amount_q2,Price_q0,no
good,owner,married,yes,fixed,Seniority_q3,Time_q0,Age_q2,Expenses_q0,Income_q2,Assets_q1,Amount_q3,Price_q3,no
good,parents,single,no,freelance,Seniority_q2,Time_q1,Age_q1,Expenses_q0,Income_q1,Assets_q0,Amount_q2,Price_q2,no
good,owner,married,no,freelance,Seniority_q1,Time_q0,Age_q0,Expenses_q0,Income_q3,Assets_q0,Amount_q0,Price_q1,no
good,parents,single,no,fixed,Seniority_q2,Time_q0,Age_q0,Expenses_q0,Income_q0,Assets_q0,Amount_q0,Price_q2,no
bad,parents,separated,no,freelance,Seniority_q0,Time_q1,Age_q1,Expenses_q0,?,Assets_q0,Amount_q3,Price_q3,no
good,parents,single,no,partime,Seniority_q0,Time_q1,Age_q0,Expenses_q0,Income_q1,Assets_q1,Amount_q2,Price_q2,no
bad,owner,single,yes,fixed,Seniority_q0,Time_q1,Age_q0,Expenses_q0,Income_q1,Assets_q1,Amount_q1,Price_q1,no
good,priv,married,no,fixed,Seniority_q0,Time_q0,Age_q0,Expenses_q0,Income_q0,Assets_q0,Amount_q1,Price_q0,no
good,parents,married,no,fixed,Seniority_q3,Time_q1,Age_q1,Expenses_q0,Income_q0,Assets_q0,Amount_q2,Price_q1,no
good,owner,separated,no,fixed,Seniority_q2,Time_q1,Age_q2,Expenses_q0,Income_q0,Assets_q1,Amount_q3,Price_q3,no
good,owner,married,no,freelance,Seniority_q1,Time_q0,Age_q2,Expenses_q1,?,Assets_q0,Amount_q0,Price_q3,no
good,owner,married,no,fixed,Seniority_q1,Time_q1,Age_q2,Expenses_q1,Income_q2,Assets_q0,Amount_q1,Price_q0,no
bad,rent,married,no,fixed,Seniority_q2,Time_q0,Age_q1,Expenses_q1,Income_q1,Assets_q0,Amount_q2,Price_q1,no
good,owner,?,yes,freelance,Seniority_q3,Time_q1,Age_q2,Expenses_q0,Income_q0,Assets_q1,Amount_q2,Price_q2,no
good,owner,married,no,fixed,Seniority_q3,Time_q1,Age_q1,Expenses_q2,Income_q3,Assets_q1,Amount_q1,Price_q0,no
good,owner,married,no,fixed,Seniority_q0,Time_q0,Age_q1,Expenses_q0,Income_q3,Assets_q0,Amount_q1,Price_q3,no
bad,owner,married,yes,fixed,Seniority_q0,Time_q0,Age_q3,Expenses_q0,Income_q2,Assets_q1,Amount_q1,Price_q1,no
good,owner,married,no,freelance,Seniority_q1,Time_q1,Age_q1,Expenses_q1,Income_q2,Assets_q1,Amount_q2,Price_q1,no
good,owner,married,no,fixed,Seniority_q3,Time_q1,Age_q3,Expenses_q0,Income_q3,Assets_q1,Amount_q1,Price_q1,yes
good,parents,single,no,freelance,Seniority_q0,Time_q1,Age_q0,Expenses_q0,?,Assets_q0,Amount_q1,Price_q1,no
bad,owner,single,yes,fixed,Seniority_q0,Time_q0,Age_q3,Expenses_q0,Income_q3,Assets_q1,Amount_q1,Price_q0,no
good,rent,married,no,others,Seniority_q1,Time_q1,Age_q3,Expenses_q2,Income_q0,Assets_q0,Amount_q3,Price_q3,no
bad,parents,single,yes,fixed,Seniority_q0,Time_q1,Age_q2,Expenses_q0,Income_q0,Assets_q0,Amount_q2,Price_q1,no
bad,rent,married,no,fixed,Seniority_q0,Time_q0,Age_q1,Expenses_q0,Income_q1,Assets_q0,Amount_q0,Price_q0,no
good,parents,married,no,fixed,Seniority_q0,Time_q1,Age_q1,Expenses_q0,Income_q3,?,Amount_q0,Price_q1,no
good,owner,married,no,fixed,Seniority_q3,Time_q1,Age_q1,Expenses_q1,Income_q2,Assets_q0,Amount_q3,Price_q2,no
good,owner,married,no,fixed,Seniority_q3,Time_q1,Age_q2,Expenses_q1,Income_q1,Assets_q1,Amount_q2,Price_q3,no
good,parents,single,no,fixed,Seniority_q1,Time_q0,Age_q0,Expenses_q0,Income_q3,Assets_q1,Amount_q2,Price_q3,no
good,parents,single,no,fixed,Seniority_q0,Time_q0,Age_q0,Expenses_q0,Income_q0,Assets_q0,Amount_q1,Price_q1,no
bad,owner,married,no,fixed,Seniority_q1,Time_q1,Age_q1,Expenses_q1,Income_q3,Assets_q1,Amount_q3,Price_q3,yes
bad,owner,married,yes,freelance,Seniority_q0,Time_q1,Age_q2,Expenses_q1,?,Assets_q1,Amount_q2,Price_q3,no
bad,owner,married,no,fixed,Seniority_q2,Time_q1,Age_q0,Expenses_q0,Income_q0,Assets_q0,Amount_q3,Price_q3,yes
good,owner,married,no,freelance,Seniority_q1,Time_q0,Age_q3,Expenses_q1,?,Assets_q1,Amount_q3,Price_q3,yes
good,rent,single,yes,fixed,Seniority_q1,Time_q1,Age_q1,Expenses_q1,Income_q1,Assets_q0,Amount_q1,Price_q2,no
good,parents,single,no,fixed,Seniority_q1,Time_q1,Age_q0,Expenses_q0,Income_q0,Assets_q0,Amount_q3,Price_q2,no
good,owner,single,no,fixed,Seniority_q0,Time_q1,Age_q0,Expenses_q0,Income_q0,Assets_q1,Amount_q2,Price_q1,no
good,owner,married,no,fixed,Seniority_q3,Time_q0,Age_q3,Expenses_q0,Income_q3,Assets_q1,Amount_q0,Price_q3,no
bad,parents,single,yes,partime,Seniority_q0,Time_q0,Age_q0,Expenses_q0,Income_q0,Assets_q0,Amount_q3,Price_q3,no
good,other,married,no,fixed,Seniority_q3,Time_q0,Age_q2,Expenses_q0,Income_q3,Assets_q0,Amount_q0,Price_q0,no
good,owner,married,no,freelance,Seniority_q1,Time_q0,Age_q1,Expenses_q1,?,Assets_q1,Amount_q3,Price_q2,yes
good,parents,single,no,partime,Seniority_q0,Time_q0,Age_q0,Expenses_q0,Income_q0,Assets_q0,Amount_q1,Price_q1,no
good,owner,married,yes,freelance,Seniority_q3,Time_q1,Age_q2,Expenses_q0,Income_q3,Assets_q1,Amount_q3,Price_q3,yes
bad,parents,single,yes,fixed,Seniority_q0,Time_q1,Age_q1,Expenses_q0,Income_q3,Assets_q0,Amount_q3,Price_q3,no
good,owner,married,no,fixed,Seniority_q3,Time_q1,Age_q3,Expenses_q0,Income_q0,Assets_q0,Amount_q0,Price_q1,no
bad,rent,single,yes,others,Seniority_q2,Time_q0,Age_q2,Expenses_q1,Income_q3,Assets_q0,Amount_q0,Price_q0,no
bad,parents,single,no,partime,Seniority_q0,Time_q0,Age_q0,Expenses_q0,Income_q0,Assets_q0,Amount_q2,Price_q2,no
bad,owner,married,yes,freelance,Seniority_q0,Time_q1,Age_q3,Expenses_q0,?,Assets_q1,Amount_q3,Price_q3,no
good,parents,married,yes,fixed,Seniority_q3,Time_q1,Age_q1,Expenses_q0,Income_q2,Assets_q0,Amount_q2,Price_q1,no
good,rent,married,yes,fixed,Seniority_q0,Time_q0,Age_q0,Expenses_q1,Income_q1,Assets_q0,Amount_q0,Price_q0,no
good,owner,married,no,fixed,Seniority_q0,Time_q1,Age_q3,Expenses_q0,Income_q2,Assets_q1,Amount_q1,Price_q3,no
good,owner,married,no,fixed,Seniority_q3,Time_q1,Age_q2,Expenses_q2,Income_q3,Assets_q1,Amount_q3,Price_q3,no
good,rent,married,no,fixed,Seniority_q1,Time_q1,Age_q0,Expenses_q1,Income_q2,Assets_q0,Amount_q1,Price_q1,no
good,rent,married,no,fixed,Seniority_q3,Time_q0,Age_q3,Expenses_q1,Income_q1,Assets_q0,Amount_q0,Price_q0,no
bad,other,married,yes,fixed,Seniority_q0,Time_q1,Age_q0,Expenses_q1,Income_q1,Assets_q0,Amount_q2,Price_q1,no
bad,rent,married,yes,fixed,Seniority_q3,Time_q1,Age_q3,Expenses_q1,Income_q2,Assets_q0,Amount_q2,Price_q0,no
good,parents,single,no,fixed,Seniority_q2,Time_q0,Age_q0,Expenses_q0,Income_q0,Assets_q0,Amount_q0,Price_q0,no
good,rent,married,no,fixed,Seniority_q3,Time_q1,Age_q3,Expenses_q1,Income_q3,Assets_q0,Amount_q2,Price_q1,no
bad,rent,married,no,fixed,Seniority_q2,Time_q1,Age_q1,Expenses_q1,Income_q1,Assets_q0,Amount_q2,Price_q1,no
good,owner,married,yes,fixed,Seniority_q0,Time_q1,Age_q2,Expenses_q1,Income_q3,Assets_q1,Amount_q3,Price_q3,yes
bad,rent,married,no,freelance,Seniority_q0,Time_q1,Age_q1,Expenses_q0,?,Assets_q0,Amount_q2,Price_q1,no
good,parents,single,yes,fixed,Seniority_q2,Time_q1,Age_q0,Expenses_q0,Income_q0,Assets_q0,Amount_q0,Price_q2,no
bad,ignore,married,no,partime,Seniority_q0,Time_q0,Age_q2,Expenses_q1,Income_q1,Assets_q0,Amount_q1,Price_q2,no
good,owner,single,no,fixed,Seniority_q2,Time_q1,Age_q1,Expenses_q0,Income_q1,Assets_q0,Amount_q2,Price_q2,yes
good,rent,married,no,fixed,Seniority_q3,Time_q1,Age_q2,Expenses_q1,Income_q1,Assets_q0,Amount_q1,Price_q2,no
good,parents,single,no,fixed,Seniority_q2,Time_q0,Age_q0,Expenses_q0,Income_q0,Assets_q0,Amount_q0,Price_q3,no
bad,rent,married,yes,fixed,Seniority_q0,Time_q0,Age_q2,Expenses_q1,Income_q0,Assets_q0,Amount_q3,Price_q3,no
bad,rent,married,no,partime,Seniority_q0,Time_q1,Age_q3,Expenses_q2,Income_q1,Assets_q0,Amount_q1,Price_q0,no
bad,owner,married,no,partime,Seniority_q0,Time_q1,Age_q1,Expenses_q1,Income_q0,Assets_q1,Amount_q3,Price_q3,yes
good,owner,married,yes,freelance,Seniority_q2,Time_q0,Age_q1,Expenses_q1,Income_q1,Assets_q1,Amount_q0,Price_q2,yes
bad,owner,married,yes,partime,Seniority_q0,Time_q0,Age_q3,Expenses_q0,Income_q0,Assets_q1,Amount_q0,Price_q0,no
good,parents,single,no,fixed,Seniority_q0,Time_q1,Age_q0,Expenses_q0,Income_q0,Assets_q0,Amount_q3,Price_q3,no
good,parents,single,no,fixed,Seniority_q1,Time_q1,Age_q1,Expenses_q0,Income_q3,Assets_q0,Amount_q3,Price_q2,no
good,rent,married,no,fixed,Seniority_q3,Time_q1,Age_q1,Expenses_q1,Income_q1,Assets_q0,Amount_q1,Price_q0,no
good,owner,single,no,fixed,Seniority_q1,Time_q1,Age_q1,Expenses_q0,Income_q0,Assets_q0,Amount_q1,Price_q2,yes
bad,owner,married,no,partime,Seniority_q0,Time_q1,Age_q0,Expenses_q0,Income_q0,Assets_q0,Amount_q3,Price_q2,yes
good,other,single,no,fixed,Seniority_q2,Time_q1,Age_q0,Expenses_q0,Income_q0,Assets_q0,Amount_q3,Price_q3,no
good,rent,married,no,freelance,Seniority_q0,Time_q1,Age_q2,Expenses_q0,?,Assets_q1,Amount_q3,Price_q3,no
good,owner,married,no,fixed,Seniority_q3,Time_q1,Age_q2,Expenses_q0,Income_q1,Assets_q1,Amount_q2,Price_q1,no
good,owner,married,no,fixed,Seniority_q3,Time_q1,Age_q3,Expenses_q2,Income_q3,Assets_q1,Amount_q2,Price_q2,no
bad,other,married,no,freelance,Seniority_q1,Time_q1,Age_q1,Expenses_q0,Income_q2,Assets_q0,Amount_q2,Price_q1,no
good,other,married,no,fixed,Seniority_q3,Time_q1,Age_q2,Expenses_q1,Income_q2,Assets_q0,Amount_q3,Price_q3,no
good,owner,married,no,fixed,Seniority_q1,Time_q0,Age_q3,Expenses_q2,Income_q0,Assets_q0,Amount_q0,Price_q2,no
good,owner,married,no,fixed,Seniority_q2,Time_q1,Age_q1,Expenses_q0,Income_q1,Assets_q0,Amount_q2,Price_q1,no
good,rent,married,no,fixed,Seniority_q3,Time_q1,Age_q1,Expenses_q2,Income_q3,Assets_q0,Amount_q2,Price_q2,no
good,owner,married,no,fixed,Seniority_q2,Time_q0,Age_q3,Expenses_q0,Income_q0,Assets_q1,Amount_q1,Price_q2,no
bad,other,single,no,partime,Seniority_q0,Time_q1,Age_q1,Expenses_q0,Income_q1,Assets_q0,Amount_q0,Price_q2,no
good,owner,married,no,others,Seniority_q0,Time_q1,Age_q3,Expenses_q0,Income_q0,Assets_q1,Amount_q1,Price_q0,no
good,owner,married,no,others,Seniority_q0,Time_q1,Age_q3,Expenses_q0,Income_q1,Assets_q0,Amount_q1,Price_q1,no
good,owner,married,no,others,Seniority_q1,Time_q0,Age_q3,Expenses_q0,Income_q3,Assets_q1,Amount_q0,Price_q0,no
good,owner,married,no,fixed,Seniority_q1,Time_q1,Age_q1,Expenses_q0,Income_q0,Assets_q1,Amount_q3,Price_q3,yes
good,parents,married,no,fixed,Seniority_q2,Time_q1,Age_q1,Expenses_q0,Income_q0,Assets_q1,Amount_q1,Price_q1,no
good,rent,single,no,fixed,Seniority_q0,Time_q1,Age_q0,Expenses_q0,Income_q0,Assets_q0,Amount_q1,Price_q2,no
bad,rent,married,no,fixed,Seniority_q1,Time_q1,Age_q0,Expenses_q1,Income_q2,Assets_q0,Amount_q3,Price_q2,no
good,parents,single,no,partime,Seniority_q0,Time_q1,Age_q0,Expenses_q0,Income_q0,Assets_q0,Amount_q0,Price_q0,no
good,owner,married,no,fixed,Seniority_q0,Time_q0,Age_q0,Expenses_q0,Income_q1,Assets_q0,Amount_q0,Price_q0,yes
good,owner,married,no,fixed,Seniority_q0,Time_q1,Age_q0,Expenses_q0,Income_q3,Assets_q1,Amount_q3,Price_q3,no
good,owner,married,yes,fixed,Seniority_q3,Time_q1,Age_q2,Expenses_q2,Income_q1,Assets_q0,Amount_q0,Price_q1,yes
bad,rent,married,no,fixed,Seniority_q1,Time_q1,Age_q2,Expenses_q2,Income_q3,Assets_q0,Amount_q3,Price_q2,yes
good,rent,married,yes,fixed,Seniority_q2,Time_q0,Age_q1,Expenses_q2,Income_q2,Assets_q0,Amount_q0,Price_q0,no
good,owner,married,no,fixed,Seniority_q3,Time_q1,Age_q2,Expenses_q0,Income_q3,Assets_q0,Amount_q1,Price_q2,yes
good,parents,married,no,fixed,Seniority_q2,Time_q1,Age_q1,Expenses_q1,Income_q0,Assets_q0,Amount_q0,Price_q0,no
good,owner,married,no,fixed,Seniority_q1,Time_q0,Age_q2,Expenses_q1,Income_q2,Assets_q1,Amount_q3,Price_q3,no
good,parents,single,yes,fixed,Seniority_q3,Time_q1,Age_q1,Expenses_q0,Income_q1,Assets_q0,Amount_q1,Price_q0,no
bad,owner,married,no,others,Seniority_q0,Time_q1,Age_q3,Expenses_q0,Income_q2,Assets_q1,Amount_q2,Price_q1,no
bad,owner,married,yes,fixed,Seniority_q0,Time_q1,Age_q0,Expenses_q0,Income_q0,Assets_q1,Amount_q3,Price_q3,yes
good,owner,single,yes,partime,Seniority_q0,Time_q1,Age_q0,Expenses_q0,Income_q1,Assets_q0,Amount_q0,Price_q0,no
good,parents,single,yes,fixed,Seniority_q1,Time_q0,Age_q0,Expenses_q0,Income_q0,Assets_q0,Amount_q0,Price_q0,no
good,owner,widow,yes,fixed,Seniority_q3,Time_q0,Age_q3,Expenses_q2,Income_q2,Assets_q1,Amount_q0,Price_q0,no
good,owner,married,yes,fixed,Seniority_q1,Time_q0,Age_q2,Expenses_q0,Income_q3,Assets_q1,Amount_q1,Price_q0,no
bad,priv,married,no,partime,Seniority_q0,Time_q1,Age_q2,Expenses_q1,Income_q2,Assets_q0,Amount_q1,Price_q1,no
bad,owner,married,yes,freelance,Seniority_q2,Time_q0,Age_q1,Expenses_q1,Income_q2,Assets_q1,Amount_q1,Price_q0,yes
good,owner,married,no,fixed,Seniority_q2,Time_q0,Age_q2,Expenses_q1,Income_q3,Assets_q1,Amount_q0,Price_q3,no
good,owner,married,no,fixed,Seniority_q1,Time_q1,Age_q1,Expenses_q0,Income_q2,Assets_q0,Amount_q3,Price_q3,no
good,owner,married,no,fixed,Seniority_q2,Time_q0,Age_q2,Expenses_q1,Income_q1,Assets_q1,Amount_q0,Price_q2,no
good,rent,married,no,fixed,Seniority_q2,Time_q0,Age_q1,Expenses_q2,Income_q2,Assets_q0,Amount_q0,Price_q0,no
good,rent,married,no,fixed,Seniority_q3,Time_q0,Age_q3,Expenses_q1,Income_q2,Assets_q0,Amount_q0,Price_q0,no
good,owner,married,no,fixed,Seniority_q0,Time_q1,Age_q3,Expenses_q2,Income_q2,Assets_q1,Amount_q1,Price_q1,no
bad,parents,single,no,partime,Seniority_q0,Time_q0,Age_q0,Expenses_q0,Income_q0,Assets_q0,Amount_q1,Price_q0,no
bad,rent,married,no,partime,Seniority_q0,Time_q0,Age_q0,Expenses_q0,Income_q0,Assets_q0,Amount_q0,Price_q0,no
good,priv,married,no,fixed,Seniority_q0,Time_q1,Age_q1,Expenses_q0,Income_q0,Assets_q0,Amount_q0,Price_q0,yes
good,parents,married,no,fixed,Seniority_q0,Time_q0,Age_q1,Expenses_q1,Income_q3,Assets_q1,Amount_q1,Price_q1,no
good,owner,married,no,fixed,Seniority_q3,Time_q0,Age_q3,Expenses_q0,Income_q3,Assets_q1,Amount_q0,Price_q0,no
good,owner,married,no,fixed,Seniority_q3,Time_q1,Age_q2,Expenses_q1,Income_q1,Assets_q0,Amount_q2,Price_q3,yes
good,parents,married,no,fixed,Seniority_q0,Time_q1,Age_q1,Expenses_q1,Income_q2,Assets_q0,Amount_q1,Price_q0,no
good,priv,married,no,fixed,Seniority_q2,Time_q1,Age_q1,Expenses_q0,Income_q1,Assets_q0,Amount_q1,Price_q1,yes
good,parents,single,no,partime,Seniority_q0,Time_q0,Age_q0,Expenses_q0,Income_q1,Assets_q0,Amount_q0,Price_q1,yes
good,owner,married,no,fixed,Seniority_q1,Time_q1,Age_q1,Expenses_q0,Income_q2,Assets_q0,Amount_q2,Price_q1,yes
bad,rent,married,no,freelance,Seniority_q0,Time_q1,Age_q2,Expenses_q0,?,Assets_q0,Amount_q1,Price_q0,no
good,parents,married,no,fixed,Seniority_q1,Time_q0,Age_q2,Expenses_q1,Income_q1,Assets_q1,Amount_q1,Price_q2,no
good,owner,widow,no,others,Seniority_q1,Time_q0,Age_q2,Expenses_q0,Income_q2,Assets_q1,Amount_q1,Price_q0,no
bad,rent,separated,yes,freelance,Seniority_q3,Time_q1,Age_q3,Expenses_q1,Income_q2,Assets_q0,Amount_q1,Price_q1,no
good,rent,married,no,fixed,Seniority_q0,Time_q1,Age_q0,Expenses_q1,Income_q2,Assets_q0,Amount_q3,Price_q2,no
good,owner,single,yes,fixed,Seniority_q2,Time_q0,Age_q3,Expenses_q0,Income_q3,Assets_q1,Amount_q0,Price_q3,yes
bad,rent,married,no,freelance,Seniority_q2,Time_q0,Age_q1,Expenses_q0,?,Assets_q0,Amount_q0,Price_q0,no
good,owner,married,no,fixed,Seniority_q2,Time_q0,Age_q3,Expenses_q1,Income_q3,?,Amount_q2,Price_q2,no
good,owner,married,no,freelance,Seniority_q2,Time_q1,Age_q3,Expenses_q0,Income_q1,Assets_q0,Amount_q3,Price_q2,no
good,owner,married,no,fixed,Seniority_q1,Time_q1,Age_q2,Expenses_q0,Income_q1,Assets_q0,Amount_q1,Price_q2,no
bad,rent,separated,yes,fixed,Seniority_q2,Time_q1,Age_q2,Expenses_q0,Income_q0,Assets_q0,Amount_q1,Price_q0,no
good,priv,married,no,fixed,Seniority_q2,Time_q1,Age_q1,Expenses_q0,Income_q1,Assets_q0,Amount_q0,Price_q1,yes
bad,owner,married,yes,freelance,Seniority_q2,Time_q1,Age_q2,Expenses_q1,Income_q0,Assets_q1,Amount_q3,Price_q2,no
bad,parents,single,no,partime,Seniority_q0,Time_q0,Age_q0,Expenses_q0,Income_q0,Assets_q0,Amount_q0,Price_q0,no
bad,owner,widow,yes,fixed,Seniority_q0,Time_q1,Age_q3,Expenses_q0,Income_q3,Assets_q1,Amount_q1,Price_q1,no
bad,rent,single,no,partime,Seniority_q0,Time_q0,Age_q0,Expenses_q0,Income_q0,Assets_q0,Amount_q0,Price_q0,no
good,owner,married,no,fixed,Seniority_q2,Time_q1,Age_q1,Expenses_q0,Income_q3,Assets_q1,Amount_q0,Price_q2,yes
good,rent,married,no,partime,Seniority_q0,Time_q1,Age_q0,Expenses_q0,Income_q1,Assets_q1,Amount_q2,Price_q1,no
bad,rent,married,no,freelance,Seniority_q3,Time_q0,Age_q3,Expenses_q0,?,Assets_q0,Amount_q0,Price_q0,no
bad,rent,married,no,freelance,Seniority_q0,Time_q1,Age_q0,Expenses_q0,?,Assets_q1,Amount_q1,Price_q0,no
bad,owner,married,no,others,Seniority_q1,Time_q0,Age_q2,Expenses_q2,Income_q3,Assets_q1,Amount_q3,Price_q3,no
bad,other,married,no,freelance,Seniority_q1,Time_q1,Age_q3,Expenses_q0,?,Assets_q0,Amount_q3,Price_q3,no
bad,priv,married,no,partime,Seniority_q0,Time_q1,Age_q0,Expenses_q1,Income_q3,Assets_q1,Amount_q3,Price_q3,yes
bad,rent,separated,yes,freelance,Seniority_q1,Time_q0,Age_q1,Expenses_q0,?,Assets_q0,Amount_q0,Price_q0,no
good,rent,married,no,fixed,Seniority_q0,Time_q1,Age_q1,Expenses_q2,Income_q1,Assets_q0,Amount_q2,Price_q1,no
bad,owner,single,yes,freelance,Seniority_q1,Time_q1,Age_q0,Expenses_q0,Income_q3,Assets_q1,Amount_q3,Price_q2,yes
bad,rent,married,no,fixed,Seniority_q1,Time_q0,Age_q0,Expenses_q1,Income_q1,Assets_q0,Amount_q0,Price_q0,no
good,other,married,no,fixed,Seniority_q3,Time_q1,Age_q3,Expenses_q0,Income_q1,Assets_q0,Amount_q0,Price_q0,no
good,owner,married,no,freelance,Seniority_q0,Time_q1,Age_q1,Expenses_q1,?,Assets_q1,Amount_q2,Price_q1,yes
good,owner,married,no,freelance,Seniority_q1,Time_q0,Age_q0,Expenses_q0,?,Assets_q0,Amount_q1,Price_q2,no
good,owner,married,yes,fixed,Seniority_q0,Time_q1,Age_q2,Expenses_q0,Income_q2,Assets_q1,Amount_q2,Price_q2,yes
good,owner,married,yes,partime,Seniority_q0,Time_q1,Age_q1,Expenses_q0,Income_q2,Assets_q1,Amount_q3,Price_q3,yes
good,owner,married,yes,fixed,Seniority_q2,Time_q1,Age_q1,Expenses_q0,Income_q1,Assets_q1,Amount_q3,Price_q2,yes
good,owner,married,no,freelance,Seniority_q0,Time_q1,Age_q2,Expenses_q2,Income_q0,Assets_q1,Amount_q3,Price_q3,no
bad,priv,married,yes,fixed,Seniority_q0,Time_q1,Age_q2,Expenses_q1,Income_q1,Assets_q0,Amount_q1,Price_q2,yes
good,owner,married,no,freelance,Seniority_q3,Time_q1,Age_q3,Expenses_q0,Income_q0,Assets_q1,Amount_q0,Price_q1,no
good,owner,married,yes,fixed,Seniority_q3,Time_q1,Age_q3,Expenses_q0,Income_q0,Assets_q1,Amount_q2,Price_q2,no
good,rent,separated,no,fixed,Seniority_q0,Time_q0,Age_q1,Expenses_q2,Income_q3,Assets_q0,Amount_q1,Price_q1,no
good,owner,married,no,fixed,Seniority_q3,Time_q1,Age_q3,Expenses_q0,Income_q3,Assets_q0,Amount_q2,Price_q1,no
good,priv,single,no,fixed,Seniority_q2,Time_q1,Age_q0,Expenses_q0,Income_q2,Assets_q0,Amount_q1,Price_q2,yes
good,owner,married,no,freelance,Seniority_q0,Time_q0,Age_q2,Expenses_q0,?,Assets_q0,Amount_q0,Price_q1,no
good,owner,married,no,fixed,Seniority_q1,Time_q1,Age_q0,Expenses_q0,Income_q1,Assets_q0,Amount_q1,Price_q1,no
good,owner,separated,no,freelance,Seniority_q2,Time_q1,Age_q1,Expenses_q0,Income_q0,Assets_q0,Amount_q1,Price_q1,no
good,rent,married,no,fixed,Seniority_q2,Time_q1,Age_q2,Expenses_q1,Income_q1,Assets_q0,Amount_q1,Price_q1,no
good,parents,married,no,freelance,Seniority_q3,Time_q1,Age_q2,Expenses_q1,?,Assets_q0,Amount_q2,Price_q0,no
good,rent,married,no,freelance,Seniority_q2,Time_q0,Age_q2,Expenses_q2,?,Assets_q0,Amount_q0,Price_q0,no
good,rent,married,no,fixed,Seniority_q1,Time_q1,Age_q1,Expenses_q1,Income_q1,Assets_q0,Amount_q1,Price_q2,no
good,rent,married,no,fixed,Seniority_q3,Time_q1,Age_q3,Expenses_q1,Income_q0,Assets_q0,Amount_q2,Price_q1,no
good,owner,married,no,fixed,Seniority_q3,Time_q0,Age_q3,Expenses_q0,Income_q2,Assets_q0,Amount_q0,Price_q0,no
good,owner,widow,no,others,Seniority_q2,Time_q0,Age_q3,Expenses_q0,Income_q1,Assets_q0,Amount_q0,Price_q2,no
good,other,married,no,fixed,Seniority_q3,Time_q1,Age_q1,Expenses_q0,Income_q0,Assets_q0,Amount_q0,Price_q1,no
good,priv,married,no,fixed,Seniority_q2,Time_q1,Age_q1,Expenses_q0,Income_q1,Assets_q0,Amount_q2,Price_q1,yes
good,owner,married,no,fixed,Seniority_q2,Time_q1,Age_q2,Expenses_q0,Income_q3,Assets_q1,Amount_q2,Price_q1,yes
good,owner,married,no,fixed,Seniority_q2,Time_q1,Age_q1,Expenses_q0,Income_q1,Assets_q0,Amount_q1,Price_q1,no
good,owner,married,yes,freelance,Seniority_q2,Time_q0,Age_q1,Expenses_q2,Income_q0,Assets_q1,Amount_q0,Price_q0,yes
good,parents,single,no,fixed,Seniority_q3,Time_q1,Age_q2,Expenses_q0,Income_q0,Assets_q0,Amount_q1,Price_q2,no
good,owner,married,no,freelance,Seniority_q2,Time_q0,Age_q2,Expenses_q2,Income_q3,Assets_q1,Amount_q3,Price_q3,no
good,rent,married,no,fixed,Seniority_q1,Time_q1,Age_q0,Expenses_q1,Income_q1,Assets_q0,Amount_q0,Price_q0,no
good,priv,married,no,fixed,Seniority_q2,Time_q0,Age_q3,Expenses_q0,Income_q2,Assets_q0,Amount_q2,Price_q1,no
bad,other,married,no,partime,Seniority_q0,Time_q1,Age_q1,Expenses_q0,Income_q2,Assets_q0,Amount_q3,Price_q3,no
good,owner,married,no,freelance,Seniority_q2,Time_q1,Age_q3,Expenses_q0,Income_q3,Assets_q1,Amount_q3,Price_q3,yes
good,other,single,no,partime,Seniority_q0,Time_q1,Age_q0,Expenses_q0,?,Assets_q0,Amount_q2,Price_q1,no
good,owner,single,no,fixed,Seniority_q2,Time_q0,Age_q0,Expenses_q0,Income_q1,Assets_q0,Amount_q1,Price_q3,no
good,other,married,no,freelance,Seniority_q3,Time_q0,Age_q2,Expenses_q0,Income_q1,Assets_q1,Amount_q2,Price_q2,no
bad,parents,separated,no,partime,Seniority_q0,Time_q1,Age_q0,Expenses_q0,Income_q1,Assets_q0,Amount_q1,Price_q2,no
good,owner,married,no,others,Seniority_q0,Time_q1,Age_q3,Expenses_q0,Income_q0,Assets_q1,Amount_q2,Price_q1,no
good,other,married,no,freelance,Seniority_q0,Time_q1,Age_q0,Expenses_q0,Income_q0,Assets_q0,Amount_q1,Price_q1,no
good,owner,married,no,freelance,Seniority_q1,Time_q0,Age_q3,Expenses_q0,Income_q0,Assets_q0,Amount_q0,Price_q0,no
good,owner,married,no,fixed,Seniority_q0,Time_q1,Age_q0,Expenses_q0,Income_q1,Assets_q0,Amount_q2,Price_q1,yes
good,priv,married,no,fixed,Seniority_q0,Time_q1,Age_q1,Expenses_q1,Income_q2,Assets_q0,Amount_q2,Price_q2,yes
good,other,single,no,partime,Seniority_q0,Time_q1,Age_q1,Expenses_q0,Income_q0,Assets_q0,Amount_q0,Price_q0,no
bad,rent,married,yes,partime,Seniority_q0,Time_q1,Age_q2,Expenses_q2,Income_q0,Assets_q0,Amount_q3,Price_q3,no
good,owner,married,no,fixed,Seniority_q3,Time_q1,Age_q2,Expenses_q2,Income_q0,Assets_q0,Amount_q1,Price_q1,no
good,owner,married,no,partime,Seniority_q3,Time_q1,Age_q1,Expenses_q0,Income_q2,Assets_q0,Amount_q2,Price_q1,yes
good,owner,married,no,freelance,Seniority_q1,Time_q1,Age_q0,Expenses_q1,Income_q0,Assets_q1,Amount_q2,Price_q3,no
good,owner,married,no,fixed,Seniority_q3,Time_q1,Age_q3,Expenses_q0,Income_q1,Assets_q0,Amount_q2,Price_q0,no
good,owner,single,no,others,Seniority_q1,Time_q0,Age_q3,Expenses_q0,Income_q1,Assets_q1,Amount_q1,Price_q1,no
good,rent,married,no,fixed,Seniority_q1,Time_q0,Age_q2,Expenses_q1,Income_q2,Assets_q0,Amount_q0,Price_q0,no
good,owner,married,no,fixed,Seniority_q3,Time_q1,Age_q2,Expenses_q1,Income_q0,Assets_q1,Amount_q2,Price_q1,yes
good,owner,married,yes,fixed,Seniority_q2,Time_q1,Age_q1,Expenses_q0,Income_q1,Assets_q1,Amount_q1,Price_q2,no
bad,rent,married,yes,freelance,Seniority_q0,Time_q1,Age_q1,Expenses_q1,?,Assets_q0,Amount_q2,Price_q2,no
good,owner,single,no,fixed,Seniority_q3,Time_q1,Age_q1,Expenses_q0,Income_q2,Assets_q0,Amount_q1,Price_q0,no
bad,owner,separated,no,fixed,Seniority_q2,Time_q1,Age_q3,Expenses_q0,Income_q3,Assets_q1,Amount_q3,Price_q3,no
good,owner,married,no,fixed,Seniority_q2,Time_q0,Age_q2,Expenses_q0,Income_q2,Assets_q0,Amount_q0,Price_q3,yes
bad,parents,single,yes,freelance,Seniority_q1,Time_q0,Age_q0,Expenses_q0,Income_q0,Assets_q0,Amount_q2,Price_q2,no
good,priv,single,no,fixed,Seniority_q3,Time_q1,Age_q1,Expenses_q0,Income_q2,Assets_q0,Amount_q1,Price_q3,no
good,parents,married,no,fixed,Seniority_q3,Time_q0,Age_q1,Expenses_q0,Income_q2,Assets_q0,Amount_q0,Price_q3,no
good,owner,married,no,partime,Seniority_q0,Time_q1,Age_q1,Expenses_q0,Income_q2,Assets_q0,Amount_q1,Price_q3,yes
good,owner,married,no,fixed,Seniority_q2,Time_q1,Age_q3,Expenses_q1,Income_q0,Assets_q1,Amount_q0,Price_q1,no
bad,parents,single,no,fixed,Seniority_q0,Time_q1,Age_q0,Expenses_q0,Income_q0,Assets_q0,Amount_q2,Price_q2,no
good,owner,married,no,freelance,Seniority_q3,Time_q0,Age_q3,Expenses_q1,?,Assets_q1,Amount_q0,Price_q0,no
good,parents,married,no,fixed,Seniority_q3,Time_q0,Age_q0,Expenses_q0,Income_q3,Assets_q0,Amount_q1,Price_q3,no
good,owner,married,no,freelance,Seniority_q1,Time_q0,Age_q2,Expenses_q1,?,Assets_q1,Amount_q1,Price_q1,no
good,owner,married,yes,fixed,Seniority_q3,Time_q0,Age_q1,Expenses_q2,Income_q1,Assets_q1,Amount_q2,Price_q2,yes
good,owner,married,no,fixed,Seniority_q3,Time_q1,Age_q1,Expenses_q0,Income_q0,Assets_q1,Amount_q3,Price_q2,no
bad,owner,married,no,partime,Seniority_q3,Time_q1,Age_q3,Expenses_q0,Income_q3,Assets_q0,Amount_q2,Price_q1,no
good,owner,married,yes,freelance,Seniority_q1,Time_q1,Age_q1,Expenses_q0,Income_q0,Assets_q0,Amount_q3,Price_q3,no
good,owner,married,no,fixed,Seniority_q2,Time_q1,Age_q0,Expenses_q0,Income_q1,Assets_q0,Amount_q0,Price_q1,no
good,owner,married,no,fixed,Seniority_q3,Time_q1,Age_q3,Expenses_q0,Income_q1,Assets_q1,Amount_q2,Price_q1,yes
good,owner,married,no,fixed,Seniority_q3,Time_q1,Age_q1,Expenses_q0,Income_q2,Assets_q0,Amount_q2,Price_q2,no
bad,parents,single,no,partime,Seniority_q1,Time_q1,Age_q0,Expenses_q0,Income_q1,Assets_q0,Amount_q2,Price_q1,no
bad,owner,single,yes,freelance,Seniority_q0,Time_q0,Age_q2,Expenses_q0,?,Assets_q1,Amount_q3,Price_q3,no
good,other,single,no,fixed,Seniority_q2,Time_q0,Age_q0,Expenses_q0,Income_q0,Assets_q0,Amount_q0,Price_q1,no
good,parents,married,no,fixed,Seniority_q1,Time_q1,Age_q0,Expenses_q0,Income_q2,Assets_q0,Amount_q1,Price_q0,no
good,owner,married,no,others,Seniority_q0,Time_q0,Age_q3,Expenses_q0,Income_q1,Assets_q1,Amount_q0,Price_q0,no
good,priv,married,no,freelance,Seniority_q2,Time_q1,Age_q2,Expenses_q2,Income_q3,Assets_q1,Amount_q1,Price_q1,no
good,parents,separated,no,fixed,Seniority_q2,Time_q1,Age_q1,Expenses_q0,Income_q2,Assets_q0,Amount_q1,Price_q2,no
good,parents,single,yes,fixed,Seniority_q2,Time_q1,Age_q0,Expenses_q0,Income_q3,Assets_q0,Amount_q3,Price_q3,no
good,owner,married,no,fixed,Seniority_q3,Time_q1,Age_q1,Expenses_q0,Income_q0,Assets_q0,Amount_q1,Price_q2,no
good,rent,married,no,freelance,Seniority_q3,Time_q0,Age_q3,Expenses_q2,Income_q0,Assets_q0,Amount_q1,Price_q3,no
bad,rent,married,no,fixed,Seniority_q2,Time_q1,Age_q2,Expenses_q1,Income_q2,Assets_q0,Amount_q3,Price_q2,no
good,owner,married,no,fixed,Seniority_q3,Time_q1,Age_q3,Expenses_q1,Income_q3,Assets_q1,Amount_q2,Price_q1,no
good,owner,married,yes,fixed,Seniority_q3,Time_q1,Age_q1,Expenses_q0,Income_q1,Assets_q1,Amount_q0,Price_q0,yes
good,owner,single,no,partime,Seniority_q0,Time_q0,Age_q0,Expenses_q0,Income_q3,Assets_q0,Amount_q0,Price_q0,yes
good,owner,married,no,others,Seniority_q0,Time_q1,Age_q3,Expenses_q0,Income_q2,Assets_q1,Amount_q1,Price_q0,no
bad,rent,single,no,fixed,Seniority_q2,Time_q1,Age_q2,Expenses_q1,Income_q3,Assets_q0,Amount_q3,Price_q2,no
good,rent,married,no,fixed,Seniority_q3,Time_q1,Age_q2,Expenses_q1,Income_q1,?,Amount_q2,Price_q1,no
good,owner,married,no,fixed,Seniority_q1,Time_q0,Age_q1,Expenses_q0,Income_q1,Assets_q0,Amount_q1,Price_q0,no
good,owner,married,no,fixed,Seniority_q3,Time_q1,Age_q2,Expenses_q0,Income_q3,Assets_q0,Amount_q3,Price_q3,no
good,parents,single,no,freelance,Seniority_q0,Time_q1,Age_q0,Expenses_q0,Income_q0,Assets_q0,Amount_q2,Price_q1,no
good,rent,married,no,fixed,Seniority_q1,Time_q1,Age_q1,Expenses_q2,Income_q2,Assets_q0,Amount_q3,Price_q3,no
bad,priv,single,yes,partime,Seniority_q0,Time_q0,Age_q0,Expenses_q0,Income_q1,Assets_q0,Amount_q0,Price_q0,no
good,owner,married,yes,partime,Seniority_q3,Time_q0,Age_q2,Expenses_q0,Income_q3,Assets_q1,Amount_q0,Price_q3,no
good,owner,married,no,freelance,Seniority_q3,Time_q1,Age_q3,Expenses_q0,?,Assets_q1,Amount_q3,Price_q3,no
bad,rent,single,yes,fixed,Seniority_q2,Time_q1,Age_q1,Expenses_q0,Income_q0,Assets_q0,Amount_q2,Price_q1,no
good,rent,married,no,fixed,Seniority_q3,Time_q1,Age_q2,Expenses_q2,Income_q2,Assets_q0,Amount_q2,Price_q2,no
good,rent,married,no,fixed,Seniority_q0,Time_q1,Age_q1,Expenses_q2,Income_q3,Assets_q0,Amount_q2,Price_q1,no
good,owner,married,no,fixed,Seniority_q3,Time_q0,Age_q2,Expenses_q1,Income_q2,Assets_q0,Amount_q3,Price_q1,no
good,owner,married,no,fixed,Seniority_q1,Time_q0,Age_q0,Expenses_q0,Income_q1,Assets_q1,Amount_q0,Price_q0,yes
good,priv,single,no,partime,Seniority_q0,Time_q1,Age_q0,Expenses_q0,Income_q0,Assets_q0,Amount_q1,Price_q2,yes
bad,rent,widow,no,others,Seniority_q1,Time_q1,Age_q3,Expenses_q0,Income_q0,Assets_q1,Amount_q2,Price_q2,no
good,owner,married,no,fixed,Seniority_q0,Time_q0,Age_q2,Expenses_q1,Income_q0,Assets_q0,Amount_q0,Price_q1,no
bad,rent,married,yes,fixed,Seniority_q0,Time_q0,Age_q0,Expenses_q1,Income_q1,Assets_q0,Amount_q1,Price_q0,no
good,other,separated,no,fixed,Seniority_q3,Time_q0,Age_q2,Expenses_q0,Income_q1,Assets_q0,Amount_q0,Price_q1,no
good,owner,single,no,freelance,Seniority_q1,Time_q1,Age_q0,Expenses_q0,Income_q1,Assets_q1,Amount_q3,Price_q3,no
bad,parents,single,yes,fixed,Seniority_q1,Time_q1,Age_q0,Expenses_q0,Income_q1,Assets_q0,Amount_q3,Price_q3,no
good,owner,married,no,fixed,Seniority_q2,Time_q1,Age_q1,Expenses_q1,Income_q2,Assets_q0,Amount_q3,Price_q2,yes
good,parents,single,yes,fixed,Seniority_q3,Time_q1,Age_q1,Expenses_q0,Income_q0,Assets_q0,Amount_q1,Price_q1,no
good,owner,married,no,fixed,Seniority_q1,Time_q1,Age_q2,Expenses_q1,Income_q3,Assets_q1,Amount_q3,Price_q3,no
good,owner,married,no,fixed,Seniority_q3,Time_q1,Age_q3,Expenses_q1,Income_q3,Assets_q1,Amount_q3,Price_q2,no
good,owner,married,yes,fixed,Seniority_q3,Time_q0,Age_q3,Expenses_q2,Income_q1,Assets_q1,Amount_q0,Price_q1,no
good,parents,single,no,fixed,Seniority_q0,Time_q1,Age_q0,Expenses_q0,Income_q0,Assets_q0,Amount_q2,Price_q2,no
good,owner,married,no,fixed,Seniority_q3,Time_q1,Age_q2,Expenses_q0,Income_q1,Assets_q0,Amount_q1,Price_q2,no
good,rent,married,no,fixed,Seniority_q3,Time_q1,Age_q3,Expenses_q2,Income_q3,Assets_q0,Amount_q3,Price_q2,no
good,owner,married,no,fixed,Seniority_q3,Time_q1,Age_q3,Expenses_q0,Income_q1,Assets_q0,Amount_q2,Price_q1,no
bad,other,married,no,fixed,Seniority_q2,Time_q1,Age_q3,Expenses_q2,Income_q3,Assets_q0,Amount_q2,Price_q2,no
good,owner,married,no,fixed,Seniority_q1,Time_q0,Age_q0,Expenses_q0,Income_q2,Assets_q1,Amount_q0,Price_q1,no
bad,rent,married,no,partime,Seniority_q0,Time_q0,Age_q2,Expenses_q2,Income_q2,Assets_q0,Amount_q2,Price_q3,no
bad,parents,married,no,partime,Seniority_q0,Time_q1,Age_q1,Expenses_q1,Income_q0,Assets_q0,Amount_q2,Price_q2,no
good,rent,married,no,fixed,Seniority_q3,Time_q1,Age_q2,Expenses_q2,Income_q2,Assets_q0,Amount_q3,Price_q2,no
good,parents,married,no,fixed,Seniority_q0,Time_q1,Age_q1,Expenses_q0,Income_q3,Assets_q1,Amount_q1,Price_q3,yes
good,owner,married,no,freelance,Seniority_q3,Time_q1,Age_q3,Expenses_q0,Income_q2,Assets_q1,Amount_q0,Price_q1,no
good,owner,married,no,fixed,Seniority_q2,Time_q1,Age_q3,Expenses_q0,Income_q2,Assets_q1,Amount_q1,Price_q2,yes
good,parents,single,no,fixed,Seniority_q0,Time_q0,Age_q0,Expenses_q0,Income_q1,Assets_q0,Amount_q0,Price_q1,no
good,owner,married,no,fixed,Seniority_q1,Time_q1,Age_q3,Expenses_q0,Income_q1,Assets_q0,Amount_q2,Price_q2,no
bad,rent,single,yes,fixed,Seniority_q1,Time_q1,Age_q2,Expenses_q2,Income_q3,Assets_q0,Amount_q3,Price_q2,no
good,owner,married,no,partime,Seniority_q0,Time_q0,Age_q1,Expenses_q1,Income_q0,Assets_q0,Amount_q0,Price_q0,no
bad,parents,single,no,partime,Seniority_q0,Time_q0,Age_q0,Expenses_q0,Income_q0,Assets_q0,Amount_q0,Price_q0,no
good,owner,married,no,freelance,Seniority_q3,Time_q1,Age_q3,Expenses_q0,Income_q2,Assets_q1,Amount_q1,Price_q1,no
good,parents,single,no,freelance,Seniority_q0,Time_q1,Age_q0,Expenses_q0,Income_q3,Assets_q1,Amount_q3,Price_q3,yes
good,owner,married,no,freelance,Seniority_q0,Time_q1,Age_q1,Expenses_q2,Income_q3,Assets_q1,Amount_q1,Price_q1,no
good,owner,married,no,fixed,Seniority_q0,Time_q1,Age_q3,Expenses_q1,Income_q3,Assets_q0,Amount_q2,Price_q1,no
good,priv,married,no,freelance,Seniority_q1,Time_q1,Age_q2,Expenses_q2,Income_q1,Assets_q1,Amount_q2,Price_q1,yes
bad,rent,married,yes,fixed,Seniority_q2,Time_q1,Age_q3,Expenses_q2,Income_q3,Assets_q0,Amount_q2,Price_q2,no
bad,rent,married,yes,partime,Seniority_q0,Time_q0,Age_q1,Expenses_q2,Income_q2,Assets_q0,Amount_q0,Price_q0,no
good,parents,single,no,fixed,Seniority_q0,Time_q1,Age_q0,Expenses_q0,Income_q3,Assets_q0,Amount_q1,Price_q3,no
good,rent,single,no,fixed,Seniority_q1,Time_q0,Age_q0,Expenses_q1,Income_q3,Assets_q0,Amount_q0,Price_q1,no
bad,rent,married,no,fixed,Seniority_q2,Time_q1,Age_q2,Expenses_q2,Income_q2,Assets_q0,Amount_q1,Price_q1,no
good,owner,married,no,fixed,Seniority_q2,Time_q1,Age_q0,Expenses_q0,Income_q2,Assets_q0,Amount_q0,Price_q1,yes
good,rent,married,no,fixed,Seniority_q3,Time_q0,Age_q1,Expenses_q1,Income_q2,Assets_q0,Amount_q1,Price_q2,no
good,parents,single,no,others,Seniority_q0,Time_q1,Age_q0,Expenses_q0,Income_q2,Assets_q0,Amount_q3,Price_q3,no
bad,owner,separated,no,partime,Seniority_q0,Time_q1,Age_q1,Expenses_q0,Income_q0,Assets_q0,Amount_q2,Price_q1,no
good,rent,married,no,fixed,Seniority_q2,Time_q1,Age_q3,Expenses_q2,Income_q3,Assets_q0,Amount_q1,Price_q1,no
bad,parents,married,no,fixed,Seniority_q0,Time_q0,Age_q1,Expenses_q0,Income_q3,Assets_q0,Amount_q1,Price_q3,no
good,owner,married,no,fixed,Seniority_q3,Time_q0,Age_q2,Expenses_q1,Income_q2,Assets_q1,Amount_q1,Price_q2,yes
good,owner,married,no,fixed,Seniority_q3,Time_q0,Age_q3,Expenses_q2,Income_q2,Assets_q1,Amount_q1,Price_q0,no
good,owner,married,no,fixed,Seniority_q3,Time_q0,Age_q3,Expenses_q0,Income_q2,Assets_q1,Amount_q2,Price_q3,no
good,owner,married,no,fixed,Seniority_q2,Time_q1,Age_q2,Expenses_q2,Income_q3,Assets_q1,Amount_q1,Price_q0,yes
good,parents,single,no,fixed,Seniority_q0,Time_q1,Age_q0,Expenses_q0,Income_q1,Assets_q0,Amount_q1,Price_q3,no
good,rent,married,no,fixed,Seniority_q3,Time_q1,Age_q3,Expenses_q0,Income_q0,Assets_q0,Amount_q1,Price_q1,no
bad,other,single,no,partime,Seniority_q0,Time_q0,Age_q0,Expenses_q0,Income_q2,Assets_q0,Amount_q0,Price_q0,no
good,parents,single,no,fixed,Seniority_q2,Time_q1,Age_q0,Expenses_q0,Income_q2,Assets_q1,Amount_q3,Price_q3,no
good,parents,married,no,freelance,Seniority_q1,Time_q0,Age_q1,Expenses_q0,Income_q2,Assets_q0,Amount_q0,Price_q0,no
bad,owner,single,no,freelance,Seniority_q0,Time_q0,Age_q1,Expenses_q0,Income_q3,Assets_q1,Amount_q3,Price_q3,yes
good,other,single,no,fixed,Seniority_q2,Time_q0,Age_q1,Expenses_q0,Income_q1,Assets_q0,Amount_q0,Price_q2,no
good,parents,single,no,fixed,Seniority_q0,Time_q1,Age_q0,Expenses_q0,Income_q3,Assets_q0,Amount_q1,Price_q0,no
good,other,married,no,fixed,Seniority_q3,Time_q1,Age_q1,Expenses_q0,Income_q2,Assets_q0,Amount_q3,Price_q3,no
bad,ignore,married,no,partime,Seniority_q0,Time_q1,Age_q0,Expenses_q0,Income_q2,Assets_q0,Amount_q2,Price_q2,no
good,owner,married,no,fixed,Seniority_q1,Time_q1,Age_q2,Expenses_q2,Income_q1,Assets_q1,Amount_q2,Price_q2,no
good,owner,married,no,fixed,Seniority_q3,Time_q1,Age_q1,Expenses_q0,Income_q1,Assets_q0,Amount_q2,Price_q1,no
good,rent,married,no,fixed,Seniority_q2,Time_q0,Age_q3,Expenses_q1,Income_q2,Assets_q0,Amount_q2,Price_q1,no
good,owner,married,no,freelance,Seniority_q1,Time_q0,Age_q2,Expenses_q0,Income_q2,Assets_q0,Amount_q1,Price_q0,no
good,rent,married,no,fixed,Seniority_q0,Time_q1,Age_q1,Expenses_q2,Income_q3,Assets_q0,Amount_q3,Price_q2,no
good,parents,single,no,partime,Seniority_q0,Time_q1,Age_q0,Expenses_q0,Income_q2,Assets_q0,Amount_q0,Price_q0,no
good,owner,married,no,fixed,Seniority_q0,Time_q0,Age_q3,Expenses_q0,Income_q1,Assets_q0,Amount_q1,Price_q0,no
good,owner,married,no,fixed,Seniority_q3,Time_q1,Age_q3,Expenses_q0,Income_q1,Assets_q1,Amount_q1,Price_q0,no
bad,parents,single,yes,fixed,Seniority_q0,Time_q1,Age_q0,Expenses_q0,Income_q1,Assets_q0,Amount_q3,Price_q2,no
good,owner,married,no,freelance,Seniority_q1,Time_q0,Age_q3,Expenses_q1,Income_q1,Assets_q1,Amount_q1,Price_q2,no
good,owner,married,no,fixed,Seniority_q3,Time_q1,Age_q3,Expenses_q0,Income_q2,Assets_q1,Amount_q1,Price_q0,no
bad,other,single,yes,partime,Seniority_q0,Time_q1,Age_q0,Expenses_q0,Income_q1,Assets_q0,Amount_q2,Price_q2,no
good,owner,married,yes,fixed,Seniority_q3,Time_q1,Age_q2,Expenses_q2,Income_q0,Assets_q0,Amount_q1,Price_q0,no
good,owner,married,no,fixed,Seniority_q3,Time_q1,Age_q2,Expenses_q0,Income_q1,Assets_q0,Amount_q0,Price_q2,no
good,owner,married,no,freelance,Seniority_q3,Time_q0,Age_q3,Expenses_q0,Income_q0,Assets_q1,Amount_q0,Price_q2,no
bad,priv,married,yes,fixed,Seniority_q2,Time_q1,Age_q1,Expenses_q1,Income_q3,Assets_q1,Amount_q3,Price_q3,no
bad,rent,married,no,fixed,Seniority_q3,Time_q1,Age_q2,Expenses_q1,Income_q1,Assets_q0,Amount_q3,Price_q2,no
good,priv,married,no,fixed,Seniority_q3,Time_q0,Age_q3,Expenses_q0,Income_q1,Assets_q1,Amount_q0,Price_q1,no
good,owner,married,no,fixed,Seniority_q3,Time_q1,Age_q2,Expenses_q0,Income_q1,Assets_q0,Amount_q2,Price_q2,yes
bad,rent,married,no,fixed,Seniority_q2,Time_q1,Age_q2,Expenses_q2,Income_q0,Assets_q0,Amount_q1,Price_q0,no
good,owner,married,no,freelance,Seniority_q1,Time_q1,Age_q1,Expenses_q1,?,Assets_q1,Amount_q1,Price_q2,no
good,parents,single,no,fixed,Seniority_q0,Time_q1,Age_q0,Expenses_q0,Income_q1,Assets_q0,Amount_q3,Price_q2,no
good,owner,married,no,fixed,Seniority_q1,Time_q1,Age_q1,Expenses_q1,Income_q2,Assets_q0,Amount_q1,Price_q0,no
good,owner,single,yes,freelance,Seniority_q0,Time_q1,Age_q1,Expenses_q0,Income_q0,Assets_q0,Amount_q3,Price_q3,yes
good,owner,married,no,freelance,Seniority_q3,Time_q1,Age_q3,Expenses_q0,?,Assets_q1,Amount_q2,Price_q1,no
good,owner,married,no,fixed,Seniority_q3,Time_q1,Age_q3,Expenses_q0,Income_q2,Assets_q1,Amount_q1,Price_q1,no
good,owner,married,no,fixed,Seniority_q3,Time_q1,Age_q2,Expenses_q0,Income_q3,?,Amount_q2,Price_q3,no
good,parents,single,no,fixed,Seniority_q1,Time_q0,Age_q0,Expenses_q0,Income_q0,Assets_q0,Amount_q0,Price_q0,no
bad,owner,married,yes,fixed,Seniority_q2,Time_q1,Age_q1,Expenses_q0,Income_q0,Assets_q0,Amount_q0,Price_q1,yes
good,other,single,no,fixed,Seniority_q0,Time_q0,Age_q0,Expenses_q0,Income_q1,Assets_q0,Amount_q0,Price_q0,no
good,owner,married,no,fixed,Seniority_q2,Time_q1,Age_q2,Expenses_q0,Income_q3,Assets_q1,Amount_q2,Price_q1,no
bad,other,single,no,fixed,Seniority_q0,Time_q1,Age_q1,Expenses_q0,Income_q0,?,Amount_q3,Price_q3,no
good,owner,married,yes,freelance,Seniority_q2,Time_q1,Age_q2,Expenses_q1,Income_q1,Assets_q1,Amount_q1,Price_q1,yes
good,owner,married,yes,fixed,Seniority_q3,Time_q1,Age_q2,Expenses_q0,Income_q1,Assets_q0,Amount_q3,Price_q2,no
good,rent,married,yes,fixed,Seniority_q1,Time_q1,Age_q3,Expenses_q1,Income_q1,Assets_q0,Amount_q0,Price_q0,no
bad,owner,married,yes,partime,Seniority_q0,Time_q1,Age_q2,Expenses_q0,Income_q2,Assets_q1,Amount_q1,Price_q0,yes
bad,rent,married,yes,freelance,Seniority_q1,Time_q1,Age_q0,Expenses_q0,?,Assets_q0,Amount_q2,Price_q1,no
good,owner,single,no,fixed,Seniority_q2,Time_q1,Age_q2,Expenses_q0,Income_q1,Assets_q0,Amount_q3,Price_q2,no
good,owner,married,no,fixed,Seniority_q3,Time_q0,Age_q3,Expenses_q0,Income_q1,Assets_q0,Amount_q0,Price_q0,no
good,rent,married,no,fixed,Seniority_q2,Time_q0,Age_q0,Expenses_q2,Income_q3,Assets_q0,Amount_q0,Price_q0,no
bad,owner,single,yes,freelance,Seniority_q1,Time_q1,Age_q2,Expenses_q2,Income_q0,?,Amount_q1,Price_q0,no
good,parents,single,no,freelance,Seniority_q2,Time_q0,Age_q0,Expenses_q0,Income_q2,Assets_q0,Amount_q0,Price_q3,no
good,rent,married,no,fixed,Seniority_q2,Time_q0,Age_q3,Expenses_q1,Income_q1,Assets_q0,Amount_q0,Price_q0,no
bad,other,single,no,partime,Seniority_q0,Time_q0,Age_q0,Expenses_q0,Income_q0,Assets_q0,Amount_q0,Price_q0,no
good,owner,married,no,fixed,Seniority_q1,Time_q1,Age_q1,Expenses_q0,Income_q1,Assets_q0,Amount_q3,Price_q3,no
bad,priv,separated,yes,fixed,Seniority_q3,Time_q1,Age_q2,Expenses_q0,Income_q3,Assets_q0,Amount_q3,Price_q3,yes
bad,parents,single,no,partime,Seniority_q0,Time_q1,Age_q0,Expenses_q0,Income_q0,Assets_q0,Amount_q2,Price_q2,no
good,priv,married,no,fixed,Seniority_q1,Time_q1,Age_q1,Expenses_q0,Income_q0,Assets_q0,Amount_q1,Price_q1,no
good,owner,married,no,fixed,Seniority_q3,Time_q1,Age_q3,Expenses_q1,Income_q1,Assets_q0,Amount_q1,Price_q2,no
good,owner,married,no,fixed,Seniority_q3,Time_q0,Age_q3,Expenses_q0,Income_q1,Assets_q1,Amount_q2,Price_q3,no
good,owner,married,yes,fixed,Seniority_q2,Time_q1,Age_q1,Expenses_q0,Income_q3,Assets_q1,Amount_q3,Price_q3,yes
good,rent,single,no,fixed,Seniority_q0,Time_q0,Age_q0,Expenses_q2,Income_q3,Assets_q0,Amount_q0,Price_q0,no
good,parents,married,no,fixed,Seniority_q2,Time_q0,Age_q2,Expenses_q1,Income_q3,Assets_q1,Amount_q1,Price_q3,no
bad,other,married,no,fixed,Seniority_q1,Time_q0,Age_q0,Expenses_q1,?,Assets_q0,Amount_q0,Price_q0,no
good,priv,married,no,fixed,Seniority_q2,Time_q1,Age_q1,Expenses_q1,Income_q3,Assets_q0,Amount_q1,Price_q3,yes
good,owner,married,no,freelance,Seniority_q3,Time_q1,Age_q3,Expenses_q0,Income_q3,Assets_q0,Amount_q1,Price_q0,no
good,owner,married,no,freelance,Seniority_q1,Time_q0,Age_q2,Expenses_q1,Income_q3,Assets_q0,Amount_q2,Price_q3,no
good,owner,single,yes,fixed,Seniority_q1,Time_q0,Age_q0,Expenses_q0,Income_q1,Assets_q1,Amount_q0,Price_q1,no
good,owner,married,no,freelance,Seniority_q0,Time_q0,Age_q1,Expenses_q0,?,Assets_q1,Amount_q2,Price_q2,no
good,owner,married,no,fixed,Seniority_q3,Time_q1,Age_q2,Expenses_q1,Income_q3,Assets_q1,Amount_q0,Price_q0,yes
good,other,single,no,fixed,Seniority_q3,Time_q1,Age_q3,Expenses_q0,Income_q1,Assets_q0,Amount_q1,Price_q0,no
bad,rent,married,no,partime,Seniority_q0,Time_q1,Age_q1,Expenses_q1,Income_q0,Assets_q0,Amount_q2,Price_q3,no
good,owner,married,no,others,Seniority_q0,Time_q1,Age_q3,Expenses_q0,Income_q1,Assets_q1,Amount_q1,Price_q2,yes
good,owner,married,no,fixed,Seniority_q2,Time_q1,Age_q3,Expenses_q0,Income_q3,Assets_q0,Amount_q1,Price_q1,no
bad,rent,married,no,fixed,Seniority_q1,Time_q1,Age_q0,Expenses_q1,Income_q2,Assets_q0,Amount_q1,Price_q3,no
good,owner,married,no,freelance,Seniority_q2,Time_q0,Age_q2,Expenses_q1,Income_q3,Assets_q1,Amount_q1,Price_q3,no
good,owner,married,no,fixed,Seniority_q3,Time_q1,Age_q3,Expenses_q0,Income_q3,Assets_q1,Amount_q1,Price_q2,no
good,priv,married,no,fixed,Seniority_q3,Time_q1,Age_q1,Expenses_q1,Income_q0,Assets_q0,Amount_q1,Price_q3,no
good,owner,single,no,others,Seniority_q0,Time_q1,Age_q0,Expenses_q0,Income_q0,Assets_q1,Amount_q3,Price_q2,no
good,owner,married,no,fixed,Seniority_q1,Time_q0,Age_q3,Expenses_q0,Income_q3,Assets_q1,Amount_q2,Price_q2,yes
bad,owner,married,yes,freelance,Seniority_q0,Time_q0,Age_q2,Expenses_q2,?,Assets_q0,Amount_q1,Price_q0,no
good,parents,single,no,fixed,Seniority_q0,Time_q0,Age_q0,Expenses_q0,Income_q0,Assets_q0,Amount_q1,Price_q0,no
bad,rent,married,yes,fixed,Seniority_q1,Time_q1,Age_q1,Expenses_q2,Income_q0,Assets_q0,Amount_q2,Price_q1,no
bad,other,married,yes,freelance,Seniority_q3,Time_q1,Age_q3,Expenses_q0,Income_q3,Assets_q1,Amount_q3,Price_q3,no
good,owner,married,yes,fixed,Seniority_q0,Time_q0,Age_q0,Expenses_q0,Income_q2,Assets_q0,Amount_q1,Price_q3,yes
good,rent,married,no,fixed,Seniority_q0,Time_q0,Age_q3,Expenses_q1,Income_q1,Assets_q0,Amount_q0,Price_q0,no
bad,rent,married,no,partime,Seniority_q3,Time_q0,Age_q1,Expenses_q2,Income_q0,Assets_q0,Amount_q0,Price_q0,no
good,owner,married,no,fixed,Seniority_q3,Time_q0,Age_q3,Expenses_q0,Income_q3,Assets_q0,Amount_q1,Price_q1,no
good,rent,divorced,no,fixed,Seniority_q2,Time_q0,Age_q1,Expenses_q1,Income_q3,Assets_q0,Amount_q1,Price_q3,no
bad,rent,married,yes,fixed,Seniority_q2,Time_q0,Age_q2,Expenses_q2,Income_q1,Assets_q0,Amount_q0,Price_q2,no
bad,parents,single,no,fixed,Seniority_q0,Time_q1,Age_q1,Expenses_q0,Income_q2,Assets_q0,Amount_q3,Price_q2,no
bad,rent,single,no,fixed,Seniority_q0,Time_q1,Age_q0,Expenses_q1,Income_q1,Assets_q0,Amount_q3,Price_q3,no
good,owner,married,no,fixed,Seniority_q3,Time_q1,Age_q3,Expenses_q0,Income_q1,Assets_q1,Amount_q3,Price_q3,no
good,priv,married,no,freelance,Seniority_q0,Time_q0,Age_q3,Expenses_q0,?,Assets_q1,Amount_q0,Price_q0,no
good,rent,married,yes,freelance,Seniority_q2,Time_q0,Age_q0,Expenses_q2,Income_q3,Assets_q0,Amount_q0,Price_q1,no
good,owner,married,no,fixed,Seniority_q2,Time_q0,Age_q1,Expenses_q0,Income_q1,Assets_q0,Amount_q0,Price_q0,yes
good,owner,married,no,fixed,Seniority_q0,Time_q0,Age_q0,Expenses_q0,Income_q0,Assets_q0,Amount_q0,Price_q2,no
good,rent,married,no,fixed,Seniority_q1,Time_q0,Age_q2,Expenses_q1,Income_q1,Assets_q0,Amount_q0,Price_q0,no
good,owner,married,no,freelance,Seniority_q1,Time_q0,Age_q2,Expenses_q2,?,Assets_q0,Amount_q0,Price_q2,no
good,owner,married,no,fixed,Seniority_q1,Time_q1,Age_q1,Expenses_q1,Income_q2,Assets_q0,Amount_q1,Price_q0,no
good,owner,single,no,fixed,Seniority_q1,Time_q1,Age_q2,Expenses_q0,Income_q3,Assets_q0,Amount_q3,Price_q3,no
bad,parents,single,no,partime,Seniority_q0,Time_q1,Age_q0,Expenses_q0,Income_q1,Assets_q0,Amount_q0,Price_q2,no
good,owner,married,yes,fixed,Seniority_q3,Time_q0,Age_q3,Expenses_q1,Income_q3,Assets_q0,Amount_q2,Price_q2,no
good,owner,married,no,others,Seniority_q0,Time_q0,Age_q2,Expenses_q0,?,Assets_q0,Amount_q0,Price_q0,no
good,owner,married,no,fixed,Seniority_q2,Time_q0,Age_q2,Expenses_q1,Income_q2,Assets_q0,Amount_q0,Price_q0,no
good,owner,married,no,fixed,Seniority_q3,Time_q1,Age_q3,Expenses_q0,Income_q1,Assets_q1,Amount_q1,Price_q0,yes
good,priv,single,no,others,Seniority_q1,Time_q0,Age_q0,Expenses_q0,?,Assets_q1,Amount_q0,Price_q2,no
good,owner,married,no,freelance,Seniority_q2,Time_q1,Age_q3,Expenses_q0,Income_q2,Assets_q1,Amount_q0,Price_q1,no
good,owner,married,no,fixed,Seniority_q3,Time_q1,Age_q2,Expenses_q1,Income_q1,Assets_q0,Amount_q2,Price_q2,no
bad,parents,single,no,freelance,Seniority_q0,Time_q0,Age_q0,Expenses_q0,Income_q0,Assets_q0,Amount_q1,Price_q0,no
good,owner,married,no,fixed,Seniority_q2,Time_q0,Age_q0,Expenses_q0,Income_q3,Assets_q0,Amount_q3,Price_q3,yes
good,owner,married,no,freelance,Seniority_q1,Time_q0,Age_q2,Expenses_q1,Income_q0,Assets_q0,Amount_q2,Price_q2,no
bad,owner,married,yes,freelance,Seniority_q1,Time_q1,Age_q2,Expenses_q1,Income_q0,Assets_q1,Amount_q1,Price_q0,no
good,owner,married,no,freelance,Seniority_q3,Time_q0,Age_q3,Expenses_q0,Income_q0,Assets_q0,Amount_q1,Price_q2,no
good,rent,married,yes,freelance,Seniority_q1,Time_q0,Age_q1,Expenses_q1,Income_q2,Assets_q0,Amount_q2,Price_q3,no
good,priv,married,yes,fixed,Seniority_q0,Time_q1,Age_q1,Expenses_q0,Income_q3,Assets_q0,Amount_q2,Price_q2,no
good,other,married,no,fixed,Seniority_q2,Time_q1,Age_q3,Expenses_q0,Income_q3,Assets_q0,Amount_q3,Price_q2,yes
good,owner,married,no,fixed,Seniority_q3,Time_q0,Age_q2,Expenses_q2,Income_q0,Assets_q0,Amount_q0,Price_q0,no
good,owner,married,no,freelance,Seniority_q3,Time_q1,Age_q2,Expenses_q1,Income_q3,Assets_q1,Amount_q3,Price_q3,no
bad,owner,single,no,freelance,Seniority_q3,Time_q0,Age_q1,Expenses_q0,?,Assets_q0,Amount_q0,Price_q3,yes
good,parents,married,no,freelance,Seniority_q1,Time_q1,Age_q0,Expenses_q0,Income_q1,Assets_q1,Amount_q3,Price_q3,no
good,parents,single,yes,fixed,Seniority_q1,Time_q0,Age_q0,Expenses_q0,Income_q0,Assets_q0,Amount_q0,Price_q2,no
good,parents,single,no,fixed,Seniority_q0,Time_q0,Age_q0,Expenses_q0,Income_q2,Assets_q0,Amount_q1,Price_q3,no
bad,priv,married,yes,freelance,Seniority_q3,Time_q1,Age_q3,Expenses_q2,Income_q0,Assets_q0,Amount_q1,Price_q0,no
good,rent,single,yes,fixed,Seniority_q2,Time_q1,Age_q0,Expenses_q2,Income_q3,Assets_q0,Amount_q1,Price_q0,no
good,priv,married,no,freelance,Seniority_q0,Time_q1,Age_q0,Expenses_q0,Income_q2,Assets_q0,Amount_q3,Price_q3,yes
good,owner,married,no,freelance,Seniority_q3,Time_q0,Age_q3,Expenses_q0,Income_q0,Assets_q1,Amount_q2,Price_q3,no
good,parents,single,no,freelance,Seniority_q2,Time_q0,Age_q1,Expenses_q0,Income_q3,Assets_q1,Amount_q2,Price_q2,yes
good,owner,married,no,fixed,Seniority_q1,Time_q1,Age_q0,Expenses_q0,Income_q1,Assets_q0,Amount_q1,Price_q2,no
good,owner,married,no,freelance,Seniority_q2,Time_q0,Age_q3,Expenses_q0,?,Assets_q1,Amount_q0,Price_q0,no
good,owner,widow,no,freelance,Seniority_q3,Time_q1,Age_q3,Expenses_q0,Income_q3,Assets_q1,Amount_q2,Price_q2,no
good,owner,married,no,fixed,Seniority_q3,Time_q1,Age_q2,Expenses_q1,Income_q2,Assets_q0,Amount_q3,Price_q2,no
bad,rent,married,no,freelance,Seniority_q0,Time_q1,Age_q0,Expenses_q1,Income_q3,Assets_q0,Amount_q3,Price_q3,no
bad,priv,single,no,freelance,Seniority_q0,Time_q0,Age_q0,Expenses_q0,Income_q1,Assets_q1,Amount_q3,Price_q3,no
good,owner,married,no,fixed,Seniority_q1,Time_q1,Age_q0,Expenses_q0,Income_q2,Assets_q1,Amount_q3,Price_q2,yes
good,rent,married,no,fixed,Seniority_q1,Time_q0,Age_q3,Expenses_q1,Income_q1,Assets_q0,Amount_q0,Price_q0,no
bad,rent,married,no,fixed,Seniority_q1,Time_q1,Age_q0,Expenses_q1,Income_q0,Assets_q0,Amount_q1,Price_q0,no
good,owner,married,yes,fixed,Seniority_q2,Time_q1,Age_q1,Expenses_q0,Income_q1,Assets_q0,Amount_q2,Price_q1,yes
good,parents,married,no,fixed,Seniority_q2,Time_q1,Age_q0,Expenses_q1,Income_q1,Assets_q0,Amount_q2,Price_q1,no
good,rent,married,no,fixed,Seniority_q3,Time_q1,Age_q2,Expenses_q1,Income_q3,Assets_q0,Amount_q2,Price_q3,no
bad,parents,married,no,partime,Seniority_q1,Time_q1,Age_q2,Expenses_q1,Income_q0,Assets_q0,Amount_q1,Price_q0,no
bad,owner,married,no,fixed,Seniority_q0,Time_q0,Age_q1,Expenses_q0,Income_q0,Assets_q0,Amount_q2,Price_q1,yes
good,owner,divorced,no,freelance,Seniority_q3,Time_q1,Age_q2,Expenses_q1,Income_q2,Assets_q1,Amount_q3,Price_q3,no
good,rent,married,no,fixed,Seniority_q3,Time_q1,Age_q2,Expenses_q2,Income_q2,Assets_q0,Amount_q1,Price_q3,no
bad,rent,married,no,fixed,Seniority_q0,Time_q1,Age_q0,Expenses_q1,Income_q2,Assets_q0,Amount_q3,Price_q2,no
good,rent,married,yes,fixed,Seniority_q2,Time_q1,Age_q3,Expenses_q2,Income_q3,Assets_q0,Amount_q3,Price_q1,no
good,priv,married,no,fixed,Seniority_q2,Time_q1,Age_q3,Expenses_q0,Income_q1,Assets_q1,Amount_q1,Price_q0,no
good,parents,single,no,freelance,Seniority_q0,Time_q1,Age_q0,Expenses_q0,Income_q1,Assets_q0,Amount_q1,Price_q1,no
good,owner,married,yes,fixed,Seniority_q0,Time_q1,Age_q2,Expenses_q2,Income_q3,Assets_q1,Amount_q0,Price_q0,yes
good,parents,single,no,fixed,Seniority_q1,Time_q1,Age_q0,Expenses_q0,Income_q1,Assets_q0,Amount_q3,Price_q3,no
bad,rent,married,no,freelance,Seniority_q1,Time_q1,Age_q0,Expenses_q1,Income_q3,Assets_q0,Amount_q2,Price_q2,no
good,priv,single,no,fixed,Seniority_q1,Time_q1,Age_q0,Expenses_q0,Income_q3,Assets_q0,Amount_q2,Price_q1,no
bad,ignore,married,yes,freelance,Seniority_q0,Time_q1,Age_q0,Expenses_q0,?,Assets_q0,Amount_q3,Price_q2,no
good,owner,married,yes,partime,Seniority_q2,Time_q0,Age_q0,Expenses_q0,Income_q1,Assets_q0,Amount_q0,Price_q1,yes
bad,rent,single,no,partime,Seniority_q0,Time_q0,Age_q0,Expenses_q0,Income_q0,Assets_q0,Amount_q0,Price_q0,no
bad,rent,single,no,partime,Seniority_q0,Time_q1,Age_q0,Expenses_q0,Income_q0,Assets_q0,Amount_q0,Price_q0,no
good,rent,married,no,fixed,Seniority_q0,Time_q1,Age_q1,Expenses_q2,Income_q2,Assets_q0,Amount_q1,Price_q1,no
good,parents,married,yes,freelance,Seniority_q2,Time_q0,Age_q1,Expenses_q0,?,Assets_q1,Amount_q0,Price_q0,no
good,owner,married,no,fixed,Seniority_q2,Time_q0,Age_q1,Expenses_q0,Income_q3,Assets_q1,Amount_q1,Price_q2,no
good,owner,married,no,freelance,Seniority_q0,Time_q1,Age_q0,Expenses_q0,Income_q3,Assets_q1,Amount_q3,Price_q2,yes
good,parents,married,yes,fixed,Seniority_q1,Time_q1,Age_q1,Expenses_q1,Income_q1,Assets_q0,Amount_q2,Price_q1,no
good,owner,married,no,freelance,Seniority_q2,Time_q1,Age_q2,Expenses_q0,Income_q3,Assets_q1,Amount_q2,Price_q3,yes
bad,priv,divorced,yes,fixed,Seniority_q1,Time_q0,Age_q2,Expenses_q0,?,Assets_q1,Amount_q3,Price_q3,no
good,owner,married,no,fixed,Seniority_q2,Time_q1,Age_q1,Expenses_q0,Income_q1,Assets_q0,Amount_q1,Price_q1,no
bad,rent,single,no,freelance,Seniority_q0,Time_q1,Age_q3,Expenses_q1,Income_q2,Assets_q1,Amount_q1,Price_q3,yes
good,other,single,no,fixed,Seniority_q1,Time_q1,Age_q0,Expenses_q0,Income_q2,Assets_q0,Amount_q3,Price_q3,no
bad,parents,single,no,partime,Seniority_q2,Time_q1,Age_q1,Expenses_q0,Income_q0,Assets_q0,Amount_q2,Price_q2,no
good,parents,married,yes,freelance,Seniority_q1,Time_q1,Age_q0,Expenses_q0,Income_q3,Assets_q0,Amount_q1,Price_q1,no
good,parents,single,no,freelance,Seniority_q3,Time_q0,Age_q2,Expenses_q0,Income_q0,Assets_q0,Amount_q0,Price_q0,no
good,parents,single,no,partime,Seniority_q0,Time_q0,Age_q0,Expenses_q0,Income_q0,Assets_q0,Amount_q0,Price_q0,no
bad,owner,married,yes,fixed,Seniority_q2,Time_q1,Age_q0,Expenses_q1,Income_q2,Assets_q1,Amount_q1,Price_q0,no
bad,other,married,no,fixed,Seniority_q0,Time_q1,Age_q0,Expenses_q0,Income_q2,Assets_q0,Amount_q3,Price_q3,no
bad,rent,separated,yes,fixed,Seniority_q1,Time_q1,Age_q2,Expenses_q1,Income_q2,Assets_q0,Amount_q3,Price_q3,no
good,owner,married,no,fixed,Seniority_q0,Time_q0,Age_q2,Expenses_q1,Income_q1,Assets_q0,Amount_q1,Price_q1,no
good,owner,married,yes,fixed,Seniority_q2,Time_q1,Age_q1,Expenses_q0,Income_q2,Assets_q1,Amount_q0,Price_q1,no
bad,owner,single,no,partime,Seniority_q0,Time_q1,Age_q0,Expenses_q0,Income_q1,Assets_q0,Amount_q3,Price_q2,no
good,parents,married,no,fixed,Seniority_q0,Time_q1,Age_q2,Expenses_q1,Income_q0,Assets_q1,Amount_q1,Price_q2,no
good,rent,married,no,fixed,Seniority_q3,Time_q0,Age_q3,Expenses_q1,Income_q1,Assets_q0,Amount_q0,Price_q2,no
good,owner,married,no,fixed,Seniority_q2,Time_q1,Age_q1,Expenses_q0,Income_q0,Assets_q0,Amount_q3,Price_q3,no
good,owner,married,no,fixed,Seniority_q1,Time_q1,Age_q0,Expenses_q0,Income_q2,Assets_q0,Amount_q2,Price_q3,no
good,priv,married,no,fixed,Seniority_q2,Time_q1,Age_q1,Expenses_q1,Income_q2,Assets_q1,Amount_q2,Price_q1,yes
bad,parents,single,no,fixed,Seniority_q1,Time_q0,Age_q0,Expenses_q0,Income_q2,Assets_q0,Amount_q0,Price_q0,no
good,rent,married,no,fixed,Seniority_q1,Time_q1,Age_q0,Expenses_q1,Income_q3,Assets_q0,Amount_q2,Price_q1,no
bad,other,married,yes,fixed,Seniority_q3,Time_q1,Age_q3,Expenses_q2,?,Assets_q0,Amount_q1,Price_q0,no
good,priv,married,no,fixed,Seniority_q3,Time_q1,Age_q3,Expenses_q1,Income_q2,Assets_q0,Amount_q2,Price_q0,no
good,owner,widow,yes,fixed,Seniority_q3,Time_q1,Age_q3,Expenses_q0,Income_q3,Assets_q1,Amount_q1,Price_q1,yes
good,rent,separated,no,fixed,Seniority_q1,Time_q0,Age_q2,Expenses_q0,Income_q0,Assets_q0,Amount_q0,Price_q0,no
good,owner,married,no,freelance,Seniority_q2,Time_q1,Age_q1,Expenses_q0,Income_q3,Assets_q1,Amount_q3,Price_q3,no
good,other,separated,no,fixed,Seniority_q0,Time_q0,Age_q1,Expenses_q0,Income_q3,Assets_q0,Amount_q3,Price_q2,no
bad,owner,married,no,others,Seniority_q0,Time_q0,Age_q3,Expenses_q1,?,Assets_q0,Amount_q0,Price_q3,no
good,owner,married,no,fixed,Seniority_q2,Time_q1,Age_q0,Expenses_q0,Income_q2,Assets_q0,Amount_q3,Price_q3,yes
good,owner,married,no,fixed,Seniority_q3,Time_q0,Age_q1,Expenses_q1,Income_q2,Assets_q0,Amount_q3,Price_q3,no
good,parents,married,no,fixed,Seniority_q3,Time_q1,Age_q1,Expenses_q0,Income_q0,Assets_q0,Amount_q1,Price_q1,no
good,ignore,married,no,freelance,Seniority_q1,Time_q1,Age_q3,Expenses_q0,Income_q1,Assets_q1,Amount_q2,Price_q2,no
good,owner,single,no,fixed,Seniority_q3,Time_q1,Age_q3,Expenses_q0,Income_q3,Assets_q1,Amount_q3,Price_q2,yes
good,owner,married,no,fixed,Seniority_q3,Time_q1,Age_q3,Expenses_q1,Income_q2,Assets_q0,Amount_q3,Price_q3,no
good,owner,married,no,fixed,Seniority_q3,Time_q1,Age_q3,Expenses_q1,Income_q2,Assets_q1,Amount_q2,Price_q2,yes
good,owner,married,no,fixed,Seniority_q2,Time_q0,Age_q1,Expenses_q0,Income_q3,Assets_q1,Amount_q3,Price_q3,yes
good,parents,single,no,fixed,Seniority_q0,Time_q0,Age_q0,Expenses_q0,Income_q0,Assets_q0,Amount_q0,Price_q0,no
good,owner,married,no,fixed,Seniority_q3,Time_q0,Age_q2,Expenses_q1,Income_q1,Assets_q0,Amount_q1,Price_q3,no
bad,rent,married,yes,partime,Seniority_q0,Time_q1,Age_q0,Expenses_q0,Income_q0,Assets_q0,Amount_q3,Price_q3,no
good,owner,married,no,fixed,Seniority_q2,Time_q1,Age_q0,Expenses_q0,Income_q2,Assets_q0,Amount_q3,Price_q2,no
good,owner,married,yes,fixed,Seniority_q2,Time_q1,Age_q0,Expenses_q0,Income_q1,Assets_q0,Amount_q2,Price_q1,no
good,rent,married,no,fixed,Seniority_q1,Time_q0,Age_q3,Expenses_q2,Income_q3,Assets_q0,Amount_q0,Price_q0,no
bad,owner,married,yes,fixed,Seniority_q2,Time_q1,Age_q0,Expenses_q0,Income_q0,Assets_q0,Amount_q3,Price_q2,no
good,rent,married,yes,partime,Seniority_q0,Time_q1,Age_q2,Expenses_q2,Income_q1,Assets_q1,Amount_q3,Price_q2,no
good,owner,married,no,others,Seniority_q2,Time_q1,Age_q2,Expenses_q0,Income_q0,Assets_q0,Amount_q2,Price_q3,no
bad,owner,married,no,partime,Seniority_q0,Time_q1,Age_q0,Expenses_q2,Income_q3,Assets_q1,Amount_q2,Price_q1,yes
bad,owner,single,no,fixed,Seniority_q0,Time_q1,Age_q0,Expenses_q0,Income_q0,Assets_q0,Amount_q2,Price_q0,yes
good,parents,single,no,partime,Seniority_q0,Time_q1,Age_q0,Expenses_q0,Income_q1,Assets_q0,Amount_q1,Price_q2,yes
good,owner,married,no,freelance,Seniority_q2,Time_q0,Age_q3,Expenses_q1,Income_q3,?,Amount_q0,Price_q1,no
good,owner,married,no,fixed,Seniority_q2,Time_q1,Age_q1,Expenses_q1,Income_q2,Assets_q0,Amount_q2,Price_q1,yes
bad,owner,married,yes,freelance,Seniority_q0,Time_q1,Age_q1,Expenses_q0,?,Assets_q0,Amount_q1,Price_q3,yes
good,owner,married,no,fixed,Seniority_q3,Time_q1,Age_q1,Expenses_q1,Income_q2,Assets_q0,Amount_q3,Price_q3,no
bad,rent,single,no,others,Seniority_q0,Time_q1,Age_q0,Expenses_q0,?,Assets_q0,Amount_q1,Price_q1,no
good,owner,married,no,freelance,Seniority_q2,Time_q0,Age_q2,Expenses_q2,Income_q0,Assets_q1,Amount_q0,Price_q0,no
bad,other,married,yes,fixed,Seniority_q2,Time_q1,Age_q1,Expenses_q1,Income_q1,Assets_q0,Amount_q2,Price_q2,no
bad,other,married,yes,freelance,Seniority_q2,Time_q0,Age_q2,Expenses_q0,Income_q0,Assets_q0,Amount_q1,Price_q3,no
good,parents,single,no,fixed,Seniority_q1,Time_q0,Age_q0,Expenses_q0,Income_q0,Assets_q0,Amount_q0,Price_q0,no
good,owner,married,no,freelance,Seniority_q2,Time_q1,Age_q3,Expenses_q0,Income_q1,Assets_q1,Amount_q2,Price_q2,no
bad,parents,single,no,partime,Seniority_q0,Time_q1,Age_q0,Expenses_q0,Income_q0,Assets_q0,Amount_q3,Price_q3,no
bad,parents,single,no,fixed,Seniority_q1,Time_q1,Age_q0,Expenses_q0,Income_q0,Assets_q0,Amount_q2,Price_q1,no
good,owner,married,no,others,Seniority_q0,Time_q0,Age_q2,Expenses_q0,Income_q0,Assets_q0,Amount_q0,Price_q3,no
bad,rent,married,no,fixed,Seniority_q1,Time_q0,Age_q2,Expenses_q2,Income_q2,Assets_q0,Amount_q0,Price_q0,no
good,owner,married,no,freelance,Seniority_q2,Time_q1,Age_q2,Expenses_q1,Income_q1,Assets_q1,Amount_q2,Price_q2,no
bad,priv,married,no,partime,Seniority_q0,Time_q0,Age_q1,Expenses_q0,Income_q3,Assets_q1,Amount_q2,Price_q2,no
good,rent,married,no,fixed,Seniority_q0,Time_q1,Age_q0,Expenses_q1,Income_q1,Assets_q0,Amount_q3,Price_q3,no
bad,priv,married,yes,partime,Seniority_q0,Time_q1,Age_q2,Expenses_q2,Income_q1,Assets_q0,Amount_q1,Price_q1,no
good,parents,single,no,fixed,Seniority_q0,Time_q1,Age_q0,Expenses_q0,Income_q2,Assets_q0,Amount_q1,Price_q2,no
good,parents,single,no,fixed,Seniority_q0,Time_q0,Age_q0,Expenses_q0,Income_q2,Assets_q1,Amount_q3,Price_q2,no
good,owner,married,yes,fixed,Seniority_q1,Time_q1,Age_q2,Expenses_q1,Income_q2,Assets_q0,Amount_q1,Price_q0,yes
bad,owner,married,yes,fixed,Seniority_q3,Time_q1,Age_q3,Expenses_q1,Income_q2,Assets_q0,Amount_q2,Price_q2,no
bad,rent,married,no,fixed,Seniority_q3,Time_q1,Age_q2,Expenses_q2,Income_q1,Assets_q0,Amount_q3,Price_q3,no
good,owner,married,no,fixed,Seniority_q3,Time_q1,Age_q3,Expenses_q0,Income_q1,Assets_q0,Amount_q1,Price_q0,no
bad,other,married,no,fixed,Seniority_q2,Time_q1,Age_q1,Expenses_q1,Income_q2,Assets_q0,Amount_q2,Price_q1,no
good,owner,married,no,fixed,Seniority_q1,Time_q0,Age_q2,Expenses_q1,Income_q0,Assets_q0,Amount_q3,Price_q3,no
good,owner,married,no,fixed,Seniority_q3,Time_q0,Age_q2,Expenses_q0,Income_q2,Assets_q1,Amount_q0,Price_q0,no
good,parents,single,no,fixed,Seniority_q1,Time_q0,Age_q1,Expenses_q0,Income_q2,Assets_q0,Amount_q0,Price_q2,no
good,other,married,no,fixed,Seniority_q3,Time_q1,Age_q1,Expenses_q1,Income_q1,Assets_q1,Amount_q3,Price_q2,no
good,parents,single,no,freelance,Seniority_q1,Time_q1,Age_q0,Expenses_q0,?,Assets_q1,Amount_q1,Price_q1,no
good,other,married,yes,others,Seniority_q1,Time_q0,Age_q3,Expenses_q0,Income_q1,Assets_q0,Amount_q0,Price_q0,no
good,rent,single,yes,fixed,Seniority_q3,Time_q1,Age_q1,Expenses_q1,Income_q1,Assets_q0,Amount_q1,Price_q1,no
good,rent,single,no,fixed,Seniority_q0,Time_q1,Age_q1,Expenses_q1,Income_q3,Assets_q0,Amount_q1,Price_q1,no
good,parents,married,no,others,Seniority_q0,Time_q1,Age_q1,Expenses_q2,Income_q0,Assets_q0,Amount_q3,Price_q3,no
good,parents,single,no,freelance,Seniority_q3,Time_q1,Age_q2,Expenses_q0,?,Assets_q0,Amount_q3,Price_q3,no
good,owner,married,no,freelance,Seniority_q2,Time_q1,Age_q3,Expenses_q0,Income_q0,Assets_q1,Amount_q3,Price_q3,yes
bad,parents,single,no,freelance,Seniority_q0,Time_q0,Age_q0,Expenses_q0,?,Assets_q0,Amount_q0,Price_q0,no
bad,other,single,no,partime,Seniority_q0,Time_q1,Age_q0,Expenses_q0,?,Assets_q0,Amount_q2,Price_q2,no
bad,parents,married,no,fixed,Seniority_q1,Time_q1,Age_q0,Expenses_q0,Income_q0,Assets_q0,Amount_q2,Price_q1,no
good,owner,married,yes,others,Seniority_q1,Time_q0,Age_q3,Expenses_q0,Income_q0,Assets_q1,Amount_q0,Price_q1,no
bad,rent,single,yes,partime,Seniority_q0,Time_q1,Age_q0,Expenses_q1,Income_q1,Assets_q0,Amount_q2,Price_q1,no
good,priv,married,no,fixed,Seniority_q2,Time_q1,Age_q0,Expenses_q0,Income_q1,Assets_q0,Amount_q2,Price_q2,yes
good,owner,married,no,others,Seniority_q0,Time_q1,Age_q1,Expenses_q1,Income_q0,Assets_q1,Amount_q1,Price_q2,no
good,owner,married,no,fixed,Seniority_q2,Time_q0,Age_q2,Expenses_q2,Income_q2,Assets_q0,Amount_q0,Price_q0,no
good,owner,single,no,fixed,Seniority_q3,Time_q1,Age_q2,Expenses_q0,Income_q1,Assets_q0,Amount_q3,Price_q2,no
good,parents,single,no,fixed,Seniority_q1,Time_q1,Age_q0,Expenses_q0,Income_q1,Assets_q0,Amount_q1,Price_q0,no
good,owner,married,no,fixed,Seniority_q3,Time_q1,Age_q0,Expenses_q0,Income_q3,Assets_q1,Amount_q2,Price_q3,no
good,rent,married,no,fixed,Seniority_q0,Time_q1,Age_q3,Expenses_q1,Income_q2,Assets_q0,Amount_q3,Price_q2,no
good,owner,married,no,fixed,Seniority_q3,Time_q1,Age_q3,Expenses_q0,Income_q2,Assets_q1,Amount_q1,Price_q0,no
bad,owner,married,yes,partime,Seniority_q0,Time_q0,Age_q1,Expenses_q0,Income_q1,Assets_q0,Amount_q0,Price_q0,yes
good,rent,separated,no,fixed,Seniority_q0,Time_q1,Age_q3,Expenses_q1,Income_q1,Assets_q0,Amount_q1,Price_q1,no
good,parents,single,no,fixed,Seniority_q2,Time_q1,Age_q0,Expenses_q0,Income_q0,Assets_q0,Amount_q2,Price_q1,no
good,owner,married,yes,fixed,Seniority_q3,Time_q0,Age_q2,Expenses_q1,Income_q2,Assets_q0,Amount_q0,Price_q0,no
good,rent,divorced,no,freelance,Seniority_q2,Time_q0,Age_q1,Expenses_q0,Income_q1,Assets_q0,Amount_q1,Price_q3,no
bad,owner,married,no,fixed,Seniority_q3,Time_q0,Age_q3,Expenses_q1,Income_q0,Assets_q0,Amount_q0,Price_q0,no
good,owner,married,no,fixed,Seniority_q0,Time_q1,Age_q0,Expenses_q0,Income_q0,Assets_q0,Amount_q3,Price_q3,no
good,owner,married,no,fixed,Seniority_q2,Time_q1,Age_q1,Expenses_q0,Income_q3,Assets_q1,Amount_q2,Price_q3,yes
good,rent,married,no,fixed,Seniority_q1,Time_q1,Age_q0,Expenses_q1,Income_q1,Assets_q0,Amount_q2,Price_q1,no
bad,rent,married,no,fixed,Seniority_q1,Time_q1,Age_q1,Expenses_q1,Income_q2,Assets_q0,Amount_q2,Price_q1,no
good,owner,married,yes,fixed,Seniority_q3,Time_q0,Age_q3,Expenses_q1,Income_q2,Assets_q1,Amount_q0,Price_q1,no
good,rent,married,no,fixed,Seniority_q1,Time_q0,Age_q1,Expenses_q2,Income_q2,Assets_q0,Amount_q0,Price_q0,no
good,rent,married,no,freelance,Seniority_q2,Time_q1,Age_q3,Expenses_q0,?,Assets_q0,Amount_q1,Price_q1,no
good,rent,single,no,freelance,Seniority_q0,Time_q0,Age_q0,Expenses_q0,Income_q0,Assets_q0,Amount_q0,Price_q2,no
good,rent,married,no,partime,Seniority_q0,Time_q1,Age_q0,Expenses_q0,Income_q0,Assets_q0,Amount_q1,Price_q0,no
bad,owner,married,no,fixed,Seniority_q2,Time_q1,Age_q2,Expenses_q1,Income_q1,Assets_q1,Amount_q1,Price_q0,yes
good,rent,married,no,partime,Seniority_q0,Time_q0,Age_q2,Expenses_q1,Income_q1,Assets_q0,Amount_q1,Price_q0,no
good,owner,married,no,freelance,Seniority_q2,Time_q0,Age_q1,Expenses_q0,?,Assets_q0,Amount_q1,Price_q3,no
good,owner,married,yes,fixed,Seniority_q0,Time_q1,Age_q2,Expenses_q0,Income_q1,Assets_q1,Amount_q0,Price_q2,no
good,owner,married,no,freelance,Seniority_q0,Time_q1,Age_q3,Expenses_q0,Income_q0,Assets_q1,Amount_q3,Price_q1,no
good,owner,married,no,fixed,Seniority_q1,Time_q1,Age_q1,Expenses_q0,Income_q0,Assets_q1,Amount_q3,Price_q3,no
good,owner,single,yes,fixed,Seniority_q0,Time_q1,Age_q0,Expenses_q0,Income_q3,Assets_q1,Amount_q2,Price_q1,no
good,owner,married,no,freelance,Seniority_q2,Time_q0,Age_q3,Expenses_q2,?,Assets_q1,Amount_q1,Price_q1,no
good,parents,single,no,fixed,Seniority_q3,Time_q1,Age_q1,Expenses_q0,Income_q0,Assets_q0,Amount_q1,Price_q0,no
good,parents,single,no,fixed,Seniority_q0,Time_q0,Age_q1,Expenses_q0,Income_q1,Assets_q1,Amount_q0,Price_q1,no
good,rent,married,yes,fixed,Seniority_q1,Time_q1,Age_q1,Expenses_q1,Income_q1,Assets_q0,Amount_q1,Price_q0,no
good,owner,single,no,fixed,Seniority_q1,Time_q0,Age_q2,Expenses_q0,Income_q1,Assets_q1,Amount_q1,Price_q1,no
good,owner,married,no,freelance,Seniority_q1,Time_q1,Age_q2,Expenses_q1,Income_q0,Assets_q0,Amount_q2,Price_q2,yes
good,owner,married,no,fixed,Seniority_q0,Time_q1,Age_q0,Expenses_q0,Income_q3,Assets_q0,Amount_q3,Price_q3,no
good,other,single,no,fixed,Seniority_q0,Time_q1,Age_q2,Expenses_q0,Income_q1,Assets_q0,Amount_q2,Price_q2,no
good,rent,single,no,freelance,Seniority_q3,Time_q0,Age_q2,Expenses_q0,Income_q0,Assets_q0,Amount_q1,Price_q0,no
good,owner,married,yes,freelance,Seniority_q3,Time_q1,Age_q3,Expenses_q1,Income_q0,Assets_q1,Amount_q3,Price_q3,no
bad,owner,single,no,fixed,Seniority_q1,Time_q1,Age_q0,Expenses_q0,?,Assets_q1,Amount_q3,Price_q3,yes
good,owner,married,no,fixed,Seniority_q3,Time_q1,Age_q1,Expenses_q1,Income_q3,Assets_q1,Amount_q3,Price_q3,yes
good,rent,married,no,partime,Seniority_q0,Time_q1,Age_q0,Expenses_q0,Income_q0,Assets_q0,Amount_q3,Price_q3,no
good,owner,married,no,fixed,Seniority_q3,Time_q1,Age_q1,Expenses_q0,Income_q3,Assets_q0,Amount_q2,Price_q2,yes
good,rent,married,no,fixed,Seniority_q0,Time_q1,Age_q1,Expenses_q1,Income_q1,Assets_q0,Amount_q0,Price_q0,no
good,owner,married,no,freelance,Seniority_q3,Time_q1,Age_q2,Expenses_q1,Income_q3,Assets_q1,Amount_q2,Price_q1,no
good,owner,married,no,fixed,Seniority_q2,Time_q1,Age_q1,Expenses_q1,Income_q1,Assets_q1,Amount_q3,Price_q3,no
bad,parents,single,no,partime,Seniority_q0,Time_q0,Age_q0,Expenses_q0,Income_q1,Assets_q0,Amount_q2,Price_q2,no
good,parents,single,no,partime,Seniority_q0,Time_q1,Age_q2,Expenses_q0,Income_q2,Assets_q0,Amount_q2,Price_q2,no
bad,priv,married,no,partime,Seniority_q0,Time_q1,Age_q2,Expenses_q0,Income_q1,Assets_q0,Amount_q3,Price_q3,yes
bad,rent,single,yes,partime,Seniority_q0,Time_q1,Age_q0,Expenses_q1,Income_q1,Assets_q0,Amount_q2,Price_q2,no
bad,rent,single,yes,others,Seniority_q0,Time_q0,Age_q0,Expenses_q0,Income_q0,Assets_q0,Amount_q0,Price_q0,no
bad,parents,single,no,freelance,Seniority_q0,Time_q0,Age_q1,Expenses_q0,?,Assets_q0,Amount_q1,Price_q0,no
good,other,married,no,fixed,Seniority_q2,Time_q1,Age_q1,Expenses_q1,Income_q2,Assets_q0,Amount_q3,Price_q3,no
good,owner,married,no,fixed,Seniority_q3,Time_q1,Age_q2,Expenses_q1,Income_q1,Assets_q0,Amount_q1,Price_q2,no
good,parents,single,no,fixed,Seniority_q1,Time_q0,Age_q0,Expenses_q0,Income_q0,Assets_q0,Amount_q0,Price_q0,no
good,parents,married,no,fixed,Seniority_q1,Time_q0,Age_q0,Expenses_q0,Income_q1,Assets_q0,Amount_q2,Price_q3,no
bad,rent,single,no,partime,Seniority_q0,Time_q0,Age_q0,Expenses_q0,Income_q0,Assets_q0,Amount_q0,Price_q0,no
good,parents,married,no,fixed,Seniority_q1,Time_q0,Age_q0,Expenses_q0,Income_q3,Assets_q0,Amount_q1,Price_q1,no
good,owner,married,no,fixed,Seniority_q3,Time_q1,Age_q1,Expenses_q1,Income_q2,Assets_q0,Amount_q1,Price_q3,yes
good,owner,married,no,freelance,Seniority_q2,Time_q1,Age_q2,Expenses_q1,Income_q3,Assets_q1,Amount_q2,Price_q2,no
bad,parents,single,no,freelance,Seniority_q0,Time_q1,Age_q0,Expenses_q0,Income_q0,Assets_q0,Amount_q3,Price_q3,no
good,ignore,divorced,no,fixed,Seniority_q1,Time_q1,Age_q3,Expenses_q0,Income_q1,Assets_q1,Amount_q0,Price_q0,no
good,rent,single,no,fixed,Seniority_q1,Time_q0,Age_q0,Expenses_q0,Income_q0,Assets_q0,Amount_q0,Price_q0,no
bad,owner,married,yes,fixed,Seniority_q0,Time_q1,Age_q2,Expenses_q1,Income_q2,Assets_q0,Amount_q3,Price_q2,no
bad,owner,married,yes,fixed,Seniority_q1,Time_q0,Age_q2,Expenses_q1,Income_q0,Assets_q0,Amount_q0,Price_q0,no
good,parents,single,no,freelance,Seniority_q0,Time_q1,Age_q0,Expenses_q0,?,Assets_q0,Amount_q3,Price_q3,no
bad,parents,married,no,fixed,Seniority_q0,Time_q0,Age_q1,Expenses_q0,Income_q0,Assets_q0,Amount_q0,Price_q0,no
good,priv,married,no,fixed,Seniority_q1,Time_q1,Age_q1,Expenses_q2,Income_q3,Assets_q0,Amount_q0,Price_q0,yes
good,owner,separated,no,freelance,Seniority_q3,Time_q0,Age_q3,Expenses_q2,Income_q3,Assets_q1,Amount_q1,Price_q1,no
bad,owner,married,yes,freelance,Seniority_q1,Time_q0,Age_q2,Expenses_q1,?,Assets_q0,Amount_q0,Price_q0,no
good,owner,married,yes,fixed,Seniority_q2,Time_q0,Age_q2,Expenses_q1,Income_q3,Assets_q1,Amount_q1,Price_q3,yes
good,owner,single,no,partime,Seniority_q0,Time_q0,Age_q0,Expenses_q0,Income_q2,Assets_q0,Amount_q0,Price_q0,no
good,rent,married,no,fixed,Seniority_q2,Time_q1,Age_q1,Expenses_q2,Income_q2,Assets_q0,Amount_q1,Price_q0,no
good,other,married,no,fixed,Seniority_q2,Time_q1,Age_q1,Expenses_q1,Income_q0,Assets_q1,Amount_q3,Price_q3,no
good,other,married,no,fixed,Seniority_q0,Time_q0,Age_q0,Expenses_q0,Income_q3,Assets_q0,Amount_q1,Price_q0,no
bad,rent,married,no,others,Seniority_q0,Time_q1,Age_q3,Expenses_q1,Income_q1,Assets_q1,Amount_q3,Price_q3,no
good,owner,married,yes,fixed,Seniority_q2,Time_q1,Age_q3,Expenses_q2,Income_q3,Assets_q1,Amount_q3,Price_q3,no
good,rent,single,no,fixed,Seniority_q2,Time_q1,Age_q1,Expenses_q0,Income_q0,Assets_q0,Amount_q1,Price_q0,no
bad,parents,married,yes,fixed,Seniority_q1,Time_q1,Age_q1,Expenses_q0,Income_q1,Assets_q0,Amount_q3,Price_q2,no
bad,parents,single,no,fixed,Seniority_q0,Time_q0,Age_q0,Expenses_q0,Income_q1,Assets_q0,Amount_q0,Price_q0,no
good,rent,married,no,fixed,Seniority_q2,Time_q0,Age_q1,Expenses_q2,Income_q3,Assets_q0,Amount_q3,Price_q3,no
good,parents,single,no,fixed,Seniority_q3,Time_q1,Age_q1,Expenses_q0,Income_q1,Assets_q0,Amount_q1,Price_q0,no
bad,owner,married,yes,freelance,Seniority_q0,Time_q1,Age_q2,Expenses_q0,?,Assets_q1,Amount_q3,Price_q3,no
good,priv,married,no,freelance,Seniority_q1,Time_q0,Age_q2,Expenses_q1,?,Assets_q0,Amount_q3,Price_q3,no
bad,other,married,no,fixed,Seniority_q2,Time_q0,Age_q2,Expenses_q0,?,Assets_q0,Amount_q0,Price_q0,no
good,owner,married,no,fixed,Seniority_q2,Time_q0,Age_q1,Expenses_q1,Income_q0,Assets_q1,Amount_q1,Price_q3,yes
good,owner,married,no,freelance,Seniority_q2,Time_q0,Age_q3,Expenses_q0,Income_q3,Assets_q1,Amount_q3,Price_q3,no
good,owner,married,yes,fixed,Seniority_q1,Time_q1,Age_q1,Expenses_q0,Income_q3,Assets_q1,Amount_q2,Price_q1,yes
bad,parents,single,no,others,Seniority_q1,Time_q1,Age_q0,Expenses_q0,?,Assets_q0,Amount_q3,Price_q3,no
bad,owner,single,no,fixed,Seniority_q0,Time_q1,Age_q1,Expenses_q0,Income_q0,Assets_q0,Amount_q3,Price_q2,no
good,owner,married,yes,fixed,Seniority_q3,Time_q1,Age_q2,Expenses_q1,Income_q2,Assets_q1,Amount_q3,Price_q3,no
bad,parents,single,yes,partime,Seniority_q1,Time_q1,Age_q1,Expenses_q0,Income_q0,Assets_q0,Amount_q2,Price_q1,no
bad,rent,married,no,freelance,Seniority_q0,Time_q1,Age_q2,Expenses_q0,?,Assets_q0,Amount_q2,Price_q2,no
good,parents,married,yes,fixed,Seniority_q3,Time_q1,Age_q1,Expenses_q0,Income_q2,Assets_q0,Amount_q2,Price_q1,no
good,owner,married,no,fixed,Seniority_q3,Time_q1,Age_q3,Expenses_q0,Income_q0,Assets_q0,Amount_q1,Price_q0,no
good,owner,married,no,freelance,Seniority_q1,Time_q1,Age_q0,Expenses_q0,Income_q1,Assets_q0,Amount_q1,Price_q1,yes
good,owner,married,no,fixed,Seniority_q1,Time_q0,Age_q1,Expenses_q0,Income_q3,Assets_q1,Amount_q1,Price_q3,yes
good,owner,married,yes,fixed,Seniority_q2,Time_q1,Age_q1,Expenses_q0,Income_q2,Assets_q0,Amount_q2,Price_q0,no
good,rent,single,no,fixed,Seniority_q2,Time_q0,Age_q1,Expenses_q0,Income_q1,Assets_q0,Amount_q0,Price_q2,no
good,rent,married,no,fixed,Seniority_q0,Time_q1,Age_q2,Expenses_q1,Income_q2,Assets_q0,Amount_q3,Price_q2,no
good,parents,single,no,fixed,Seniority_q1,Time_q1,Age_q0,Expenses_q0,Income_q0,Assets_q0,Amount_q1,Price_q0,no
good,parents,married,no,fixed,Seniority_q1,Time_q1,Age_q0,Expenses_q0,Income_q3,Assets_q0,Amount_q1,Price_q3,no
good,rent,married,no,fixed,Seniority_q2,Time_q1,Age_q1,Expenses_q2,Income_q1,Assets_q0,Amount_q1,Price_q3,no
bad,rent,married,yes,partime,Seniority_q0,Time_q1,Age_q2,Expenses_q2,?,Assets_q0,Amount_q1,Price_q1,no
good,owner,married,no,fixed,Seniority_q3,Time_q1,Age_q2,Expenses_q1,Income_q0,Assets_q1,Amount_q1,Price_q0,no
good,owner,married,no,others,Seniority_q0,Time_q0,Age_q3,Expenses_q0,Income_q2,Assets_q1,Amount_q0,Price_q0,no
good,owner,married,no,fixed,Seniority_q2,Time_q1,Age_q1,Expenses_q0,Income_q2,Assets_q0,Amount_q2,Price_q3,no
bad,owner,widow,no,others,Seniority_q1,Time_q1,Age_q3,Expenses_q0,Income_q0,Assets_q0,Amount_q2,Price_q2,no
good,owner,married,no,fixed,Seniority_q3,Time_q1,Age_q3,Expenses_q0,Income_q2,Assets_q0,Amount_q3,Price_q3,no
bad,rent,separated,no,fixed,Seniority_q0,Time_q1,Age_q2,Expenses_q1,Income_q1,Assets_q0,Amount_q3,Price_q3,yes
good,parents,single,no,partime,Seniority_q0,Time_q1,Age_q0,Expenses_q0,Income_q0,Assets_q0,Amount_q2,Price_q1,no
good,owner,married,no,fixed,Seniority_q3,Time_q1,Age_q2,Expenses_q1,Income_q1,Assets_q0,Amount_q2,Price_q2,no
good,rent,separated,yes,freelance,Seniority_q1,Time_q1,Age_q2,Expenses_q2,Income_q3,Assets_q1,Amount_q3,Price_q3,no
good,owner,married,no,fixed,Seniority_q3,Time_q0,Age_q2,Expenses_q1,Income_q2,Assets_q0,Amount_q2,Price_q3,no
good,owner,married,no,fixed,Seniority_q3,Time_q1,Age_q2,Expenses_q1,Income_q1,Assets_q0,Amount_q2,Price_q3,yes
good,rent,married,no,partime,Seniority_q0,Time_q0,Age_q2,Expenses_q2,Income_q1,Assets_q0,Amount_q0,Price_q0,no
good,parents,single,no,fixed,Seniority_q0,Time_q1,Age_q0,Expenses_q0,Income_q0,Assets_q0,Amount_q1,Price_q1,no
bad,rent,single,no,partime,Seniority_q0,Time_q0,Age_q0,Expenses_q1,Income_q2,Assets_q0,Amount_q0,Price_q0,no
good,rent,married,no,fixed,Seniority_q2,Time_q1,Age_q1,Expenses_q2,Income_q3,Assets_q0,Amount_q3,Price_q3,no
good,parents,separated,no,fixed,Seniority_q1,Time_q1,Age_q1,Expenses_q0,Income_q1,Assets_q0,Amount_q1,Price_q1,no
bad,rent,married,yes,fixed,Seniority_q0,Time_q0,Age_q3,Expenses_q2,Income_q2,Assets_q0,Amount_q0,Price_q0,no
good,parents,divorced,yes,fixed,Seniority_q3,Time_q1,Age_q2,Expenses_q0,Income_q2,Assets_q0,Amount_q1,Price_q0,no
good,owner,married,yes,fixed,Seniority_q3,Time_q0,Age_q2,Expenses_q1,Income_q1,Assets_q0,Amount_q0,Price_q2,no
bad,parents,single,no,fixed,Seniority_q0,Time_q1,Age_q0,Expenses_q0,Income_q0,Assets_q0,Amount_q2,Price_q2,no
good,owner,married,no,fixed,Seniority_q3,Time_q1,Age_q0,Expenses_q0,Income_q3,Assets_q0,Amount_q3,Price_q3,no
bad,parents,single,no,partime,Seniority_q0,Time_q0,Age_q0,Expenses_q0,Income_q2,Assets_q0,Amount_q1,Price_q0,no
good,owner,married,no,fixed,Seniority_q1,Time_q1,Age_q0,Expenses_q0,Income_q1,Assets_q0,Amount_q3,Price_q3,yes
good,owner,married,no,fixed,Seniority_q0,Time_q1,Age_q0,Expenses_q0,Income_q0,Assets_q0,Amount_q2,Price_q2,no
bad,rent,married,yes,fixed,Seniority_q2,Time_q1,Age_q2,Expenses_q1,Income_q1,Assets_q0,Amount_q2,Price_q1,no
bad,owner,married,no,freelance,Seniority_q0,Time_q0,Age_q2,Expenses_q1,?,Assets_q0,Amount_q3,Price_q3,no
good,owner,married,yes,fixed,Seniority_q1,Time_q1,Age_q1,Expenses_q0,Income_q3,Assets_q1,Amount_q2,Price_q3,yes
good,parents,married,no,fixed,Seniority_q2,Time_q0,Age_q0,Expenses_q0,Income_q2,Assets_q0,Amount_q2,Price_q3,no
good,rent,married,no,fixed,Seniority_q3,Time_q1,Age_q2,Expenses_q2,Income_q1,Assets_q0,Amount_q2,Price_q1,no
good,owner,married,no,freelance,Seniority_q3,Time_q0,Age_q3,Expenses_q0,Income_q0,Assets_q1,Amount_q3,Price_q3,no
good,priv,single,no,freelance,Seniority_q3,Time_q0,Age_q3,Expenses_q0,Income_q1,Assets_q1,Amount_q0,Price_q0,no
good,owner,single,no,fixed,Seniority_q0,Time_q1,Age_q0,Expenses_q0,Income_q3,Assets_q0,Amount_q3,Price_q2,yes
good,rent,married,no,fixed,Seniority_q3,Time_q1,Age_q3,Expenses_q1,Income_q1,Assets_q0,Amount_q3,Price_q1,no
good,owner,married,yes,others,Seniority_q1,Time_q0,Age_q3,Expenses_q0,Income_q3,Assets_q1,Amount_q3,Price_q3,no
bad,rent,married,yes,fixed,Seniority_q1,Time_q1,Age_q1,Expenses_q1,Income_q2,Assets_q0,Amount_q1,Price_q3,no
good,owner,married,no,fixed,Seniority_q3,Time_q1,Age_q2,Expenses_q0,Income_q1,Assets_q0,Amount_q2,Price_q2,no
bad,parents,married,yes,freelance,Seniority_q0,Time_q1,Age_q1,Expenses_q1,?,Assets_q0,Amount_q3,Price_q3,no
good,priv,married,no,fixed,Seniority_q2,Time_q1,Age_q3,Expenses_q0,Income_q2,Assets_q1,Amount_q1,Price_q0,no
good,owner,married,no,fixed,Seniority_q3,Time_q1,Age_q3,Expenses_q0,Income_q1,Assets_q0,Amount_q3,Price_q2,no
good,priv,married,no,fixed,Seniority_q0,Time_q1,Age_q2,Expenses_q2,Income_q2,Assets_q1,Amount_q3,Price_q2,no
good,parents,single,no,fixed,Seniority_q0,Time_q0,Age_q0,Expenses_q0,Income_q0,Assets_q0,Amount_q0,Price_q0,no
bad,rent,married,no,fixed,Seniority_q1,Time_q1,Age_q2,Expenses_q2,Income_q3,Assets_q0,Amount_q3,Price_q3,no
good,owner,married,no,fixed,Seniority_q2,Time_q1,Age_q1,Expenses_q0,Income_q1,Assets_q1,Amount_q3,Price_q3,no
bad,rent,married,yes,partime,Seniority_q0,Time_q1,Age_q1,Expenses_q2,Income_q0,Assets_q0,Amount_q2,Price_q1,no
good,priv,married,no,fixed,Seniority_q1,Time_q1,Age_q0,Expenses_q0,Income_q3,Assets_q0,Amount_q3,Price_q2,yes
good,owner,married,yes,fixed,Seniority_q2,Time_q0,Age_q1,Expenses_q0,Income_q3,Assets_q0,Amount_q1,Price_q3,no
bad,rent,divorced,yes,partime,Seniority_q0,Time_q1,Age_q1,Expenses_q0,Income_q0,Assets_q0,Amount_q2,Price_q1,no
good,owner,single,no,partime,Seniority_q0,Time_q0,Age_q0,Expenses_q0,Income_q1,Assets_q1,Amount_q3,Price_q3,no
good,priv,married,no,freelance,Seniority_q3,Time_q1,Age_q3,Expenses_q0,Income_q0,Assets_q1,Amount_q2,Price_q1,no
bad,rent,single,no,fixed,Seniority_q2,Time_q1,Age_q1,Expenses_q1,Income_q1,Assets_q0,Amount_q3,Price_q2,no
good,priv,married,no,partime,Seniority_q0,Time_q1,Age_q2,Expenses_q0,Income_q3,Assets_q0,Amount_q2,Price_q2,no
good,owner,married,no,fixed,Seniority_q1,Time_q1,Age_q1,Expenses_q0,Income_q0,Assets_q0,Amount_q0,Price_q0,yes
bad,rent,married,yes,fixed,Seniority_q1,Time_q1,Age_q2,Expenses_q2,Income_q3,Assets_q0,Amount_q2,Price_q2,no
good,other,married,no,fixed,Seniority_q3,Time_q1,Age_q2,Expenses_q1,Income_q1,Assets_q1,Amount_q2,Price_q3,yes
bad,owner,widow,yes,fixed,Seniority_q3,Time_q1,Age_q3,Expenses_q0,Income_q1,Assets_q0,Amount_q3,Price_q2,yes
bad,parents,married,yes,fixed,Seniority_q2,Time_q1,Age_q1,Expenses_q0,Income_q1,Assets_q0,Amount_q3,Price_q3,no
bad,other,married,yes,freelance,Seniority_q3,Time_q1,Age_q2,Expenses_q2,?,Assets_q0,Amount_q3,Price_q3,no
good,parents,single,no,fixed,Seniority_q0,Time_q0,Age_q0,Expenses_q0,Income_q1,Assets_q0,Amount_q0,Price_q1,no
good,parents,single,no,freelance,Seniority_q1,Time_q1,Age_q0,Expenses_q0,Income_q0,Assets_q1,Amount_q3,Price_q3,no
good,owner,married,no,fixed,Seniority_q3,Time_q1,Age_q1,Expenses_q0,Income_q0,Assets_q0,Amount_q2,Price_q2,no
bad,owner,married,yes,fixed,Seniority_q3,Time_q1,Age_q2,Expenses_q0,Income_q1,Assets_q1,Amount_q3,Price_q3,no
good,rent,married,no,freelance,Seniority_q1,Time_q0,Age_q2,Expenses_q0,Income_q0,Assets_q1,Amount_q0,Price_q1,no
good,owner,married,yes,fixed,Seniority_q3,Time_q1,Age_q3,Expenses_q0,Income_q1,Assets_q0,Amount_q2,Price_q1,no
good,owner,married,no,fixed,Seniority_q1,Time_q0,Age_q0,Expenses_q0,Income_q2,Assets_q1,Amount_q1,Price_q2,yes
bad,owner,married,yes,fixed,Seniority_q2,Time_q0,Age_q2,Expenses_q0,Income_q0,Assets_q0,Amount_q0,Price_q0,yes
good,owner,married,no,freelance,Seniority_q2,Time_q1,Age_q1,Expenses_q1,Income_q2,Assets_q0,Amount_q2,Price_q1,no
good,owner,married,no,fixed,Seniority_q2,Time_q1,Age_q2,Expenses_q2,Income_q2,Assets_q1,Amount_q1,Price_q2,no
good,rent,married,no,fixed,Seniority_q0,Time_q1,Age_q0,Expenses_q1,Income_q3,Assets_q0,Amount_q2,Price_q1,no
good,rent,single,no,fixed,Seniority_q0,Time_q1,Age_q2,Expenses_q2,Income_q3,?,Amount_q2,Price_q1,no
bad,priv,married,no,freelance,Seniority_q0,Time_q0,Age_q0,Expenses_q0,?,Assets_q1,Amount_q1,Price_q1,no
bad,rent,married,no,partime,Seniority_q0,Time_q1,Age_q0,Expenses_q0,Income_q0,Assets_q0,Amount_q3,Price_q2,no
good,priv,married,no,fixed,Seniority_q0,Time_q1,Age_q0,Expenses_q0,Income_q2,Assets_q0,Amount_q2,Price_q1,yes
good,rent,married,no,fixed,Seniority_q3,Time_q0,Age_q2,Expenses_q1,Income_q0,Assets_q0,Amount_q1,Price_q0,no
bad,rent,married,yes,fixed,Seniority_q1,Time_q1,Age_q2,Expenses_q2,Income_q1,Assets_q0,Amount_q3,Price_q2,no
bad,rent,married,no,fixed,Seniority_q0,Time_q1,Age_q1,Expenses_q1,Income_q1,Assets_q0,Amount_q3,Price_q2,yes
good,rent,married,no,fixed,Seniority_q2,Time_q0,Age_q3,Expenses_q1,Income_q1,Assets_q0,Amount_q1,Price_q1,no
bad,owner,widow,no,others,Seniority_q0,Time_q1,Age_q3,Expenses_q0,Income_q1,Assets_q1,Amount_q3,Price_q3,no
good,other,single,yes,fixed,Seniority_q1,Time_q1,Age_q1,Expenses_q0,Income_q0,Assets_q0,Amount_q1,Price_q1,no
good,rent,married,no,fixed,Seniority_q3,Time_q0,Age_q3,Expenses_q2,Income_q1,Assets_q1,Amount_q0,Price_q0,no
bad,parents,single,no,partime,Seniority_q0,Time_q1,Age_q0,Expenses_q0,Income_q0,Assets_q0,Amount_q2,Price_q1,no
good,owner,married,no,fixed,Seniority_q2,Time_q1,Age_q0,Expenses_q1,Income_q3,Assets_q1,Amount_q3,Price_q3,yes
bad,rent,married,no,partime,Seniority_q0,Time_q1,Age_q1,Expenses_q2,Income_q2,Assets_q0,Amount_q1,Price_q0,no
bad,rent,married,no,partime,Seniority_q0,Time_q1,Age_q0,Expenses_q0,?,Assets_q0,Amount_q0,Price_q2,no
bad,parents,married,yes,fixed,Seniority_q0,Time_q1,Age_q2,Expenses_q2,Income_q3,Assets_q0,Amount_q3,Price_q3,no
bad,parents,single,no,freelance,Seniority_q0,Time_q0,Age_q0,Expenses_q0,Income_q3,Assets_q0,Amount_q0,Price_q0,no
good,owner,married,no,fixed,Seniority_q1,Time_q1,Age_q0,Expenses_q0,Income_q3,Assets_q1,Amount_q2,Price_q2,yes
good,owner,married,no,fixed,Seniority_q3,Time_q1,Age_q3,Expenses_q0,Income_q2,Assets_q0,Amount_q3,Price_q3,no
good,other,single,no,fixed,Seniority_q0,Time_q1,Age_q0,Expenses_q0,Income_q2,Assets_q0,Amount_q1,Price_q2,no
good,owner,married,no,freelance,Seniority_q2,Time_q1,Age_q3,Expenses_q0,Income_q3,Assets_q1,Amount_q3,Price_q2,no
good,owner,married,no,fixed,Seniority_q3,Time_q1,Age_q1,Expenses_q0,Income_q0,Assets_q0,Amount_q3,Price_q2,yes
good,owner,married,no,fixed,Seniority_q1,Time_q0,Age_q3,Expenses_q0,Income_q1,Assets_q1,Amount_q3,Price_q3,no
good,owner,married,no,fixed,Seniority_q3,Time_q1,Age_q3,Expenses_q2,Income_q3,Assets_q1,Amount_q1,Price_q1,yes
bad,owner,married,yes,partime,Seniority_q0,Time_q1,Age_q2,Expenses_q2,Income_q0,Assets_q1,Amount_q1,Price_q1,no
good,owner,married,no,freelance,Seniority_q3,Time_q0,Age_q3,Expenses_q1,Income_q1,Assets_q1,Amount_q1,Price_q3,no
bad,rent,married,no,fixed,Seniority_q1,Time_q1,Age_q0,Expenses_q1,Income_q1,Assets_q0,Amount_q3,Price_q2,no
bad,owner,married,no,fixed,Seniority_q0,Time_q1,Age_q2,Expenses_q1,Income_q0,Assets_q0,Amount_q3,Price_q2,no
good,owner,married,no,fixed,Seniority_q1,Time_q0,Age_q0,Expenses_q0,Income_q2,Assets_q1,Amount_q0,Price_q2,yes
bad,rent,widow,yes,freelance,Seniority_q1,Time_q1,Age_q3,Expenses_q0,?,Assets_q0,Amount_q1,Price_q3,no
good,owner,single,yes,fixed,Seniority_q3,Time_q1,Age_q2,Expenses_q0,Income_q3,Assets_q0,Amount_q3,Price_q2,no
bad,priv,married,no,partime,Seniority_q0,Time_q1,Age_q0,Expenses_q0,Income_q2,Assets_q0,Amount_q3,Price_q3,yes
bad,rent,married,yes,fixed,Seniority_q0,Time_q1,Age_q0,Expenses_q2,Income_q3,Assets_q0,Amount_q3,Price_q2,no
good,owner,married,no,freelance,Seniority_q2,Time_q1,Age_q3,Expenses_q0,Income_q2,Assets_q1,Amount_q3,Price_q3,no
good,owner,married,no,freelance,Seniority_q1,Time_q0,Age_q2,Expenses_q0,?,Assets_q0,Amount_q3,Price_q3,no
good,other,married,yes,fixed,Seniority_q0,Time_q0,Age_q1,Expenses_q0,Income_q3,Assets_q0,Amount_q1,Price_q1,no
good,owner,married,no,fixed,Seniority_q0,Time_q1,Age_q3,Expenses_q2,Income_q0,Assets_q0,Amount_q3,Price_q3,no
good,owner,single,no,fixed,Seniority_q0,Time_q1,Age_q1,Expenses_q0,Income_q1,Assets_q0,Amount_q0,Price_q0,no
good,owner,married,no,fixed,Seniority_q3,Time_q1,Age_q0,Expenses_q0,Income_q3,Assets_q0,Amount_q0,Price_q0,yes
bad,owner,married,no,freelance,Seniority_q2,Time_q1,Age_q3,Expenses_q1,Income_q1,?,Amount_q3,Price_q3,no
bad,owner,married,yes,partime,Seniority_q0,Time_q1,Age_q1,Expenses_q0,Income_q0,Assets_q1,Amount_q0,Price_q3,no
bad,parents,separated,no,others,Seniority_q0,Time_q1,Age_q0,Expenses_q0,?,Assets_q0,Amount_q1,Price_q3,no
good,parents,single,no,fixed,Seniority_q0,Time_q1,Age_q0,Expenses_q0,Income_q0,Assets_q0,Amount_q2,Price_q1,no
good,owner,married,no,fixed,Seniority_q3,Time_q0,Age_q2,Expenses_q2,Income_q1,Assets_q0,Amount_q0,Price_q0,no
good,owner,single,no,fixed,Seniority_q3,Time_q0,Age_q3,Expenses_q0,Income_q3,Assets_q0,Amount_q1,Price_q3,yes
good,rent,married,no,fixed,Seniority_q1,Time_q1,Age_q1,Expenses_q2,Income_q2,Assets_q0,Amount_q2,Price_q3,no
good,parents,single,yes,fixed,Seniority_q1,Time_q0,Age_q0,Expenses_q0,Income_q2,Assets_q0,Amount_q0,Price_q1,no
good,owner,married,no,freelance,Seniority_q3,Time_q0,Age_q2,Expenses_q2,?,Assets_q0,Amount_q0,Price_q0,yes
good,owner,single,no,others,Seniority_q0,Time_q1,Age_q3,Expenses_q0,Income_q3,Assets_q1,Amount_q2,Price_q1,no
good,owner,married,no,fixed,Seniority_q3,Time_q1,Age_q3,Expenses_q1,Income_q2,Assets_q0,Amount_q1,Price_q0,no
good,owner,single,yes,others,Seniority_q2,Time_q1,Age_q2,Expenses_q0,?,Assets_q1,Amount_q2,Price_q2,no
good,parents,married,no,fixed,Seniority_q0,Time_q0,Age_q2,Expenses_q1,Income_q1,Assets_q0,Amount_q0,Price_q0,no
bad,parents,married,no,partime,Seniority_q0,Time_q1,Age_q0,Expenses_q0,Income_q0,Assets_q0,Amount_q3,Price_q2,no
good,owner,married,no,fixed,Seniority_q2,Time_q0,Age_q3,Expenses_q1,Income_q3,Assets_q1,Amount_q1,Price_q3,no
good,owner,married,no,fixed,Seniority_q3,Time_q1,Age_q1,Expenses_q0,Income_q3,Assets_q1,Amount_q2,Price_q2,yes
good,owner,married,no,freelance,Seniority_q2,Time_q1,Age_q0,Expenses_q1,Income_q1,Assets_q0,Amount_q1,Price_q3,no
bad,rent,married,yes,freelance,Seniority_q3,Time_q0,Age_q2,Expenses_q2,Income_q0,Assets_q0,Amount_q2,Price_q1,no
good,owner,married,no,fixed,Seniority_q3,Time_q0,Age_q2,Expenses_q1,Income_q2,Assets_q1,Amount_q0,Price_q0,yes
bad,parents,single,no,partime,Seniority_q0,Time_q1,Age_q0,Expenses_q0,Income_q0,Assets_q0,Amount_q1,Price_q0,no
good,owner,married,no,freelance,Seniority_q1,Time_q1,Age_q2,Expenses_q0,Income_q3,Assets_q1,Amount_q3,Price_q3,yes
bad,owner,single,no,partime,Seniority_q0,Time_q1,Age_q0,Expenses_q0,Income_q1,Assets_q0,Amount_q2,Price_q1,yes
good,owner,married,yes,freelance,Seniority_q3,Time_q0,Age_q3,Expenses_q0,?,Assets_q1,Amount_q0,Price_q1,no
good,owner,married,yes,freelance,Seniority_q3,Time_q1,Age_q3,Expenses_q2,Income_q3,Assets_q1,Amount_q3,Price_q2,no
good,rent,single,no,fixed,Seniority_q0,Time_q1,Age_q0,Expenses_q1,Income_q1,Assets_q0,Amount_q3,Price_q2,no
good,owner,married,no,fixed,Seniority_q3,Time_q1,Age_q1,Expenses_q0,Income_q2,Assets_q1,Amount_q2,Price_q1,yes
good,owner,married,no,fixed,Seniority_q1,Time_q0,Age_q2,Expenses_q2,Income_q0,Assets_q0,Amount_q0,Price_q1,no
good,owner,married,no,fixed,Seniority_q3,Time_q1,Age_q1,Expenses_q0,Income_q1,Assets_q0,Amount_q1,Price_q0,yes
good,owner,married,no,partime,Seniority_q0,Time_q1,Age_q0,Expenses_q0,Income_q0,Assets_q0,Amount_q1,Price_q0,yes
good,owner,married,no,others,Seniority_q0,Time_q1,Age_q3,Expenses_q0,Income_q0,Assets_q1,Amount_q1,Price_q0,no
good,owner,married,no,fixed,Seniority_q2,Time_q1,Age_q0,Expenses_q0,Income_q3,Assets_q0,Amount_q2,Price_q2,no
bad,parents,single,no,fixed,Seniority_q2,Time_q1,Age_q0,Expenses_q0,Income_q1,Assets_q0,Amount_q0,Price_q1,no
bad,owner,married,no,partime,Seniority_q0,Time_q1,Age_q3,Expenses_q0,Income_q0,Assets_q0,Amount_q1,Price_q1,no
good,parents,single,no,fixed,Seniority_q3,Time_q0,Age_q2,Expenses_q0,Income_q0,Assets_q0,Amount_q0,Price_q1,no
good,rent,married,no,fixed,Seniority_q1,Time_q1,Age_q0,Expenses_q1,Income_q3,Assets_q0,Amount_q3,Price_q2,no
bad,priv,married,no,partime,Seniority_q0,Time_q1,Age_q3,Expenses_q2,Income_q2,Assets_q0,Amount_q3,Price_q3,yes
good,owner,married,no,fixed,Seniority_q3,Time_q0,Age_q3,Expenses_q0,Income_q2,Assets_q0,Amount_q0,Price_q0,no
good,owner,married,no,freelance,Seniority_q0,Time_q0,Age_q2,Expenses_q1,Income_q1,?,Amount_q0,Price_q0,no
bad,priv,married,no,fixed,Seniority_q0,Time_q1,Age_q0,Expenses_q0,Income_q2,Assets_q0,Amount_q0,Price_q2,no
bad,rent,married,no,freelance,Seniority_q3,Time_q0,Age_q2,Expenses_q2,Income_q0,Assets_q1,Amount_q3,Price_q2,yes
bad,rent,married,yes,freelance,Seniority_q3,Time_q0,Age_q3,Expenses_q2,Income_q0,Assets_q0,Amount_q0,Price_q0,no
good,parents,single,no,partime,Seniority_q0,Time_q0,Age_q0,Expenses_q0,Income_q1,Assets_q0,Amount_q0,Price_q1,no
bad,other,married,yes,fixed,Seniority_q2,Time_q1,Age_q1,Expenses_q0,Income_q1,Assets_q0,Amount_q3,Price_q3,no
good,other,married,no,freelance,Seniority_q2,Time_q1,Age_q1,Expenses_q0,Income_q0,Assets_q0,Amount_q1,Price_q0,no
good,other,married,yes,fixed,Seniority_q3,Time_q1,Age_q3,Expenses_q1,Income_q3,Assets_q0,Amount_q1,Price_q0,no
good,owner,widow,no,others,Seniority_q1,Time_q1,Age_q3,Expenses_q0,?,?,Amount_q2,Price_q1,no
good,owner,married,yes,freelance,Seniority_q2,Time_q1,Age_q1,Expenses_q2,Income_q3,Assets_q1,Amount_q2,Price_q1,no
bad,rent,married,yes,fixed,Seniority_q3,Time_q1,Age_q2,Expenses_q2,Income_q3,Assets_q0,Amount_q1,Price_q2,no
good,owner,married,no,fixed,Seniority_q0,Time_q0,Age_q1,Expenses_q1,Income_q1,Assets_q1,Amount_q3,Price_q3,yes
good,other,married,no,fixed,Seniority_q3,Time_q1,Age_q1,Expenses_q0,Income_q3,Assets_q0,Amount_q1,Price_q2,no
good,owner,married,no,fixed,Seniority_q1,Time_q0,Age_q2,Expenses_q0,Income_q2,Assets_q0,Amount_q0,Price_q3,no
good,owner,married,yes,fixed,Seniority_q3,Time_q0,Age_q3,Expenses_q2,Income_q3,Assets_q1,Amount_q1,Price_q1,no
good,owner,married,no,freelance,Seniority_q3,Time_q0,Age_q3,Expenses_q0,Income_q1,Assets_q1,Amount_q2,Price_q1,no
good,owner,married,no,fixed,Seniority_q3,Time_q1,Age_q2,Expenses_q1,Income_q2,Assets_q1,Amount_q1,Price_q1,yes
good,owner,married,no,fixed,Seniority_q3,Time_q1,Age_q3,Expenses_q0,Income_q1,Assets_q0,Amount_q2,Price_q1,no
good,parents,married,no,partime,Seniority_q0,Time_q1,Age_q0,Expenses_q0,Income_q3,Assets_q1,Amount_q3,Price_q2,no
good,owner,married,yes,fixed,Seniority_q0,Time_q1,Age_q1,Expenses_q0,Income_q2,Assets_q0,Amount_q1,Price_q1,no
bad,owner,single,yes,fixed,Seniority_q0,Time_q1,Age_q0,Expenses_q0,Income_q1,Assets_q1,Amount_q0,Price_q3,no
good,owner,married,no,freelance,Seniority_q3,Time_q1,Age_q3,Expenses_q0,Income_q3,Assets_q1,Amount_q3,Price_q2,no
good,owner,married,no,fixed,Seniority_q3,Time_q0,Age_q3,Expenses_q2,Income_q2,Assets_q1,Amount_q0,Price_q1,no
good,owner,married,no,fixed,Seniority_q2,Time_q1,Age_q1,Expenses_q0,Income_q0,Assets_q0,Amount_q0,Price_q3,no
good,other,separated,no,freelance,Seniority_q3,Time_q0,Age_q3,Expenses_q0,Income_q2,Assets_q0,Amount_q3,Price_q3,no
good,parents,single,yes,fixed,Seniority_q0,Time_q1,Age_q0,Expenses_q0,Income_q3,Assets_q0,Amount_q1,Price_q0,no
bad,parents,single,yes,fixed,Seniority_q1,Time_q0,Age_q0,Expenses_q0,Income_q1,Assets_q0,Amount_q1,Price_q1,no
good,owner,married,no,fixed,Seniority_q3,Time_q1,Age_q1,Expenses_q0,Income_q2,Assets_q1,Amount_q1,Price_q0,no
good,parents,married,no,fixed,Seniority_q1,Time_q1,Age_q3,Expenses_q0,Income_q1,Assets_q0,Amount_q2,Price_q2,no
good,owner,married,yes,fixed,Seniority_q0,Time_q1,Age_q0,Expenses_q0,Income_q3,Assets_q0,Amount_q1,Price_q2,yes
bad,owner,married,yes,others,Seniority_q0,Time_q1,Age_q3,Expenses_q0,Income_q2,Assets_q1,Amount_q3,Price_q2,no
good,owner,married,no,fixed,Seniority_q3,Time_q1,Age_q3,Expenses_q0,Income_q3,Assets_q0,Amount_q1,Price_q2,yes
good,owner,married,no,fixed,Seniority_q2,Time_q1,Age_q3,Expenses_q2,Income_q2,Assets_q0,Amount_q0,Price_q0,yes
good,rent,married,no,fixed,Seniority_q2,Time_q1,Age_q0,Expenses_q1,Income_q2,Assets_q0,Amount_q2,Price_q1,no
good,rent,married,no,fixed,Seniority_q0,Time_q1,Age_q0,Expenses_q2,Income_q2,Assets_q0,Amount_q2,Price_q3,no
bad,rent,single,yes,fixed,Seniority_q0,Time_q1,Age_q3,Expenses_q1,Income_q2,Assets_q0,Amount_q1,Price_q1,no
good,priv,married,no,fixed,Seniority_q2,Time_q1,Age_q3,Expenses_q0,Income_q1,Assets_q0,Amount_q1,Price_q0,no
good,owner,married,no,fixed,Seniority_q2,Time_q0,Age_q2,Expenses_q1,Income_q3,Assets_q1,Amount_q1,Price_q3,no
bad,parents,separated,no,fixed,Seniority_q2,Time_q0,Age_q1,Expenses_q0,Income_q3,Assets_q0,Amount_q2,Price_q1,no
good,owner,married,no,fixed,Seniority_q1,Time_q1,Age_q3,Expenses_q1,Income_q2,Assets_q0,Amount_q0,Price_q0,no
good,owner,single,no,fixed,Seniority_q2,Time_q0,Age_q0,Expenses_q0,Income_q0,Assets_q1,Amount_q1,Price_q1,no
good,parents,single,no,fixed,Seniority_q0,Time_q1,Age_q1,Expenses_q0,Income_q1,Assets_q0,Amount_q1,Price_q3,no
bad,priv,married,no,fixed,Seniority_q1,Time_q1,Age_q0,Expenses_q1,Income_q2,Assets_q0,Amount_q1,Price_q1,yes
good,owner,married,no,freelance,Seniority_q3,Time_q0,Age_q3,Expenses_q0,Income_q2,Assets_q1,Amount_q1,Price_q2,no
bad,owner,widow,no,fixed,Seniority_q2,Time_q1,Age_q3,Expenses_q0,Income_q2,Assets_q0,Amount_q3,Price_q2,no
good,parents,single,no,partime,Seniority_q0,Time_q0,Age_q0,Expenses_q0,Income_q0,Assets_q0,Amount_q0,Price_q0,no
good,owner,married,no,fixed,Seniority_q3,Time_q1,Age_q1,Expenses_q1,Income_q2,Assets_q1,Amount_q3,Price_q3,no
good,owner,married,no,fixed,Seniority_q2,Time_q0,Age_q3,Expenses_q1,Income_q0,Assets_q0,Amount_q0,Price_q0,no
good,owner,married,no,freelance,Seniority_q3,Time_q0,Age_q3,Expenses_q0,?,Assets_q0,Amount_q1,Price_q2,no
good,owner,married,no,fixed,Seniority_q3,Time_q1,Age_q3,Expenses_q2,Income_q0,Assets_q1,Amount_q3,Price_q3,no
good,owner,single,no,fixed,Seniority_q3,Time_q1,Age_q2,Expenses_q0,Income_q1,Assets_q1,Amount_q1,Price_q0,yes
good,owner,married,no,fixed,Seniority_q3,Time_q0,Age_q2,Expenses_q1,Income_q2,Assets_q0,Amount_q0,Price_q0,no
good,owner,widow,no,others,Seniority_q2,Time_q1,Age_q3,Expenses_q0,Income_q0,Assets_q1,Amount_q1,Price_q0,no
good,other,single,no,partime,Seniority_q0,Time_q0,Age_q0,Expenses_q0,Income_q0,Assets_q0,Amount_q0,Price_q0,no
bad,owner,married,yes,fixed,Seniority_q3,Time_q0,Age_q2,Expenses_q2,Income_q1,Assets_q1,Amount_q2,Price_q1,yes
good,owner,married,no,freelance,Seniority_q2,Time_q1,Age_q3,Expenses_q1,Income_q3,Assets_q1,Amount_q1,Price_q1,no
bad,other,divorced,yes,fixed,Seniority_q2,Time_q1,Age_q0,Expenses_q0,Income_q1,Assets_q0,Amount_q2,Price_q2,no
bad,owner,married,no,freelance,Seniority_q1,Time_q0,Age_q3,Expenses_q0,?,?,Amount_q0,Price_q0,no
good,parents,single,no,fixed,Seniority_q2,Time_q1,Age_q0,Expenses_q0,Income_q1,Assets_q0,Amount_q1,Price_q2,no
good,parents,single,no,freelance,Seniority_q0,Time_q1,Age_q0,Expenses_q0,Income_q0,Assets_q0,Amount_q1,Price_q0,no
bad,rent,married,no,fixed,Seniority_q3,Time_q1,Age_q3,Expenses_q1,Income_q1,Assets_q0,Amount_q1,Price_q1,no
good,owner,married,no,fixed,Seniority_q3,Time_q0,Age_q2,Expenses_q0,Income_q3,Assets_q0,Amount_q0,Price_q0,no
bad,owner,single,no,freelance,Seniority_q0,Time_q0,Age_q0,Expenses_q0,?,Assets_q1,Amount_q0,Price_q0,no
good,parents,single,no,fixed,Seniority_q1,Time_q1,Age_q0,Expenses_q0,Income_q1,Assets_q0,Amount_q2,Price_q3,no
bad,owner,married,no,fixed,Seniority_q2,Time_q1,Age_q2,Expenses_q1,Income_q0,Assets_q0,Amount_q2,Price_q1,no
good,owner,married,no,fixed,Seniority_q2,Time_q1,Age_q1,Expenses_q0,Income_q1,Assets_q0,Amount_q3,Price_q3,yes
good,parents,single,yes,fixed,Seniority_q0,Time_q1,Age_q0,Expenses_q0,Income_q3,Assets_q0,Amount_q2,Price_q2,no
good,parents,married,yes,fixed,Seniority_q0,Time_q1,Age_q3,Expenses_q0,Income_q1,Assets_q0,Amount_q1,Price_q1,no
good,owner,married,no,fixed,Seniority_q2,Time_q0,Age_q0,Expenses_q0,Income_q2,Assets_q0,Amount_q1,Price_q0,no
good,rent,single,no,fixed,Seniority_q1,Time_q1,Age_q0,Expenses_q1,Income_q2,Assets_q0,Amount_q0,Price_q2,no
bad,rent,married,yes,freelance,Seniority_q2,Time_q1,Age_q3,Expenses_q0,?,Assets_q0,Amount_q1,Price_q0,no
good,owner,married,no,fixed,Seniority_q3,Time_q0,Age_q2,Expenses_q0,Income_q0,Assets_q0,Amount_q1,Price_q1,no
good,owner,married,no,freelance,Seniority_q3,Time_q1,Age_q3,Expenses_q0,Income_q3,Assets_q1,Amount_q1,Price_q0,no
bad,rent,married,yes,fixed,Seniority_q0,Time_q0,Age_q3,Expenses_q2,Income_q3,Assets_q0,Amount_q0,Price_q0,no
bad,parents,single,no,fixed,Seniority_q0,Time_q1,Age_q0,Expenses_q0,Income_q0,Assets_q0,Amount_q2,Price_q1,no
bad,rent,widow,no,others,Seniority_q0,Time_q1,Age_q1,Expenses_q0,Income_q0,Assets_q0,Amount_q2,Price_q2,no
good,other,married,no,fixed,Seniority_q3,Time_q1,Age_q2,Expenses_q1,Income_q1,?,Amount_q2,Price_q3,no
good,owner,married,no,fixed,Seniority_q3,Time_q1,Age_q3,Expenses_q0,Income_q1,Assets_q0,Amount_q1,Price_q2,no
good,rent,separated,no,fixed,Seniority_q1,Time_q0,Age_q3,Expenses_q1,Income_q1,Assets_q0,Amount_q0,Price_q0,no
good,owner,married,no,others,Seniority_q0,Time_q1,Age_q3,Expenses_q0,Income_q3,Assets_q1,Amount_q1,Price_q1,no
good,owner,married,no,freelance,Seniority_q2,Time_q1,Age_q1,Expenses_q0,?,Assets_q1,Amount_q0,Price_q3,yes
bad,owner,single,no,others,Seniority_q0,Time_q1,Age_q3,Expenses_q0,Income_q0,?,Amount_q0,Price_q1,no
bad,other,single,no,partime,Seniority_q0,Time_q1,Age_q1,Expenses_q0,Income_q3,Assets_q0,Amount_q1,Price_q0,no
good,owner,married,no,fixed,Seniority_q3,Time_q0,Age_q3,Expenses_q2,Income_q2,Assets_q1,Amount_q2,Price_q3,no
bad,rent,single,yes,fixed,Seniority_q1,Time_q1,Age_q0,Expenses_q0,Income_q1,Assets_q0,Amount_q2,Price_q2,no
good,other,married,no,fixed,Seniority_q2,Time_q0,Age_q2,Expenses_q0,Income_q2,Assets_q0,Amount_q1,Price_q1,no
good,owner,married,no,fixed,Seniority_q3,Time_q0,Age_q2,Expenses_q2,Income_q2,Assets_q0,Amount_q2,Price_q2,no
bad,owner,separated,no,freelance,Seniority_q2,Time_q1,Age_q3,Expenses_q0,?,Assets_q1,Amount_q3,Price_q3,no
bad,rent,married,yes,freelance,Seniority_q0,Time_q0,Age_q3,Expenses_q2,?,Assets_q0,Amount_q0,Price_q0,no
good,rent,married,no,partime,Seniority_q1,Time_q0,Age_q1,Expenses_q1,Income_q0,Assets_q0,Amount_q0,Price_q0,no
bad,other,married,yes,partime,Seniority_q0,Time_q1,Age_q2,Expenses_q1,Income_q0,Assets_q0,Amount_q1,Price_q2,no
good,owner,single,yes,fixed,Seniority_q2,Time_q1,Age_q2,Expenses_q0,Income_q1,Assets_q0,Amount_q1,Price_q2,no
good,parents,single,no,freelance,Seniority_q0,Time_q1,Age_q0,Expenses_q0,Income_q1,Assets_q0,Amount_q2,Price_q1,no
good,owner,married,no,fixed,Seniority_q2,Time_q1,Age_q1,Expenses_q0,Income_q3,Assets_q1,Amount_q2,Price_q2,yes
good,owner,single,no,fixed,Seniority_q1,Time_q1,Age_q1,Expenses_q0,Income_q0,Assets_q0,Amount_q0,Price_q0,yes
good,parents,married,no,freelance,Seniority_q0,Time_q1,Age_q0,Expenses_q0,Income_q2,Assets_q0,Amount_q1,Price_q1,no
good,rent,married,no,freelance,Seniority_q0,Time_q0,Age_q1,Expenses_q1,Income_q1,Assets_q0,Amount_q1,Price_q3,no
bad,rent,married,yes,partime,Seniority_q0,Time_q1,Age_q0,Expenses_q1,Income_q2,Assets_q0,Amount_q3,Price_q3,no
good,rent,married,no,fixed,Seniority_q2,Time_q1,Age_q1,Expenses_q2,Income_q3,Assets_q0,Amount_q1,Price_q3,no
bad,parents,single,no,fixed,Seniority_q0,Time_q0,Age_q0,Expenses_q0,Income_q0,Assets_q0,Amount_q0,Price_q0,no
bad,parents,married,no,partime,Seniority_q0,Time_q1,Age_q0,Expenses_q0,Income_q0,Assets_q0,Amount_q0,Price_q3,no
good,owner,married,no,freelance,Seniority_q0,Time_q1,Age_q3,Expenses_q0,Income_q3,Assets_q1,Amount_q1,Price_q0,no
good,rent,married,no,partime,Seniority_q3,Time_q0,Age_q3,Expenses_q2,Income_q1,Assets_q0,Amount_q1,Price_q0,no
good,owner,married,no,others,Seniority_q1,Time_q1,Age_q3,Expenses_q0,Income_q2,Assets_q0,Amount_q0,Price_q0,no
good,rent,married,no,partime,Seniority_q1,Time_q1,Age_q1,Expenses_q0,Income_q0,Assets_q0,Amount_q1,Price_q1,no
good,parents,single,no,partime,Seniority_q0,Time_q0,Age_q0,Expenses_q0,Income_q1,Assets_q0,Amount_q2,Price_q0,no
good,parents,single,no,fixed,Seniority_q1,Time_q1,Age_q0,Expenses_q0,Income_q0,Assets_q0,Amount_q2,Price_q1,no
good,priv,married,yes,fixed,Seniority_q2,Time_q0,Age_q3,Expenses_q0,Income_q0,Assets_q0,Amount_q0,Price_q1,no
good,owner,married,yes,fixed,Seniority_q2,Time_q0,Age_q1,Expenses_q0,Income_q3,Assets_q0,Amount_q1,Price_q3,no
bad,owner,widow,no,partime,Seniority_q0,Time_q1,Age_q3,Expenses_q0,Income_q0,Assets_q0,Amount_q1,Price_q0,no
good,owner,married,no,partime,Seniority_q1,Time_q1,Age_q0,Expenses_q0,Income_q2,Assets_q1,Amount_q2,Price_q1,yes
bad,rent,single,no,freelance,Seniority_q0,Time_q1,Age_q1,Expenses_q0,?,Assets_q0,Amount_q2,Price_q2,no
bad,owner,married,yes,freelance,Seniority_q3,Time_q0,Age_q3,Expenses_q0,?,Assets_q0,Amount_q0,Price_q0,no
good,owner,married,no,fixed,Seniority_q0,Time_q1,Age_q2,Expenses_q1,Income_q0,Assets_q0,Amount_q1,Price_q1,no
good,owner,married,no,fixed,Seniority_q2,Time_q1,Age_q1,Expenses_q1,Income_q1,Assets_q1,Amount_q0,Price_q0,yes
good,owner,married,no,fixed,Seniority_q3,Time_q0,Age_q3,Expenses_q0,Income_q0,Assets_q0,Amount_q0,Price_q0,no
bad,priv,married,no,fixed,Seniority_q2,Time_q1,Age_q2,Expenses_q1,Income_q1,Assets_q0,Amount_q3,Price_q2,yes
bad,parents,married,no,partime,Seniority_q0,Time_q1,Age_q1,Expenses_q0,Income_q0,Assets_q0,Amount_q1,Price_q2,no
bad,parents,married,yes,partime,Seniority_q0,Time_q1,Age_q0,Expenses_q0,Income_q3,Assets_q0,Amount_q3,Price_q3,no
bad,owner,married,no,fixed,Seniority_q2,Time_q1,Age_q0,Expenses_q0,Income_q0,Assets_q0,Amount_q3,Price_q2,no
good,owner,single,no,fixed,Seniority_q0,Time_q1,Age_q3,Expenses_q0,Income_q1,Assets_q0,Amount_q3,Price_q2,no
good,owner,single,no,fixed,Seniority_q3,Time_q1,Age_q2,Expenses_q0,Income_q0,Assets_q0,Amount_q0,Price_q1,no
good,owner,married,no,freelance,Seniority_q0,Time_q1,Age_q2,Expenses_q1,Income_q1,Assets_q0,Amount_q1,Price_q0,no
bad,rent,married,yes,fixed,Seniority_q0,Time_q0,Age_q2,Expenses_q2,Income_q0,Assets_q0,Amount_q2,Price_q3,no
good,parents,married,yes,fixed,Seniority_q0,Time_q1,Age_q2,Expenses_q1,Income_q1,Assets_q1,Amount_q2,Price_q2,no
good,rent,married,no,fixed,Seniority_q3,Time_q1,Age_q3,Expenses_q2,Income_q1,Assets_q0,Amount_q2,Price_q2,no
good,rent,married,yes,freelance,Seniority_q1,Time_q0,Age_q3,Expenses_q0,?,Assets_q0,Amount_q1,Price_q0,no
good,parents,single,no,freelance,Seniority_q2,Time_q0,Age_q0,Expenses_q0,Income_q2,Assets_q0,Amount_q0,Price_q0,no
good,rent,single,no,fixed,Seniority_q0,Time_q1,Age_q0,Expenses_q1,Income_q1,Assets_q0,Amount_q3,Price_q2,no
bad,priv,married,no,partime,Seniority_q2,Time_q1,Age_q1,Expenses_q1,Income_q1,Assets_q0,Amount_q1,Price_q1,no
good,owner,married,no,fixed,Seniority_q1,Time_q0,Age_q2,Expenses_q1,Income_q0,Assets_q1,Amount_q2,Price_q2,no
good,rent,single,no,partime,Seniority_q0,Time_q0,Age_q1,Expenses_q0,Income_q0,Assets_q0,Amount_q2,Price_q2,no
good,owner,married,no,fixed,Seniority_q2,Time_q0,Age_q1,Expenses_q1,Income_q0,Assets_q0,Amount_q0,Price_q0,no
good,rent,married,no,fixed,Seniority_q2,Time_q1,Age_q1,Expenses_q1,Income_q2,Assets_q0,Amount_q2,Price_q2,no
good,owner,married,no,fixed,Seniority_q3,Time_q0,Age_q1,Expenses_q0,Income_q2,Assets_q1,Amount_q0,Price_q1,yes
good,owner,married,no,freelance,Seniority_q1,Time_q1,Age_q2,Expenses_q0,?,Assets_q1,Amount_q2,Price_q2,no
bad,parents,married,yes,freelance,Seniority_q0,Time_q1,Age_q1,Expenses_q0,?,Assets_q0,Amount_q1,Price_q2,no
bad,rent,married,no,partime,Seniority_q0,Time_q1,Age_q1,Expenses_q2,Income_q2,Assets_q0,Amount_q1,Price_q0,no
good,parents,married,yes,fixed,Seniority_q3,Time_q1,Age_q2,Expenses_q1,Income_q3,Assets_q0,Amount_q3,Price_q3,no
good,owner,married,yes,fixed,Seniority_q2,Time_q1,Age_q2,Expenses_q0,Income_q1,Assets_q1,Amount_q1,Price_q2,yes
bad,owner,married,no,fixed,Seniority_q0,Time_q1,Age_q2,Expenses_q0,Income_q0,Assets_q1,Amount_q1,Price_q0,yes
good,owner,married,no,fixed,Seniority_q2,Time_q1,Age_q2,Expenses_q1,Income_q3,Assets_q1,Amount_q3,Price_q3,no
bad,owner,separated,yes,fixed,Seniority_q2,Time_q0,Age_q2,Expenses_q1,Income_q2,Assets_q1,Amount_q1,Price_q1,yes
good,owner,married,no,freelance,Seniority_q3,Time_q0,Age_q3,Expenses_q0,Income_q0,Assets_q1,Amount_q0,Price_q1,no
bad,owner,married,yes,fixed,Seniority_q0,Time_q1,Age_q1,Expenses_q0,Income_q0,Assets_q0,Amount_q1,Price_q0,yes
bad,owner,married,no,freelance,Seniority_q0,Time_q1,Age_q2,Expenses_q2,?,Assets_q1,Amount_q3,Price_q2,yes
bad,owner,married,no,fixed,Seniority_q0,Time_q1,Age_q1,Expenses_q1,Income_q3,Assets_q0,Amount_q2,Price_q2,yes
good,parents,married,no,fixed,Seniority_q3,Time_q0,Age_q3,Expenses_q0,Income_q3,Assets_q0,Amount_q1,Price_q1,no
good,owner,married,no,fixed,Seniority_q0,Time_q1,Age_q1,Expenses_q0,Income_q3,Assets_q0,Amount_q3,Price_q3,no
bad,parents,single,no,partime,Seniority_q0,Time_q0,Age_q0,Expenses_q0,Income_q1,Assets_q0,Amount_q1,Price_q3,no
good,rent,married,no,fixed,Seniority_q3,Time_q1,Age_q3,Expenses_q1,Income_q1,Assets_q1,Amount_q1,Price_q0,no
good,priv,married,no,fixed,Seniority_q3,Time_q1,Age_q3,Expenses_q1,Income_q0,Assets_q0,Amount_q2,Price_q2,yes
bad,owner,married,no,fixed,Seniority_q1,Time_q1,Age_q0,Expenses_q0,Income_q3,Assets_q0,Amount_q2,Price_q2,yes
good,parents,single,no,fixed,Seniority_q0,Time_q0,Age_q0,Expenses_q0,Income_q1,Assets_q0,Amount_q1,Price_q2,no
good,owner,single,no,freelance,Seniority_q1,Time_q0,Age_q3,Expenses_q0,Income_q3,Assets_q1,Amount_q3,Price_q3,no
bad,rent,married,no,fixed,Seniority_q2,Time_q1,Age_q1,Expenses_q2,Income_q1,Assets_q0,Amount_q2,Price_q0,no
bad,parents,single,no,fixed,Seniority_q0,Time_q1,Age_q0,Expenses_q2,Income_q2,Assets_q0,Amount_q3,Price_q3,no
bad,owner,separated,no,fixed,Seniority_q3,Time_q1,Age_q3,Expenses_q0,Income_q1,Assets_q1,Amount_q3,Price_q3,no
bad,owner,married,no,fixed,Seniority_q3,Time_q1,Age_q2,Expenses_q2,Income_q3,Assets_q1,Amount_q3,Price_q3,yes
good,owner,married,no,fixed,Seniority_q2,Time_q0,Age_q1,Expenses_q0,Income_q2,Assets_q1,Amount_q2,Price_q3,no
bad,parents,single,yes,freelance,Seniority_q0,Time_q1,Age_q0,Expenses_q0,Income_q1,Assets_q0,Amount_q3,Price_q3,no
good,owner,married,no,fixed,Seniority_q0,Time_q1,Age_q2,Expenses_q2,Income_q1,Assets_q1,Amount_q1,Price_q2,yes
good,rent,married,no,fixed,Seniority_q3,Time_q1,Age_q1,Expenses_q2,Income_q1,Assets_q0,Amount_q0,Price_q0,no
good,owner,single,yes,fixed,Seniority_q3,Time_q1,Age_q1,Expenses_q0,Income_q2,Assets_q0,Amount_q2,Price_q1,yes
good,parents,married,yes,fixed,Seniority_q0,Time_q0,Age_q2,Expenses_q0,Income_q3,Assets_q1,Amount_q3,Price_q3,no
good,owner,married,no,fixed,Seniority_q3,Time_q1,Age_q0,Expenses_q0,Income_q1,Assets_q1,Amount_q2,Price_q1,yes
bad,priv,married,yes,partime,Seniority_q0,Time_q1,Age_q2,Expenses_q0,Income_q1,Assets_q0,Amount_q3,Price_q3,no
good,owner,married,no,fixed,Seniority_q2,Time_q1,Age_q3,Expenses_q1,Income_q2,Assets_q1,Amount_q0,Price_q3,no
good,owner,married,no,fixed,Seniority_q3,Time_q1,Age_q1,Expenses_q0,Income_q1,Assets_q0,Amount_q2,Price_q3,no
bad,owner,married,yes,freelance,Seniority_q0,Time_q0,Age_q1,Expenses_q1,Income_q3,Assets_q0,Amount_q2,Price_q1,no
bad,rent,married,no,freelance,Seniority_q1,Time_q1,Age_q1,Expenses_q0,?,Assets_q0,Amount_q2,Price_q1,no
good,owner,married,no,fixed,Seniority_q2,Time_q0,Age_q3,Expenses_q2,Income_q3,Assets_q0,Amount_q2,Price_q2,no
good,parents,single,no,fixed,Seniority_q0,Time_q1,Age_q0,Expenses_q0,Income_q0,Assets_q0,Amount_q0,Price_q1,no
bad,parents,single,no,partime,Seniority_q0,Time_q1,Age_q0,Expenses_q0,Income_q0,Assets_q0,Amount_q2,Price_q2,no
good,rent,married,yes,fixed,Seniority_q2,Time_q0,Age_q1,Expenses_q1,Income_q3,Assets_q0,Amount_q0,Price_q2,no
good,rent,married,no,fixed,Seniority_q3,Time_q1,Age_q3,Expenses_q2,Income_q3,Assets_q0,Amount_q2,Price_q1,no
bad,other,married,yes,fixed,Seniority_q2,Time_q0,Age_q2,Expenses_q0,Income_q1,Assets_q0,Amount_q0,Price_q0,no
bad,rent,single,no,freelance,Seniority_q2,Time_q0,Age_q1,Expenses_q0,Income_q0,?,Amount_q0,Price_q0,no
good,owner,widow,no,others,Seniority_q2,Time_q0,Age_q3,Expenses_q0,Income_q3,Assets_q1,Amount_q2,Price_q1,no
good,parents,married,no,fixed,Seniority_q1,Time_q1,Age_q0,Expenses_q0,Income_q2,Assets_q0,Amount_q3,Price_q3,no
bad,other,married,no,freelance,Seniority_q2,Time_q0,Age_q1,Expenses_q0,Income_q0,Assets_q0,Amount_q0,Price_q0,no
good,owner,married,no,fixed,Seniority_q3,Time_q1,Age_q1,Expenses_q1,Income_q1,Assets_q1,Amount_q1,Price_q1,yes
bad,rent,married,no,partime,Seniority_q0,Time_q1,Age_q0,Expenses_q1,Income_q2,Assets_q0,Amount_q2,Price_q2,no
good,parents,single,no,fixed,Seniority_q0,Time_q0,Age_q0,Expenses_q0,Income_q0,Assets_q0,Amount_q0,Price_q0,no
bad,parents,single,no,freelance,Seniority_q1,Time_q1,Age_q1,Expenses_q0,?,Assets_q0,Amount_q3,Price_q3,no
good,owner,married,no,fixed,Seniority_q3,Time_q0,Age_q3,Expenses_q0,Income_q3,Assets_q0,Amount_q1,Price_q2,no
good,owner,married,no,fixed,Seniority_q0,Time_q1,Age_q3,Expenses_q0,Income_q0,Assets_q0,Amount_q1,Price_q1,no
good,rent,separated,yes,fixed,Seniority_q3,Time_q1,Age_q3,Expenses_q1,Income_q1,Assets_q0,Amount_q3,Price_q3,no
good,owner,married,no,fixed,Seniority_q2,Time_q1,Age_q3,Expenses_q0,Income_q2,Assets_q0,Amount_q3,Price_q1,no
bad,owner,married,no,fixed,Seniority_q2,Time_q1,Age_q3,Expenses_q0,Income_q0,Assets_q1,Amount_q3,Price_q2,no
good,other,married,no,fixed,Seniority_q3,Time_q1,Age_q3,Expenses_q0,Income_q1,Assets_q1,Amount_q1,Price_q0,no
good,rent,single,no,fixed,Seniority_q0,Time_q0,Age_q0,Expenses_q2,Income_q1,Assets_q0,Amount_q0,Price_q0,no
good,owner,married,no,fixed,Seniority_q3,Time_q0,Age_q3,Expenses_q0,Income_q2,Assets_q0,Amount_q0,Price_q0,no
good,rent,married,no,fixed,Seniority_q0,Time_q0,Age_q0,Expenses_q0,Income_q1,Assets_q0,Amount_q0,Price_q0,no
bad,owner,married,no,fixed,Seniority_q3,Time_q1,Age_q3,Expenses_q0,Income_q1,Assets_q0,Amount_q1,Price_q0,no
bad,rent,married,no,partime,Seniority_q0,Time_q0,Age_q0,Expenses_q0,Income_q0,Assets_q0,Amount_q0,Price_q0,no
good,other,married,no,fixed,Seniority_q3,Time_q0,Age_q3,Expenses_q0,Income_q0,Assets_q0,Amount_q1,Price_q0,no
bad,parents,single,no,fixed,Seniority_q1,Time_q1,Age_q0,Expenses_q0,Income_q1,Assets_q0,Amount_q2,Price_q1,no
good,parents,single,no,partime,Seniority_q0,Time_q1,Age_q0,Expenses_q0,Income_q3,Assets_q0,Amount_q2,Price_q1,no
good,rent,married,no,fixed,Seniority_q3,Time_q1,Age_q2,Expenses_q1,Income_q1,Assets_q0,Amount_q2,Price_q2,no
bad,other,married,no,fixed,Seniority_q2,Time_q1,Age_q1,Expenses_q1,Income_q1,Assets_q0,Amount_q2,Price_q0,no
bad,priv,separated,yes,fixed,Seniority_q3,Time_q0,Age_q2,Expenses_q0,Income_q1,Assets_q0,Amount_q2,Price_q1,no
good,owner,married,no,fixed,Seniority_q2,Time_q1,Age_q2,Expenses_q1,Income_q0,Assets_q0,Amount_q1,Price_q1,no
bad,other,single,no,fixed,Seniority_q0,Time_q1,Age_q1,Expenses_q0,Income_q1,Assets_q0,Amount_q3,Price_q3,no
bad,other,single,yes,partime,Seniority_q0,Time_q1,Age_q0,Expenses_q0,Income_q0,Assets_q0,Amount_q3,Price_q2,no
good,rent,married,no,freelance,Seniority_q1,Time_q1,Age_q1,Expenses_q2,Income_q1,Assets_q0,Amount_q2,Price_q1,no
good,parents,single,no,fixed,Seniority_q2,Time_q0,Age_q0,Expenses_q0,Income_q0,Assets_q1,Amount_q0,Price_q0,no
good,priv,married,no,fixed,Seniority_q0,Time_q1,Age_q1,Expenses_q1,Income_q2,Assets_q0,Amount_q1,Price_q0,yes
good,rent,married,no,fixed,Seniority_q2,Time_q1,Age_q1,Expenses_q2,Income_q1,Assets_q0,Amount_q0,Price_q3,no
bad,other,separated,yes,fixed,Seniority_q3,Time_q1,Age_q3,Expenses_q0,Income_q0,Assets_q0,Amount_q1,Price_q3,no
bad,priv,married,no,partime,Seniority_q1,Time_q1,Age_q2,Expenses_q1,Income_q1,Assets_q0,Amount_q2,Price_q1,no
good,rent,married,yes,fixed,Seniority_q0,Time_q1,Age_q1,Expenses_q2,Income_q1,Assets_q0,Amount_q1,Price_q1,no
good,owner,married,no,fixed,Seniority_q3,Time_q1,Age_q3,Expenses_q0,Income_q1,Assets_q0,Amount_q1,Price_q0,no
good,rent,single,no,fixed,Seniority_q0,Time_q0,Age_q0,Expenses_q1,Income_q2,Assets_q0,Amount_q3,Price_q2,no
bad,rent,single,yes,fixed,Seniority_q0,Time_q1,Age_q0,Expenses_q1,Income_q1,Assets_q0,Amount_q3,Price_q2,no
bad,parents,single,no,partime,Seniority_q0,Time_q0,Age_q0,Expenses_q0,Income_q0,Assets_q0,Amount_q0,Price_q0,no
good,priv,married,no,fixed,Seniority_q3,Time_q1,Age_q2,Expenses_q2,Income_q2,Assets_q0,Amount_q3,Price_q2,yes
good,ignore,married,no,freelance,Seniority_q3,Time_q1,Age_q3,Expenses_q0,Income_q0,Assets_q1,Amount_q1,Price_q2,no
good,owner,married,no,fixed,Seniority_q3,Time_q1,Age_q3,Expenses_q0,Income_q3,Assets_q0,Amount_q1,Price_q0,no
good,parents,married,no,freelance,Seniority_q3,Time_q0,Age_q2,Expenses_q1,Income_q0,Assets_q0,Amount_q1,Price_q1,no
good,owner,married,no,fixed,Seniority_q1,Time_q1,Age_q0,Expenses_q0,Income_q3,Assets_q0,Amount_q2,Price_q2,yes
good,owner,married,no,fixed,Seniority_q0,Time_q0,Age_q2,Expenses_q0,Income_q1,Assets_q0,Amount_q2,Price_q3,no
bad,rent,married,no,freelance,Seniority_q0,Time_q0,Age_q2,Expenses_q0,?,Assets_q0,Amount_q1,Price_q1,no
bad,parents,single,no,partime,Seniority_q0,Time_q0,Age_q0,Expenses_q0,Income_q0,Assets_q0,Amount_q3,Price_q2,no
good,owner,married,no,fixed,Seniority_q0,Time_q0,Age_q1,Expenses_q0,Income_q1,Assets_q1,Amount_q3,Price_q3,no
bad,parents,single,no,fixed,Seniority_q0,Time_q1,Age_q1,Expenses_q0,Income_q0,Assets_q0,Amount_q3,Price_q1,no
good,owner,married,no,freelance,Seniority_q3,Time_q1,Age_q3,Expenses_q0,Income_q1,Assets_q1,Amount_q2,Price_q2,no
good,owner,married,no,fixed,Seniority_q0,Time_q0,Age_q0,Expenses_q0,Income_q1,Assets_q0,Amount_q0,Price_q0,no
good,other,married,no,fixed,Seniority_q0,Time_q1,Age_q0,Expenses_q0,Income_q0,Assets_q0,Amount_q0,Price_q0,no
good,other,married,no,fixed,Seniority_q1,Time_q1,Age_q0,Expenses_q0,Income_q2,Assets_q0,Amount_q1,Price_q1,no
good,parents,single,no,fixed,Seniority_q1,Time_q1,Age_q0,Expenses_q0,Income_q3,Assets_q0,Amount_q3,Price_q2,no
good,owner,separated,no,fixed,Seniority_q2,Time_q1,Age_q1,Expenses_q0,Income_q3,Assets_q0,Amount_q3,Price_q1,yes
bad,owner,married,yes,fixed,Seniority_q1,Time_q1,Age_q2,Expenses_q1,Income_q3,Assets_q1,Amount_q2,Price_q1,yes
good,rent,married,no,fixed,Seniority_q0,Time_q1,Age_q1,Expenses_q1,Income_q2,Assets_q0,Amount_q1,Price_q0,no
good,owner,married,no,fixed,Seniority_q2,Time_q0,Age_q2,Expenses_q1,Income_q1,Assets_q0,Amount_q0,Price_q1,yes
good,owner,married,no,fixed,Seniority_q0,Time_q0,Age_q1,Expenses_q0,Income_q1,Assets_q1,Amount_q0,Price_q1,no
good,owner,married,no,fixed,Seniority_q0,Time_q1,Age_q2,Expenses_q1,Income_q0,Assets_q1,Amount_q0,Price_q0,no
bad,rent,separated,no,fixed,Seniority_q0,Time_q0,Age_q2,Expenses_q1,Income_q1,Assets_q0,Amount_q0,Price_q0,no
bad,rent,married,yes,freelance,Seniority_q1,Time_q1,Age_q1,Expenses_q1,?,Assets_q0,Amount_q3,Price_q3,no
good,rent,married,no,partime,Seniority_q0,Time_q1,Age_q1,Expenses_q2,Income_q2,Assets_q0,Amount_q3,Price_q2,no
good,owner,married,yes,fixed,Seniority_q3,Time_q1,Age_q1,Expenses_q1,Income_q1,Assets_q1,Amount_q0,Price_q3,no
good,rent,married,no,fixed,Seniority_q3,Time_q1,Age_q2,Expenses_q2,Income_q1,Assets_q0,Amount_q0,Price_q0,no
bad,parents,single,no,partime,Seniority_q0,Time_q1,Age_q0,Expenses_q0,Income_q0,Assets_q0,Amount_q0,Price_q3,no
good,owner,married,yes,freelance,Seniority_q2,Time_q0,Age_q2,Expenses_q0,Income_q1,Assets_q0,Amount_q0,Price_q0,no
good,owner,married,no,fixed,Seniority_q3,Time_q1,Age_q3,Expenses_q1,Income_q0,Assets_q1,Amount_q1,Price_q1,no
good,owner,married,no,freelance,Seniority_q2,Time_q0,Age_q2,Expenses_q0,Income_q1,Assets_q0,Amount_q0,Price_q0,no
good,owner,married,no,fixed,Seniority_q2,Time_q0,Age_q3,Expenses_q0,Income_q1,Assets_q0,Amount_q0,Price_q0,no
bad,other,married,yes,fixed,Seniority_q0,Time_q0,Age_q3,Expenses_q0,Income_q2,Assets_q0,Amount_q3,Price_q3,no
good,owner,married,no,partime,Seniority_q3,Time_q1,Age_q3,Expenses_q0,Income_q1,Assets_q1,Amount_q2,Price_q1,no
good,ignore,married,yes,freelance,Seniority_q3,Time_q0,Age_q3,Expenses_q1,Income_q0,Assets_q1,Amount_q2,Price_q2,no
good,owner,married,yes,fixed,Seniority_q3,Time_q1,Age_q3,Expenses_q0,Income_q3,Assets_q1,Amount_q3,Price_q2,no
good,owner,married,yes,fixed,Seniority_q3,Time_q1,Age_q3,Expenses_q0,Income_q1,Assets_q0,Amount_q3,Price_q2,yes
good,owner,married,no,fixed,Seniority_q3,Time_q0,Age_q3,Expenses_q0,Income_q3,Assets_q1,Amount_q0,Price_q1,no
bad,owner,single,no,fixed,Seniority_q1,Time_q1,Age_q0,Expenses_q0,Income_q3,Assets_q1,Amount_q3,Price_q3,no
good,rent,married,no,fixed,Seniority_q1,Time_q0,Age_q1,Expenses_q2,Income_q2,Assets_q0,Amount_q1,Price_q0,no
bad,parents,married,yes,fixed,Seniority_q1,Time_q1,Age_q0,Expenses_q0,Income_q0,Assets_q0,Amount_q1,Price_q2,no
good,rent,married,no,fixed,Seniority_q1,Time_q1,Age_q0,Expenses_q1,Income_q2,Assets_q0,Amount_q1,Price_q1,no
bad,parents,married,no,freelance,Seniority_q2,Time_q1,Age_q2,Expenses_q1,?,Assets_q0,Amount_q2,Price_q2,no
good,owner,married,no,fixed,Seniority_q1,Time_q0,Age_q1,Expenses_q0,Income_q2,Assets_q1,Amount_q3,Price_q3,no
good,other,married,no,freelance,Seniority_q1,Time_q1,Age_q2,Expenses_q1,Income_q0,Assets_q0,Amount_q1,Price_q1,no
good,owner,married,no,fixed,Seniority_q2,Time_q1,Age_q2,Expenses_q2,Income_q2,Assets_q0,Amount_q2,Price_q2,no
good,owner,married,no,fixed,Seniority_q2,Time_q0,Age_q2,Expenses_q0,Income_q0,Assets_q0,Amount_q0,Price_q2,no
bad,priv,married,no,freelance,Seniority_q1,Time_q1,Age_q1,Expenses_q1,?,Assets_q0,Amount_q3,Price_q2,yes
good,rent,separated,yes,fixed,Seniority_q0,Time_q1,Age_q1,Expenses_q0,Income_q0,Assets_q1,Amount_q0,Price_q0,no
good,priv,married,no,fixed,Seniority_q2,Time_q1,Age_q3,Expenses_q0,Income_q1,Assets_q0,Amount_q2,Price_q1,yes
good,owner,married,no,freelance,Seniority_q3,Time_q0,Age_q2,Expenses_q1,Income_q3,Assets_q1,Amount_q0,Price_q3,no
good,owner,married,no,fixed,Seniority_q3,Time_q0,Age_q2,Expenses_q1,Income_q1,Assets_q1,Amount_q1,Price_q1,no
good,parents,single,yes,fixed,Seniority_q1,Time_q0,Age_q1,Expenses_q0,Income_q1,Assets_q0,Amount_q1,Price_q1,no
bad,owner,married,yes,fixed,Seniority_q1,Time_q1,Age_q3,Expenses_q2,Income_q2,Assets_q0,Amount_q3,Price_q2,yes
good,owner,married,no,fixed,Seniority_q1,Time_q1,Age_q1,Expenses_q0,Income_q3,Assets_q1,Amount_q1,Price_q1,yes
bad,other,single,no,partime,Seniority_q0,Time_q0,Age_q0,Expenses_q0,Income_q0,Assets_q0,Amount_q0,Price_q0,no
good,owner,married,no,fixed,Seniority_q3,Time_q0,Age_q2,Expenses_q0,Income_q3,Assets_q1,Amount_q3,Price_q2,no
good,other,married,no,fixed,Seniority_q2,Time_q0,Age_q1,Expenses_q0,Income_q3,Assets_q0,Amount_q1,Price_q3,no
good,parents,single,yes,fixed,Seniority_q0,Time_q1,Age_q0,Expenses_q0,Income_q3,Assets_q1,Amount_q2,Price_q1,no
good,owner,married,yes,fixed,Seniority_q3,Time_q1,Age_q3,Expenses_q1,Income_q2,Assets_q1,Amount_q3,Price_q3,no
good,owner,married,no,fixed,Seniority_q2,Time_q1,Age_q0,Expenses_q0,Income_q0,Assets_q1,Amount_q3,Price_q3,no
bad,parents,single,no,partime,Seniority_q0,Time_q0,Age_q1,Expenses_q0,Income_q0,Assets_q0,Amount_q1,Price_q2,no
good,owner,married,no,fixed,Seniority_q1,Time_q1,Age_q0,Expenses_q0,Income_q1,Assets_q0,Amount_q0,Price_q2,no
bad,owner,married,yes,others,Seniority_q0,Time_q1,Age_q1,Expenses_q0,Income_q1,Assets_q1,Amount_q3,Price_q3,yes
bad,rent,single,no,fixed,Seniority_q0,Time_q1,Age_q0,Expenses_q1,Income_q1,Assets_q0,Amount_q2,Price_q1,no
bad,rent,married,yes,fixed,Seniority_q2,Time_q0,Age_q1,Expenses_q2,Income_q2,Assets_q0,Amount_q3,Price_q3,no
bad,owner,married,yes,fixed,Seniority_q1,Time_q1,Age_q1,Expenses_q1,Income_q2,Assets_q1,Amount_q3,Price_q3,no
good,owner,married,no,fixed,Seniority_q3,Time_q1,Age_q1,Expenses_q0,Income_q3,Assets_q1,Amount_q0,Price_q1,yes
good,owner,married,yes,fixed,Seniority_q3,Time_q1,Age_q1,Expenses_q0,Income_q1,Assets_q0,Amount_q0,Price_q0,no
good,parents,single,no,fixed,Seniority_q2,Time_q0,Age_q1,Expenses_q0,Income_q1,Assets_q0,Amount_q0,Price_q0,no
good,owner,divorced,no,fixed,Seniority_q3,Time_q1,Age_q1,Expenses_q1,Income_q2,Assets_q1,Amount_q3,Price_q2,yes
good,priv,married,no,fixed,Seniority_q3,Time_q1,Age_q3,Expenses_q0,Income_q2,Assets_q0,Amount_q3,Price_q3,no
good,owner,married,no,freelance,Seniority_q0,Time_q0,Age_q0,Expenses_q0,?,Assets_q0,Amount_q0,Price_q3,yes
good,owner,married,yes,fixed,Seniority_q3,Time_q1,Age_q2,Expenses_q0,Income_q1,Assets_q1,Amount_q3,Price_q2,yes
good,parents,single,no,fixed,Seniority_q0,Time_q1,Age_q0,Expenses_q0,Income_q0,Assets_q0,Amount_q2,Price_q3,no
good,priv,single,no,fixed,Seniority_q0,Time_q1,Age_q0,Expenses_q0,Income_q3,Assets_q1,Amount_q1,Price_q2,yes
bad,rent,married,yes,fixed,Seniority_q2,Time_q0,Age_q1,Expenses_q2,Income_q2,Assets_q0,Amount_q3,Price_q3,no
good,owner,married,no,freelance,Seniority_q2,Time_q0,Age_q3,Expenses_q0,Income_q2,Assets_q1,Amount_q0,Price_q0,no
bad,rent,married,no,fixed,Seniority_q1,Time_q1,Age_q0,Expenses_q1,Income_q0,Assets_q0,Amount_q3,Price_q2,no
good,other,married,no,fixed,Seniority_q2,Time_q1,Age_q0,Expenses_q0,Income_q0,Assets_q0,Amount_q0,Price_q1,no
good,rent,single,no,partime,Seniority_q0,Time_q1,Age_q0,Expenses_q0,Income_q0,Assets_q0,Amount_q1,Price_q0,no
bad,rent,married,yes,fixed,Seniority_q0,Time_q1,Age_q2,Expenses_q1,Income_q1,Assets_q0,Amount_q2,Price_q2,no
bad,rent,single,no,fixed,Seniority_q0,Time_q0,Age_q0,Expenses_q1,Income_q1,Assets_q0,Amount_q1,Price_q0,no
good,owner,married,no,fixed,Seniority_q3,Time_q1,Age_q3,Expenses_q0,Income_q1,Assets_q0,Amount_q0,Price_q2,no
good,owner,married,no,fixed,Seniority_q2,Time_q1,Age_q3,Expenses_q1,Income_q3,Assets_q1,Amount_q1,Price_q1,yes
good,owner,married,no,freelance,Seniority_q3,Time_q0,Age_q3,Expenses_q0,?,Assets_q1,Amount_q3,Price_q3,no
good,parents,single,yes,fixed,Seniority_q0,Time_q1,Age_q0,Expenses_q0,Income_q2,Assets_q0,Amount_q3,Price_q2,no
good,parents,single,no,freelance,Seniority_q1,Time_q0,Age_q0,Expenses_q0,Income_q0,Assets_q0,Amount_q0,Price_q0,no
bad,owner,married,yes,freelance,Seniority_q1,Time_q1,Age_q1,Expenses_q0,Income_q1,Assets_q1,Amount_q3,Price_q3,no
good,rent,married,no,fixed,Seniority_q1,Time_q1,Age_q3,Expenses_q1,Income_q0,Assets_q0,Amount_q0,Price_q2,no
good,owner,married,yes,fixed,Seniority_q1,Time_q1,Age_q1,Expenses_q0,Income_q3,Assets_q0,Amount_q0,Price_q2,yes
good,owner,married,no,others,Seniority_q0,Time_q1,Age_q3,Expenses_q0,Income_q3,Assets_q0,Amount_q0,Price_q1,no
good,owner,married,yes,freelance,Seniority_q3,Time_q0,Age_q3,Expenses_q0,Income_q3,Assets_q1,Amount_q1,Price_q1,no
good,priv,married,no,partime,Seniority_q0,Time_q1,Age_q1,Expenses_q0,Income_q2,Assets_q0,Amount_q2,Price_q2,no
good,owner,single,no,others,Seniority_q0,Time_q1,Age_q0,Expenses_q0,?,Assets_q1,Amount_q3,Price_q3,yes
good,priv,married,no,fixed,Seniority_q2,Time_q1,Age_q1,Expenses_q0,Income_q1,Assets_q0,Amount_q2,Price_q1,yes
good,other,married,no,partime,Seniority_q2,Time_q1,Age_q3,Expenses_q0,Income_q1,Assets_q0,Amount_q2,Price_q2,no
bad,rent,separated,yes,partime,Seniority_q0,Time_q1,Age_q2,Expenses_q2,Income_q0,Assets_q0,Amount_q3,Price_q3,no
good,owner,married,no,fixed,Seniority_q1,Time_q1,Age_q1,Expenses_q0,Income_q1,Assets_q0,Amount_q1,Price_q1,no
good,owner,married,yes,freelance,Seniority_q2,Time_q1,Age_q2,Expenses_q0,Income_q2,Assets_q0,Amount_q3,Price_q3,no
good,owner,married,no,fixed,Seniority_q0,Time_q0,Age_q0,Expenses_q0,Income_q2,Assets_q1,Amount_q3,Price_q3,yes
good,owner,married,yes,fixed,Seniority_q3,Time_q1,Age_q3,Expenses_q1,Income_q2,Assets_q1,Amount_q2,Price_q3,no
good,owner,married,no,fixed,Seniority_q3,Time_q1,Age_q3,Expenses_q2,Income_q3,Assets_q0,Amount_q1,Price_q0,no
good,owner,married,no,fixed,Seniority_q2,Time_q1,Age_q0,Expenses_q0,Income_q3,Assets_q0,Amount_q2,Price_q3,yes
bad,priv,married,no,partime,Seniority_q1,Time_q0,Age_q2,Expenses_q2,Income_q2,Assets_q0,Amount_q0,Price_q0,yes
good,owner,married,no,others,Seniority_q1,Time_q0,Age_q3,Expenses_q0,Income_q3,Assets_q1,Amount_q0,Price_q0,no
bad,rent,married,yes,partime,Seniority_q0,Time_q1,Age_q1,Expenses_q2,Income_q2,Assets_q0,Amount_q3,Price_q2,no
good,owner,single,no,freelance,Seniority_q2,Time_q1,Age_q2,Expenses_q0,?,Assets_q0,Amount_q2,Price_q2,no
bad,owner,widow,no,fixed,Seniority_q2,Time_q0,Age_q3,Expenses_q0,Income_q1,Assets_q0,Amount_q1,Price_q1,no
good,parents,married,no,fixed,Seniority_q2,Time_q1,Age_q1,Expenses_q0,Income_q3,Assets_q0,Amount_q2,Price_q3,no
bad,rent,married,yes,freelance,Seniority_q1,Time_q1,Age_q0,Expenses_q0,?,Assets_q0,Amount_q3,Price_q3,no
bad,parents,single,no,partime,Seniority_q0,Time_q1,Age_q0,Expenses_q0,Income_q2,Assets_q0,Amount_q2,Price_q1,yes
good,ignore,married,no,fixed,Seniority_q1,Time_q0,Age_q2,Expenses_q0,Income_q3,Assets_q0,Amount_q0,Price_q3,no
bad,owner,married,no,fixed,Seniority_q2,Time_q1,Age_q2,Expenses_q2,Income_q0,Assets_q1,Amount_q3,Price_q2,no
good,owner,married,no,freelance,Seniority_q3,Time_q1,Age_q2,Expenses_q1,?,Assets_q1,Amount_q1,Price_q2,no
good,owner,married,no,freelance,Seniority_q1,Time_q1,Age_q2,Expenses_q0,?,Assets_q1,Amount_q3,Price_q3,no
good,owner,single,no,fixed,Seniority_q2,Time_q1,Age_q1,Expenses_q0,Income_q3,Assets_q0,Amount_q1,Price_q0,no
bad,owner,separated,no,fixed,Seniority_q0,Time_q1,Age_q1,Expenses_q0,Income_q0,Assets_q0,Amount_q1,Price_q1,no
good,owner,widow,yes,fixed,Seniority_q0,Time_q1,Age_q1,Expenses_q0,Income_q3,Assets_q1,Amount_q3,Price_q2,no
bad,parents,single,yes,fixed,Seniority_q2,Time_q1,Age_q0,Expenses_q0,Income_q1,Assets_q0,Amount_q2,Price_q2,no
good,owner,married,yes,freelance,Seniority_q3,Time_q1,Age_q3,Expenses_q2,Income_q0,?,Amount_q3,Price_q2,no
good,owner,married,no,fixed,Seniority_q2,Time_q1,Age_q3,Expenses_q0,Income_q3,Assets_q0,Amount_q3,Price_q3,no
good,owner,married,no,fixed,Seniority_q1,Time_q1,Age_q3,Expenses_q0,Income_q2,Assets_q0,Amount_q1,Price_q0,no
bad,other,married,yes,partime,Seniority_q0,Time_q1,Age_q1,Expenses_q2,Income_q0,Assets_q0,Amount_q2,Price_q1,no
bad,rent,married,no,fixed,Seniority_q0,Time_q1,Age_q2,Expenses_q2,Income_q1,Assets_q0,Amount_q1,Price_q0,no
good,owner,married,no,fixed,Seniority_q3,Time_q1,Age_q3,Expenses_q1,Income_q0,Assets_q0,Amount_q1,Price_q1,yes
bad,owner,married,no,partime,Seniority_q0,Time_q0,Age_q2,Expenses_q1,Income_q0,Assets_q0,Amount_q0,Price_q0,no
good,rent,single,no,freelance,Seniority_q0,Time_q1,Age_q0,Expenses_q1,Income_q2,Assets_q0,Amount_q0,Price_q0,no
good,owner,married,no,freelance,Seniority_q1,Time_q1,Age_q1,Expenses_q1,Income_q2,Assets_q0,Amount_q3,Price_q2,yes
